[INFO] Starting Ollama at 127.0.0.1:22447
[INFO] Ollama inference preflight passed
============================================================
 HSGM paired diagnostic job
   variant      : baseline
   episodes     : [50, 100)
   model        : qwen3.6:35b
   max steps    : 100
   conda env    : hsgm_slurm
   ollama host  : 127.0.0.1:22447
   project      : /home/lixiaohai/qjx_code/HSGM_baseline
============================================================
============================================================
 HSGM Batch Test
   task        : r2r
   episodes    : [50, 100)
   model       : qwen3.6:35b
   max steps   : 100
   comment     : paired_diag_100_v2_baseline
   config      : ../config/vlnce_test.yaml
   base_url    : http://127.0.0.1:22447/v1
============================================================
  0%|          | 0/50 [00:00<?, ?it/s]Renderer: NVIDIA GeForce RTX 4090/PCIe/SSE2 by NVIDIA Corporation
OpenGL version: 4.6.0 NVIDIA 590.48.01
Using optional features:
    GL_ARB_vertex_array_object
    GL_ARB_separate_shader_objects
    GL_ARB_robustness
    GL_ARB_texture_storage
    GL_ARB_texture_view
    GL_ARB_framebuffer_no_attachments
    GL_ARB_invalidate_subdata
    GL_ARB_texture_storage_multisample
    GL_ARB_multi_bind
    GL_ARB_direct_state_access
    GL_ARB_get_texture_sub_image
    GL_ARB_texture_filter_anisotropic
    GL_KHR_debug
    GL_KHR_parallel_shader_compile
    GL_NV_depth_buffer_float
Using driver workarounds:
    no-forward-compatible-core-context
    nv-egl-incorrect-gl11-function-pointers
    no-layout-qualifiers-on-old-glsl
    nv-zero-context-profile-mask
    nv-implementation-color-read-format-dsa-broken
    nv-cubemap-inconsistent-compressed-image-size
    nv-cubemap-broken-full-compressed-image-query
    nv-compressed-block-size-in-bits
[20:11:28:327071]:[Warning]:[Metadata] SceneDatasetAttributes.cpp(107)::addNewSceneInstanceToDataset : Dataset : 'default' : Lighting Layout Attributes 'no_lights' specified in Scene Attributes but does not exist in dataset, so creating default.
2026-09-18 20:11:40,445 - INFO - Simulator initialized!
2026-09-18 20:12:32,610 - INFO - HTTP Request: POST http://127.0.0.1:22447/v1/chat/completions "HTTP/1.1 200 OK"
2026-09-18 20:12:38,647 - INFO - --- Episode 50, Step 1/100 ---
2026-09-18 20:13:48,892 - INFO - HTTP Request: POST http://127.0.0.1:22447/v1/chat/completions "HTTP/1.1 200 OK"
2026-09-18 20:13:52,806 - INFO - --- Episode 50, Step 2/100 ---
2026-09-18 20:13:59,668 - INFO - --- Episode 50, Step 3/100 ---
2026-09-18 20:14:02,412 - INFO - --- Episode 50, Step 4/100 ---
2026-09-18 20:14:05,074 - INFO - --- Episode 50, Step 5/100 ---
2026-09-18 20:14:14,368 - INFO - HTTP Request: POST http://127.0.0.1:22447/v1/chat/completions "HTTP/1.1 200 OK"
2026-09-18 20:14:15,543 - INFO - --- Episode 50, Step 6/100 ---
2026-09-18 20:14:17,296 - INFO - --- Episode 50, Step 7/100 ---
2026-09-18 20:14:18,429 - INFO - --- Episode 50, Step 8/100 ---
2026-09-18 20:14:19,714 - INFO - --- Episode 50, Step 9/100 ---
2026-09-18 20:15:20,263 - INFO - HTTP Request: POST http://127.0.0.1:22447/v1/chat/completions "HTTP/1.1 200 OK"
2026-09-18 20:15:22,264 - INFO - --- Episode 50, Step 10/100 ---
2026-09-18 20:15:23,631 - INFO - --- Episode 50, Step 11/100 ---
2026-09-18 20:15:25,498 - INFO - --- Episode 50, Step 12/100 ---
2026-09-18 20:15:27,767 - INFO - --- Episode 50, Step 13/100 ---
2026-09-18 20:15:30,145 - INFO - --- Episode 50, Step 14/100 ---
2026-09-18 20:15:31,943 - INFO - --- Episode 50, Step 15/100 ---
2026-09-18 20:15:33,316 - INFO - --- Episode 50, Step 16/100 ---
2026-09-18 20:15:34,855 - INFO - --- Episode 50, Step 17/100 ---
2026-09-18 20:15:36,296 - INFO - --- Episode 50, Step 18/100 ---
2026-09-18 20:15:38,756 - INFO - --- Episode 50, Step 19/100 ---
2026-09-18 20:17:34,103 - INFO - HTTP Request: POST http://127.0.0.1:22447/v1/chat/completions "HTTP/1.1 200 OK"
2026-09-18 20:19:21,010 - INFO - HTTP Request: POST http://127.0.0.1:22447/v1/chat/completions "HTTP/1.1 200 OK"
2026-09-18 20:20:03,392 - INFO - HTTP Request: POST http://127.0.0.1:22447/v1/chat/completions "HTTP/1.1 200 OK"
2026-09-18 20:20:04,858 - INFO - --- Episode 50, Step 20/100 ---
['Facing the refrigerator walk straight between the counters, and take a right.', 'Past the counters, in the hall take a  left and go down the hallway', 'and go forward. Keep going straight, into the bedroom at the end of the hallway.', 'In the room walk forward to the rug and stop once you are on the rug.']
Initialized data for new floor level: 0
Switching pcds to floor level: 0
Initialized data for new floor level: 0
Switching pcds to floor level: 0
Initialized data for new floor level: 0
Switching pcds to floor level: 0
[StairDetect] normals=0.0097s, cpu=0.0008s, cluster=0.0455s, loop=0.0132s, total=0.0789s
waypoints: 17
skipped waypoints: edge 2,  distance 0,  no_path 1,  occlusion 10
```json
{
"movement": "Moving forward down the kitchen aisle, keeping the island on the left and the wall counter with the stove on the right.",
"observation": {
    "front view": "The path continues straight ahead through an archway into a brighter area (dining/living space). The wooden island is on the left, and the wall counter is on the right.",
    "left view": "A stainless steel refrigerator is visible on the left wall.",
    "right view": "The wall counter with a stove and sink is visible to the right. An archway leads further into the house.",
    "map": "The map shows the current position (START) near the kitchen island. The path forward goes through the gap between the island and the wall counter towards an archway."
},
"thought": "I am currently in the kitchen aisle. The instruction 'walk straight between the counters' corresponds to moving forward down this aisle. Waypoint 3 is located centrally in this path, leading towards the archway at the end of the counters. I need to reach the end of the counters before executing the next part of the instruction ('take a right').",
"stuck": false,
"plan": "Move forward through the kitchen aisle towards the archway. This aligns with 'walk straight between the counters'. After reaching the end, I will look for the opportunity to take a right as instructed in P1.",
"curr_step": "Moving towards waypoint 3 is the correct next step to progress down the aisle between the counters.",
"action": 3
}
```
Calculated floor height difference: 2.99m
Action: turn
Action: move_forward
Action: null
Action: turn
waypoints: 27
skipped waypoints: edge 2,  distance 7,  no_path 0,  occlusion 16
```json
{
"movement": "Moving forward through the kitchen aisle, passing the sink on the island to my left and the stove area on the right.",
"observation": {
    "front view": "The path continues straight ahead between the end of the wooden island and the wall counter. There is an archway/opening visible further ahead and slightly to the right.",
    "left view": "The kitchen island with a sink and fruit bowl is on the left.",
    "right view": "The wall counter with a large farmhouse sink and stove hood is on the right.",
    "map": "The map shows I am in the middle of the kitchen area. Waypoint 1 is directly ahead, leading towards the exit of the kitchen space."
},
"thought": "I am currently walking between the counters as instructed. To complete 'walk straight between the counters', I need to reach the end of this aisle. Waypoint 1 is located just past the main body of the island and counter, which seems like the correct path to clear the kitchen area before taking the right turn mentioned in the next part of the instruction.",
"stuck": false,
"plan": "Move forward towards waypoint 1 to reach the end of the counters. Once there, I will be positioned to take a right into the hallway/room as instructed.",
"curr_step": "Moving towards waypoint 1 is the correct next step to finish walking between the counters.",
"action": 1
}
```
Action: turn
Action: move_forward
Action: null
Action: turn
waypoints: 31
skipped waypoints: edge 1,  distance 11,  no_path 0,  occlusion 13
```json
{
"movement": "Moving forward from the end of the kitchen aisle into the open area to the right, passing the stone pillar.",
"observation": {
    "front view": "An archway (B) leading to a dining room is straight ahead. To the right, there is a stone pillar and an opening into a living area with a fireplace.",
    "left view": "The kitchen island is visible on the left side.",
    "right view": "The sink on the island and the stove hood on the wall counter are visible to the right, indicating I am just past the main kitchen workspace.",
    "map": "The map shows the path leading from the kitchen (where I am) towards an area labeled 'desk' to the right. Waypoint 2 is located in this open space."
},
"thought": "I have completed walking straight between the counters. The instruction now says 'take a right'. Looking at the scene, the area to the right (towards the stone pillar and living room) is the logical path forward. This aligns with the map which shows a path curving towards the 'desk' area on the right. Moving to waypoint 2 will take me into this area, effectively completing the 'take a right' part of P1 and positioning me for P2 ('in the hall take a left').",
"stuck": false,
"plan": "Move into the open space to the right (towards the stone pillar) to enter the hallway/living area. This fulfills the 'take a right' instruction.",
"curr_step": "Moving towards waypoint 2 is the correct next step to enter the area to the right of the kitchen exit.",
"action": 2
}
```
Action: turn
Action: move_forward
Action: turn
Action: move_forward
Action: turn
--- Height change stabilized. Height diff: -0.16, On platform: True, Metrics: {'inlier_count': 11020, 'local_count': 31172, 'support_ratio': 0.3535223918788168, 'vertical_score': 1.0, 'plane_height_mean': -1.4007062911987305, 'agent_z': -1.357909795641899, 'vertical_diff': 0.042796495556831404, 'area_xy': 5.860799999999999, 'radius_est': 1.3658515955058808, 'z_std': 0.023900344967842102, 'occupied_cells': 407, 'bottom_height_tolerance': 0.1}
--- No significant floor change. Height diff: -0.16, On platform: True, Metrics: {'inlier_count': 11020, 'local_count': 31172, 'support_ratio': 0.3535223918788168, 'vertical_score': 1.0, 'plane_height_mean': -1.4007062911987305, 'agent_z': -1.357909795641899, 'vertical_diff': 0.042796495556831404, 'area_xy': 5.860799999999999, 'radius_est': 1.3658515955058808, 'z_std': 0.023900344967842102, 'occupied_cells': 407, 'bottom_height_tolerance': 0.1}
Updated floor height: -1.16, ceiling height: 0.64
Action: move_forward
Action: turn
Action: move_forward
Action: null
Action: turn
waypoints: 42
skipped waypoints: edge 6,  distance 25,  no_path 0,  occlusion 3


```json
{
"movement": "Moving forward from the end of the kitchen aisle, positioning myself near the stone pillar to prepare for the right turn.",
"observation": {
    "front view": "A large stone pillar is directly ahead. To the left is a dining room with a table and chairs. To the right is a living area with a fireplace and a path leading further into the house.",
    "left view": "The kitchen island and the dining room entrance are visible to the left.",
    "right view": "The kitchen stove and cabinetry are visible to the right, confirming I am just past the main kitchen workspace.",
    "map": "The map shows my current position near the center. Waypoint 1 is located to the right of the stone pillar, leading towards the living area/hallway path."
},
"thought": "I have completed walking between the counters. The instruction now requires me to 'take a right'. Looking at the scene, the path to the right of the stone pillar leads into the next area (living room/hallway). Waypoint 1 is located on this path to the right of the pillar. Moving towards waypoint 1 will fulfill the 'take a right' part of the instruction and position me for the next subtask (taking a left in the hall).",
"stuck": false,
"plan": "Move towards waypoint 1 to take the right turn past the stone pillar into the hallway/living area.",
"curr_step": "Moving towards waypoint 1 is the correct next step to complete the 'take a right' instruction of P1.",
"action": 1
}
```
Action: turn
2026-09-18 20:20:05,647 - INFO - --- Episode 50, Step 21/100 ---
2026-09-18 20:20:07,876 - INFO - --- Episode 50, Step 22/100 ---
2026-09-18 20:20:09,575 - INFO - --- Episode 50, Step 23/100 ---
2026-09-18 20:20:53,127 - INFO - HTTP Request: POST http://127.0.0.1:22447/v1/chat/completions "HTTP/1.1 200 OK"
2026-09-18 20:20:54,621 - INFO - --- Episode 50, Step 24/100 ---
2026-09-18 20:20:56,277 - INFO - --- Episode 50, Step 25/100 ---
2026-09-18 20:20:58,380 - INFO - --- Episode 50, Step 26/100 ---
2026-09-18 20:21:51,435 - INFO - HTTP Request: POST http://127.0.0.1:22447/v1/chat/completions "HTTP/1.1 200 OK"
2026-09-18 20:22:11,406 - INFO - HTTP Request: POST http://127.0.0.1:22447/v1/chat/completions "HTTP/1.1 200 OK"
2026-09-18 20:22:16,046 - INFO - --- Episode 50, Step 27/100 ---
2026-09-18 20:22:17,087 - INFO - --- Episode 50, Step 28/100 ---
2026-09-18 20:22:18,456 - INFO - --- Episode 50, Step 29/100 ---
2026-09-18 20:22:20,484 - INFO - --- Episode 50, Step 30/100 ---
2026-09-18 20:22:22,920 - INFO - --- Episode 50, Step 31/100 ---
2026-09-18 20:22:25,720 - INFO - --- Episode 50, Step 32/100 ---
2026-09-18 20:22:26,925 - INFO - --- Episode 50, Step 33/100 ---
2026-09-18 20:22:28,308 - INFO - --- Episode 50, Step 34/100 ---
2026-09-18 20:22:38,702 - INFO - HTTP Request: POST http://127.0.0.1:22447/v1/chat/completions "HTTP/1.1 400 Bad Request"
2026-09-18 20:22:40,761 - INFO - HTTP Request: POST http://127.0.0.1:22447/v1/chat/completions "HTTP/1.1 400 Bad Request"
2026-09-18 20:22:42,615 - INFO - HTTP Request: POST http://127.0.0.1:22447/v1/chat/completions "HTTP/1.1 400 Bad Request"
2026-09-18 20:22:44,520 - INFO - --- Episode 50, Step 35/100 ---
2026-09-18 20:23:23,793 - INFO - HTTP Request: POST http://127.0.0.1:22447/v1/chat/completions "HTTP/1.1 200 OK"
2026-09-18 20:23:44,885 - INFO - HTTP Request: POST http://127.0.0.1:22447/v1/chat/completions "HTTP/1.1 200 OK"
2026-09-18 20:23:57,640 - INFO - HTTP Request: POST http://127.0.0.1:22447/v1/chat/completions "HTTP/1.1 200 OK"
  2%|▏         | 1/50 [12:32<10:14:29, 752.43s/it]Renderer: NVIDIA GeForce RTX 4090/PCIe/SSE2 by NVIDIA Corporation
OpenGL version: 4.6.0 NVIDIA 590.48.01
Using optional features:
    GL_ARB_vertex_array_object
    GL_ARB_separate_shader_objects
    GL_ARB_robustness
    GL_ARB_texture_storage
    GL_ARB_texture_view
    GL_ARB_framebuffer_no_attachments
    GL_ARB_invalidate_subdata
    GL_ARB_texture_storage_multisample
    GL_ARB_multi_bind
    GL_ARB_direct_state_access
    GL_ARB_get_texture_sub_image
    GL_ARB_texture_filter_anisotropic
    GL_KHR_debug
    GL_KHR_parallel_shader_compile
    GL_NV_depth_buffer_float
Using driver workarounds:
    no-forward-compatible-core-context
    nv-egl-incorrect-gl11-function-pointers
    no-layout-qualifiers-on-old-glsl
    nv-zero-context-profile-mask
    nv-implementation-color-read-format-dsa-broken
    nv-cubemap-inconsistent-compressed-image-size
    nv-cubemap-broken-full-compressed-image-query
    nv-compressed-block-size-in-bits
[20:24:00:597404]:[Warning]:[Metadata] SceneDatasetAttributes.cpp(107)::addNewSceneInstanceToDataset : Dataset : 'default' : Lighting Layout Attributes 'no_lights' specified in Scene Attributes but does not exist in dataset, so creating default.
2026-09-18 20:24:06,004 - INFO - Simulator initialized!
2026-09-18 20:24:40,667 - INFO - HTTP Request: POST http://127.0.0.1:22447/v1/chat/completions "HTTP/1.1 200 OK"
2026-09-18 20:24:41,260 - INFO - --- Episode 51, Step 1/100 ---
2026-09-18 20:28:03,915 - INFO - HTTP Request: POST http://127.0.0.1:22447/v1/chat/completions "HTTP/1.1 200 OK"
2026-09-18 20:31:07,139 - INFO - HTTP Request: POST http://127.0.0.1:22447/v1/chat/completions "HTTP/1.1 200 OK"
2026-09-18 20:33:52,018 - INFO - HTTP Request: POST http://127.0.0.1:22447/v1/chat/completions "HTTP/1.1 200 OK"
2026-09-18 20:33:52,603 - INFO - --- Episode 51, Step 2/100 ---
2026-09-18 20:36:18,843 - INFO - HTTP Request: POST http://127.0.0.1:22447/v1/chat/completions "HTTP/1.1 200 OK"
2026-09-18 20:38:25,755 - INFO - HTTP Request: POST http://127.0.0.1:22447/v1/chat/completions "HTTP/1.1 200 OK"
2026-09-18 20:40:15,017 - INFO - HTTP Request: POST http://127.0.0.1:22447/v1/chat/completions "HTTP/1.1 200 OK"
  4%|▍         | 2/50 [28:48<11:47:02, 883.80s/it]Renderer: NVIDIA GeForce RTX 4090/PCIe/SSE2 by NVIDIA Corporation
OpenGL version: 4.6.0 NVIDIA 590.48.01
Using optional features:
    GL_ARB_vertex_array_object
    GL_ARB_separate_shader_objects
    GL_ARB_robustness
    GL_ARB_texture_storage
    GL_ARB_texture_view
    GL_ARB_framebuffer_no_attachments
    GL_ARB_invalidate_subdata
    GL_ARB_texture_storage_multisample
    GL_ARB_multi_bind
    GL_ARB_direct_state_access
    GL_ARB_get_texture_sub_image
    GL_ARB_texture_filter_anisotropic
    GL_KHR_debug
    GL_KHR_parallel_shader_compile
    GL_NV_depth_buffer_float
Using driver workarounds:
    no-forward-compatible-core-context
    nv-egl-incorrect-gl11-function-pointers
    no-layout-qualifiers-on-old-glsl
    nv-zero-context-profile-mask
    nv-implementation-color-read-format-dsa-broken
    nv-cubemap-inconsistent-compressed-image-size
    nv-cubemap-broken-full-compressed-image-query
    nv-compressed-block-size-in-bits
[20:40:16:357142]:[Warning]:[Metadata] SceneDatasetAttributes.cpp(107)::addNewSceneInstanceToDataset : Dataset : 'default' : Lighting Layout Attributes 'no_lights' specified in Scene Attributes but does not exist in dataset, so creating default.
2026-09-18 20:40:21,621 - INFO - Simulator initialized!
2026-09-18 20:40:49,692 - INFO - HTTP Request: POST http://127.0.0.1:22447/v1/chat/completions "HTTP/1.1 200 OK"
2026-09-18 20:40:50,323 - INFO - --- Episode 52, Step 1/100 ---
2026-09-18 20:44:13,563 - INFO - HTTP Request: POST http://127.0.0.1:22447/v1/chat/completions "HTTP/1.1 200 OK"
2026-09-18 20:47:26,117 - INFO - HTTP Request: POST http://127.0.0.1:22447/v1/chat/completions "HTTP/1.1 200 OK"
2026-09-18 20:50:17,178 - INFO - HTTP Request: POST http://127.0.0.1:22447/v1/chat/completions "HTTP/1.1 200 OK"
2026-09-18 20:50:17,793 - INFO - --- Episode 52, Step 2/100 ---
2026-09-18 20:52:51,939 - INFO - HTTP Request: POST http://127.0.0.1:22447/v1/chat/completions "HTTP/1.1 200 OK"
2026-09-18 20:55:04,058 - INFO - HTTP Request: POST http://127.0.0.1:22447/v1/chat/completions "HTTP/1.1 200 OK"
2026-09-18 20:56:53,118 - INFO - HTTP Request: POST http://127.0.0.1:22447/v1/chat/completions "HTTP/1.1 200 OK"
  6%|▌         | 3/50 [45:26<12:13:11, 935.98s/it]Renderer: NVIDIA GeForce RTX 4090/PCIe/SSE2 by NVIDIA Corporation
OpenGL version: 4.6.0 NVIDIA 590.48.01
Using optional features:
    GL_ARB_vertex_array_object
    GL_ARB_separate_shader_objects
    GL_ARB_robustness
    GL_ARB_texture_storage
    GL_ARB_texture_view
    GL_ARB_framebuffer_no_attachments
    GL_ARB_invalidate_subdata
    GL_ARB_texture_storage_multisample
    GL_ARB_multi_bind
    GL_ARB_direct_state_access
    GL_ARB_get_texture_sub_image
    GL_ARB_texture_filter_anisotropic
    GL_KHR_debug
    GL_KHR_parallel_shader_compile
    GL_NV_depth_buffer_float
Using driver workarounds:
    no-forward-compatible-core-context
    nv-egl-incorrect-gl11-function-pointers
    no-layout-qualifiers-on-old-glsl
    nv-zero-context-profile-mask
    nv-implementation-color-read-format-dsa-broken
    nv-cubemap-inconsistent-compressed-image-size
    nv-cubemap-broken-full-compressed-image-query
    nv-compressed-block-size-in-bits
[20:56:54:436204]:[Warning]:[Metadata] SceneDatasetAttributes.cpp(107)::addNewSceneInstanceToDataset : Dataset : 'default' : Lighting Layout Attributes 'no_lights' specified in Scene Attributes but does not exist in dataset, so creating default.
2026-09-18 20:57:00,098 - INFO - Simulator initialized!
2026-09-18 20:57:37,585 - INFO - HTTP Request: POST http://127.0.0.1:22447/v1/chat/completions "HTTP/1.1 200 OK"
2026-09-18 20:57:38,126 - INFO - --- Episode 53, Step 1/100 ---
2026-09-18 20:58:23,683 - INFO - HTTP Request: POST http://127.0.0.1:22447/v1/chat/completions "HTTP/1.1 200 OK"
2026-09-18 20:58:24,367 - INFO - --- Episode 53, Step 2/100 ---
2026-09-18 20:58:35,144 - INFO - HTTP Request: POST http://127.0.0.1:22447/v1/chat/completions "HTTP/1.1 200 OK"
--- Height change stabilized. Height diff: 0.00, On platform: True, Metrics: {'inlier_count': 1638, 'local_count': 36648, 'support_ratio': 0.04469548133473326, 'vertical_score': 1.0, 'plane_height_mean': -1.1807684898376465, 'agent_z': -1.2, 'vertical_diff': 0.01923151016235347, 'area_xy': 0.7631999999999999, 'radius_est': 0.4928834599938093, 'z_std': 0.04201275855302811, 'occupied_cells': 53, 'bottom_height_tolerance': 0.1}
--- No significant floor change. Height diff: 0.00, On platform: True, Metrics: {'inlier_count': 1638, 'local_count': 36648, 'support_ratio': 0.04469548133473326, 'vertical_score': 1.0, 'plane_height_mean': -1.1807684898376465, 'agent_z': -1.2, 'vertical_diff': 0.01923151016235347, 'area_xy': 0.7631999999999999, 'radius_est': 0.4928834599938093, 'z_std': 0.04201275855302811, 'occupied_cells': 53, 'bottom_height_tolerance': 0.1}
Updated floor height: -1.00, ceiling height: 0.80
Action: move_forward
Action: null
Action: turn
waypoints: 43
skipped waypoints: edge 1,  distance 21,  no_path 0,  occlusion 16
```json
{
"movement": "Moving forward from the end of the kitchen aisle, passing the stone pillar on my left and entering the living area/hallway transition.",
"observation": {
    "front view": "A living room with a sofa and coffee table is ahead. Further back, there is an archway leading to another area (likely the hallway). To the right is a wall with a large painting.",
    "left view": "The stone pillar and the kitchen area are visible to the left.",
    "right view": "A wall with a large landscape painting is immediately to the right.",
    "map": "The map shows my current position near the 'lamp' and 'desk'. The path forward leads towards the 'sofa' and an archway. Waypoint 4 is located near the sofa."
},
"thought": "I have completed walking between the counters. I am now at the end of the kitchen area near the stone pillar. The instruction says to 'take a right'. My current orientation faces the living room/hallway path, which is effectively the direction of the right turn from the kitchen exit. Moving forward towards the sofa (waypoint 4) will take me past the counters and towards the hallway entrance mentioned in the next subtask (P2).",
"stuck": false,
"plan": "Move forward into the living area towards the sofa and the archway in the distance to reach the hallway.",
"curr_step": "Moving towards waypoint 4 is the correct next step to progress past the counters and towards the hall.",
"action": 4
}
```
Action: turn
Action: move_forward
Action: null
waypoints: 57
skipped waypoints: edge 0,  distance 35,  no_path 1,  occlusion 17

```json
{
"movement": "Moving forward along the path between the sofa and the right wall, heading towards the hallway entrance visible in the distance.",
"observation": {
    "front view": "The back of a large sofa is on the left. A walkway extends forward towards an archway/hallway in the distance. Waypoints 1, 3, 2 are along this path.",
    "left view": "The living room seating area with chairs and a coffee table is visible to the left.",
    "right view": "A wall with a large landscape painting is on the right.",
    "map": "The map shows the path continuing forward from the current position (near the lamp/desk) towards the 'sofa' and then towards an opening/hallway area."
},
"thought": "I have completed the 'take a right' part of P1 by entering this living area. The next subtask P2 requires me to be 'in the hall'. I can see a hallway/archway in the distance in the front view. I need to continue moving forward along the walkway between the sofa and the wall to reach that hallway.",
"stuck": false,
"plan": "Move forward towards waypoint 1 to progress down the walkway towards the hallway entrance.",
"curr_step": "Moving towards waypoint 1 is the correct next step to reach the hallway mentioned in P2.",
"action": 1
}
```
Action: turn
Action: move_forward
Action: turn
Action: move_forward
Action: move_forward
Action: turn
Action: move_forward
Action: null
waypoints: 41
skipped waypoints: edge 3,  distance 17,  no_path 1,  occlusion 12
Action: stop
waypoints: 41
skipped waypoints: edge 3,  distance 17,  no_path 1,  occlusion 12



Action: stop
['Take a right at the large clock and travel straight through the kitchen', 'when you see the thermostat on the wall you are right next to the washroom.']
Initialized data for new floor level: 0
Switching pcds to floor level: 0
Initialized data for new floor level: 0
Switching pcds to floor level: 0
Initialized data for new floor level: 0
Switching pcds to floor level: 0
[StairDetect] normals=0.0031s, cpu=0.0002s, cluster=0.0413s, loop=0.0302s, total=0.0805s
waypoints: 14
skipped waypoints: edge 1,  distance 5,  no_path 0,  occlusion 3



Calculated floor height difference: 2.63m
Action: stop
waypoints: 14
skipped waypoints: edge 1,  distance 5,  no_path 0,  occlusion 3



Action: stop
['Exit the living room and turn right into the kitchen.', 'Turn left at the end of the counter and wait in the room across the hallway slightly to the left.']
Initialized data for new floor level: 0
Switching pcds to floor level: 0
Initialized data for new floor level: 0
Switching pcds to floor level: 0
Initialized data for new floor level: 0
Switching pcds to floor level: 0
[StairDetect] normals=0.0030s, cpu=0.0002s, cluster=0.0418s, loop=0.0305s, total=0.0810s
waypoints: 14
skipped waypoints: edge 1,  distance 5,  no_path 0,  occlusion 3



Calculated floor height difference: 2.63m
Action: stop
waypoints: 14
skipped waypoints: edge 1,  distance 5,  no_path 0,  occlusion 3



Action: stop
['Turn around and go out of the room towards the clock.', 'Turn right and go down the hall past the kitchen counter.', 'At the end of the kitchen counter turn left and go past the kitchen to the hall', 'and go slight left and straight through the door.']
Initialized data for new floor level: 0
Switching pcds to floor level: 0
Initialized data for new floor level: 0
Switching pcds to floor level: 0
Initialized data for new floor level: 0
Switching pcds to floor level: 0
[StairDetect] normals=0.0031s, cpu=0.0002s, cluster=0.0448s, loop=0.0310s, total=0.0848s
waypoints: 14
skipped waypoints: edge 1,  distance 5,  no_path 0,  occlusion 3
```json
{
"movement": "I am currently facing a wall with a large picture. To my left, there is an opening leading to a hallway where a clock is visible. I need to move towards this exit.",
"observation": {
"front view": "I see a dark wall with a large framed picture labeled 'B'. To the left of the wall, there is an opening into a hallway. A coffee table and sofa are visible in the room.",
"left view": "I see the rest of the living room and a hallway leading out. A clock is visible on the wall in the distance through the hallway.",
"right view": "I see curtains and blinds covering a window or glass door.",
"map": "The map shows my starting position near the bottom right. The sofa is in the center. The exit is to the left of the sofa."
},
"thought": "The instruction is to 'Turn around and go out of the room towards the clock.' Currently, I am facing a wall. The exit with the clock is visible to my left (in the Left View and through the opening in the Front View). To head towards the clock, I need to move towards the opening on the left. Waypoint 'L' is located in that direction, near the path to the exit.",
"stuck": false,
"plan": "Move towards waypoint 'L' which is situated to the left, leading out of the room towards the hallway with the clock.",
"curr_step": "I need to move towards the exit. Waypoint 'L' is the correct target as it is in the direction of the hallway and the clock.",
"action": "L"
}
```
Calculated floor height difference: 2.63m
Action: turn
waypoints: 20
skipped waypoints: edge 0,  distance 9,  no_path 0,  occlusion 4
2026-09-18 20:58:35,776 - INFO - --- Episode 53, Step 3/100 ---
2026-09-18 20:59:04,280 - INFO - HTTP Request: POST http://127.0.0.1:22447/v1/chat/completions "HTTP/1.1 200 OK"
2026-09-18 20:59:04,934 - INFO - --- Episode 53, Step 4/100 ---
2026-09-18 20:59:37,703 - INFO - HTTP Request: POST http://127.0.0.1:22447/v1/chat/completions "HTTP/1.1 200 OK"
2026-09-18 20:59:38,740 - INFO - --- Episode 53, Step 5/100 ---
2026-09-18 21:01:34,512 - INFO - HTTP Request: POST http://127.0.0.1:22447/v1/chat/completions "HTTP/1.1 200 OK"
2026-09-18 21:01:49,207 - INFO - HTTP Request: POST http://127.0.0.1:22447/v1/chat/completions "HTTP/1.1 200 OK"
2026-09-18 21:01:50,083 - INFO - --- Episode 53, Step 6/100 ---
2026-09-18 21:02:04,000 - INFO - HTTP Request: POST http://127.0.0.1:22447/v1/chat/completions "HTTP/1.1 200 OK"
2026-09-18 21:02:04,578 - INFO - --- Episode 53, Step 7/100 ---
2026-09-18 21:02:21,528 - INFO - HTTP Request: POST http://127.0.0.1:22447/v1/chat/completions "HTTP/1.1 200 OK"
2026-09-18 21:02:22,457 - INFO - --- Episode 53, Step 8/100 ---
2026-09-18 21:02:35,816 - INFO - HTTP Request: POST http://127.0.0.1:22447/v1/chat/completions "HTTP/1.1 200 OK"
```json
{
"movement": "I have oriented myself towards the exit of the room. The clock is visible through the doorway ahead. I am moving forward towards the hallway.",
"observation": {
"front view": "I see a large opening leading to a hallway. Through this opening, I can see another room with a clock on the wall. There is a sofa to my left and right in the current room.",
"left view": "I see a window with blinds and a white sofa.",
"right view": "I see the rest of the living room, a coffee table, and the hallway exit in the distance.",
"map": "The map shows the 'clock' location is ahead through the opening. My current position is near the start point, facing the exit."
},
"thought": "The instruction is to go out of the room towards the clock. I am currently facing the correct direction (the hallway with the clock). Waypoint 'B' is located at the entrance of this hallway/room. Moving to waypoint 'B' will take me out of the current room and closer to the clock, fulfilling the first part of the instruction.",
"stuck": false,
"plan": "Move straight ahead through the opening towards the hallway where the clock is located. Waypoint 'B' is the target.",
"curr_step": "I need to exit the room. Waypoint 'B' is directly in front of me at the exit of the room.",
"action": "B"
}
```
Action: turn
waypoints: 1
skipped waypoints: edge 0,  distance 0,  no_path 0,  occlusion 0
```json
{
"observation": {
"front view": "I am facing a window with blinds and curtains. There is a wall to my left.",
"left view": "I see the living room area with a sofa, coffee table, and an opening leading to a hallway where a clock is visible on the far wall.",
"right view": "I see a white sofa against a dark blue wall with framed pictures.",
"map": "My current position (blue triangle) is near the top right of the explored area. The 'clock' is located at the bottom left of the map, indicating it is in a different room or further down the hall to the left."
},
"thought": "The instruction is to go out of the room towards the clock. The clock is visible in the Left View through an opening. Currently, I am facing a window (Front View). To head towards the exit and the clock, I need to turn towards the opening seen in the Left View. Turning left will align me with the hallway leading to the clock.",
"stuck": false,
"plan": "Turn left to face the hallway/exit visible in the left view. Then move forward into that hallway towards the clock.",
"curr_step": "I need to orient myself towards the exit. The exit is to my left. Turning left (Action L) will face me towards the hallway with the clock.",
"action": "L"
}
```
Action: turn
waypoints: 14
skipped waypoints: edge 1,  distance 5,  no_path 0,  occlusion 3
```json
{
"movement": "I have oriented myself towards the exit of the room. The clock is visible through the doorway ahead. I am moving forward towards the hallway.",
"observation": {
"front view": "I see a large opening leading to a hallway. Through this opening, I can see another room with a clock on the wall. There is a sofa to my left and right in the current room.",
"left view": "I see a window with blinds and a white sofa.",
"right view": "I see the rest of the living room, a coffee table, and the hallway exit in the distance.",
"map": "The map shows the 'clock' location is ahead through the opening. My current position is near the start point, facing the exit."
},
"thought": "The instruction is to go out of the room towards the clock. I am currently facing the correct direction (the hallway with the clock). Waypoint 'B' is located at the entrance of this hallway/room. Moving to waypoint 'B' will take me out of the current room and closer to the clock, fulfilling the first part of the instruction.",
"stuck": false,
"plan": "Move straight ahead through the opening towards the hallway where the clock is located. Waypoint 'B' is the target.",
"curr_step": "I need to exit the room. Waypoint 'B' is directly in front of me at the exit of the room.",
"action": "B"
}
```
Action: turn
waypoints: 1
skipped waypoints: edge 0,  distance 0,  no_path 0,  occlusion 0

```json
{
"movement": "I have turned right from my previous position facing the blinds/wall corner. I am now looking towards the living room area and the hallway exit.",
"observation": {
"front view": "I see a white sofa with orange and grey pillows against a dark blue wall with framed pictures. To the left is a window with blinds.",
"left view": "I see the window with blinds and curtains close up.",
"right view": "I see the rest of the living room, a coffee table, another sofa, and an opening leading to a hallway where a clock is visible on the far wall.",
"map": "My current position is near the start point. The 'clock' is located in the hallway area to the right/bottom-right of my current orientation."
},
"thought": "The instruction is to go out of the room towards the clock. The clock is visible through the opening in the Right View. Currently, I am facing a wall/sofa (Front View). The exit is to my right. I need to turn right to face the hallway and then move towards the clock.",
"stuck": false,
"plan": "Turn right to face the hallway exit visible in the right view. Then move forward into the hallway towards the clock.",
"curr_step": "I need to orient myself towards the exit. The exit is to my right. Turning right (Action R) will face me towards the hallway.",
"action": "R"
}
```
Action: turn
waypoints: 20
skipped waypoints: edge 0,  distance 9,  no_path 0,  occlusion 4
```json
{
"movement": "I have turned around from facing the window/blinds and am now facing into the living room towards the exit. The clock is visible through the doorway ahead.",
"observation": {
"front view": "I see a large opening leading to a hallway. Through this opening, I can clearly see a clock on the wall in the distance. There is a coffee table and sofas in the room.",
"left view": "I see a sofa and a window with blinds.",
"right view": "I see another sofa and the side of the room leading to the hallway exit.",
"map": "The map shows the 'clock' location is through the opening ahead. My current position is in the living room, facing the exit."
},
"thought": "The instruction is to go out of the room towards the clock. The clock is visible through the doorway labeled 'B' in the front view. I need to move towards this exit to complete the first part of the task.",
"stuck": false,
"plan": "Move straight ahead through the opening towards the hallway where the clock is located. Waypoint 'B' is the target.",
"curr_step": "I need to exit the room. Waypoint 'B' is directly in front of me at the exit of the room.",
"action": "B"
}
```
Action: turn
waypoints: 1
skipped waypoints: edge 0,  distance 0,  no_path 0,  occlusion 0
```json
{
"movement": "I have turned around from facing the window/blinds and am now looking towards the living room area and the hallway exit.",
"observation": {
"front view": "I see a large opening leading to a hallway. Through this opening, I can clearly see a clock on the wall in the distance. There is a coffee table and sofas in the room.",
"left view": "I see a sofa and a window with blinds.",
"right view": "I see another sofa and the side of the room leading to the hallway exit.",
"map": "The map shows the 'clock' location is through the opening ahead. My current position is in the living room, facing the exit."
},
"thought": "The instruction is to go out of the room towards the clock. The clock is visible through the doorway labeled 'B' in the front view. I need to move towards this exit to complete the first part of the task.",
"stuck": false,
"plan": "Move straight ahead through the opening towards the hallway where the clock is located. Waypoint 'B' is the target.",
"curr_step": "I need to exit the room. Waypoint 'B' is directly in front of me at the exit of the room.",
"action": "B"
}
```
Action: turn
waypoints: 20
skipped waypoints: edge 0,  distance 9,  no_path 0,  occlusion 4
2026-09-18 21:02:36,432 - INFO - --- Episode 53, Step 9/100 ---
2026-09-18 21:02:51,204 - INFO - HTTP Request: POST http://127.0.0.1:22447/v1/chat/completions "HTTP/1.1 200 OK"
2026-09-18 21:02:52,343 - INFO - --- Episode 53, Step 10/100 ---
2026-09-18 21:03:06,314 - INFO - HTTP Request: POST http://127.0.0.1:22447/v1/chat/completions "HTTP/1.1 200 OK"
2026-09-18 21:03:07,807 - INFO - HTTP Request: POST http://127.0.0.1:22447/v1/chat/completions "HTTP/1.1 400 Bad Request"
2026-09-18 21:03:08,828 - INFO - HTTP Request: POST http://127.0.0.1:22447/v1/chat/completions "HTTP/1.1 400 Bad Request"
2026-09-18 21:03:09,757 - INFO - --- Episode 53, Step 11/100 ---
2026-09-18 21:03:11,214 - INFO - HTTP Request: POST http://127.0.0.1:22447/v1/chat/completions "HTTP/1.1 400 Bad Request"
2026-09-18 21:03:12,258 - INFO - HTTP Request: POST http://127.0.0.1:22447/v1/chat/completions "HTTP/1.1 400 Bad Request"
2026-09-18 21:03:13,276 - INFO - HTTP Request: POST http://127.0.0.1:22447/v1/chat/completions "HTTP/1.1 400 Bad Request"
  8%|▊         | 4/50 [51:47<9:09:34, 716.84s/it] Renderer: NVIDIA GeForce RTX 4090/PCIe/SSE2 by NVIDIA Corporation
OpenGL version: 4.6.0 NVIDIA 590.48.01
Using optional features:
    GL_ARB_vertex_array_object
    GL_ARB_separate_shader_objects
    GL_ARB_robustness
    GL_ARB_texture_storage
    GL_ARB_texture_view
    GL_ARB_framebuffer_no_attachments
    GL_ARB_invalidate_subdata
    GL_ARB_texture_storage_multisample
    GL_ARB_multi_bind
    GL_ARB_direct_state_access
    GL_ARB_get_texture_sub_image
    GL_ARB_texture_filter_anisotropic
    GL_KHR_debug
    GL_KHR_parallel_shader_compile
    GL_NV_depth_buffer_float
Using driver workarounds:
    no-forward-compatible-core-context
    nv-egl-incorrect-gl11-function-pointers
    no-layout-qualifiers-on-old-glsl
    nv-zero-context-profile-mask
    nv-implementation-color-read-format-dsa-broken
    nv-cubemap-inconsistent-compressed-image-size
    nv-cubemap-broken-full-compressed-image-query
    nv-compressed-block-size-in-bits
[21:03:15:340231]:[Warning]:[Metadata] SceneDatasetAttributes.cpp(107)::addNewSceneInstanceToDataset : Dataset : 'default' : Lighting Layout Attributes 'no_lights' specified in Scene Attributes but does not exist in dataset, so creating default.
2026-09-18 21:03:20,756 - INFO - Simulator initialized!
2026-09-18 21:04:00,783 - INFO - HTTP Request: POST http://127.0.0.1:22447/v1/chat/completions "HTTP/1.1 200 OK"
2026-09-18 21:04:01,433 - INFO - --- Episode 54, Step 1/100 ---
2026-09-18 21:07:27,522 - INFO - HTTP Request: POST http://127.0.0.1:22447/v1/chat/completions "HTTP/1.1 200 OK"
2026-09-18 21:08:05,623 - INFO - HTTP Request: POST http://127.0.0.1:22447/v1/chat/completions "HTTP/1.1 200 OK"
2026-09-18 21:08:06,390 - INFO - --- Episode 54, Step 2/100 ---
2026-09-18 21:08:07,126 - INFO - --- Episode 54, Step 3/100 ---
2026-09-18 21:08:07,803 - INFO - --- Episode 54, Step 4/100 ---
2026-09-18 21:08:08,752 - INFO - --- Episode 54, Step 5/100 ---
2026-09-18 21:08:09,638 - INFO - --- Episode 54, Step 6/100 ---
2026-09-18 21:08:10,479 - INFO - --- Episode 54, Step 7/100 ---
2026-09-18 21:08:37,785 - INFO - HTTP Request: POST http://127.0.0.1:22447/v1/chat/completions "HTTP/1.1 200 OK"
2026-09-18 21:08:38,710 - INFO - --- Episode 54, Step 8/100 ---
2026-09-18 21:08:39,626 - INFO - --- Episode 54, Step 9/100 ---
2026-09-18 21:08:40,649 - INFO - --- Episode 54, Step 10/100 ---
2026-09-18 21:08:41,496 - INFO - --- Episode 54, Step 11/100 ---
2026-09-18 21:08:42,267 - INFO - --- Episode 54, Step 12/100 ---
2026-09-18 21:08:43,010 - INFO - --- Episode 54, Step 13/100 ---
2026-09-18 21:08:43,811 - INFO - --- Episode 54, Step 14/100 ---
2026-09-18 21:08:44,829 - INFO - --- Episode 54, Step 15/100 ---
2026-09-18 21:10:47,725 - INFO - HTTP Request: POST http://127.0.0.1:22447/v1/chat/completions "HTTP/1.1 200 OK"
2026-09-18 21:12:26,441 - INFO - HTTP Request: POST http://127.0.0.1:22447/v1/chat/completions "HTTP/1.1 200 OK"
2026-09-18 21:13:46,634 - INFO - HTTP Request: POST http://127.0.0.1:22447/v1/chat/completions "HTTP/1.1 200 OK"
2026-09-18 21:13:47,552 - INFO - --- Episode 54, Step 16/100 ---
2026-09-18 21:15:12,238 - INFO - HTTP Request: POST http://127.0.0.1:22447/v1/chat/completions "HTTP/1.1 200 OK"
2026-09-18 21:16:12,747 - INFO - HTTP Request: POST http://127.0.0.1:22447/v1/chat/completions "HTTP/1.1 200 OK"
2026-09-18 21:17:08,735 - INFO - HTTP Request: POST http://127.0.0.1:22447/v1/chat/completions "HTTP/1.1 200 OK"
 10%|█         | 5/50 [1:05:42<9:29:45, 759.67s/it]Renderer: NVIDIA GeForce RTX 4090/PCIe/SSE2 by NVIDIA Corporation
OpenGL version: 4.6.0 NVIDIA 590.48.01
Using optional features:
    GL_ARB_vertex_array_object
    GL_ARB_separate_shader_objects
    GL_ARB_robustness
    GL_ARB_texture_storage
    GL_ARB_texture_view
    GL_ARB_framebuffer_no_attachments
    GL_ARB_invalidate_subdata
    GL_ARB_texture_storage_multisample
    GL_ARB_multi_bind
    GL_ARB_direct_state_access
    GL_ARB_get_texture_sub_image
    GL_ARB_texture_filter_anisotropic
    GL_KHR_debug
    GL_KHR_parallel_shader_compile
    GL_NV_depth_buffer_float
Using driver workarounds:
    no-forward-compatible-core-context
    nv-egl-incorrect-gl11-function-pointers
    no-layout-qualifiers-on-old-glsl
    nv-zero-context-profile-mask
    nv-implementation-color-read-format-dsa-broken
    nv-cubemap-inconsistent-compressed-image-size
    nv-cubemap-broken-full-compressed-image-query
    nv-compressed-block-size-in-bits
[21:17:10:955030]:[Warning]:[Metadata] SceneDatasetAttributes.cpp(107)::addNewSceneInstanceToDataset : Dataset : 'default' : Lighting Layout Attributes 'no_lights' specified in Scene Attributes but does not exist in dataset, so creating default.
2026-09-18 21:17:16,364 - INFO - Simulator initialized!
2026-09-18 21:17:47,465 - INFO - HTTP Request: POST http://127.0.0.1:22447/v1/chat/completions "HTTP/1.1 200 OK"
2026-09-18 21:17:48,136 - INFO - --- Episode 55, Step 1/100 ---
2026-09-18 21:21:10,012 - INFO - HTTP Request: POST http://127.0.0.1:22447/v1/chat/completions "HTTP/1.1 200 OK"
2026-09-18 21:21:19,383 - INFO - HTTP Request: POST http://127.0.0.1:22447/v1/chat/completions "HTTP/1.1 200 OK"
```json
{
"movement": "I have turned around from facing the window/blinds and am now looking towards the living room area and the hallway exit.",
"observation": {
"front view": "I see a large opening leading to a hallway. Through this opening, I can clearly see a clock on the wall in the distance. There is a coffee table and sofas in the room.",
"left view": "I see a sofa and a window with blinds.",
"right view": "I see another sofa and the side of the room leading to the hallway exit.",
"map": "The map shows the 'clock' location is through the opening ahead. My current position is in the living room, facing the exit."
},
"thought": "The instruction is to go out of the room towards the clock. The clock is visible through the doorway labeled 'B' in the front view. I need to move towards this exit to complete the first part of the task.",
"stuck": false,
"plan": "Move straight ahead through the opening towards the hallway where the clock is located. Waypoint 'B' is the target.",
"curr_step": "I need to exit the room. Waypoint 'B' is directly in front of me at the exit of the room.",
"action": "B"
}
```
Action: turn
detected agent stuck, last8 steps position changes: [0.0, 0.0, 0.0, 0.0, 0.0, 0.0, 0.0, 0.0]
waypoints: 1
skipped waypoints: edge 0,  distance 0,  no_path 0,  occlusion 0
```json
{
"movement": "I have turned around from facing the window/blinds and am now looking towards the living room area and the hallway exit.",
"observation": {
"front view": "I see a large opening leading to a hallway. Through this opening, I can clearly see a clock on the wall in the distance. There is a coffee table and sofas in the room.",
"left view": "I see a sofa and a window with blinds.",
"right view": "I see another sofa and the side of the room leading to the hallway exit.",
"map": "The map shows the 'clock' location is through the opening ahead. My current position is in the living room, facing the exit."
},
"thought": "The instruction is to go out of the room towards the clock. The clock is visible through the doorway labeled 'B' in the front view. I need to move towards this exit to complete the first part of the task.",
"stuck": false,
"plan": "Move straight ahead through the opening towards the hallway where the clock is located. Waypoint 'B' is the target.",
"curr_step": "I need to exit the room. Waypoint 'B' is directly in front of me at the exit of the room.",
"action": "B"
}
```
Action: turn
waypoints: 20
skipped waypoints: edge 0,  distance 9,  no_path 0,  occlusion 4

Action: stop
waypoints: 20
skipped waypoints: edge 0,  distance 9,  no_path 0,  occlusion 4
Action: stop
['Walk between the two counters in the kitchen and into another small room off the kitchen.', 'Exit that room and make a slight right then another right. and wait in the bedroom.']
Initialized data for new floor level: 0
Switching pcds to floor level: 0
Initialized data for new floor level: 0
Switching pcds to floor level: 0
Initialized data for new floor level: 0
Switching pcds to floor level: 0
[StairDetect] normals=0.0037s, cpu=0.0003s, cluster=0.0280s, loop=0.0119s, total=0.0586s
waypoints: 24
skipped waypoints: edge 0,  distance 14,  no_path 0,  occlusion 1

```json
{
"movement": "I have just started my journey and am currently standing in a large open-plan living/dining area. I am facing a dining table with a glass partition to its right.",
"observation": {
    "front view": "I see a dining table in the center of the room. To the right of the table is a large glass partition/wall. To the left is a wall with artwork.",
    "left view": "There is a hallway leading to another room and a doorway straight ahead.",
    "right view": "I see a long white kitchen island with stools. To the right of the island, there is a hallway leading further into the house.",
    "map": "I am near waypoint 8 (START). Waypoint 1 is in the center of the room near the table. Waypoint 5 is near the glass wall. The kitchen area is to my right."
},
"thought": "The instruction is to walk between the two counters in the kitchen and into another small room off the kitchen. Looking at the Right View, I see the kitchen island and a hallway to its right which likely leads to the 'small room'. To get there, I need to move towards the kitchen area. Currently, I am facing the dining table. The kitchen is to my right. I should move forward into the room towards the center (waypoint 1) to get closer to the kitchen entrance before turning right into the hallway.",
"stuck": false,
"plan": "Move towards waypoint 1 to get closer to the kitchen area. Then, turn right and proceed down the hallway seen in the Right View to enter the small room off the kitchen.",
"curr_step": "I need to move forward into the room to approach the kitchen. Waypoint 1 is a good intermediate target in the center of the room.",
"action": 1
}
```
Calculated floor height difference: 2.65m
Action: turn
Action: move_forward
Action: move_forward
Action: move_forward
Action: move_forward
Action: null
waypoints: 10
skipped waypoints: edge 0,  distance 5,  no_path 0,  occlusion 1
```json
{
"movement": "I have moved forward from the starting position towards the center of the room, approaching the dining table/desk area.",
"observation": {
    "front view": "I am facing a large wooden desk/table with a glass wall/door (B) behind it. To the right is a living area with a TV and sofa.",
    "left view": "There is a white cabinet along the wall with framed pictures above it.",
    "right view": "I see a white kitchen island in the foreground right, and further back a living area with a TV. Beyond that, there appears to be a hallway or passage.",
    "map": "I am near the desk (red rectangle). Waypoint 3 is in the open space towards the right, leading towards the living room and kitchen area."
},
"thought": "The instruction is to walk between the two counters in the kitchen. Looking at the Right View, I see a white kitchen island and likely another counter along the wall to its right, forming a corridor. This is the kitchen area. Currently, I am facing the desk. The kitchen is to my right. I need to move towards that area. Waypoint 3 is in the direction of the living room/kitchen area. Moving there will bring me closer to the kitchen entrance.",
"stuck": false,
"plan": "Move towards waypoint 3 to enter the main open space and approach the kitchen area visible in the Right View. From there, I will look for the path between the counters and the small room off the kitchen.",
"curr_step": "I need to move from my current position near the desk towards the right side of the room where the kitchen is located. Waypoint 3 is a strategic point in that direction.",
"action": 3
}
```
Action: turn
Action: move_forward
Action: turn
Action: move_forward
Action: turn
Action: move_forward
Action: null
Action: turn
waypoints: 16
skipped waypoints: edge 2,  distance 5,  no_path 0,  occlusion 2



Action: stop
waypoints: 16
skipped waypoints: edge 2,  distance 5,  no_path 0,  occlusion 2



Action: stop
['Walk through the kitchen and walk out the door into the hallway.', 'Turn right and then left and enter the door closest to the table.', 'Enter the room and wait there.']
Initialized data for new floor level: 0
Switching pcds to floor level: 0
Initialized data for new floor level: 0
Switching pcds to floor level: 0
Initialized data for new floor level: 0
Switching pcds to floor level: 0
[StairDetect] normals=0.0038s, cpu=0.0003s, cluster=0.0282s, loop=0.0124s, total=0.0587s
waypoints: 24
skipped waypoints: edge 0,  distance 14,  no_path 0,  occlusion 1

2026-09-18 21:21:20,153 - INFO - --- Episode 55, Step 2/100 ---
2026-09-18 21:21:20,712 - INFO - --- Episode 55, Step 3/100 ---
2026-09-18 21:21:21,224 - INFO - --- Episode 55, Step 4/100 ---
2026-09-18 21:21:22,102 - INFO - --- Episode 55, Step 5/100 ---
2026-09-18 21:21:22,746 - INFO - --- Episode 55, Step 6/100 ---
2026-09-18 21:21:23,488 - INFO - --- Episode 55, Step 7/100 ---
2026-09-18 21:23:51,290 - INFO - HTTP Request: POST http://127.0.0.1:22447/v1/chat/completions "HTTP/1.1 200 OK"
2026-09-18 21:26:10,294 - INFO - HTTP Request: POST http://127.0.0.1:22447/v1/chat/completions "HTTP/1.1 200 OK"
2026-09-18 21:28:03,006 - INFO - HTTP Request: POST http://127.0.0.1:22447/v1/chat/completions "HTTP/1.1 200 OK"
2026-09-18 21:28:03,769 - INFO - --- Episode 55, Step 8/100 ---
2026-09-18 21:29:51,042 - INFO - HTTP Request: POST http://127.0.0.1:22447/v1/chat/completions "HTTP/1.1 200 OK"
2026-09-18 21:31:15,350 - INFO - HTTP Request: POST http://127.0.0.1:22447/v1/chat/completions "HTTP/1.1 200 OK"
2026-09-18 21:31:35,547 - INFO - HTTP Request: POST http://127.0.0.1:22447/v1/chat/completions "HTTP/1.1 200 OK"
2026-09-18 21:31:36,277 - INFO - --- Episode 55, Step 9/100 ---
2026-09-18 21:31:37,121 - INFO - --- Episode 55, Step 10/100 ---
2026-09-18 21:31:37,995 - INFO - --- Episode 55, Step 11/100 ---
2026-09-18 21:31:38,822 - INFO - --- Episode 55, Step 12/100 ---
2026-09-18 21:31:39,610 - INFO - --- Episode 55, Step 13/100 ---
2026-09-18 21:31:40,359 - INFO - --- Episode 55, Step 14/100 ---
2026-09-18 21:31:41,293 - INFO - --- Episode 55, Step 15/100 ---
2026-09-18 21:32:17,305 - INFO - HTTP Request: POST http://127.0.0.1:22447/v1/chat/completions "HTTP/1.1 200 OK"
2026-09-18 21:32:46,681 - INFO - HTTP Request: POST http://127.0.0.1:22447/v1/chat/completions "HTTP/1.1 200 OK"
2026-09-18 21:33:10,421 - INFO - HTTP Request: POST http://127.0.0.1:22447/v1/chat/completions "HTTP/1.1 200 OK"
 12%|█▏        | 6/50 [1:21:44<10:07:23, 828.25s/it]Renderer: NVIDIA GeForce RTX 4090/PCIe/SSE2 by NVIDIA Corporation
OpenGL version: 4.6.0 NVIDIA 590.48.01
Using optional features:
    GL_ARB_vertex_array_object
    GL_ARB_separate_shader_objects
    GL_ARB_robustness
    GL_ARB_texture_storage
    GL_ARB_texture_view
    GL_ARB_framebuffer_no_attachments
    GL_ARB_invalidate_subdata
    GL_ARB_texture_storage_multisample
    GL_ARB_multi_bind
    GL_ARB_direct_state_access
    GL_ARB_get_texture_sub_image
    GL_ARB_texture_filter_anisotropic
    GL_KHR_debug
    GL_KHR_parallel_shader_compile
    GL_NV_depth_buffer_float
Using driver workarounds:
    no-forward-compatible-core-context
    nv-egl-incorrect-gl11-function-pointers
    no-layout-qualifiers-on-old-glsl
    nv-zero-context-profile-mask
    nv-implementation-color-read-format-dsa-broken
    nv-cubemap-inconsistent-compressed-image-size
    nv-cubemap-broken-full-compressed-image-query
    nv-compressed-block-size-in-bits
[21:33:12:340299]:[Warning]:[Metadata] SceneDatasetAttributes.cpp(107)::addNewSceneInstanceToDataset : Dataset : 'default' : Lighting Layout Attributes 'no_lights' specified in Scene Attributes but does not exist in dataset, so creating default.
2026-09-18 21:33:18,049 - INFO - Simulator initialized!
2026-09-18 21:33:47,656 - INFO - HTTP Request: POST http://127.0.0.1:22447/v1/chat/completions "HTTP/1.1 200 OK"
2026-09-18 21:33:48,305 - INFO - --- Episode 56, Step 1/100 ---
2026-09-18 21:37:12,339 - INFO - HTTP Request: POST http://127.0.0.1:22447/v1/chat/completions "HTTP/1.1 200 OK"
2026-09-18 21:37:35,907 - INFO - HTTP Request: POST http://127.0.0.1:22447/v1/chat/completions "HTTP/1.1 200 OK"
2026-09-18 21:37:36,418 - INFO - --- Episode 56, Step 2/100 ---
2026-09-18 21:37:44,923 - INFO - HTTP Request: POST http://127.0.0.1:22447/v1/chat/completions "HTTP/1.1 200 OK"
2026-09-18 21:37:45,630 - INFO - --- Episode 56, Step 3/100 ---
2026-09-18 21:37:46,265 - INFO - --- Episode 56, Step 4/100 ---
2026-09-18 21:37:46,987 - INFO - --- Episode 56, Step 5/100 ---
2026-09-18 21:37:47,551 - INFO - --- Episode 56, Step 6/100 ---
2026-09-18 21:37:48,033 - INFO - --- Episode 56, Step 7/100 ---
2026-09-18 21:37:48,396 - INFO - --- Episode 56, Step 8/100 ---
2026-09-18 21:37:59,967 - INFO - HTTP Request: POST http://127.0.0.1:22447/v1/chat/completions "HTTP/1.1 200 OK"
```json
{
    "movement": "I have just started my journey and am currently standing in the open living/kitchen area. I haven't moved yet.",
    "observation": {
        "front view": "I see a dining table ahead and a large glass partition to the right. To the left, there is a white cabinet against the wall.",
        "left view": "There is a hallway entrance visible just past the white cabinet on the left wall.",
        "right view": "I see a large kitchen island with stools and the rest of the kitchen area extending further right.",
        "map": "My current position is near the start point. The hallway is to the left, indicated by the path leading towards waypoint 7."
    },
    "thought": "The instruction is to walk through the kitchen and out the door into the hallway. I am currently in the open area next to the kitchen island. The hallway door is visible in my left view, located near the white cabinet. To reach it, I need to move towards the left side of the room. Waypoint 7 is positioned right next to that cabinet and the hallway entrance.",
    "stuck": false,
    "plan": "I will move forward and slightly left towards waypoint 7 to approach the hallway door seen in the left view.",
    "curr_step": "I need to reach the hallway door. Waypoint 7 is the closest point to that door on the map.",
    "action": 7
}
```
Calculated floor height difference: 2.65m
Action: turn
Action: move_forward
Action: turn
Action: move_forward
Action: null
Action: turn
waypoints: 5
skipped waypoints: edge 0,  distance 3,  no_path 0,  occlusion 0



Action: stop
waypoints: 5
skipped waypoints: edge 0,  distance 3,  no_path 0,  occlusion 0


```json
{
    "movement": "I have moved slightly forward from the start position, positioning myself between a white cabinet on my left and a long dining table on my right.",
    "observation": {
        "front view": "I see a clear path forward between the white cabinet on the left and the table leg on the right. Ahead is a glass partition/door and an opening leading further into the house.",
        "left view": "A textured wall with a light switch and the side of the white cabinet.",
        "right view": "The rest of the large open-plan room, including a sofa and TV area in the distance.",
        "map": "I am near the start point. The path towards the 'workbench' area (likely the hallway/next room) is straight ahead/slightly left on the map."
    },
    "thought": "I am currently in the kitchen/dining area. The instruction is to walk through the kitchen and out into the hallway. The path forward leads past the table and cabinet towards the opening that connects to the next section of the house (the hallway/workbench area). I need to continue moving forward to exit this room.",
    "stuck": false,
    "plan": "Move forward towards the opening/glass door area to exit the kitchen/dining space and enter the hallway as instructed.",
    "curr_step": "I am currently in the middle of the kitchen/dining area. I need to continue moving forward to reach the exit/doorway.",
    "action": 1
}
```
Action: turn
Action: move_forward
Action: turn
Action: move_forward
Action: turn
Action: move_forward
Action: null
waypoints: 4
skipped waypoints: edge 0,  distance 0,  no_path 0,  occlusion 2



Action: stop
['Turn left and walk across the kitchen hallway.', 'When you get to a more open area, turn slight right and walk past the bedroom,', 'then stop in the door of the second bedroom.']
Initialized data for new floor level: 0
Switching pcds to floor level: 0
Initialized data for new floor level: 0
Switching pcds to floor level: 0
Initialized data for new floor level: 0
Switching pcds to floor level: 0
[StairDetect] normals=0.0044s, cpu=0.0003s, cluster=0.0274s, loop=0.0126s, total=0.0588s
waypoints: 24
skipped waypoints: edge 0,  distance 14,  no_path 0,  occlusion 1

```json
{
"movement": "I am currently standing at the starting position, facing a desk and a large glass partition. To my left is a hallway with artwork on the wall. To my right is a kitchen island and living area.",
"observation": {
    "front view": "A desk is directly ahead, with a large glass partition to its right. To the left of the desk is a wall with framed pictures.",
    "left view": "A hallway extends to the left with a piece of abstract art on the wall and a doorway further down.",
    "right view": "A kitchen island with stools is visible, along with a living area in the background.",
    "map": "I am at the 'START' position. To my left is a path leading towards waypoint 5. To my right is the kitchen/living area. Straight ahead is the desk area (waypoints 6, 7)."
},
"thought": "The instruction is to 'Turn left and walk across the kitchen hallway.' Currently, I am facing the desk. The hallway mentioned is visible in the left view. I need to turn left to face this hallway so I can walk through it towards the next subtask (the open area and bedrooms).",
"stuck": false,
"plan": "Turn left to face the hallway seen in the left view. Then, walk forward into that hallway, passing the desk area on my right, heading towards the more open area mentioned in the next step.",
"curr_step": "I need to turn left to align myself with the hallway path leading towards waypoint 5 and beyond. The subtask is not yet completed as I haven't started walking across it.",
"action": "L"
}
```
Calculated floor height difference: 2.65m
Action: turn
waypoints: 12
skipped waypoints: edge 0,  distance 5,  no_path 0,  occlusion 0
```json
{
"movement": "I turned left from my starting position and am now facing down a hallway with a kitchen island on my left and a wall on my right.",
"observation": {
    "front view": "A hallway stretches ahead. To the left is a long white kitchen island/counter. To the right is a wall with a vent and artwork further down. There are doorways visible at the end of this corridor.",
    "left view": "The kitchen island continues along the left side.",
    "right view": "A wall with a large abstract painting and a vent near the floor.",
    "map": "I am positioned near the start. The path forward leads through waypoints 1, 7, and towards 2. This path goes past the kitchen area."
},
"thought": "I have completed the 'Turn left' part of the instruction. Now I need to 'walk across the kitchen hallway'. The path ahead (towards waypoint 1) takes me through this hallway. I should move forward to traverse this space and reach the 'more open area' mentioned in the next subtask.",
"stuck": false,
"plan": "Walk straight down the hallway towards the end where it opens up. This will lead me towards the bedrooms mentioned in the subsequent instructions.",
"curr_step": "I am at the beginning of the kitchen hallway. I need to move forward through it.",
"action": 1
}
```
Action: turn
Action: move_forward
Action: turn
Action: move_forward
Action: null
Action: turn
waypoints: 6
skipped waypoints: edge 0,  distance 1,  no_path 0,  occlusion 0
2026-09-18 21:38:00,746 - INFO - --- Episode 56, Step 9/100 ---
2026-09-18 21:38:01,605 - INFO - --- Episode 56, Step 10/100 ---
2026-09-18 21:38:02,211 - INFO - --- Episode 56, Step 11/100 ---
2026-09-18 21:38:02,776 - INFO - --- Episode 56, Step 12/100 ---
2026-09-18 21:38:03,377 - INFO - --- Episode 56, Step 13/100 ---
2026-09-18 21:38:03,928 - INFO - --- Episode 56, Step 14/100 ---
2026-09-18 21:38:04,647 - INFO - --- Episode 56, Step 15/100 ---
2026-09-18 21:38:05,148 - INFO - --- Episode 56, Step 16/100 ---
2026-09-18 21:38:23,289 - INFO - HTTP Request: POST http://127.0.0.1:22447/v1/chat/completions "HTTP/1.1 200 OK"
2026-09-18 21:38:23,832 - INFO - --- Episode 56, Step 17/100 ---
2026-09-18 21:38:36,705 - INFO - HTTP Request: POST http://127.0.0.1:22447/v1/chat/completions "HTTP/1.1 200 OK"
2026-09-18 21:38:37,519 - INFO - --- Episode 56, Step 18/100 ---
2026-09-18 21:38:38,095 - INFO - --- Episode 56, Step 19/100 ---
2026-09-18 21:38:38,876 - INFO - --- Episode 56, Step 20/100 ---
2026-09-18 21:38:39,454 - INFO - --- Episode 56, Step 21/100 ---
2026-09-18 21:38:40,064 - INFO - --- Episode 56, Step 22/100 ---
2026-09-18 21:38:40,742 - INFO - --- Episode 56, Step 23/100 ---
2026-09-18 21:38:41,755 - INFO - --- Episode 56, Step 24/100 ---
2026-09-18 21:38:43,142 - INFO - --- Episode 56, Step 25/100 ---
2026-09-18 21:38:43,955 - INFO - --- Episode 56, Step 26/100 ---
2026-09-18 21:38:44,775 - INFO - --- Episode 56, Step 27/100 ---
2026-09-18 21:38:45,814 - INFO - --- Episode 56, Step 28/100 ---
2026-09-18 21:39:23,736 - INFO - HTTP Request: POST http://127.0.0.1:22447/v1/chat/completions "HTTP/1.1 200 OK"
2026-09-18 21:39:24,694 - INFO - --- Episode 56, Step 29/100 ---
2026-09-18 21:39:25,691 - INFO - --- Episode 56, Step 30/100 ---
2026-09-18 21:39:26,378 - INFO - --- Episode 56, Step 31/100 ---
2026-09-18 21:39:27,152 - INFO - --- Episode 56, Step 32/100 ---
2026-09-18 21:39:27,983 - INFO - --- Episode 56, Step 33/100 ---
2026-09-18 21:39:28,753 - INFO - --- Episode 56, Step 34/100 ---
2026-09-18 21:39:29,790 - INFO - --- Episode 56, Step 35/100 ---
2026-09-18 21:39:54,927 - INFO - HTTP Request: POST http://127.0.0.1:22447/v1/chat/completions "HTTP/1.1 200 OK"
2026-09-18 21:39:56,343 - INFO - --- Episode 56, Step 36/100 ---
2026-09-18 21:39:57,466 - INFO - --- Episode 56, Step 37/100 ---
2026-09-18 21:39:58,448 - INFO - --- Episode 56, Step 38/100 ---
2026-09-18 21:39:59,294 - INFO - --- Episode 56, Step 39/100 ---
2026-09-18 21:40:20,281 - INFO - HTTP Request: POST http://127.0.0.1:22447/v1/chat/completions "HTTP/1.1 200 OK"
```json
{
"movement": "I have moved down the hallway past the wooden doors on my left and the painting on my right. I am now approaching the kitchen area visible ahead.",
"observation": {
    "front view": "The hallway continues straight ahead into a kitchen area with dark cabinets and a sink. There is an opening to the right just before the kitchen.",
    "left view": "Wooden double doors are on my left.",
    "right view": "A wall with a large abstract painting is on my right, followed by an opening into a larger room.",
    "map": "I am positioned in the hallway leading to the kitchen. Waypoints 1 and 2 are further ahead near the kitchen entrance."
},
"thought": "I am currently walking across the kitchen hallway as instructed. The next part of the instruction is 'When you get to a more open area, turn slight right...'. I haven't reached that open area yet; I am still in the corridor leading to it. I need to continue moving forward to reach the end of this hallway/kitchen transition.",
"stuck": false,
"plan": "Continue walking straight down the hallway towards the kitchen cabinets and the opening on the right which leads to the 'more open area'.",
"curr_step": "I am in the middle of the 'walk across the kitchen hallway' subtask. I need to reach the end of this corridor.",
"action": 1
}
```
Action: turn
Action: move_forward
Action: turn
Action: move_forward
Action: turn
Action: move_forward
Action: null
Action: turn
waypoints: 2
skipped waypoints: edge 0,  distance 0,  no_path 0,  occlusion 0
```json
{
"movement": "I have walked down the kitchen hallway and am now at the end near the sink and glass door. I am facing the kitchen counter and the glass door.",
"observation": {
    "front view": "A kitchen sink and counter are on the left. A glass door leading outside is straight ahead. To the right is a wall/doorway.",
    "left view": "The kitchen counter continues along the left side.",
    "right view": "A wall and a doorway leading back into the main living area/hallway.",
    "map": "I am at the end of the red path near the sink. The path to the bedrooms likely goes through the opening on the right."
},
"thought": "I have completed walking across the kitchen hallway. I am now at the 'more open area' (the transition point). The instruction says to 'turn slight right and walk past the bedroom'. Looking at the map, the path continues towards the right side of the current view (which corresponds to the main living area/hallway where bedrooms are likely located). I need to turn right to face that direction.",
"stuck": false,
"plan": "Turn right to face the opening that leads out of the kitchen hallway and towards the bedrooms. Then move forward into that open area.",
"curr_step": "I am at the end of the kitchen hallway. I need to turn right to exit this area and proceed to the next subtask.",
"action": "R"
}
```
Action: turn
waypoints: 12
skipped waypoints: edge 0,  distance 10,  no_path 0,  occlusion 0
```json
{
"movement": "I have reached the end of the kitchen hallway near the sink. I am now facing a wall/door frame with an opening to the right leading into another corridor.",
"observation": {
    "front view": "A wall is directly in front, but there is an opening to the right showing a hallway with tiled floors. Waypoints 1 and 2 are visible in that opening.",
    "left view": "The kitchen counter and sink area are to my left.",
    "right view": "A doorway leading into a hallway/corridor.",
    "map": "I am at the end of the red path near the sink. The next part of the house (bedrooms) is accessible through the opening to the right."
},
"thought": "I have completed the kitchen hallway walk. I am now at the 'more open area' transition point. The instruction says to 'turn slight right and walk past the bedroom'. The path forward is through the opening on the right (where waypoints 1 and 2 are). Moving towards waypoint 1 will take me into that hallway.",
"stuck": false,
"plan": "Move forward and slightly right into the hallway/open area to find the bedrooms mentioned in the next subtask.",
"curr_step": "I am at the entrance of the open area. I need to proceed into it.",
"action": 1
}
```
Action: turn
Action: move_forward
Action: turn
Action: move_forward
Action: move_forward
Action: turn
Action: move_forward
Action: turn
Action: move_forward
Action: null
Action: turn
waypoints: 36
skipped waypoints: edge 0,  distance 21,  no_path 0,  occlusion 9
```json
{
"movement": "I have moved from the kitchen hallway into a large open living area. I am currently facing towards a desk and glass partition, with a kitchen island to my right.",
"observation": {
    "front view": "A desk is on the left near large windows. A kitchen island/workbench is on the right. Straight ahead is a glass partition/door.",
    "left view": "Large windows and a desk area.",
    "right view": "The kitchen island and a hallway behind it leading to other rooms.",
    "map": "I am in the central open area near the 'workbench' (island). The path to the bedrooms is likely down the hallway visible in the right view, behind the workbench."
},
"thought": "I have completed the first subtask. Now I need to follow the instruction: 'When you get to a more open area, turn slight right and walk past the bedroom'. The hallway behind the kitchen island (visible in the right view) seems to be the path to the bedrooms. I need to orient myself towards that hallway.",
"stuck": false,
"plan": "Turn slightly right to face the hallway behind the kitchen island and move forward into it to find the bedrooms.",
"curr_step": "I am in the open area. I need to turn right towards the kitchen island/hallway path.",
"action": 3
}
```
Action: turn
Action: move_forward
Action: turn
Action: move_forward
Action: move_forward
Action: null
Action: turn
waypoints: 11
skipped waypoints: edge 2,  distance 3,  no_path 0,  occlusion 0
```json
{
"movement": "I have moved from the kitchen area into the large open living space near the desk. I am currently facing the desk and windows, with a console table on my left.",
"observation": {
    "front view": "A long desk is in front of me. To the left is a white console table with framed art above it. To the right is a large glass partition/door leading outside.",
    "left view": "The console table and wall with artwork are close on my left.",
    "right view": "The kitchen island (workbench) is visible, and beyond it, a hallway leading to other rooms (likely bedrooms).",
    "map": "I am in the room with the desk. The path to the bedrooms is down the hallway to the right of the workbench."
},
"thought": "I have completed the first part of the instruction. I am now in the 'more open area'. The next step is to 'turn slight right and walk past the bedroom'. The hallway with the bedrooms is visible to my right (in the Right View). I need to move into the open space towards that hallway.",
"stuck": false,
"plan": "Move forward into the open area towards waypoint 3. This will position me to then turn right and walk down the hallway past the bedrooms.",
"curr_step": "I am in the open area near the desk. I need to move forward to clear the desk area and approach the hallway entrance.",
"action": 3
}
```
Action: turn
Action: move_forward
Action: null
Action: turn
waypoints: 20
skipped waypoints: edge 0,  distance 10,  no_path 0,  occlusion 4
2026-09-18 21:40:22,215 - INFO - --- Episode 56, Step 40/100 ---
2026-09-18 21:40:41,073 - INFO - HTTP Request: POST http://127.0.0.1:22447/v1/chat/completions "HTTP/1.1 200 OK"
2026-09-18 21:40:41,925 - INFO - --- Episode 56, Step 41/100 ---
2026-09-18 21:40:42,640 - INFO - --- Episode 56, Step 42/100 ---
2026-09-18 21:40:43,647 - INFO - --- Episode 56, Step 43/100 ---
2026-09-18 21:40:44,589 - INFO - --- Episode 56, Step 44/100 ---
2026-09-18 21:40:45,515 - INFO - --- Episode 56, Step 45/100 ---
2026-09-18 21:40:46,615 - INFO - --- Episode 56, Step 46/100 ---
2026-09-18 21:40:47,289 - INFO - --- Episode 56, Step 47/100 ---
2026-09-18 21:40:51,238 - INFO - HTTP Request: POST http://127.0.0.1:22447/v1/chat/completions "HTTP/1.1 400 Bad Request"
2026-09-18 21:40:52,446 - INFO - HTTP Request: POST http://127.0.0.1:22447/v1/chat/completions "HTTP/1.1 400 Bad Request"
2026-09-18 21:40:53,642 - INFO - HTTP Request: POST http://127.0.0.1:22447/v1/chat/completions "HTTP/1.1 400 Bad Request"
2026-09-18 21:40:54,351 - INFO - --- Episode 56, Step 48/100 ---
2026-09-18 21:41:15,239 - INFO - HTTP Request: POST http://127.0.0.1:22447/v1/chat/completions "HTTP/1.1 200 OK"
2026-09-18 21:41:16,597 - INFO - --- Episode 56, Step 49/100 ---
2026-09-18 21:41:17,511 - INFO - --- Episode 56, Step 50/100 ---
2026-09-18 21:41:18,640 - INFO - --- Episode 56, Step 51/100 ---
2026-09-18 21:41:19,593 - INFO - --- Episode 56, Step 52/100 ---
2026-09-18 21:41:22,183 - INFO - --- Episode 56, Step 53/100 ---
2026-09-18 21:41:22,900 - INFO - --- Episode 56, Step 54/100 ---
2026-09-18 21:41:23,735 - INFO - --- Episode 56, Step 55/100 ---
2026-09-18 21:41:24,676 - INFO - --- Episode 56, Step 56/100 ---
2026-09-18 21:41:28,252 - INFO - HTTP Request: POST http://127.0.0.1:22447/v1/chat/completions "HTTP/1.1 400 Bad Request"
2026-09-18 21:41:29,499 - INFO - HTTP Request: POST http://127.0.0.1:22447/v1/chat/completions "HTTP/1.1 400 Bad Request"
2026-09-18 21:41:30,828 - INFO - HTTP Request: POST http://127.0.0.1:22447/v1/chat/completions "HTTP/1.1 400 Bad Request"
 14%|█▍        | 7/50 [1:30:07<8:37:33, 722.17s/it] Renderer: NVIDIA GeForce RTX 4090/PCIe/SSE2 by NVIDIA Corporation
OpenGL version: 4.6.0 NVIDIA 590.48.01
Using optional features:
    GL_ARB_vertex_array_object
    GL_ARB_separate_shader_objects
    GL_ARB_robustness
    GL_ARB_texture_storage
    GL_ARB_texture_view
    GL_ARB_framebuffer_no_attachments
    GL_ARB_invalidate_subdata
    GL_ARB_texture_storage_multisample
    GL_ARB_multi_bind
    GL_ARB_direct_state_access
    GL_ARB_get_texture_sub_image
    GL_ARB_texture_filter_anisotropic
    GL_KHR_debug
    GL_KHR_parallel_shader_compile
    GL_NV_depth_buffer_float
Using driver workarounds:
    no-forward-compatible-core-context
    nv-egl-incorrect-gl11-function-pointers
    no-layout-qualifiers-on-old-glsl
    nv-zero-context-profile-mask
    nv-implementation-color-read-format-dsa-broken
    nv-cubemap-inconsistent-compressed-image-size
    nv-cubemap-broken-full-compressed-image-query
    nv-compressed-block-size-in-bits
[21:41:36:112168]:[Warning]:[Metadata] SceneDatasetAttributes.cpp(107)::addNewSceneInstanceToDataset : Dataset : 'default' : Lighting Layout Attributes 'no_lights' specified in Scene Attributes but does not exist in dataset, so creating default.
2026-09-18 21:41:45,624 - INFO - Simulator initialized!
2026-09-18 21:42:21,022 - INFO - HTTP Request: POST http://127.0.0.1:22447/v1/chat/completions "HTTP/1.1 200 OK"
2026-09-18 21:42:21,832 - INFO - --- Episode 57, Step 1/100 ---
2026-09-18 21:42:55,164 - INFO - HTTP Request: POST http://127.0.0.1:22447/v1/chat/completions "HTTP/1.1 200 OK"
2026-09-18 21:42:55,787 - INFO - --- Episode 57, Step 2/100 ---
2026-09-18 21:42:56,437 - INFO - --- Episode 57, Step 3/100 ---
2026-09-18 21:42:57,100 - INFO - --- Episode 57, Step 4/100 ---
2026-09-18 21:42:58,087 - INFO - --- Episode 57, Step 5/100 ---
2026-09-18 21:45:50,400 - INFO - HTTP Request: POST http://127.0.0.1:22447/v1/chat/completions "HTTP/1.1 200 OK"
2026-09-18 21:46:05,174 - INFO - HTTP Request: POST http://127.0.0.1:22447/v1/chat/completions "HTTP/1.1 200 OK"
```json
{
"movement": "I have moved into the open living area near the desk. I am currently facing the desk and windows. To my right is the kitchen island and a hallway leading to other rooms.",
"observation": {
    "front view": "A long desk is in front of me with large windows to the left. A glass partition is to the right of the desk.",
    "left view": "Large windows looking out onto a garden/patio area.",
    "right view": "The kitchen island (workbench) and a hallway extending behind it towards other rooms (likely bedrooms).",
    "map": "I am in the central open area. The path to the bedrooms is down the hallway visible in the right view, past the workbench."
},
"thought": "I have completed the first subtask. I am now in the 'more open area'. The instruction says to 'turn slight right and walk past the bedroom'. The hallway with the bedrooms is visible in the Right View, behind the kitchen island. I need to turn right to face that hallway.",
"stuck": false,
"plan": "Turn right to face the hallway behind the kitchen island. Then move forward into that hallway to find the bedrooms.",
"curr_step": "I am in the open area facing the desk. I need to turn right towards the kitchen/hallway area.",
"action": "R"
}
```
Action: turn
waypoints: 28
skipped waypoints: edge 0,  distance 18,  no_path 0,  occlusion 1
```json
{
"movement": "I have moved from the desk area into the large open living space. I am now facing towards the kitchen island and the hallway leading past it.",
"observation": {
    "front view": "The kitchen island is ahead and slightly right. Beyond it, a hallway extends further back. To the left is the living room with a sofa and TV.",
    "left view": "Large glass doors/windows leading outside.",
    "right view": "A wall and the side of the kitchen cabinetry.",
    "map": "I am in the central open area. Waypoint 5 is located near the end of the kitchen island, marking the entrance to the hallway/corridor."
},
"thought": "I have completed the first part of the instruction (walking across the kitchen hallway). I am now in the 'more open area'. The next instruction is to 'turn slight right and walk past the bedroom'. The hallway visible ahead/right (towards waypoint 5) leads away from this open area, likely towards the bedrooms. I need to move into that hallway.",
"stuck": false,
"plan": "Move forward towards waypoint 5 to enter the hallway behind the kitchen island. This will allow me to walk past the bedroom as instructed in P2.",
"curr_step": "I am in the open area. I need to proceed into the hallway to find the bedrooms.",
"action": 5
}
```
Action: turn
Action: move_forward
Action: turn
Action: move_forward
Action: turn
Action: move_forward
Action: null
waypoints: 36
skipped waypoints: edge 0,  distance 18,  no_path 0,  occlusion 13
Action: stop
waypoints: 36
skipped waypoints: edge 0,  distance 18,  no_path 0,  occlusion 13
```json
{
"movement": "I have moved from the desk area into the large open living space near the kitchen island. I am currently facing the gap between the kitchen island and the wall/counter, which leads to a hallway.",
"observation": {
    "front view": "The kitchen island is on my left. The main kitchen counter is on my right. A hallway extends straight ahead between them.",
    "left view": "Large glass doors/windows leading outside.",
    "right view": "Kitchen cabinets and a wall with a vent.",
    "map": "I am near the 'workbench' (island). The path forward leads into the hallway towards waypoints 1, 3."
},
"thought": "I have completed the first part of the instruction. I am now in the 'more open area'. The next step is to 'turn slight right and walk past the bedroom'. The hallway visible ahead (between the island and the wall) leads away from this area. I need to move into that hallway.",
"stuck": false,
"plan": "Move forward into the hallway between the kitchen island and the wall. This path leads towards the bedrooms mentioned in the instruction.",
"curr_step": "I am at the entrance of the hallway. I need to proceed down it.",
"action": 3
}
```
Action: turn
Action: move_forward
Action: turn
Action: move_forward
Action: turn
Action: move_forward
Action: null
Action: turn
waypoints: 18
skipped waypoints: edge 5,  distance 5,  no_path 0,  occlusion 5
Action: stop
['In the entry way go up the stairs and in the hallway at the top take a left', 'and go past the dining room into the entry way with the stairs on the right side and stop right between the bottom of the first stair and the console table on the left.']
Initialized data for new floor level: 0
Switching pcds to floor level: 0
Initialized data for new floor level: 0
Switching pcds to floor level: 0
Initialized data for new floor level: 0
Switching pcds to floor level: 0
[StairDetect] normals=0.0037s, cpu=0.0002s, cluster=0.0419s, loop=0.0515s, total=0.1032s
waypoints: 11
skipped waypoints: edge 0,  distance 0,  no_path 1,  occlusion 2
```json
{
"movement": "Move forward towards the first step of the staircase located to the front-right.",
"observation": {
    "front view": "A tiled floor area with a white door ahead and slightly left. To the right, the base of a wooden staircase is visible with a handrail.",
    "left view": "A hallway with a bench and a window at the end.",
    "right view": "The staircase going up with wooden steps and dark handrails on both sides.",
    "map": "Current position (START) is at the bottom of the stairs, which are to the right (black striped area)."
},
"thought": "I am currently at the bottom of the stairs in the entry way. The instruction requires me to go up the stairs. The stairs are visible to my right and front-right. Waypoint 7 is located on the first step of the staircase. Moving to this waypoint will place me on the stairs, initiating the ascent as required by the subtask.",
"stuck": false,
"plan": "Navigate onto the first step (waypoint 7) to begin climbing the stairs towards the top hallway.",
"curr_step": "Move to waypoint 7.",
"action": 7
}
```
Calculated floor height difference: 2.45m
[StairDetect] normals=0.0037s, cpu=0.0002s, cluster=0.0449s, loop=0.0499s, total=0.1048s
Action: turn
--- Height change stabilized. Height diff: 0.20, On platform: True, Metrics: {'inlier_count': 1340, 'local_count': 19997, 'support_ratio': 0.06701005150437515, 'vertical_score': 1.0, 'plane_height_mean': -0.9868930578231812, 'agent_z': -1.0009788990020752, 'vertical_diff': 0.014085841178893999, 'area_xy': 0.7919999999999999, 'radius_est': 0.5020970323130403, 'z_std': 0.041723985224962234, 'occupied_cells': 55, 'bottom_height_tolerance': 0.1}
--- No significant floor change. Height diff: 0.20, On platform: True, Metrics: {'inlier_count': 1340, 'local_count': 19997, 'support_ratio': 0.06701005150437515, 'vertical_score': 1.0, 'plane_height_mean': -0.9868930578231812, 'agent_z': -1.0009788990020752, 'vertical_diff': 0.014085841178893999, 'area_xy': 0.7919999999999999, 'radius_est': 0.5020970323130403, 'z_std': 0.041723985224962234, 'occupied_cells': 55, 'bottom_height_tolerance': 0.1}
Updated floor height: -0.80, ceiling height: 1.00
[StairDetect] normals=0.0049s, cpu=0.0003s, cluster=0.0586s, loop=0.0770s, total=0.1501s
Action: move_forward
[StairDetect] normals=0.0049s, cpu=0.0003s, cluster=0.0585s, loop=0.0764s, total=0.1499s
Action: null
[StairDetect] normals=0.0055s, cpu=0.0003s, cluster=0.0593s, loop=0.0806s, total=0.1560s
Action: turn
waypoints: 10
skipped waypoints: edge 0,  distance 0,  no_path 1,  occlusion 1

2026-09-18 21:46:05,945 - INFO - --- Episode 57, Step 6/100 ---
2026-09-18 21:46:13,774 - INFO - HTTP Request: POST http://127.0.0.1:22447/v1/chat/completions "HTTP/1.1 200 OK"
2026-09-18 21:46:14,434 - INFO - --- Episode 57, Step 7/100 ---
2026-09-18 21:46:14,998 - INFO - --- Episode 57, Step 8/100 ---
2026-09-18 21:46:15,588 - INFO - --- Episode 57, Step 9/100 ---
2026-09-18 21:46:16,293 - INFO - --- Episode 57, Step 10/100 ---
2026-09-18 21:46:16,800 - INFO - --- Episode 57, Step 11/100 ---
2026-09-18 21:46:17,428 - INFO - --- Episode 57, Step 12/100 ---
2026-09-18 21:46:27,473 - INFO - HTTP Request: POST http://127.0.0.1:22447/v1/chat/completions "HTTP/1.1 200 OK"
2026-09-18 21:46:28,129 - INFO - --- Episode 57, Step 13/100 ---
2026-09-18 21:46:28,681 - INFO - --- Episode 57, Step 14/100 ---
2026-09-18 21:46:29,391 - INFO - --- Episode 57, Step 15/100 ---
2026-09-18 21:46:29,779 - INFO - --- Episode 57, Step 16/100 ---
2026-09-18 21:46:30,335 - INFO - --- Episode 57, Step 17/100 ---
```json
{
"movement": "Turn right to face the staircase.",
"observation": {
    "front view": "I am facing a wall and a white door to the left, with the side of the staircase railing visible on the right.",
    "left view": "A hallway with a bench and a window at the end.",
    "right view": "The staircase going up directly in front of me.",
    "map": "I am at the bottom of the stairs (START), facing somewhat towards the door/wall area. The stairs are to my right."
},
"thought": "I am currently at the bottom of the stairs but facing the wrong direction (towards the wall/door). To go up the stairs as instructed, I need to orient myself towards them. The 'Right View' shows the stairs directly ahead, indicating that turning right will align me with the staircase. Once aligned, I can proceed up the steps.",
"stuck": false,
"plan": "Turn right to face the stairs, then move forward onto the first step (waypoint 1) and continue up towards the top hallway.",
"curr_step": "Turn Right to face the stairs.",
"action": "R"
}
```
[StairDetect] normals=0.0055s, cpu=0.0003s, cluster=0.0605s, loop=0.0838s, total=0.1605s
Action: turn
waypoints: 5
skipped waypoints: edge 1,  distance 0,  no_path 0,  occlusion 0
```json
{
"movement": "Move forward onto the first step of the staircase.",
"observation": {
    "front view": "The staircase is directly in front of me, leading upwards. Waypoint 1 is on the first step.",
    "left view": "A wall and railing to the left of the stairs.",
    "right view": "A wall and railing to the right of the stairs.",
    "map": "I am at the START position at the bottom of the stairs. The stairs are represented by the striped area leading upwards."
},
"thought": "I have turned to face the stairs. Now I need to climb them. Waypoint 1 is on the first step, which is the immediate next target to begin ascending.",
"stuck": false,
"plan": "Move forward onto the first step (waypoint 1) and continue up the stairs towards the top landing (waypoint B).",
"curr_step": "Move to waypoint 1.",
"action": 1
}
```
[StairDetect] normals=0.0053s, cpu=0.0003s, cluster=0.0597s, loop=0.0178s, total=0.0928s
Action: turn
--- Height change stabilized. Height diff: 0.50, On platform: True, Metrics: {'inlier_count': 1496, 'local_count': 22777, 'support_ratio': 0.06568029151926591, 'vertical_score': 1.0, 'plane_height_mean': -0.758613109588623, 'agent_z': -0.7014225244522094, 'vertical_diff': 0.05719058513641362, 'area_xy': 0.6911999999999999, 'radius_est': 0.4690584114268031, 'z_std': 0.04427652433514595, 'occupied_cells': 48, 'bottom_height_tolerance': 0.1}
--- No significant floor change. Height diff: 0.50, On platform: True, Metrics: {'inlier_count': 1496, 'local_count': 22777, 'support_ratio': 0.06568029151926591, 'vertical_score': 1.0, 'plane_height_mean': -0.758613109588623, 'agent_z': -0.7014225244522094, 'vertical_diff': 0.05719058513641362, 'area_xy': 0.6911999999999999, 'radius_est': 0.4690584114268031, 'z_std': 0.04427652433514595, 'occupied_cells': 48, 'bottom_height_tolerance': 0.1}
Updated floor height: -0.50, ceiling height: 1.30
[StairDetect] normals=0.0047s, cpu=0.0003s, cluster=0.0549s, loop=0.0075s, total=0.0744s
Action: move_forward
[StairDetect] normals=0.0049s, cpu=0.0003s, cluster=0.0554s, loop=0.0078s, total=0.0756s
Action: turn
--- Height change stabilized. Height diff: 0.92, On platform: True, Metrics: {'inlier_count': 1566, 'local_count': 23129, 'support_ratio': 0.06770720739903553, 'vertical_score': 1.0, 'plane_height_mean': -0.23777437210083008, 'agent_z': -0.2797857046127319, 'vertical_diff': 0.04201133251190181, 'area_xy': 0.8063999999999999, 'radius_est': 0.5066409894773702, 'z_std': 0.04016623646020889, 'occupied_cells': 56, 'bottom_height_tolerance': 0.1}
---!Floor change detected. From level 0 to 1.
Saving data for floor level: 0
Initialized data for new floor level: 1
Switching pcds to floor level: 1
!Switched to floor level: 1
Updated floor height: -0.04, ceiling height: 1.76, height diff: 0.92
[StairDetect] normals=0.0025s, cpu=0.0002s, cluster=0.0272s, loop=0.0051s, total=0.0374s
Action: move_forward
[StairDetect] normals=0.0026s, cpu=0.0001s, cluster=0.0272s, loop=0.0053s, total=0.0376s
Action: null
[StairDetect] normals=0.0028s, cpu=0.0002s, cluster=0.0273s, loop=0.0051s, total=0.0380s
Action: turn
waypoints: 8
skipped waypoints: edge 0,  distance 1,  no_path 3,  occlusion 2
```json
{
"movement": "Move forward up the stairs towards the next landing.",
"observation": {
    "front view": "The staircase continues upwards. Waypoints 1 and 2 are visible on the steps/landing ahead. A white door is visible at the very top (waypoint B).",
    "left view": "A wall and the railing overlooking the floor below.",
    "right view": "A wall and the handrail.",
    "map": "I am on the staircase, moving towards the top landing marked by waypoint B. Waypoints 1 and 2 are just ahead."
},
"thought": "I am currently climbing the stairs. The instruction requires me to go up the stairs and reach the hallway at the top. I see waypoints 1 and 2 ahead on the stairs/landing. I need to continue moving forward to reach the top.",
"stuck": false,
"plan": "Move forward towards waypoint 1 to continue ascending the stairs towards the top landing (waypoint B).",
"curr_step": "Move to waypoint 1.",
"action": 1
}
```
[StairDetect] normals=0.0027s, cpu=0.0002s, cluster=0.0287s, loop=0.0052s, total=0.0393s
Action: turn
--- Height change stabilized. Height diff: 0.10, On platform: True, Metrics: {'inlier_count': 1264, 'local_count': 21361, 'support_ratio': 0.059173259676083834, 'vertical_score': 1.0, 'plane_height_mean': 0.04817178472876549, 'agent_z': 0.06297998428344731, 'vertical_diff': 0.014808199554681822, 'area_xy': 0.8208, 'radius_est': 0.5111445535067897, 'z_std': 0.04550160840153694, 'occupied_cells': 57, 'bottom_height_tolerance': 0.1}
--- No significant floor change. Height diff: 0.10, On platform: True, Metrics: {'inlier_count': 1264, 'local_count': 21361, 'support_ratio': 0.059173259676083834, 'vertical_score': 1.0, 'plane_height_mean': 0.04817178472876549, 'agent_z': 0.06297998428344731, 'vertical_diff': 0.014808199554681822, 'area_xy': 0.8208, 'radius_est': 0.5111445535067897, 'z_std': 0.04550160840153694, 'occupied_cells': 57, 'bottom_height_tolerance': 0.1}
Updated floor height: 0.26, ceiling height: 2.06
[StairDetect] normals=0.0028s, cpu=0.0002s, cluster=0.0288s, loop=0.0034s, total=0.0376s
Action: move_forward
[StairDetect] normals=0.0029s, cpu=0.0002s, cluster=0.0293s, loop=0.0036s, total=0.0385s
Action: turn
--- Height change stabilized. Height diff: 0.34, On platform: True, Metrics: {'inlier_count': 1812, 'local_count': 23573, 'support_ratio': 0.07686760276261538, 'vertical_score': 1.0, 'plane_height_mean': 0.30161064863204956, 'agent_z': 0.30602531433105473, 'vertical_diff': 0.004414665699005171, 'area_xy': 0.8927999999999999, 'radius_est': 0.5330919867948573, 'z_std': 0.039525844156742096, 'occupied_cells': 62, 'bottom_height_tolerance': 0.1}
--- No significant floor change. Height diff: 0.34, On platform: True, Metrics: {'inlier_count': 1812, 'local_count': 23573, 'support_ratio': 0.07686760276261538, 'vertical_score': 1.0, 'plane_height_mean': 0.30161064863204956, 'agent_z': 0.30602531433105473, 'vertical_diff': 0.004414665699005171, 'area_xy': 0.8927999999999999, 'radius_est': 0.5330919867948573, 'z_std': 0.039525844156742096, 'occupied_cells': 62, 'bottom_height_tolerance': 0.1}
Updated floor height: 0.51, ceiling height: 2.31
[StairDetect] normals=0.0035s, cpu=0.0003s, cluster=0.0324s, loop=0.0081s, total=0.0503s
Action: move_forward
[StairDetect] normals=0.0037s, cpu=0.0002s, cluster=0.0313s, loop=0.0083s, total=0.0506s
Action: turn
--- Height change stabilized. Height diff: 0.59, On platform: True, Metrics: {'inlier_count': 1946, 'local_count': 27538, 'support_ratio': 0.07066598881288888, 'vertical_score': 1.0, 'plane_height_mean': 0.5113144516944885, 'agent_z': 0.5554345130920411, 'vertical_diff': 0.044120061397552535, 'area_xy': 0.8351999999999999, 'radius_est': 0.5156087828389873, 'z_std': 0.039602674543857574, 'occupied_cells': 58, 'bottom_height_tolerance': 0.1}
---!Floor change detected. From level 1 to 2.
2026-09-18 21:46:30,899 - INFO - --- Episode 57, Step 18/100 ---
2026-09-18 21:46:31,939 - INFO - --- Episode 57, Step 19/100 ---
2026-09-18 21:46:41,787 - INFO - HTTP Request: POST http://127.0.0.1:22447/v1/chat/completions "HTTP/1.1 200 OK"
2026-09-18 21:46:42,683 - INFO - --- Episode 57, Step 20/100 ---
2026-09-18 21:47:04,239 - INFO - HTTP Request: POST http://127.0.0.1:22447/v1/chat/completions "HTTP/1.1 200 OK"
2026-09-18 21:47:04,850 - INFO - --- Episode 57, Step 21/100 ---
2026-09-18 21:48:00,592 - INFO - HTTP Request: POST http://127.0.0.1:22447/v1/chat/completions "HTTP/1.1 200 OK"
2026-09-18 21:48:49,857 - INFO - HTTP Request: POST http://127.0.0.1:22447/v1/chat/completions "HTTP/1.1 200 OK"
2026-09-18 21:49:33,881 - INFO - HTTP Request: POST http://127.0.0.1:22447/v1/chat/completions "HTTP/1.1 200 OK"
2026-09-18 21:49:34,432 - INFO - --- Episode 57, Step 22/100 ---
2026-09-18 21:50:11,662 - INFO - HTTP Request: POST http://127.0.0.1:22447/v1/chat/completions "HTTP/1.1 200 OK"
2026-09-18 21:50:40,934 - INFO - HTTP Request: POST http://127.0.0.1:22447/v1/chat/completions "HTTP/1.1 200 OK"
2026-09-18 21:51:03,118 - INFO - HTTP Request: POST http://127.0.0.1:22447/v1/chat/completions "HTTP/1.1 200 OK"
 16%|█▌        | 8/50 [1:39:37<7:51:33, 673.66s/it]Renderer: NVIDIA GeForce RTX 4090/PCIe/SSE2 by NVIDIA Corporation
OpenGL version: 4.6.0 NVIDIA 590.48.01
Using optional features:
    GL_ARB_vertex_array_object
    GL_ARB_separate_shader_objects
    GL_ARB_robustness
    GL_ARB_texture_storage
    GL_ARB_texture_view
    GL_ARB_framebuffer_no_attachments
    GL_ARB_invalidate_subdata
    GL_ARB_texture_storage_multisample
    GL_ARB_multi_bind
    GL_ARB_direct_state_access
    GL_ARB_get_texture_sub_image
    GL_ARB_texture_filter_anisotropic
    GL_KHR_debug
    GL_KHR_parallel_shader_compile
    GL_NV_depth_buffer_float
Using driver workarounds:
    no-forward-compatible-core-context
    nv-egl-incorrect-gl11-function-pointers
    no-layout-qualifiers-on-old-glsl
    nv-zero-context-profile-mask
    nv-implementation-color-read-format-dsa-broken
    nv-cubemap-inconsistent-compressed-image-size
    nv-cubemap-broken-full-compressed-image-query
    nv-compressed-block-size-in-bits
[21:51:05:886090]:[Warning]:[Metadata] SceneDatasetAttributes.cpp(107)::addNewSceneInstanceToDataset : Dataset : 'default' : Lighting Layout Attributes 'no_lights' specified in Scene Attributes but does not exist in dataset, so creating default.
2026-09-18 21:51:15,510 - INFO - Simulator initialized!
2026-09-18 21:51:35,187 - INFO - HTTP Request: POST http://127.0.0.1:22447/v1/chat/completions "HTTP/1.1 200 OK"
2026-09-18 21:51:35,894 - INFO - --- Episode 58, Step 1/100 ---
2026-09-18 21:54:56,634 - INFO - HTTP Request: POST http://127.0.0.1:22447/v1/chat/completions "HTTP/1.1 200 OK"
2026-09-18 21:58:00,305 - INFO - HTTP Request: POST http://127.0.0.1:22447/v1/chat/completions "HTTP/1.1 200 OK"
2026-09-18 22:00:45,560 - INFO - HTTP Request: POST http://127.0.0.1:22447/v1/chat/completions "HTTP/1.1 200 OK"
2026-09-18 22:00:46,277 - INFO - --- Episode 58, Step 2/100 ---
2026-09-18 22:01:04,149 - INFO - HTTP Request: POST http://127.0.0.1:22447/v1/chat/completions "HTTP/1.1 200 OK"
2026-09-18 22:01:04,898 - INFO - --- Episode 58, Step 3/100 ---
2026-09-18 22:01:05,403 - INFO - --- Episode 58, Step 4/100 ---
2026-09-18 22:01:06,215 - INFO - --- Episode 58, Step 5/100 ---
2026-09-18 22:01:06,837 - INFO - --- Episode 58, Step 6/100 ---
2026-09-18 22:01:35,027 - INFO - HTTP Request: POST http://127.0.0.1:22447/v1/chat/completions "HTTP/1.1 200 OK"
2026-09-18 22:01:35,806 - INFO - --- Episode 58, Step 7/100 ---
2026-09-18 22:01:44,956 - INFO - HTTP Request: POST http://127.0.0.1:22447/v1/chat/completions "HTTP/1.1 200 OK"
Saving data for floor level: 1
Initialized data for new floor level: 2
Switching pcds to floor level: 2
!Switched to floor level: 2
Updated floor height: 0.71, ceiling height: 2.51, height diff: 0.59
[StairDetect] normals=0.0035s, cpu=0.0002s, cluster=0.0541s, loop=0.0094s, total=0.0761s
Action: move_forward
[StairDetect] normals=0.0033s, cpu=0.0003s, cluster=0.0300s, loop=0.0065s, total=0.0476s
Action: null
waypoints: 5
skipped waypoints: edge 0,  distance 1,  no_path 0,  occlusion 0
```json
{
"movement": "Move forward onto the top landing and turn left into the hallway.",
"observation": {
    "front view": "I am at the top of the stairs on a wooden floor landing. There is a white door straight ahead (waypoint B) and an opening to the left leading further into the house.",
    "left view": "A hallway extending to the left with dark wood flooring.",
    "right view": "The staircase railing and the wall next to it.",
    "map": "I am at the top of the stairs (START area on map). The path continues to the left into a new corridor."
},
"thought": "I have successfully climbed the stairs. The instruction says 'in the hallway at the top take a left'. I am currently at the top landing. To follow the instruction, I need to move into the hallway that is to my left.",
"stuck": false,
"plan": "Move forward and turn left to enter the hallway at the top of the stairs.",
"curr_step": "Move forward and turn left towards the hallway opening.",
"action": "L"
}
```
[StairDetect] normals=0.0032s, cpu=0.0002s, cluster=0.0307s, loop=0.0069s, total=0.0489s
Action: turn
waypoints: 2
skipped waypoints: edge 0,  distance 0,  no_path 1,  occlusion 0
```json
{
"movement": "Turn left to face the hallway extending from the top of the stairs.",
"observation": {
    "front view": "A wall with 'B' on it is directly ahead. To the left of this wall, there is an opening leading into a hallway area. The stairs are visible going down in the bottom left corner.",
    "left view": "The hallway extending to the left, with dark wood flooring and white walls/doors.",
    "right view": "The landing area and a white door straight ahead/slightly right.",
    "map": "I am at the top of the stairs (red triangle). The path continues to the left into a long corridor."
},
"thought": "I have reached the top of the stairs. The instruction says 'in the hallway at the top take a left'. I am currently facing a wall/corner. To follow the instruction, I need to turn towards the hallway that is to my left.",
"stuck": false,
"plan": "Turn left to face the hallway and proceed into it.",
"curr_step": "Turn Left.",
"action": "L"
}
```
[StairDetect] normals=0.0032s, cpu=0.0002s, cluster=0.0302s, loop=0.0065s, total=0.0477s
Action: turn
waypoints: 8
skipped waypoints: edge 0,  distance 1,  no_path 4,  occlusion 1



[StairDetect] normals=0.0037s, cpu=0.0002s, cluster=0.0304s, loop=0.0075s, total=0.0494s
Action: stop
waypoints: 8
skipped waypoints: edge 0,  distance 1,  no_path 4,  occlusion 1



[StairDetect] normals=0.0034s, cpu=0.0002s, cluster=0.0304s, loop=0.0065s, total=0.0480s
Action: stop
['walk up stairs. Turn left and walk to the double doors by the living room.']
Initialized data for new floor level: 0
Switching pcds to floor level: 0
Initialized data for new floor level: 0
Switching pcds to floor level: 0
Initialized data for new floor level: 0
Switching pcds to floor level: 0
[StairDetect] normals=0.0033s, cpu=0.0002s, cluster=0.0420s, loop=0.0486s, total=0.0997s
waypoints: 11
skipped waypoints: edge 0,  distance 0,  no_path 1,  occlusion 2



Calculated floor height difference: 2.45m
[StairDetect] normals=0.0034s, cpu=0.0003s, cluster=0.0422s, loop=0.0490s, total=0.1007s
Action: stop
waypoints: 11
skipped waypoints: edge 0,  distance 0,  no_path 1,  occlusion 2
```json
{
"movement": "I am standing at the bottom of the staircase, facing a wall with a door to my left and the stairs rising to my right.",
"observation": {
    "front view": "I see a white door on the left wall and the bottom of the wooden staircase on the right. Waypoints 1, 3, 4 are visible near the base of the stairs.",
    "left view": "A hallway with a bench and a window is visible to the left.",
    "right view": "The staircase goes straight up ahead.",
    "map": "The map shows my current position (START) at the bottom of the stairs, which are located to the right."
},
"thought": "The instruction is to walk up the stairs. I am currently at the base of the stairs. The stairs are to my right. To begin climbing, I need to move onto the first step. Waypoint 1 is located on the first step of the staircase.",
"stuck": false,
"plan": "Move towards the first step (waypoint 1) to start climbing the stairs. After reaching the top, I will turn left and look for double doors by the living room.",
"curr_step": "Move towards waypoint 1 on the first step.",
"action": 1
}
```
[StairDetect] normals=0.0037s, cpu=0.0002s, cluster=0.0446s, loop=0.0502s, total=0.1051s
Action: turn
--- Height change stabilized. Height diff: 0.20, On platform: True, Metrics: {'inlier_count': 1341, 'local_count': 19999, 'support_ratio': 0.06705335266428054, 'vertical_score': 1.0, 'plane_height_mean': -0.9869131445884705, 'agent_z': -1.0009788990020752, 'vertical_diff': 0.014065754413604692, 'area_xy': 0.7919999999999999, 'radius_est': 0.5020970323130403, 'z_std': 0.04175085946917534, 'occupied_cells': 55, 'bottom_height_tolerance': 0.1}
--- No significant floor change. Height diff: 0.20, On platform: True, Metrics: {'inlier_count': 1341, 'local_count': 19999, 'support_ratio': 0.06705335266428054, 'vertical_score': 1.0, 'plane_height_mean': -0.9869131445884705, 'agent_z': -1.0009788990020752, 'vertical_diff': 0.014065754413604692, 'area_xy': 0.7919999999999999, 'radius_est': 0.5020970323130403, 'z_std': 0.04175085946917534, 'occupied_cells': 55, 'bottom_height_tolerance': 0.1}
Updated floor height: -0.80, ceiling height: 1.00
[StairDetect] normals=0.0051s, cpu=0.0004s, cluster=0.0610s, loop=0.0772s, total=0.1533s
Action: move_forward
[StairDetect] normals=0.0049s, cpu=0.0003s, cluster=0.0582s, loop=0.0762s, total=0.1492s
Action: null
[StairDetect] normals=0.0055s, cpu=0.0003s, cluster=0.0593s, loop=0.0809s, total=0.1559s
Action: turn
waypoints: 10
skipped waypoints: edge 0,  distance 0,  no_path 1,  occlusion 1
```json
{
"movement": "I moved forward and turned left slightly, but now I realize I am facing the wall/railing next to the stairs. The stairs are actually to my right.",
"observation": {
    "front view": "I see a wall with a railing going up to the right. There is a white structure (side of stairwell) below the railing. Waypoints 3, 4, 5, 6, 7, 8 are visible further up or on the landing.",
    "left view": "I see the landing below and a door.",
    "right view": "I see the stairs going straight up.",
    "map": "The map shows the stairs to my right. Waypoint 2 is on the first step."
},
"thought": "I am currently facing the wall/railing next to the stairs. The instruction is to walk up the stairs. The stairs are clearly visible in my right view. Therefore, I need to turn right to face the stairs and then move forward to climb them.",
"stuck": false,
"plan": "Turn right to face the stairs, then move forward up the stairs towards the top landing.",
"curr_step": "Turn right to align with the stairs.",
"action": "R"
}
```
[StairDetect] normals=0.0052s, cpu=0.0003s, cluster=0.0593s, loop=0.0818s, total=0.1568s
Action: turn
waypoints: 5
skipped waypoints: edge 1,  distance 0,  no_path 0,  occlusion 0
2026-09-18 22:01:45,750 - INFO - --- Episode 58, Step 8/100 ---
2026-09-18 22:01:46,448 - INFO - --- Episode 58, Step 9/100 ---
2026-09-18 22:01:47,060 - INFO - --- Episode 58, Step 10/100 ---
2026-09-18 22:01:47,435 - INFO - --- Episode 58, Step 11/100 ---
2026-09-18 22:01:47,990 - INFO - --- Episode 58, Step 12/100 ---
2026-09-18 22:01:48,527 - INFO - --- Episode 58, Step 13/100 ---
2026-09-18 22:01:58,640 - INFO - HTTP Request: POST http://127.0.0.1:22447/v1/chat/completions "HTTP/1.1 200 OK"
2026-09-18 22:01:59,198 - INFO - --- Episode 58, Step 14/100 ---
2026-09-18 22:01:59,947 - INFO - --- Episode 58, Step 15/100 ---
2026-09-18 22:02:00,473 - INFO - --- Episode 58, Step 16/100 ---
2026-09-18 22:02:01,096 - INFO - --- Episode 58, Step 17/100 ---
2026-09-18 22:02:02,279 - INFO - --- Episode 58, Step 18/100 ---
2026-09-18 22:02:02,944 - INFO - --- Episode 58, Step 19/100 ---
2026-09-18 22:02:03,962 - INFO - --- Episode 58, Step 20/100 ---
2026-09-18 22:02:47,265 - INFO - HTTP Request: POST http://127.0.0.1:22447/v1/chat/completions "HTTP/1.1 200 OK"
2026-09-18 22:02:59,996 - INFO - HTTP Request: POST http://127.0.0.1:22447/v1/chat/completions "HTTP/1.1 200 OK"
```json
{
"movement": "I turned right to face the stairs and am now positioned at the bottom, looking up.",
"observation": {
    "front view": "I see the wooden stairs going straight up. Waypoint 1 is on the first step ahead, and waypoint 4 is further up.",
    "left view": "I see the railing and the wall to the left of the stairs.",
    "right view": "I see the wall and handrail to the right of the stairs.",
    "map": "The map shows the stairs extending upwards from my current position. Waypoints 1 and 4 are on the path up."
},
"thought": "I am facing the stairs correctly. The instruction is to walk up the stairs. I need to move forward onto the steps. Waypoint 1 is the closest step ahead.",
"stuck": false,
"plan": "Move forward up the stairs towards waypoint 1 and then continue to the top landing.",
"curr_step": "Move forward towards waypoint 1 on the first step.",
"action": 1
}
```
[StairDetect] normals=0.0055s, cpu=0.0003s, cluster=0.0596s, loop=0.0178s, total=0.0929s
Action: turn
--- Height change stabilized. Height diff: 0.50, On platform: True, Metrics: {'inlier_count': 1493, 'local_count': 22790, 'support_ratio': 0.06551118911515967, 'vertical_score': 1.0, 'plane_height_mean': -0.7587800621986389, 'agent_z': -0.7013532638549804, 'vertical_diff': 0.05742679834365849, 'area_xy': 0.7056, 'radius_est': 0.47391925018011527, 'z_std': 0.04420677199959755, 'occupied_cells': 49, 'bottom_height_tolerance': 0.1}
--- No significant floor change. Height diff: 0.50, On platform: True, Metrics: {'inlier_count': 1493, 'local_count': 22790, 'support_ratio': 0.06551118911515967, 'vertical_score': 1.0, 'plane_height_mean': -0.7587800621986389, 'agent_z': -0.7013532638549804, 'vertical_diff': 0.05742679834365849, 'area_xy': 0.7056, 'radius_est': 0.47391925018011527, 'z_std': 0.04420677199959755, 'occupied_cells': 49, 'bottom_height_tolerance': 0.1}
Updated floor height: -0.50, ceiling height: 1.30
[StairDetect] normals=0.0047s, cpu=0.0004s, cluster=0.0559s, loop=0.0079s, total=0.0758s
Action: move_forward
[StairDetect] normals=0.0049s, cpu=0.0003s, cluster=0.0559s, loop=0.0078s, total=0.0760s
Action: turn
--- Height change stabilized. Height diff: 0.92, On platform: True, Metrics: {'inlier_count': 1542, 'local_count': 23126, 'support_ratio': 0.06667819769667568, 'vertical_score': 1.0, 'plane_height_mean': -0.23955710232257843, 'agent_z': -0.28027112483978267, 'vertical_diff': 0.04071402251720424, 'area_xy': 0.8063999999999999, 'radius_est': 0.5066409894773702, 'z_std': 0.039823874831199646, 'occupied_cells': 56, 'bottom_height_tolerance': 0.1}
---!Floor change detected. From level 0 to 1.
Saving data for floor level: 0
Initialized data for new floor level: 1
Switching pcds to floor level: 1
!Switched to floor level: 1
Updated floor height: -0.04, ceiling height: 1.76, height diff: 0.92
[StairDetect] normals=0.0025s, cpu=0.0002s, cluster=0.0272s, loop=0.0052s, total=0.0375s
Action: move_forward
[StairDetect] normals=0.0026s, cpu=0.0002s, cluster=0.0271s, loop=0.0051s, total=0.0374s
Action: null
[StairDetect] normals=0.0030s, cpu=0.0002s, cluster=0.0278s, loop=0.0050s, total=0.0386s
Action: turn
waypoints: 9
skipped waypoints: edge 0,  distance 1,  no_path 4,  occlusion 2
```json
{
"movement": "I have moved up several steps and am now facing the upper part of the staircase. The landing with a white door is visible at the top.",
"observation": {
    "front view": "I see the remaining steps leading up to a landing. There is a white door (labeled B) straight ahead on the landing.",
    "left view": "I see the wall and railing of the stairwell.",
    "right view": "I see the wall and handrail on the right side of the stairs.",
    "map": "The map shows I am on the staircase, moving towards the top landing."
},
"thought": "I am currently on the stairs. The instruction is to walk up the stairs. I need to continue moving forward to reach the top platform. Waypoint 1 is on the next step.",
"stuck": false,
"plan": "Move forward up the stairs towards the landing at the top.",
"curr_step": "Move forward towards waypoint 1.",
"action": 1
}
```
[StairDetect] normals=0.0027s, cpu=0.0002s, cluster=0.0286s, loop=0.0050s, total=0.0390s
Action: turn
--- Height change stabilized. Height diff: 0.10, On platform: True, Metrics: {'inlier_count': 1259, 'local_count': 21347, 'support_ratio': 0.05897784231700108, 'vertical_score': 1.0, 'plane_height_mean': 0.04102274030447006, 'agent_z': 0.06230573654174809, 'vertical_diff': 0.02128299623727803, 'area_xy': 0.8351999999999999, 'radius_est': 0.5156087828389873, 'z_std': 0.0460691936314106, 'occupied_cells': 58, 'bottom_height_tolerance': 0.1}
--- No significant floor change. Height diff: 0.10, On platform: True, Metrics: {'inlier_count': 1259, 'local_count': 21347, 'support_ratio': 0.05897784231700108, 'vertical_score': 1.0, 'plane_height_mean': 0.04102274030447006, 'agent_z': 0.06230573654174809, 'vertical_diff': 0.02128299623727803, 'area_xy': 0.8351999999999999, 'radius_est': 0.5156087828389873, 'z_std': 0.0460691936314106, 'occupied_cells': 58, 'bottom_height_tolerance': 0.1}
Updated floor height: 0.26, ceiling height: 2.06
[StairDetect] normals=0.0027s, cpu=0.0002s, cluster=0.0291s, loop=0.0038s, total=0.0382s
Action: move_forward
[StairDetect] normals=0.0030s, cpu=0.0002s, cluster=0.0292s, loop=0.0037s, total=0.0388s
Action: turn
--- Height change stabilized. Height diff: 0.35, On platform: True, Metrics: {'inlier_count': 1809, 'local_count': 23541, 'support_ratio': 0.07684465400463682, 'vertical_score': 1.0, 'plane_height_mean': 0.30008071660995483, 'agent_z': 0.3080914497375489, 'vertical_diff': 0.008010733127594039, 'area_xy': 0.8927999999999999, 'radius_est': 0.5330919867948573, 'z_std': 0.039631977677345276, 'occupied_cells': 62, 'bottom_height_tolerance': 0.1}
--- No significant floor change. Height diff: 0.35, On platform: True, Metrics: {'inlier_count': 1809, 'local_count': 23541, 'support_ratio': 0.07684465400463682, 'vertical_score': 1.0, 'plane_height_mean': 0.30008071660995483, 'agent_z': 0.3080914497375489, 'vertical_diff': 0.008010733127594039, 'area_xy': 0.8927999999999999, 'radius_est': 0.5330919867948573, 'z_std': 0.039631977677345276, 'occupied_cells': 62, 'bottom_height_tolerance': 0.1}
Updated floor height: 0.51, ceiling height: 2.31
[StairDetect] normals=0.0035s, cpu=0.0002s, cluster=0.0314s, loop=0.0078s, total=0.0491s
Action: move_forward
[StairDetect] normals=0.0038s, cpu=0.0002s, cluster=0.0313s, loop=0.0080s, total=0.0502s
Action: turn
--- Height change stabilized. Height diff: 0.59, On platform: True, Metrics: {'inlier_count': 1941, 'local_count': 27502, 'support_ratio': 0.07057668532940961, 'vertical_score': 1.0, 'plane_height_mean': 0.5114743113517761, 'agent_z': 0.5544831037521363, 'vertical_diff': 0.04300879240036015, 'area_xy': 0.8351999999999999, 'radius_est': 0.5156087828389873, 'z_std': 0.039817098528146744, 'occupied_cells': 58, 'bottom_height_tolerance': 0.1}
---!Floor change detected. From level 1 to 2.
Saving data for floor level: 1
Initialized data for new floor level: 2
Switching pcds to floor level: 2
!Switched to floor level: 2
Updated floor height: 0.71, ceiling height: 2.51, height diff: 0.59
[StairDetect] normals=0.0034s, cpu=0.0002s, cluster=0.0301s, loop=0.0186s, total=0.0602s
Action: move_forward
[StairDetect] normals=0.0033s, cpu=0.0002s, cluster=0.0300s, loop=0.0187s, total=0.0599s
Action: null
waypoints: 4
skipped waypoints: edge 0,  distance 1,  no_path 0,  occlusion 0

2026-09-18 22:03:00,746 - INFO - --- Episode 58, Step 21/100 ---
2026-09-18 22:03:01,679 - INFO - --- Episode 58, Step 22/100 ---
2026-09-18 22:03:02,438 - INFO - --- Episode 58, Step 23/100 ---
2026-09-18 22:03:16,809 - INFO - HTTP Request: POST http://127.0.0.1:22447/v1/chat/completions "HTTP/1.1 200 OK"
2026-09-18 22:03:17,894 - INFO - --- Episode 58, Step 24/100 ---
2026-09-18 22:03:18,764 - INFO - --- Episode 58, Step 25/100 ---
2026-09-18 22:03:19,650 - INFO - --- Episode 58, Step 26/100 ---
2026-09-18 22:03:20,537 - INFO - --- Episode 58, Step 27/100 ---
2026-09-18 22:03:21,517 - INFO - --- Episode 58, Step 28/100 ---
2026-09-18 22:03:22,520 - INFO - --- Episode 58, Step 29/100 ---
2026-09-18 22:03:23,736 - INFO - --- Episode 58, Step 30/100 ---
2026-09-18 22:03:45,932 - INFO - HTTP Request: POST http://127.0.0.1:22447/v1/chat/completions "HTTP/1.1 200 OK"
2026-09-18 22:03:59,601 - INFO - HTTP Request: POST http://127.0.0.1:22447/v1/chat/completions "HTTP/1.1 200 OK"
2026-09-18 22:04:01,254 - INFO - HTTP Request: POST http://127.0.0.1:22447/v1/chat/completions "HTTP/1.1 400 Bad Request"
 18%|█▊        | 9/50 [1:52:36<8:02:44, 706.44s/it]Renderer: NVIDIA GeForce RTX 4090/PCIe/SSE2 by NVIDIA Corporation
OpenGL version: 4.6.0 NVIDIA 590.48.01
Using optional features:
    GL_ARB_vertex_array_object
    GL_ARB_separate_shader_objects
    GL_ARB_robustness
    GL_ARB_texture_storage
    GL_ARB_texture_view
    GL_ARB_framebuffer_no_attachments
    GL_ARB_invalidate_subdata
    GL_ARB_texture_storage_multisample
    GL_ARB_multi_bind
    GL_ARB_direct_state_access
    GL_ARB_get_texture_sub_image
    GL_ARB_texture_filter_anisotropic
    GL_KHR_debug
    GL_KHR_parallel_shader_compile
    GL_NV_depth_buffer_float
Using driver workarounds:
    no-forward-compatible-core-context
    nv-egl-incorrect-gl11-function-pointers
    no-layout-qualifiers-on-old-glsl
    nv-zero-context-profile-mask
    nv-implementation-color-read-format-dsa-broken
    nv-cubemap-inconsistent-compressed-image-size
    nv-cubemap-broken-full-compressed-image-query
    nv-compressed-block-size-in-bits
[22:04:04:412884]:[Warning]:[Metadata] SceneDatasetAttributes.cpp(107)::addNewSceneInstanceToDataset : Dataset : 'default' : Lighting Layout Attributes 'no_lights' specified in Scene Attributes but does not exist in dataset, so creating default.
2026-09-18 22:04:13,989 - INFO - Simulator initialized!
2026-09-18 22:04:36,569 - INFO - HTTP Request: POST http://127.0.0.1:22447/v1/chat/completions "HTTP/1.1 200 OK"
2026-09-18 22:04:37,305 - INFO - --- Episode 59, Step 1/100 ---
2026-09-18 22:05:18,483 - INFO - HTTP Request: POST http://127.0.0.1:22447/v1/chat/completions "HTTP/1.1 200 OK"
2026-09-18 22:05:19,236 - INFO - --- Episode 59, Step 2/100 ---
```json
{
"movement": "I have reached the top of the stairs and am standing on the landing.",
"observation": {
    "front view": "I see the top of the stairs leading onto a wooden floor landing. To the left is an opening into a room with furniture (living room). Straight ahead is a white door labeled B.",
    "left view": "I see the opening to the living room area.",
    "right view": "I see the wall and the top of the stair railing.",
    "map": "The map shows I am at the top of the stairs (START position relative to the landing). Waypoints 1, 2, 3 are on the landing/stairs."
},
"thought": "I have completed the 'walk up stairs' part of the instruction. Now I need to 'Turn left and walk to the double doors by the living room.' I am currently facing the white door B. The living room is to my left. I need to move forward onto the landing and then turn left towards the living room area.",
"stuck": false,
"plan": "Move forward onto the landing, then turn left towards the living room opening to find the double doors.",
"curr_step": "Move forward onto the landing (waypoint 1 or 2).",
"action": 1
}
```
[StairDetect] normals=0.0033s, cpu=0.0003s, cluster=0.0309s, loop=0.0066s, total=0.0491s
Action: turn
--- Height change stabilized. Height diff: 0.34, On platform: True, Metrics: {'inlier_count': 1821, 'local_count': 21248, 'support_ratio': 0.08570218373090634, 'vertical_score': 1.0, 'plane_height_mean': 1.0436241626739502, 'agent_z': 1.0520241737365723, 'vertical_diff': 0.008400011062622115, 'area_xy': 0.8208, 'radius_est': 0.5111445535067897, 'z_std': 0.036570265889167786, 'occupied_cells': 57, 'bottom_height_tolerance': 0.1}
--- No significant floor change. Height diff: 0.34, On platform: True, Metrics: {'inlier_count': 1821, 'local_count': 21248, 'support_ratio': 0.08570218373090634, 'vertical_score': 1.0, 'plane_height_mean': 1.0436241626739502, 'agent_z': 1.0520241737365723, 'vertical_diff': 0.008400011062622115, 'area_xy': 0.8208, 'radius_est': 0.5111445535067897, 'z_std': 0.036570265889167786, 'occupied_cells': 57, 'bottom_height_tolerance': 0.1}
Updated floor height: 1.25, ceiling height: 3.05
[StairDetect] normals=0.0041s, cpu=0.0003s, cluster=0.0375s, loop=0.0224s, total=0.0744s
Action: move_forward
[StairDetect] normals=0.0044s, cpu=0.0003s, cluster=0.0374s, loop=0.0230s, total=0.0750s
Action: null
waypoints: 56
skipped waypoints: edge 1,  distance 10,  no_path 1,  occlusion 36
```json
{
"movement": "I have reached the top of the stairs and moved slightly onto the landing.",
"observation": {
    "front view": "I see a white door (B) straight ahead, a kitchen area to the right, and an opening to a living room on the left. There are double doors visible in the distance through the living room opening.",
    "left view": "I see the railing of the stairwell and the opening to the living room.",
    "right view": "I see the wall and the top of the stairs going down.",
    "map": "The map shows I am on the landing. Waypoint 3 is towards the left side, near the opening to the living room."
},
"thought": "I have completed 'walk up stairs'. Now I need to 'Turn left and walk to the double doors by the living room.' The living room is to my left. I need to move forward and slightly left to approach that area. Waypoint 3 is a good target to get closer to the living room entrance.",
"stuck": false,
"plan": "Move towards waypoint 3 to get closer to the living room opening, then turn left to find the double doors.",
"curr_step": "Move forward towards waypoint 3.",
"action": 3
}
```
--- Height change stabilized. Height diff: 0.54, On platform: True, Metrics: {'inlier_count': 10769, 'local_count': 21818, 'support_ratio': 0.49358327983804273, 'vertical_score': 1.0, 'plane_height_mean': 1.219449520111084, 'agent_z': 1.252023983001709, 'vertical_diff': 0.032574462890625044, 'area_xy': 6.4368, 'radius_est': 1.4313968965272432, 'z_std': 0.011508622206747532, 'occupied_cells': 447, 'bottom_height_tolerance': 0.1}
---!Floor change detected. From level 2 to 3.
Saving data for floor level: 2
Initialized data for new floor level: 3
Switching pcds to floor level: 3
!Switched to floor level: 3
Updated floor height: 1.42, ceiling height: 3.22, height diff: 0.54
[StairDetect] normals=0.0038s, cpu=0.0003s, cluster=0.0395s, loop=0.0101s, total=0.0632s
Action: move_forward
[StairDetect] normals=0.0043s, cpu=0.0002s, cluster=0.0418s, loop=0.0141s, total=0.0705s
Action: turn
[StairDetect] normals=0.0053s, cpu=0.0004s, cluster=0.0540s, loop=0.0512s, total=0.1231s
Action: move_forward
[StairDetect] normals=0.0059s, cpu=0.0004s, cluster=0.0620s, loop=0.0821s, total=0.1641s
Action: move_forward
[StairDetect] normals=0.0061s, cpu=0.0004s, cluster=0.0628s, loop=0.0823s, total=0.1654s
Action: turn
[StairDetect] normals=0.0064s, cpu=0.0004s, cluster=0.0707s, loop=0.0964s, total=0.1890s
Action: move_forward
[StairDetect] normals=0.0065s, cpu=0.0004s, cluster=0.0699s, loop=0.0958s, total=0.1874s
Action: null
waypoints: 22
skipped waypoints: edge 2,  distance 8,  no_path 6,  occlusion 1
```json
{
"movement": "I have reached the top of the stairs and turned left. I am now facing the living room area with white double doors visible to the left.",
"observation": {
    "front view": "I see a living room with a sofa and fireplace ahead. To the left of the living room

[StairDetect] normals=0.0065s, cpu=0.0003s, cluster=0.0713s, loop=0.0908s, total=0.1837s
Action: stop
['Walk up the stairs, then make a slight left, walking toward another set of stairs.', 'Stop by the base of the stairs.']
Initialized data for new floor level: 0
Switching pcds to floor level: 0
Initialized data for new floor level: 0
Switching pcds to floor level: 0
Initialized data for new floor level: 0
Switching pcds to floor level: 0
[StairDetect] normals=0.0033s, cpu=0.0003s, cluster=0.0418s, loop=0.0488s, total=0.0998s
waypoints: 11
skipped waypoints: edge 0,  distance 0,  no_path 1,  occlusion 2
```json
{
"movement": "I am currently at the bottom of the stairs (START). I need to move onto the first step to begin climbing.",
"observation": {
    "front view": "I see a door on the left and the side of the staircase structure on the right. Waypoint 5 is visible near the bottom of the stairs, likely on the first step.",
    "left view": "A hallway with a bench and a window is visible to the left.",
    "right view": "The stairs are directly ahead, going up. This confirms the stairs are to my right/front-right.",
    "map": "The map shows START near the bottom of the stairs. Waypoint 5 is located at the base of the stairs on the right side."
},
"thought": "I am at the start position at the bottom of the stairs. The instruction is to walk up the stairs. The Right View confirms the stairs are directly in front of me if I were facing them, but my current Front View shows them to the right. Waypoint 5 is located at the base of the stairs/first step. Moving to waypoint 5 will place me on the first step, allowing me to continue up.",
"stuck": false,
"plan": "Move onto the stairs via waypoint 5. Continue up the stairs towards the top landing (likely near waypoint 8 or further). Once at the top, make a slight left as instructed.",
"curr_step": "I am at the bottom of the stairs. Waypoint 5 is the closest waypoint on the first step. I should move to it to start climbing.",
"action": 5
}
```
Calculated floor height difference: 2.45m
[StairDetect] normals=0.0037s, cpu=0.0003s, cluster=0.0448s, loop=0.0499s, total=0.1048s
Action: turn
--- Height change stabilized. Height diff: 0.20, On platform: True, Metrics: {'inlier_count': 1340, 'local_count': 19998, 'support_ratio': 0.06700670066671634, 'vertical_score': 1.0, 'plane_height_mean': -0.9868929386138916, 'agent_z': -1.0009788990020752, 'vertical_diff': 0.01408596038818355, 'area_xy': 0.7919999999999999, 'radius_est': 0.5020970323130403, 'z_std': 0.04172279313206673, 'occupied_cells': 55, 'bottom_height_tolerance': 0.1}
2026-09-18 22:05:19,853 - INFO - --- Episode 59, Step 3/100 ---
2026-09-18 22:05:20,516 - INFO - --- Episode 59, Step 4/100 ---
2026-09-18 22:05:21,467 - INFO - --- Episode 59, Step 5/100 ---
2026-09-18 22:08:14,007 - INFO - HTTP Request: POST http://127.0.0.1:22447/v1/chat/completions "HTTP/1.1 200 OK"
2026-09-18 22:10:45,693 - INFO - HTTP Request: POST http://127.0.0.1:22447/v1/chat/completions "HTTP/1.1 200 OK"
2026-09-18 22:12:59,012 - INFO - HTTP Request: POST http://127.0.0.1:22447/v1/chat/completions "HTTP/1.1 200 OK"
2026-09-18 22:12:59,766 - INFO - --- Episode 59, Step 6/100 ---
2026-09-18 22:13:10,400 - INFO - HTTP Request: POST http://127.0.0.1:22447/v1/chat/completions "HTTP/1.1 200 OK"
2026-09-18 22:13:11,196 - INFO - --- Episode 59, Step 7/100 ---
2026-09-18 22:13:11,767 - INFO - --- Episode 59, Step 8/100 ---
2026-09-18 22:13:12,465 - INFO - --- Episode 59, Step 9/100 ---
2026-09-18 22:13:13,209 - INFO - --- Episode 59, Step 10/100 ---
2026-09-18 22:13:13,717 - INFO - --- Episode 59, Step 11/100 ---
2026-09-18 22:13:14,189 - INFO - --- Episode 59, Step 12/100 ---
2026-09-18 22:13:25,078 - INFO - HTTP Request: POST http://127.0.0.1:22447/v1/chat/completions "HTTP/1.1 200 OK"
2026-09-18 22:13:25,650 - INFO - --- Episode 59, Step 13/100 ---
2026-09-18 22:13:26,137 - INFO - --- Episode 59, Step 14/100 ---
2026-09-18 22:13:26,978 - INFO - --- Episode 59, Step 15/100 ---
--- No significant floor change. Height diff: 0.20, On platform: True, Metrics: {'inlier_count': 1340, 'local_count': 19998, 'support_ratio': 0.06700670066671634, 'vertical_score': 1.0, 'plane_height_mean': -0.9868929386138916, 'agent_z': -1.0009788990020752, 'vertical_diff': 0.01408596038818355, 'area_xy': 0.7919999999999999, 'radius_est': 0.5020970323130403, 'z_std': 0.04172279313206673, 'occupied_cells': 55, 'bottom_height_tolerance': 0.1}
Updated floor height: -0.80, ceiling height: 1.00
[StairDetect] normals=0.0050s, cpu=0.0003s, cluster=0.0585s, loop=0.0768s, total=0.1499s
Action: move_forward
[StairDetect] normals=0.0049s, cpu=0.0003s, cluster=0.0583s, loop=0.0767s, total=0.1495s
Action: null
[StairDetect] normals=0.0055s, cpu=0.0003s, cluster=0.0597s, loop=0.0813s, total=0.1569s
Action: turn
waypoints: 10
skipped waypoints: edge 0,  distance 0,  no_path 1,  occlusion 1



[StairDetect] normals=0.0052s, cpu=0.0003s, cluster=0.0598s, loop=0.0820s, total=0.1572s
Action: stop
waypoints: 10
skipped waypoints: edge 0,  distance 0,  no_path 1,  occlusion 1
```json
{
"movement": "I am currently at the bottom of the stairs. I need to move onto the first step to begin climbing.",
"observation": {
    "front view": "I see the staircase going up to the right. Waypoint 6 is located on the first step/base of the stairs.",
    "left view": "A hallway with a bench and a window is visible to the left.",
    "right view": "The stairs are directly ahead, going up. This confirms the stairs are to my right/front-right.",
    "map": "The map shows START near the bottom of the stairs. Waypoint 6 is located at the base of the stairs on the right side."
},
"thought": "I am at the start position at the bottom of the stairs. The instruction is to walk up the stairs. The Right View confirms the stairs are directly in front of me if I were facing them, but my current Front View shows them to the right. Waypoint 6 is located at the base of the stairs/first step. Moving to waypoint 6 will place me on the first step, allowing me to continue up.",
"stuck": false,
"plan": "Move onto the stairs via waypoint 6. Continue up the stairs towards the top landing (likely near waypoint 8 or further). Once at the top, make a slight left as instructed.",
"curr_step": "I am at the bottom of the stairs. Waypoint 6 is the closest waypoint on the first step. I should move to it to start climbing.",
"action": 6
}
```
[StairDetect] normals=0.0052s, cpu=0.0003s, cluster=0.0595s, loop=0.0178s, total=0.0924s
Action: turn
--- Height change stabilized. Height diff: 0.50, On platform: True, Metrics: {'inlier_count': 1495, 'local_count': 22796, 'support_ratio': 0.0655816809937892, 'vertical_score': 1.0, 'plane_height_mean': -0.758618950843811, 'agent_z': -0.7017344951629638, 'vertical_diff': 0.05688445568084721, 'area_xy': 0.6911999999999999, 'radius_est': 0.4690584114268031, 'z_std': 0.04426220804452896, 'occupied_cells': 48, 'bottom_height_tolerance': 0.1}
--- No significant floor change. Height diff: 0.50, On platform: True, Metrics: {'inlier_count': 1495, 'local_count': 22796, 'support_ratio': 0.0655816809937892, 'vertical_score': 1.0, 'plane_height_mean': -0.758618950843811, 'agent_z': -0.7017344951629638, 'vertical_diff': 0.05688445568084721, 'area_xy': 0.6911999999999999, 'radius_est': 0.4690584114268031, 'z_std': 0.04426220804452896, 'occupied_cells': 48, 'bottom_height_tolerance': 0.1}
Updated floor height: -0.50, ceiling height: 1.30
[StairDetect] normals=0.0048s, cpu=0.0004s, cluster=0.0547s, loop=0.0075s, total=0.0745s
Action: move_forward
[StairDetect] normals=0.0051s, cpu=0.0003s, cluster=0.0553s, loop=0.0076s, total=0.0753s
Action: turn
--- Height change stabilized. Height diff: 0.92, On platform: True, Metrics: {'inlier_count': 1562, 'local_count': 23132, 'support_ratio': 0.06752550578992195, 'vertical_score': 1.0, 'plane_height_mean': -0.2374262511730194, 'agent_z': -0.28027529716491695, 'vertical_diff': 0.04284904599189754, 'area_xy': 0.8063999999999999, 'radius_est': 0.5066409894773702, 'z_std': 0.03955980762839317, 'occupied_cells': 56, 'bottom_height_tolerance': 0.1}
---!Floor change detected. From level 0 to 1.
Saving data for floor level: 0
Initialized data for new floor level: 1
Switching pcds to floor level: 1
!Switched to floor level: 1
Updated floor height: -0.04, ceiling height: 1.76, height diff: 0.92
[StairDetect] normals=0.0025s, cpu=0.0001s, cluster=0.0274s, loop=0.0051s, total=0.0376s
Action: move_forward
[StairDetect] normals=0.0025s, cpu=0.0002s, cluster=0.0274s, loop=0.0052s, total=0.0377s
Action: null
[StairDetect] normals=0.0026s, cpu=0.0002s, cluster=0.0278s, loop=0.0051s, total=0.0384s
Action: turn
waypoints: 9
skipped waypoints: edge 1,  distance 0,  no_path 3,  occlusion 1
```json
{
"movement": "I have moved forward along the stairs and am now positioned on a step, facing upwards towards the landing.",
"observation": {
    "front view": "I see the continuation of the wooden stairs leading up to a white door at the top landing. Waypoint 1 is on the next step ahead.",
    "left view": "I see a wall and the open space of the stairwell below with a bench visible.",
    "right view": "I see the staircase railing and the wall alongside the stairs.",
    "map": "The map shows my current position on the stairs, with waypoints 1, 2, 3, and 4 located further up the stairs towards the landing."
},
"thought": "I am currently climbing the first set of stairs as instructed. To complete the first part of the instruction ('Walk up the stairs'), I need to continue moving forward up the steps. Waypoint 1 is directly ahead on the next step, which is the logical path to reach the top landing.",
"stuck": false,
"plan": "Continue walking up the stairs towards the top landing. Once at the top, I will make a slight left to find the next set of stairs.",
"curr_step": "I am on the stairs, not yet at the top. Waypoint 1 is the closest waypoint ahead on the path up the stairs.",
"action": 1
}
```
[StairDetect] normals=0.0028s, cpu=0.0002s, cluster=0.0285s, loop=0.0051s, total=0.0392s
Action: turn
--- Height change stabilized. Height diff: 0.10, On platform: True, Metrics: {'inlier_count': 1244, 'local_count': 21417, 'support_ratio': 0.0580846990681195, 'vertical_score': 1.0, 'plane_height_mean': 0.03828573226928711, 'agent_z': 0.059581089019775435, 'vertical_diff': 0.021295356750488326, 'area_xy': 0.8351999999999999, 'radius_est': 0.5156087828389873, 'z_std': 0.04569091275334358, 'occupied_cells': 58, 'bottom_height_tolerance': 0.1}
--- No significant floor change. Height diff: 0.10, On platform: True, Metrics: {'inlier_count': 1244, 'local_count': 21417, 'support_ratio': 0.0580846990681195, 'vertical_score': 1.0, 'plane_height_mean': 0.03828573226928711, 'agent_z': 0.059581089019775435, 'vertical_diff': 0.021295356750488326, 'area_xy': 0.8351999999999999, 'radius_est': 0.5156087828389873, 'z_std': 0.04569091275334358, 'occupied_cells': 58, 'bottom_height_tolerance': 0.1}
Updated floor height: 0.26, ceiling height: 2.06
[StairDetect] normals=0.0028s, cpu=0.0002s, cluster=0.0292s, loop=0.0035s, total=0.0381s
Action: move_forward
[StairDetect] normals=0.0028s, cpu=0.0002s, cluster=0.0296s, loop=0.0035s, total=0.0387s
Action: turn
--- Height change stabilized. Height diff: 0.35, On platform: True, Metrics: {'inlier_count': 1802, 'local_count': 23580, 'support_ratio': 0.07642069550142405, 'vertical_score': 1.0, 'plane_height_mean': 0.29795223474502563, 'agent_z': 0.3100139379501343, 'vertical_diff': 0.012061703205108687, 'area_xy': 0.8927999999999999, 'radius_est': 0.5330919867948573, 'z_std': 0.039661820977926254, 'occupied_cells': 62, 'bottom_height_tolerance': 0.1}
--- No significant floor change. Height diff: 0.35, On platform: True, Metrics: {'inlier_count': 1802, 'local_count': 23580, 'support_ratio': 0.07642069550142405, 'vertical_score': 1.0, 'plane_height_mean': 0.29795223474502563, 'agent_z': 0.3100139379501343, 'vertical_diff': 0.012061703205108687, 'area_xy': 0.8927999999999999, 'radius_est': 0.5330919867948573, 'z_std': 0.039661820977926254, 'occupied_cells': 62, 'bottom_height_tolerance': 0.1}
Updated floor height: 0.51, ceiling height: 2.31
2026-09-18 22:13:27,631 - INFO - --- Episode 59, Step 16/100 ---
2026-09-18 22:13:28,352 - INFO - --- Episode 59, Step 17/100 ---
2026-09-18 22:13:28,911 - INFO - --- Episode 59, Step 18/100 ---
2026-09-18 22:13:30,196 - INFO - --- Episode 59, Step 19/100 ---
2026-09-18 22:13:51,825 - INFO - HTTP Request: POST http://127.0.0.1:22447/v1/chat/completions "HTTP/1.1 200 OK"
2026-09-18 22:13:52,942 - INFO - --- Episode 59, Step 20/100 ---
2026-09-18 22:13:54,204 - INFO - --- Episode 59, Step 21/100 ---
2026-09-18 22:13:55,219 - INFO - --- Episode 59, Step 22/100 ---
2026-09-18 22:14:12,666 - INFO - HTTP Request: POST http://127.0.0.1:22447/v1/chat/completions "HTTP/1.1 200 OK"
2026-09-18 22:14:13,750 - INFO - --- Episode 59, Step 23/100 ---
2026-09-18 22:14:14,827 - INFO - --- Episode 59, Step 24/100 ---
2026-09-18 22:14:15,863 - INFO - --- Episode 59, Step 25/100 ---
2026-09-18 22:14:16,732 - INFO - --- Episode 59, Step 26/100 ---
2026-09-18 22:14:17,764 - INFO - --- Episode 59, Step 27/100 ---
2026-09-18 22:14:19,020 - INFO - --- Episode 59, Step 28/100 ---
2026-09-18 22:14:20,274 - INFO - --- Episode 59, Step 29/100 ---
2026-09-18 22:14:41,239 - INFO - HTTP Request: POST http://127.0.0.1:22447/v1/chat/completions "HTTP/1.1 200 OK"
2026-09-18 22:14:42,544 - INFO - --- Episode 59, Step 30/100 ---
2026-09-18 22:14:43,566 - INFO - --- Episode 59, Step 31/100 ---
2026-09-18 22:14:44,659 - INFO - --- Episode 59, Step 32/100 ---
2026-09-18 22:14:45,897 - INFO - --- Episode 59, Step 33/100 ---
[StairDetect] normals=0.0035s, cpu=0.0003s, cluster=0.0318s, loop=0.0077s, total=0.0493s
Action: move_forward
[StairDetect] normals=0.0038s, cpu=0.0003s, cluster=0.0316s, loop=0.0069s, total=0.0494s
Action: turn
--- Height change stabilized. Height diff: 0.59, On platform: True, Metrics: {'inlier_count': 1946, 'local_count': 27648, 'support_ratio': 0.07038483796041721, 'vertical_score': 1.0, 'plane_height_mean': 0.5118840932846069, 'agent_z': 0.5573560476303101, 'vertical_diff': 0.04547195434570317, 'area_xy': 0.8351999999999999, 'radius_est': 0.5156087828389873, 'z_std': 0.04025128856301308, 'occupied_cells': 58, 'bottom_height_tolerance': 0.1}
---!Floor change detected. From level 1 to 2.
Saving data for floor level: 1
Initialized data for new floor level: 2
Switching pcds to floor level: 2
!Switched to floor level: 2
Updated floor height: 0.71, ceiling height: 2.51, height diff: 0.59
[StairDetect] normals=0.0034s, cpu=0.0002s, cluster=0.0297s, loop=0.0186s, total=0.0598s
Action: move_forward
[StairDetect] normals=0.0033s, cpu=0.0002s, cluster=0.0298s, loop=0.0186s, total=0.0596s
Action: null
waypoints: 5
skipped waypoints: edge 0,  distance 1,  no_path 0,  occlusion 0
```json
{
"movement": "I have reached the top landing of the first set of stairs. I am now facing a wall/door with an opening to the left where another staircase is visible.",
"observation": {
    "front view": "I see the top of the stairwell (hole in the floor) directly in front/below me. To the left, there is a hallway leading to another room with a staircase. Straight ahead is a white door.",
    "left view": "A long landing/hallway extends to the left. Through a doorway at the end, another staircase is visible.",
    "right view": "The wall and railing of the stairwell I just climbed.",
    "map": "I am at the junction where the stairs meet the upper floor. The path to the 'other set of stairs' is to the left."
},
"thought": "I have completed 'Walk up the stairs'. Now I need to 'make a slight left, walking toward another set of stairs'. The other stairs are visible through the opening to the left. Moving onto the landing towards waypoint 3 will position me to head in that direction.",
"stuck": false,
"plan": "Move onto the landing towards waypoint 3, then continue left towards the opening where the second staircase is located.",
"curr_step": "I am at the top of the stairs. Waypoint 3 is on the landing to the left, which aligns with the direction of the next set of stairs.",
"action": 3
}
```
[StairDetect] normals=0.0035s, cpu=0.0002s, cluster=0.0316s, loop=0.0066s, total=0.0502s
Action: turn
--- Height change stabilized. Height diff: 0.34, On platform: True, Metrics: {'inlier_count': 1827, 'local_count': 21344, 'support_ratio': 0.08559782608294612, 'vertical_score': 1.0, 'plane_height_mean': 1.0435349941253662, 'agent_z': 1.0520241737365723, 'vertical_diff': 0.008489179611206099, 'area_xy': 0.7919999999999999, 'radius_est': 0.5020970323130403, 'z_std': 0.0363602377474308, 'occupied_cells': 55, 'bottom_height_tolerance': 0.1}
--- No significant floor change. Height diff: 0.34, On platform: True, Metrics: {'inlier_count': 1827, 'local_count': 21344, 'support_ratio': 0.08559782608294612, 'vertical_score': 1.0, 'plane_height_mean': 1.0435349941253662, 'agent_z': 1.0520241737365723, 'vertical_diff': 0.008489179611206099, 'area_xy': 0.7919999999999999, 'radius_est': 0.5020970323130403, 'z_std': 0.0363602377474308, 'occupied_cells': 55, 'bottom_height_tolerance': 0.1}
Updated floor height: 1.25, ceiling height: 3.05
[StairDetect] normals=0.0045s, cpu=0.0003s, cluster=0.0381s, loop=0.0179s, total=0.0705s
Action: move_forward
[StairDetect] normals=0.0045s, cpu=0.0003s, cluster=0.0378s, loop=0.0224s, total=0.0749s
Action: null
waypoints: 55
skipped waypoints: edge 1,  distance 10,  no_path 1,  occlusion 33
```json
{
"movement": "I have reached the top landing of the first set of stairs. I am now facing a hallway/opening to the left that leads towards another staircase visible in the distance.",
"observation": {
    "front view": "I see a white door straight ahead and an opening to the left leading into a living area where another staircase is visible. To the right is a kitchen.",
    "left view": "The hallway continues to the left, showing bookshelves and the other staircase further back.",
    "right view": "A wall with a painting and the entrance to the kitchen.",
    "map": "I am at the junction of the upper floor. The path to the 'other set of stairs' is down the hallway to the left."
},
"thought": "I have completed the first part of the instruction ('Walk up the stairs'). Now I need to 'make a slight left, walking toward another set of stairs'. The other stairs are visible through the opening on the left. Moving towards waypoint 7 will take me down that hallway towards the second staircase.",
"stuck": false,
"plan": "Move forward and slightly left into the hallway towards waypoint 7 to approach the second set of stairs.",
"curr_step": "I am at the top landing. Waypoint 7 is in the direction of the other stairs.",
"action": 7
}
```
--- Height change stabilized. Height diff: 0.54, On platform: True, Metrics: {'inlier_count': 10745, 'local_count': 21836, 'support_ratio': 0.4920773035129109, 'vertical_score': 1.0, 'plane_height_mean': 1.2194650173187256, 'agent_z': 1.252023983001709, 'vertical_diff': 0.03255896568298344, 'area_xy': 6.4079999999999995, 'radius_est': 1.428191076384995, 'z_std': 0.011661199852824211, 'occupied_cells': 445, 'bottom_height_tolerance': 0.1}
---!Floor change detected. From level 2 to 3.
Saving data for floor level: 2
Initialized data for new floor level: 3
Switching pcds to floor level: 3
!Switched to floor level: 3
Updated floor height: 1.42, ceiling height: 3.22, height diff: 0.54
[StairDetect] normals=0.0039s, cpu=0.0003s, cluster=0.0395s, loop=0.0104s, total=0.0637s
Action: move_forward
[StairDetect] normals=0.0045s, cpu=0.0003s, cluster=0.0418s, loop=0.0140s, total=0.0707s
Action: turn
[StairDetect] normals=0.0052s, cpu=0.0003s, cluster=0.0549s, loop=0.0415s, total=0.1139s
Action: move_forward
[StairDetect] normals=0.0061s, cpu=0.0004s, cluster=0.0619s, loop=0.0695s, total=0.1513s
Action: move_forward
[StairDetect] normals=0.0063s, cpu=0.0005s, cluster=0.0626s, loop=0.0708s, total=0.1543s
Action: turn
[StairDetect] normals=0.0064s, cpu=0.0004s, cluster=0.0688s, loop=0.0896s, total=0.1795s
Action: move_forward
[StairDetect] normals=0.0066s, cpu=0.0004s, cluster=0.0689s, loop=0.0892s, total=0.1796s
Action: null
waypoints: 22
skipped waypoints: edge 2,  distance 8,  no_path 7,  occlusion 1
```json
{
"movement": "I have moved from the top landing into the living area, approaching the second set of stairs which are located on a raised platform.",
"observation": {
    "front view": "I see a raised platform with steps leading up to it (the second set of stairs). Waypoint 1 is at the base of these stairs. To the left are white double doors.",
    "left view": "A dining area and white double doors are visible.",
    "right view": "Large wicker vases and a wall are to my right.",
    "map": "I am in the central living area. Waypoint 1 is located at the foot of the stairs on the raised platform ahead."
},
"thought": "I have completed the first part of the instruction (walking up the first stairs and turning left). I am now walking toward the second set of stairs. Waypoint 1 is located exactly at the base of these stairs, which is my target destination for this phase.",
"stuck": false,
"plan": "Move forward to waypoint 1 to reach the base of the second set of stairs.",
"curr_step": "I am approaching the second set of stairs. Waypoint 1 is the closest point to the base of these stairs.",
"action": 1
}
```
[StairDetect] normals=0.0061s, cpu=0.0003s, cluster=0.0692s, loop=0.0903s, total=0.1808s
Action: turn
[StairDetect] normals=0.0066s, cpu=0.0003s, cluster=0.0731s, loop=0.0921s, total=0.1873s
Action: move_forward
[StairDetect] normals=0.0068s, cpu=0.0005s, cluster=0.0736s, loop=0.0938s, total=0.1899s
Action: turn
[StairDetect] normals=0.0079s, cpu=0.0004s, cluster=0.0857s, loop=0.0276s, total=0.1371s
Action: move_forward
2026-09-18 22:14:46,957 - INFO - --- Episode 59, Step 34/100 ---
2026-09-18 22:14:48,139 - INFO - --- Episode 59, Step 35/100 ---
2026-09-18 22:14:49,222 - INFO - --- Episode 59, Step 36/100 ---
2026-09-18 22:15:07,087 - INFO - HTTP Request: POST http://127.0.0.1:22447/v1/chat/completions "HTTP/1.1 200 OK"
2026-09-18 22:15:08,721 - INFO - --- Episode 59, Step 37/100 ---
2026-09-18 22:15:09,799 - INFO - --- Episode 59, Step 38/100 ---
2026-09-18 22:15:10,918 - INFO - --- Episode 59, Step 39/100 ---
2026-09-18 22:15:12,382 - INFO - --- Episode 59, Step 40/100 ---
2026-09-18 22:15:13,656 - INFO - --- Episode 59, Step 41/100 ---
2026-09-18 22:15:14,809 - INFO - --- Episode 59, Step 42/100 ---
2026-09-18 22:15:16,043 - INFO - --- Episode 59, Step 43/100 ---
2026-09-18 22:15:17,444 - INFO - --- Episode 59, Step 44/100 ---
2026-09-18 22:15:19,057 - INFO - --- Episode 59, Step 45/100 ---
2026-09-18 22:15:23,353 - INFO - HTTP Request: POST http://127.0.0.1:22447/v1/chat/completions "HTTP/1.1 400 Bad Request"
2026-09-18 22:15:24,627 - INFO - HTTP Request: POST http://127.0.0.1:22447/v1/chat/completions "HTTP/1.1 400 Bad Request"
2026-09-18 22:15:25,955 - INFO - HTTP Request: POST http://127.0.0.1:22447/v1/chat/completions "HTTP/1.1 400 Bad Request"
 20%|██        | 10/50 [2:04:01<7:46:41, 700.03s/it]Renderer: NVIDIA GeForce RTX 4090/PCIe/SSE2 by NVIDIA Corporation
OpenGL version: 4.6.0 NVIDIA 590.48.01
Using optional features:
    GL_ARB_vertex_array_object
    GL_ARB_separate_shader_objects
    GL_ARB_robustness
    GL_ARB_texture_storage
    GL_ARB_texture_view
    GL_ARB_framebuffer_no_attachments
    GL_ARB_invalidate_subdata
    GL_ARB_texture_storage_multisample
    GL_ARB_multi_bind
    GL_ARB_direct_state_access
    GL_ARB_get_texture_sub_image
    GL_ARB_texture_filter_anisotropic
    GL_KHR_debug
    GL_KHR_parallel_shader_compile
    GL_NV_depth_buffer_float
Using driver workarounds:
    no-forward-compatible-core-context
    nv-egl-incorrect-gl11-function-pointers
    no-layout-qualifiers-on-old-glsl
    nv-zero-context-profile-mask
    nv-implementation-color-read-format-dsa-broken
    nv-cubemap-inconsistent-compressed-image-size
    nv-cubemap-broken-full-compressed-image-query
    nv-compressed-block-size-in-bits
[22:15:30:114157]:[Warning]:[Metadata] SceneDatasetAttributes.cpp(107)::addNewSceneInstanceToDataset : Dataset : 'default' : Lighting Layout Attributes 'no_lights' specified in Scene Attributes but does not exist in dataset, so creating default.
2026-09-18 22:15:41,320 - INFO - Simulator initialized!
2026-09-18 22:16:02,321 - INFO - HTTP Request: POST http://127.0.0.1:22447/v1/chat/completions "HTTP/1.1 200 OK"
2026-09-18 22:16:03,022 - INFO - --- Episode 60, Step 1/100 ---
2026-09-18 22:19:22,613 - INFO - HTTP Request: POST http://127.0.0.1:22447/v1/chat/completions "HTTP/1.1 200 OK"
2026-09-18 22:19:34,428 - INFO - HTTP Request: POST http://127.0.0.1:22447/v1/chat/completions "HTTP/1.1 200 OK"
2026-09-18 22:19:34,992 - INFO - --- Episode 60, Step 2/100 ---
2026-09-18 22:20:25,119 - INFO - HTTP Request: POST http://127.0.0.1:22447/v1/chat/completions "HTTP/1.1 200 OK"
2026-09-18 22:20:25,772 - INFO - --- Episode 60, Step 3/100 ---
2026-09-18 22:20:34,330 - INFO - HTTP Request: POST http://127.0.0.1:22447/v1/chat/completions "HTTP/1.1 200 OK"
2026-09-18 22:20:34,913 - INFO - --- Episode 60, Step 4/100 ---
2026-09-18 22:20:35,837 - INFO - --- Episode 60, Step 5/100 ---
2026-09-18 22:20:36,410 - INFO - --- Episode 60, Step 6/100 ---
2026-09-18 22:20:37,207 - INFO - --- Episode 60, Step 7/100 ---
2026-09-18 22:20:37,926 - INFO - --- Episode 60, Step 8/100 ---
2026-09-18 22:21:02,734 - INFO - HTTP Request: POST http://127.0.0.1:22447/v1/chat/completions "HTTP/1.1 200 OK"
[StairDetect] normals=0.0080s, cpu=0.0004s, cluster=0.1108s, loop=0.0282s, total=0.1633s
Action: turn
[StairDetect] normals=0.0087s, cpu=0.0004s, cluster=0.0894s, loop=0.0338s, total=0.1481s
Action: move_forward
[StairDetect] normals=0.0087s, cpu=0.0004s, cluster=0.1000s, loop=0.0283s, total=0.1535s
Action: null
waypoints: 24
skipped waypoints: edge 1,  distance 9,  no_path 0,  occlusion 8
```json
{
"movement": "I have moved into the living area and am now facing the second set of stairs located on a raised platform. I am standing near the floor level, looking at the base of these stairs.",
"observation": {
    "front view": "I see the second set of stairs directly ahead and slightly to the right. Waypoint 3 is located at the very bottom step/base of these stairs. To the left are white double doors.",
    "left view": "A hallway leading back towards the entrance area with a console table and mirror.",
    "right view": "The side of the raised platform and some large wicker vases.",
    "map": "I am in the central living area. Waypoint 3 is located at the foot of the stairs on the raised platform."
},
"thought": "I have completed the first part of the instruction (walking up the first stairs and turning left). I am now walking toward the second set of stairs. The instruction says to 'Stop by the base of the stairs'. Waypoint 3 is located exactly at the base of these stairs. I need to move closer to it.",
"stuck": false,
"plan": "Move forward towards waypoint 3 to reach the base of the second set of stairs and complete the task.",
"curr_step": "I am approaching the second set of stairs. Waypoint 3 is the closest point to the base of these stairs.",
"action": 3
}
```
[StairDetect] normals=0.0084s, cpu=0.0005s, cluster=0.0911s, loop=0.0285s, total=0.1447s
Action: turn
[StairDetect] normals=0.0094s, cpu=0.0004s, cluster=0.1002s, loop=0.0253s, total=0.1514s
Action: move_forward
[StairDetect] normals=0.0126s, cpu=0.0006s, cluster=0.1004s, loop=0.0254s, total=0.1551s
Action: turn
Action: move_forward
Action: turn
[StairDetect] normals=0.0103s, cpu=0.0005s, cluster=0.1137s, loop=0.0093s, total=0.1506s
Action: move_forward
[StairDetect] normals=0.0106s, cpu=0.0005s, cluster=0.1144s, loop=0.0092s, total=0.1515s
Action: turn
[StairDetect] normals=0.0110s, cpu=0.0004s, cluster=0.1210s, loop=0.0131s, total=0.1626s
Action: move_forward
[StairDetect] normals=0.0111s, cpu=0.0005s, cluster=0.1211s, loop=0.0132s, total=0.1632s
Action: null
waypoints: 15
skipped waypoints: edge 1,  distance 5,  no_path 0,  occlusion 4
[StairDetect] normals=0.0110s, cpu=0.0005s, cluster=0.1211s, loop=0.0134s, total=0.1633s
Action: stop
['Walk out of the bathroom passed the sink and shower.', 'Walk down the hallway through the arch ed entry and circular tiled room.', 'Turn and walk into the bedroom with hanging curtains wooden bed frame.']
Initialized data for new floor level: 0
Switching pcds to floor level: 0
Initialized data for new floor level: 0
Switching pcds to floor level: 0
Initialized data for new floor level: 0
Switching pcds to floor level: 0
[StairDetect] normals=0.0023s, cpu=0.0001s, cluster=0.0244s, loop=0.0110s, total=0.0409s
waypoints: 8
skipped waypoints: edge 0,  distance 0,  no_path 2,  occlusion 4

```json
{
"movement": "I am currently standing in the bathroom facing the toilet and sink area. The exit doorway is visible to my left.",
"observation": {
    "front view": "I see a toilet straight ahead with decorative tiles above it. To the right is the edge of the sink vanity.",
    "left view": "I see a wooden door frame and a glimpse of a hallway with a patterned rug, which appears to be the exit.",
    "right view": "I see the bathroom sink vanity with a mirror and towels.",
    "map": "The map shows my current position near the toilet/sink area. The path out seems to be towards the left/back relative to my current orientation."
},
"thought": "I am currently facing the toilet. The instruction is to walk out of the bathroom passed the sink and shower. The exit is visible in the left view. I need to turn towards that exit to leave the room.",
"stuck": false,
"plan": "Turn left to face the doorway seen in the left view, then move forward to exit the bathroom into the hallway.",
"curr_step": "I need to orient myself towards the exit. The exit is to my left. I will turn left to face it.",
"action": "L"
}
```
Calculated floor height difference: 2.12m
Action: turn
waypoints: 7
skipped waypoints: edge 0,  distance 2,  no_path 2,  occlusion 1
```json
{
"movement": "I am currently standing in the bathroom facing the toilet and towel area. The exit doorway is visible to my left, leading to a hallway with a rug.",
"observation": {
    "front view": "I see a wooden door frame or wall section on the left and towels hanging on the right. The path out seems to be towards the left/front.",
    "left view": "I see the bathroom sink on the left counter and the doorway straight ahead leading to a hallway with a patterned rug.",
    "right view": "I see the toilet and the edge of the sink vanity.",
    "map": "The map shows my current position near the toilet (START). The exit waypoint '1' is located outside the bathroom door, to the north-west of my current position."
},
"thought": "I need to walk out of the bathroom passed the sink and shower. The exit is clearly visible in the left view, past the sink. Currently, I am facing the toilet/towels. To align myself with the exit path seen in the left view, I need to turn left.",
"stuck": false,
"plan": "Turn left to face the doorway and sink area seen in the left view. Then move forward to walk out of the bathroom into the hallway.",
"curr_step": "I am currently facing the toilet/towels. The exit is to my left. I need to turn left to face the exit path.",
"action": "L"
}
```
Action: turn
waypoints: 10
skipped waypoints: edge 0,  distance 1,  no_path 0,  occlusion 7
```json
{
"observation": {
    "front view": "I see the bathroom sink vanity on the left and a wooden door frame/wall on the right. Straight ahead is the doorway leading out to a hallway with a patterned rug.",
    "left view": "I see the sink vanity and mirror.",
    "right view": "I see a wooden wall/door and towels hanging.",
    "map": "The map shows my position near the toilet (START). Waypoint 1 is near the sink edge, and waypoint 2 is just outside the bathroom door on the rug."
},
"thought": "I am currently facing the exit of the bathroom. The instruction is to walk out of the bathroom passed the sink and shower. The doorway is directly in front of me, slightly to the right of the sink. Waypoint 2 is located just outside this doorway on the hallway rug. Moving towards waypoint 2 will take me out of the bathroom as required.",
"stuck": false,
"plan": "Move forward through the bathroom doorway onto the hallway rug (waypoint 2) to complete the first part of the instruction.",
"curr_step": "I am facing the exit. Waypoint 2 is the target location just outside the door. I need to move forward to reach it.",
"action": 2
}
```
Action: turn
Action: move_forward
Action: turn
Action: move_forward
Action: null
waypoints: 1
skipped waypoints: edge 0,  distance 0,  no_path 1,  occlusion 0
2026-09-18 22:21:03,656 - INFO - --- Episode 60, Step 9/100 ---
2026-09-18 22:21:13,991 - INFO - HTTP Request: POST http://127.0.0.1:22447/v1/chat/completions "HTTP/1.1 200 OK"
2026-09-18 22:21:14,801 - INFO - --- Episode 60, Step 10/100 ---
2026-09-18 22:21:15,407 - INFO - --- Episode 60, Step 11/100 ---
2026-09-18 22:21:15,973 - INFO - --- Episode 60, Step 12/100 ---
2026-09-18 22:21:16,420 - INFO - --- Episode 60, Step 13/100 ---
2026-09-18 22:21:17,055 - INFO - --- Episode 60, Step 14/100 ---
2026-09-18 22:21:17,978 - INFO - --- Episode 60, Step 15/100 ---
2026-09-18 22:22:11,895 - INFO - HTTP Request: POST http://127.0.0.1:22447/v1/chat/completions "HTTP/1.1 200 OK"
2026-09-18 22:22:33,994 - INFO - HTTP Request: POST http://127.0.0.1:22447/v1/chat/completions "HTTP/1.1 200 OK"
2026-09-18 22:22:36,466 - INFO - --- Episode 60, Step 16/100 ---
2026-09-18 22:23:01,464 - INFO - HTTP Request: POST http://127.0.0.1:22447/v1/chat/completions "HTTP/1.1 200 OK"
2026-09-18 22:23:03,349 - INFO - --- Episode 60, Step 17/100 ---
2026-09-18 22:23:34,771 - INFO - HTTP Request: POST http://127.0.0.1:22447/v1/chat/completions "HTTP/1.1 200 OK"
2026-09-18 22:23:54,148 - INFO - HTTP Request: POST http://127.0.0.1:22447/v1/chat/completions "HTTP/1.1 200 OK"
2026-09-18 22:23:55,166 - INFO - --- Episode 60, Step 18/100 ---
2026-09-18 22:24:07,370 - INFO - HTTP Request: POST http://127.0.0.1:22447/v1/chat/completions "HTTP/1.1 200 OK"
2026-09-18 22:24:08,911 - INFO - HTTP Request: POST http://127.0.0.1:22447/v1/chat/completions "HTTP/1.1 400 Bad Request"
2026-09-18 22:24:09,942 - INFO - HTTP Request: POST http://127.0.0.1:22447/v1/chat/completions "HTTP/1.1 400 Bad Request"
2026-09-18 22:24:10,627 - INFO - --- Episode 60, Step 19/100 ---
2026-09-18 22:24:11,901 - INFO - HTTP Request: POST http://127.0.0.1:22447/v1/chat/completions "HTTP/1.1 400 Bad Request"
2026-09-18 22:24:12,946 - INFO - HTTP Request: POST http://127.0.0.1:22447/v1/chat/completions "HTTP/1.1 400 Bad Request"
2026-09-18 22:24:14,025 - INFO - HTTP Request: POST http://127.0.0.1:22447/v1/chat/completions "HTTP/1.1 400 Bad Request"
 22%|██▏       | 11/50 [2:12:48<7:00:32, 646.98s/it]Renderer: NVIDIA GeForce RTX 4090/PCIe/SSE2 by NVIDIA Corporation
OpenGL version: 4.6.0 NVIDIA 590.48.01
Using optional features:
    GL_ARB_vertex_array_object
    GL_ARB_separate_shader_objects
    GL_ARB_robustness
    GL_ARB_texture_storage
    GL_ARB_texture_view
    GL_ARB_framebuffer_no_attachments
    GL_ARB_invalidate_subdata
    GL_ARB_texture_storage_multisample
    GL_ARB_multi_bind
    GL_ARB_direct_state_access
    GL_ARB_get_texture_sub_image
    GL_ARB_texture_filter_anisotropic
    GL_KHR_debug
    GL_KHR_parallel_shader_compile
    GL_NV_depth_buffer_float
Using driver workarounds:
    no-forward-compatible-core-context
    nv-egl-incorrect-gl11-function-pointers
    no-layout-qualifiers-on-old-glsl
    nv-zero-context-profile-mask
    nv-implementation-color-read-format-dsa-broken
    nv-cubemap-inconsistent-compressed-image-size
    nv-cubemap-broken-full-compressed-image-query
    nv-compressed-block-size-in-bits
[22:24:16:795280]:[Warning]:[Metadata] SceneDatasetAttributes.cpp(107)::addNewSceneInstanceToDataset : Dataset : 'default' : Lighting Layout Attributes 'no_lights' specified in Scene Attributes but does not exist in dataset, so creating default.
2026-09-18 22:24:27,897 - INFO - Simulator initialized!
2026-09-18 22:24:53,799 - INFO - HTTP Request: POST http://127.0.0.1:22447/v1/chat/completions "HTTP/1.1 200 OK"
```json
{
"movement": "I have exited the bathroom and am now standing in a small landing area facing a window with curtains. To my left, I can see the bathroom vanity through the doorway. To my right, there is a long hallway with arched entries.",
"observation": {
    "front view": "I am facing a window with white curtains. There is a rug on the floor in front of me.",
    "left view": "I see the bathroom door frame and the sink vanity inside the bathroom. A rug leads away from this area towards some curtains in the distance.",
    "right view": "I see a long hallway extending forward with multiple arched entries (arches) along the ceiling/walls. There is a painting on the right wall.",
    "map": "The map shows my current position near the 'carpet' label, just outside the bathroom area (START). The path to the right leads into the unexplored area with arches."
},
"thought": "I have completed P1 by walking out of the bathroom. Now I need to execute P2: 'Walk down the hallway through the arch ed entry and circular tiled room.' The Right View clearly shows a hallway with arched entries, which matches the description. Therefore, I need to turn right to face this hallway and proceed down it.",
"stuck": false,
"plan": "Turn right to face the hallway with arched entries seen in the right view. Then move forward down this hallway towards the circular tiled room mentioned in the next part of the instruction.",
"curr_step": "I am currently facing a window. The target hallway is to my right. I need to turn right to align myself with it.",
"action": "R"
}
```
Action: turn
waypoints: 10
skipped waypoints: edge 1,  distance 4,  no_path 3,  occlusion 1
```json
{
"movement": "I have turned right from the window area to face the long hallway with arched entries. I am now positioned at the start of this hallway, looking down a rug towards several arches.",
"observation": {
    "front view": "I see a long hallway with a patterned runner rug on the floor. There are arched entries along the ceiling/walls. Waypoint 1 is located on the rug further down the hall.",
    "left view": "I see curtains and a window, likely the same area I was just facing.",
    "right view": "I see the bathroom door I just exited and a glimpse into another room with a bed.",
    "map": "The map shows my current position near the 'carpet' label. The path forward leads down the hallway towards the unexplored area."
},
"thought": "I have completed P1 (walking out of the bathroom). Now I need to execute P2: 'Walk down the hallway through the arch ed entry and circular tiled room.' The Front View clearly shows a hallway with arched entries, which matches the instruction. Waypoint 1 is directly ahead on the rug in this hallway. I should move forward to proceed down the hallway.",
"stuck": false,
"plan": "Move forward along the hallway rug towards waypoint 1 and continue through the arched entries to find the circular tiled room.",
"curr_step": "I am facing the correct direction (the hallway with arches). Waypoint 1 is ahead on the path. I need to move forward.",
"action": 1
}
```
Action: turn
Action: move_forward
Action: turn
Action: move_forward
Action: null
Action: turn
waypoints: 13
skipped waypoints: edge 1,  distance 5,  no_path 4,  occlusion 3

```json
{
"movement": "I have moved forward along the hallway and am now positioned near a doorway on my right. The hallway continues straight ahead towards an arched entry. I am currently angled slightly towards the right wall/door frame.",
"observation": {
    "front view": "I see the hallway continuing forward with a rug on the floor leading towards an arched entry in the distance. A door frame is visible on the immediate right.",
    "left view": "I see curtains and a window area to my left, and the rug extending forward.",
    "right view": "I see a large painting on the wall and the edge of a wooden door frame very close to me.",
    "map": "The map shows my position near the 'carpet' label. The path ahead leads towards the unexplored area with the arch."
},
"thought": "I am currently hugging the right wall/door frame. To walk down the hallway towards the arched entry as instructed, I need to align myself with the center of the hallway and the rug. The arched entry is visible ahead but slightly to the left of my current heading. Therefore, I should turn left to face the hallway path directly.",
"stuck": false,
"plan": "Turn left to face the hallway and the arched entry. Then move forward down the hallway towards the circular tiled room.",
"curr_step": "I am facing slightly right towards the wall/painting. The path is to my left. I need to turn left to align with the hallway.",
"action": "L"
}
```
Action: turn
waypoints: 7
skipped waypoints: edge 1,  distance 3,  no_path 0,  occlusion 0
```json
{
"movement": "I have moved forward along the hallway and am now positioned near a doorway on my right. The hallway continues straight ahead towards an arched entry. I am currently angled slightly towards the right wall/door frame.",
"observation": {
    "front view": "I see curtains and a window to my right, and a rug on the floor in front of me. To the left is open floor space.",
    "left view": "I see a long hallway extending away with a runner rug.",
    "right view": "I see the hallway continuing forward with distinct arched entries along the ceiling/walls. A door frame is visible on the immediate right.",
    "map": "The map shows my position near the 'carpet' label. The path continues towards waypoint 3, which aligns with the direction of the arches seen in the right view."
},
"thought": "I am currently facing somewhat towards the curtains/window. The instruction is to walk down the hallway through the arched entry. The Right View clearly shows this path with the arched entries. Therefore, I need to turn right to face this direction and proceed down the hallway.",
"stuck": false,
"plan": "Turn right to face the hallway with arched entries seen in the right view. Then move forward down this hallway towards the circular tiled room.",
"curr_step": "I am facing the curtains/window. The target path is to my right. I need to turn right to align myself with the hallway.",
"action": "R"
}
```
Action: turn
waypoints: 13
skipped waypoints: edge 1,  distance 5,  no_path 4,  occlusion 3

```json
{
"movement": "I have moved forward along the hallway and am now positioned near a doorway on my right. The hallway continues straight ahead towards an arched entry. I am currently angled slightly towards the right wall/door frame.",
"observation": {
    "front view": "I see curtains and a window to my right, and a rug on the floor in front of me. To the left is open floor space.",
    "left view": "I see a long hallway extending away with a runner rug.",
    "right view": "I see the hallway continuing forward with distinct arched entries along the ceiling/walls. A door frame is visible on the immediate right.",
    "map": "The map shows my position near the 'carpet' label. The path continues towards waypoint 3, which aligns with the direction of the arches seen in the right view."
},
"thought": "I am currently facing somewhat towards the curtains/window. The instruction is to walk down the hallway through the arched entry. The Right View clearly shows this path with the arched entries. Therefore, I need to turn right to face this direction and proceed down the hallway.",
"stuck": false,
"plan": "Turn right to face the hallway with arched entries seen in the right view. Then move forward down this hallway towards the circular tiled room.",
"curr_step": "I am facing the curtains/window. The target path is to my right. I need to turn right to align myself with the hallway.",
"action": "R"
}
```
Action: turn
waypoints: 6
skipped waypoints: edge 1,  distance 4,  no_path 0,  occlusion 1

Action: stop
waypoints: 6
skipped waypoints: edge 1,  distance 4,  no_path 0,  occlusion 1
Action: stop
['Exit the bathroom and go right, then turn left at the big clock', 'go into the bedroom and wait next to the bed.']
Initialized data for new floor level: 0
Switching pcds to floor level: 0
Initialized data for new floor level: 0
Switching pcds to floor level: 0
2026-09-18 22:24:54,464 - INFO - --- Episode 61, Step 1/100 ---
2026-09-18 22:28:15,275 - INFO - HTTP Request: POST http://127.0.0.1:22447/v1/chat/completions "HTTP/1.1 200 OK"
2026-09-18 22:31:18,896 - INFO - HTTP Request: POST http://127.0.0.1:22447/v1/chat/completions "HTTP/1.1 200 OK"
2026-09-18 22:31:37,628 - INFO - HTTP Request: POST http://127.0.0.1:22447/v1/chat/completions "HTTP/1.1 200 OK"
2026-09-18 22:31:38,339 - INFO - --- Episode 61, Step 2/100 ---
2026-09-18 22:31:44,689 - INFO - HTTP Request: POST http://127.0.0.1:22447/v1/chat/completions "HTTP/1.1 200 OK"
2026-09-18 22:31:45,266 - INFO - --- Episode 61, Step 3/100 ---
2026-09-18 22:31:45,824 - INFO - --- Episode 61, Step 4/100 ---
2026-09-18 22:31:46,654 - INFO - --- Episode 61, Step 5/100 ---
2026-09-18 22:31:47,424 - INFO - --- Episode 61, Step 6/100 ---
2026-09-18 22:31:48,172 - INFO - --- Episode 61, Step 7/100 ---
2026-09-18 22:31:59,268 - INFO - HTTP Request: POST http://127.0.0.1:22447/v1/chat/completions "HTTP/1.1 200 OK"
2026-09-18 22:32:00,445 - INFO - --- Episode 61, Step 8/100 ---
2026-09-18 22:32:10,690 - INFO - HTTP Request: POST http://127.0.0.1:22447/v1/chat/completions "HTTP/1.1 200 OK"
2026-09-18 22:32:11,645 - INFO - --- Episode 61, Step 9/100 ---
2026-09-18 22:32:12,464 - INFO - --- Episode 61, Step 10/100 ---
2026-09-18 22:32:13,229 - INFO - --- Episode 61, Step 11/100 ---
2026-09-18 22:32:13,942 - INFO - --- Episode 61, Step 12/100 ---
2026-09-18 22:32:14,656 - INFO - --- Episode 61, Step 13/100 ---
2026-09-18 22:32:15,454 - INFO - --- Episode 61, Step 14/100 ---
2026-09-18 22:32:26,759 - INFO - HTTP Request: POST http://127.0.0.1:22447/v1/chat/completions "HTTP/1.1 200 OK"
2026-09-18 22:32:27,660 - INFO - --- Episode 61, Step 15/100 ---
2026-09-18 22:32:47,706 - INFO - HTTP Request: POST http://127.0.0.1:22447/v1/chat/completions "HTTP/1.1 200 OK"
2026-09-18 22:32:48,502 - INFO - --- Episode 61, Step 16/100 ---
2026-09-18 22:32:49,192 - INFO - --- Episode 61, Step 17/100 ---
2026-09-18 22:32:49,884 - INFO - --- Episode 61, Step 18/100 ---
2026-09-18 22:33:02,849 - INFO - HTTP Request: POST http://127.0.0.1:22447/v1/chat/completions "HTTP/1.1 200 OK"
Initialized data for new floor level: 0
Switching pcds to floor level: 0
[StairDetect] normals=0.0029s, cpu=0.0002s, cluster=0.0237s, loop=0.0121s, total=0.0425s
waypoints: 8
skipped waypoints: edge 0,  distance 0,  no_path 2,  occlusion 4


```json
{
"movement": "I am currently standing inside the bathroom, facing the toilet and the exit doorway.",
"observation": {
"front view": "I see a toilet directly ahead and an open doorway above it labeled 'B' which leads out of the bathroom. To the right is a vanity with a sink.",
"left view": "I see a wooden door or wall paneling and towels hanging on a rack.",
"right view": "I see the bathroom vanity with a sink, mirror, and some toiletries.",
"map": "The map shows my current position (blue triangle) inside a small room (the bathroom). There is a waypoint 'B' just outside the room through the doorway."
},
"thought": "My current task is to exit the bathroom. The front view clearly shows the exit doorway labeled 'B'. The map confirms that waypoint 'B' is located just outside this room. Therefore, I need to move forward towards this waypoint to exit.",
"stuck": false,
"plan": "Exit the bathroom by moving through the doorway ahead (waypoint B). Once outside, I will look for the path to the right as per the instructions.",
"curr_step": "Move forward towards the exit doorway labeled 'B' on the map and in the front view.",
"action": "B"
}
```
Calculated floor height difference: 2.12m
Action: turn
waypoints: 10
skipped waypoints: edge 0,  distance 1,  no_path 0,  occlusion 7
```json
{
"movement": "I have moved slightly forward within the bathroom, positioning myself to exit through the doorway ahead.",
"observation": {
"front view": "I see the exit doorway of the bathroom leading into a hallway or another room with a window at the end. There is a wooden door frame to my right.",
"left view": "I see the bathroom vanity and sink.",
"right view": "I see a wooden door and towels hanging on the wall.",
"map": "The map shows I am still inside the small room (bathroom) near the 'workbench' (vanity) and 'toilet'. The exit is towards the top of the map."
},
"thought": "I am currently in the bathroom. The instruction says to 'Exit the bathroom and go right'. I need to move through the doorway in front of me to leave the bathroom. Once I am out, I will look to turn right.",
"stuck": false,
"plan": "Move forward through the doorway to exit the bathroom. Then, look for a path to the right.",
"curr_step": "Move forward towards the exit doorway.",
"action": "1"
}
```
Action: turn
Action: move_forward
Action: turn
Action: move_forward
Action: null
waypoints: 1
skipped waypoints: edge 0,  distance 0,  no_path 1,  occlusion 0
```json
{
"movement": "I have exited the bathroom area and am now facing a window with curtains. To follow the instruction 'go right', I need to orient myself towards the hallway visible in my previous right view.",
"observation": {
"front view": "A window with white curtains and a rug on the floor below it.",
"left view": "The bathroom vanity and the doorway I just came through.",
"right view": "A long hallway with a runner rug and a painting on the wall.",
"map": "I am near the 'carpet' area, having moved away from the 'workbench' (vanity)."
},
"thought": "The instruction is to 'Exit the bathroom and go right'. I have exited the bathroom. The hallway is to my right. I need to turn right to face down this hallway.",
"stuck": false,
"plan": "Turn right to face the hallway, then move forward towards the big clock mentioned in the instructions.",
"curr_step": "Turn right to align with the hallway.",
"action": "R"
}
```
Action: turn
waypoints: 10
skipped waypoints: edge 1,  distance 4,  no_path 3,  occlusion 1
```json
{
"movement": "I have turned right into the hallway after exiting the bathroom. I am now facing down a long corridor with a runner rug.",
"observation": {
"front view": "A long hallway stretches ahead with a runner rug on the floor. There is an archway further down labeled 'B'. To the right, there is a doorway leading into another room (possibly the bedroom).",
"left view": "Windows with curtains along the left wall.",
"right view": "A doorway leading into a bedroom area with a bed visible.",
"map": "I am in the hallway, having moved away from the bathroom. The path ahead leads towards an archway."
},
"thought": "I have exited the bathroom and turned right as instructed. I am now in the hallway. The next part of the instruction is to 'turn left at the big clock'. I need to move further down the hallway to locate the big clock. The path forward along the rug is clear.",
"stuck": false,
"plan": "Move forward down the hallway towards the archway to find the big clock. Once found, turn left into the bedroom.",
"curr_step": "Move forward along the runner rug in the hallway.",
"action": "1"
}
```
Action: turn
Action: move_forward
Action: turn
Action: move_forward
Action: null
Action: turn
waypoints: 13
skipped waypoints: edge 1,  distance 5,  no_path 3,  occlusion 4
```json
{
"movement": "I have moved further down the hallway, passing a window on my left and a painting on my right. I am approaching an archway labeled 'B'.",
"observation": {
"front view": "The hallway continues ahead through an archway labeled 'B'. There is a mirror visible further down the hall.",
"left view": "Windows with curtains along the left wall.",
"right view": "A wooden door and a painting on the wall.",
"map": "I am on the carpet in the hallway, approaching the archway."
},
"thought": "I have exited the bathroom and turned right. I am now walking down the hallway. The instruction says to 'turn left at the big clock'. I haven't seen a big clock yet, but there is an archway ahead. I need to continue moving forward to find the clock.",
"stuck": false,
"plan": "Move forward through the archway labeled 'B' to continue down the hallway and look for the big clock.",
"curr_step": "Move forward towards the archway.",
"action": "B"
}
```
Action: turn
waypoints: 9
skipped waypoints: edge 0,  distance 5,  no_path 0,  occlusion 0
```json
{
"movement": "I have moved forward into the hallway, following the runner rug. I am now positioned on the rug, looking further down the corridor towards an archway.",
"observation": {
"front view": "The hallway continues straight ahead with a runner rug. There is an archway labeled 'B' further down. To the left is a wall with a large painting. To the right are windows/curtains.",
"left view": "A large framed painting on the wall.",
"right view": "Windows with curtains along the hallway.",
"map": "I am on the carpeted area of the hallway. The path leads forward towards the archway."
},
"thought": "I have exited the bathroom and turned right into the hallway as instructed. I am now walking down the hallway. The next part of the instruction is to 'turn left at the big clock'. I haven't seen a big clock yet, so I need to continue moving forward down the hallway to find it. Waypoint 4 is directly ahead on the rug.",
"stuck": false,
"plan": "Move forward down the hallway along the runner rug towards the archway to locate the big clock. Once found, turn left into the bedroom.",
"curr_step": "Move forward along the rug towards waypoint 4.",
"action": "4"
}
```
Action: turn
Action: move_forward
Action: null
waypoints: 11
skipped waypoints: edge 0,  distance 4,  no_path 1,  occlusion 4
2026-09-18 22:33:03,667 - INFO - --- Episode 61, Step 19/100 ---
2026-09-18 22:33:04,538 - INFO - --- Episode 61, Step 20/100 ---
2026-09-18 22:33:05,293 - INFO - --- Episode 61, Step 21/100 ---
2026-09-18 22:33:06,053 - INFO - --- Episode 61, Step 22/100 ---
2026-09-18 22:33:06,909 - INFO - --- Episode 61, Step 23/100 ---
2026-09-18 22:33:07,895 - INFO - --- Episode 61, Step 24/100 ---
2026-09-18 22:33:09,058 - INFO - --- Episode 61, Step 25/100 ---
2026-09-18 22:33:31,042 - INFO - HTTP Request: POST http://127.0.0.1:22447/v1/chat/completions "HTTP/1.1 200 OK"
2026-09-18 22:33:45,469 - INFO - HTTP Request: POST http://127.0.0.1:22447/v1/chat/completions "HTTP/1.1 200 OK"
2026-09-18 22:33:49,540 - INFO - HTTP Request: POST http://127.0.0.1:22447/v1/chat/completions "HTTP/1.1 500 Internal Server Error"
2026-09-18 22:33:49,541 - INFO - Retrying request to /chat/completions in 0.461849 seconds
2026-09-18 22:34:02,061 - INFO - HTTP Request: POST http://127.0.0.1:22447/v1/chat/completions "HTTP/1.1 400 Bad Request"
2026-09-18 22:34:05,893 - INFO - --- Episode 61, Step 26/100 ---
2026-09-18 22:34:34,022 - INFO - HTTP Request: POST http://127.0.0.1:22447/v1/chat/completions "HTTP/1.1 200 OK"
2026-09-18 22:34:35,722 - INFO - --- Episode 61, Step 27/100 ---
2026-09-18 22:34:52,911 - INFO - HTTP Request: POST http://127.0.0.1:22447/v1/chat/completions "HTTP/1.1 200 OK"
 24%|██▍       | 12/50 [2:23:28<6:48:22, 644.80s/it]Renderer: NVIDIA GeForce RTX 4090/PCIe/SSE2 by NVIDIA Corporation
OpenGL version: 4.6.0 NVIDIA 590.48.01
Using optional features:
    GL_ARB_vertex_array_object
    GL_ARB_separate_shader_objects
    GL_ARB_robustness
    GL_ARB_texture_storage
    GL_ARB_texture_view
    GL_ARB_framebuffer_no_attachments
    GL_ARB_invalidate_subdata
    GL_ARB_texture_storage_multisample
    GL_ARB_multi_bind
    GL_ARB_direct_state_access
    GL_ARB_get_texture_sub_image
    GL_ARB_texture_filter_anisotropic
    GL_KHR_debug
    GL_KHR_parallel_shader_compile
    GL_NV_depth_buffer_float
Using driver workarounds:
    no-forward-compatible-core-context
    nv-egl-incorrect-gl11-function-pointers
    no-layout-qualifiers-on-old-glsl
    nv-zero-context-profile-mask
    nv-implementation-color-read-format-dsa-broken
    nv-cubemap-inconsistent-compressed-image-size
    nv-cubemap-broken-full-compressed-image-query
    nv-compressed-block-size-in-bits
[22:34:56:626060]:[Warning]:[Metadata] SceneDatasetAttributes.cpp(107)::addNewSceneInstanceToDataset : Dataset : 'default' : Lighting Layout Attributes 'no_lights' specified in Scene Attributes but does not exist in dataset, so creating default.
2026-09-18 22:35:07,957 - INFO - Simulator initialized!
2026-09-18 22:35:41,296 - INFO - HTTP Request: POST http://127.0.0.1:22447/v1/chat/completions "HTTP/1.1 200 OK"
2026-09-18 22:35:42,019 - INFO - --- Episode 62, Step 1/100 ---
2026-09-18 22:39:11,843 - INFO - HTTP Request: POST http://127.0.0.1:22447/v1/chat/completions "HTTP/1.1 200 OK"
2026-09-18 22:40:21,519 - INFO - HTTP Request: POST http://127.0.0.1:22447/v1/chat/completions "HTTP/1.1 200 OK"
2026-09-18 22:40:22,064 - INFO - --- Episode 62, Step 2/100 ---
2026-09-18 22:40:45,408 - INFO - HTTP Request: POST http://127.0.0.1:22447/v1/chat/completions "HTTP/1.1 200 OK"
2026-09-18 22:40:53,022 - INFO - HTTP Request: POST http://127.0.0.1:22447/v1/chat/completions "HTTP/1.1 200 OK"
```json
{
"movement": "I have moved further down the hallway, following the runner rug. I am now positioned on the rug, looking further down the corridor towards an archway.",
"observation": {
"front view": "The hallway continues straight ahead with a runner rug. There is an archway labeled 'B' further down. To the left is a wall with a large painting. To the right are windows/curtains.",
"left view": "A large framed painting on the wall.",
"right view": "Windows with curtains along the hallway.",
"map": "I am on the carpeted area of the hallway. The path leads forward towards the archway."
},
"thought": "I have exited the bathroom and turned right into the hallway as instructed. I am now walking down the hallway. The next part of the instruction is to 'turn left at the big clock'. I haven't seen a big clock yet, so I need to continue moving forward down the hallway to find it. Waypoint 2 is directly ahead on the rug.",
"stuck": false,
"plan": "Move forward down the hallway along the runner rug towards the archway to locate the big clock. Once found, turn left into the bedroom.",
"curr_step": "Move forward along the rug towards waypoint 2.",
"action": "2"
}
```
Action: turn
Action: move_forward
Action: turn
Action: move_forward
Action: turn
Action: move_forward
Action: null
waypoints: 9
skipped waypoints: edge 1,  distance 0,  no_path 1,  occlusion 4


Action: stop
waypoints: 9
skipped waypoints: edge 1,  distance 0,  no_path 1,  occlusion 4
```json
{
"movement": "I have moved from the hallway into the bedroom. I am now standing near the foot of the bed and a side table with a lamp.",
"observation": {
"front view": "A large bed with patterned bedding is in front of me. To the left is a TV mounted on the wall. Straight ahead are curtains covering a window or door (labeled B).",
"left view": "A doorway leading back to the hallway is visible, along with a side table and lamp next to the bed.",
"right view": "Curtains covering a window are visible on the right wall.",
"map": "I am located at the 'bed' position on the map, having arrived from the 'carpet' (hallway) area."
},
"thought": "I have successfully exited the bathroom, gone right down the hallway, and turned left into the bedroom. The instruction for P1 was to 'turn left at the big clock'. Assuming the clock is located near the entrance of this room (which I have just passed/entered), I have completed the navigation part of P1. I am now in the bedroom, which is the target area for P2 as well. Since I have reached the destination described in P1 (the point where one turns left into the bedroom), I should complete P1.",
"stuck": false,
"plan": "Complete subtask P1 as I have reached the bedroom entrance/area. Then proceed to subtask P2 which is to wait next to the bed. Since I am already next to the bed, I will likely just wait or make a small adjustment.",
"curr_step": "Subtask P1 is completed because I have navigated from the bathroom, through the hallway, and turned left into the bedroom area. The target location for P1 (the clock/entrance) has been reached.",
"action": -1
}
```
Action: pause
waypoints: 9
skipped waypoints: edge 1,  distance 0,  no_path 1,  occlusion 4
```json
{
"movement": "I have entered the bedroom and moved towards the bed. I am now standing on a rug near the foot/side of the bed.",
"observation": {
"front view": "The foot of the bed is directly ahead, with curtains covering a window or door further back. To the left is the side of the bed.",
"left view": "A bedside table with a lamp and the side of the bed are visible. The doorway to the hallway is also visible.",
"right view": "Curtains covering a window are visible on the right wall.",
"map": "I am positioned directly next to the 'bed' area on the map, having arrived from the hallway."
},
"thought": "I have successfully navigated from the bathroom, through the hallway, and into the bedroom. I am currently standing right next to the bed as instructed. The condition for subtask P2 is met.",
"stuck": false,
"plan": "Since I am already next to the bed, I will complete the task.",
"curr_step": "Subtask P2 is completed as I am next to the bed.",
"action": -1
}
```
Action: stop
['Exit the bathroom, and take a right turn. Keep walking to the place with a clock hanging on the wall,', 'and then make a hard left into a bedroom. Wait at the bedroom.']
Initialized data for new floor level: 0
Switching pcds to floor level: 0
Initialized data for new floor level: 0
Switching pcds to floor level: 0
Initialized data for new floor level: 0
Switching pcds to floor level: 0
[StairDetect] normals=0.0029s, cpu=0.0002s, cluster=0.0236s, loop=0.0122s, total=0.0421s
waypoints: 8
skipped waypoints: edge 0,  distance 0,  no_path 2,  occlusion 4

```json
{
"movement": "I am currently standing in the bathroom facing the toilet. The exit is visible to my left, showing a wooden door frame and a hallway with stairs.",
"observation": {
    "front view": "A toilet with a tiled wall behind it. To the right is the edge of a vanity.",
    "left view": "A wooden door frame on the left side of the image, and an opening leading to a hallway with stairs visible further through the doorway.",
    "right view": "A bathroom sink with a mirror above it and a towel rack on the wall.",
    "map": "The map shows my position (blue dot) in the center of the bathroom. The toilet is to the north. There is an opening to the west (left) which corresponds to the exit seen in the left view."
},
"thought": "The instruction is to exit the bathroom. The left view clearly shows the exit doorway leading to a hallway. Therefore, I need to turn left to face the exit door.",
"stuck": false,
"plan": "Turn left to face the exit door, then move forward out of the bathroom. Once in the hallway, take a right turn as instructed and walk towards the clock.",
"curr_step": "The exit is to my left. I need to turn left to face it.",
"action": "L"
}
```
Calculated floor height difference: 2.12m
Action: turn
waypoints: 7
skipped waypoints: edge 0,  distance 2,  no_path 2,  occlusion 1
```json
{
"movement": "I have turned left previously to see the exit, but my current front view is facing towards the toilet and the wooden door/wall structure on the left. The path out of the bathroom appears to be straight ahead, between the wooden structure on the left and the vanity/toilet area on the right.",
"observation": {
    "front view": "I see a wooden door or wall structure on the left side and the toilet on the right side. The floor tiles lead forward through the gap between them.",
    "left view": "A wooden surface/door is very close on the left.",
    "right view": "The bathroom vanity and sink are visible to the right.",
    "map": "I am located in the center of the bathroom. The toilet is to my north-east. The exit is to the west (left on the map)."
},
"thought": "The instruction is to exit the bathroom. Based on the front view, there is a clear path forward between the wooden structure on the left and the vanity/toilet on the right. This path leads towards the exit seen in the previous left view. Therefore, I should move forward to leave the bathroom.",
"stuck": false,
"plan": "Move forward out of the bathroom. Once outside, I will take a right turn as instructed and look for a clock on the wall.",
"curr_step": "I am currently facing the exit path. Moving forward will take me out of the bathroom.",
"action": "F"
}
```
2026-09-18 22:41:01,505 - INFO - HTTP Request: POST http://127.0.0.1:22447/v1/chat/completions "HTTP/1.1 200 OK"
2026-09-18 22:41:02,058 - INFO - --- Episode 62, Step 3/100 ---
2026-09-18 22:41:12,174 - INFO - HTTP Request: POST http://127.0.0.1:22447/v1/chat/completions "HTTP/1.1 200 OK"
2026-09-18 22:41:12,740 - INFO - --- Episode 62, Step 4/100 ---
2026-09-18 22:41:13,524 - INFO - --- Episode 62, Step 5/100 ---
2026-09-18 22:41:14,444 - INFO - --- Episode 62, Step 6/100 ---
2026-09-18 22:41:15,501 - INFO - --- Episode 62, Step 7/100 ---
2026-09-18 22:41:18,516 - INFO - --- Episode 62, Step 8/100 ---
2026-09-18 22:41:20,053 - INFO - --- Episode 62, Step 9/100 ---
2026-09-18 22:41:35,666 - INFO - HTTP Request: POST http://127.0.0.1:22447/v1/chat/completions "HTTP/1.1 200 OK"
2026-09-18 22:41:37,162 - INFO - --- Episode 62, Step 10/100 ---
2026-09-18 22:41:38,107 - INFO - --- Episode 62, Step 11/100 ---
2026-09-18 22:41:38,592 - INFO - --- Episode 62, Step 12/100 ---
2026-09-18 22:41:40,097 - INFO - --- Episode 62, Step 13/100 ---
2026-09-18 22:42:00,157 - INFO - HTTP Request: POST http://127.0.0.1:22447/v1/chat/completions "HTTP/1.1 200 OK"
2026-09-18 22:42:28,752 - INFO - HTTP Request: POST http://127.0.0.1:22447/v1/chat/completions "HTTP/1.1 200 OK"
2026-09-18 22:42:49,600 - INFO - HTTP Request: POST http://127.0.0.1:22447/v1/chat/completions "HTTP/1.1 200 OK"
 26%|██▌       | 13/50 [2:31:25<6:06:17, 593.97s/it]Renderer: NVIDIA GeForce RTX 4090/PCIe/SSE2 by NVIDIA Corporation
OpenGL version: 4.6.0 NVIDIA 590.48.01
Using optional features:
    GL_ARB_vertex_array_object
    GL_ARB_separate_shader_objects
    GL_ARB_robustness
    GL_ARB_texture_storage
    GL_ARB_texture_view
    GL_ARB_framebuffer_no_attachments
    GL_ARB_invalidate_subdata
    GL_ARB_texture_storage_multisample
    GL_ARB_multi_bind
    GL_ARB_direct_state_access
    GL_ARB_get_texture_sub_image
    GL_ARB_texture_filter_anisotropic
    GL_KHR_debug
    GL_KHR_parallel_shader_compile
    GL_NV_depth_buffer_float
Using driver workarounds:
    no-forward-compatible-core-context
    nv-egl-incorrect-gl11-function-pointers
    no-layout-qualifiers-on-old-glsl
    nv-zero-context-profile-mask
    nv-implementation-color-read-format-dsa-broken
    nv-cubemap-inconsistent-compressed-image-size
    nv-cubemap-broken-full-compressed-image-query
    nv-compressed-block-size-in-bits
[22:42:53:631787]:[Warning]:[Metadata] SceneDatasetAttributes.cpp(107)::addNewSceneInstanceToDataset : Dataset : 'default' : Lighting Layout Attributes 'no_lights' specified in Scene Attributes but does not exist in dataset, so creating default.
2026-09-18 22:43:05,092 - INFO - Simulator initialized!
2026-09-18 22:43:30,049 - INFO - HTTP Request: POST http://127.0.0.1:22447/v1/chat/completions "HTTP/1.1 200 OK"
2026-09-18 22:43:30,731 - INFO - --- Episode 63, Step 1/100 ---
2026-09-18 22:46:55,333 - INFO - HTTP Request: POST http://127.0.0.1:22447/v1/chat/completions "HTTP/1.1 200 OK"
2026-09-18 22:50:03,288 - INFO - HTTP Request: POST http://127.0.0.1:22447/v1/chat/completions "HTTP/1.1 200 OK"
2026-09-18 22:50:53,675 - INFO - HTTP Request: POST http://127.0.0.1:22447/v1/chat/completions "HTTP/1.1 200 OK"
```json
{
"movement": "I am currently facing the toilet inside the bathroom. The exit is visible to my left, leading into a hallway with a window at the end. I need to move towards that opening.",
"observation": {
    "front view": "I see the toilet directly ahead and a wooden door/wall structure to the left. There is a gap between them leading out of the bathroom.",
    "left view": "The exit doorway is clearly visible, showing a hallway with a window at the far end.",
    "right view": "The bathroom vanity and sink are to my right.",
    "map": "I am in the center of the bathroom. The exit is to the west (left on the map)."
},
"thought": "The instruction is to exit the bathroom. The path out is straight ahead but slightly to the left, between the wooden structure and the vanity/toilet area. I need to move forward through this gap.",
"stuck": false,
"plan": "Move forward out of the bathroom into the hallway. Once outside, I will turn right and look for a clock on the wall.",
"curr_step": "I am facing the exit path. Moving forward will take me out of the bathroom.",
"action": "F"
}
```
```json
{
"movement": "I am currently standing in the bathroom facing the gap between the wooden door/wall on the left and the vanity/toilet area on the right. This gap leads out of the bathroom into a hallway.",
"observation": {
    "front view": "A narrow path leading out of the bathroom, bounded by a wooden structure on the left and the vanity/toilet on the right.",
    "left view": "The sink and the doorway leading to a hallway with a window at the end.",
    "right view": "The toilet and towels hanging on the wall.",
    "map": "I am in the center of the bathroom. The exit is directly ahead/slightly left."
},
"thought": "The instruction is to exit the bathroom. The path out is clearly visible straight ahead through the gap between the wooden structure and the vanity/toilet. I need to move forward to leave the bathroom.",
"stuck": false,
"plan": "Move forward out of the bathroom into the hallway. Once outside, I will turn right as instructed and look for a clock on the wall.",
"curr_step": "I am facing the exit path. Moving forward will take me out of the bathroom.",
"action": "F"
}
```
Action: stop
waypoints: 7
skipped waypoints: edge 0,  distance 2,  no_path 2,  occlusion 1
```json
{
"observation": {
    "front view": "I see the gap between the wooden door/wall on the left and the vanity/toilet area on the right. This gap leads out of the bathroom into a hallway with a window at the end. Waypoint 1 is located just outside this doorway.",
    "left view": "The sink and the doorway leading to a hallway with a window at the end.",
    "right view": "The toilet and towels hanging on the wall.",
    "map": "I am in the center of the bathroom. The exit is directly ahead/slightly left, marked by waypoint 1."
},
"thought": "The instruction is to exit the bathroom. The path out is clearly visible straight ahead through the gap between the wooden structure and the vanity/toilet area. I need to move forward to leave the bathroom. Waypoint 1 is located just outside the door in the hallway.",
"stuck": false,
"plan": "Move forward towards waypoint 1 to exit the bathroom. Once outside in the hallway, I will turn right as instructed and look for a clock on the wall.",
"curr_step": "I am facing the exit path. Moving forward towards waypoint 1 will take me out of the bathroom.",
"action": "1"
}
```
Action: turn
Action: move_forward
Action: turn
Action: move_forward
Action: null
Action: turn
waypoints: 13
skipped waypoints: edge 0,  distance 8,  no_path 3,  occlusion 1
```json
{
"movement": "I have exited the bathroom and turned right into the hallway. I am now facing down the hallway with a rug on the floor and an archway further ahead.",
"observation": {
    "front view": "A hallway extending forward through an archway. There is a painting on the right wall and a window/curtain area to the left.",
    "left view": "A large window with curtains.",
    "right view": "The bathroom door I just exited, and another doorway further down with a painting above it.",
    "map": "I am in the hallway near the bathroom exit. The path leads forward through an archway."
},
"thought": "I have successfully exited the bathroom and turned right as instructed. Now I need to keep walking down this hallway to find a clock on the wall. The path ahead is clear.",
"stuck": false,
"plan": "Walk forward down the hallway towards the archway. Look for a clock on the wall along the way. Once found, prepare to make a hard left into a bedroom.",
"curr_step": "I am facing the correct direction (down the hallway). I need to move forward to find the clock.",
"action": "1"
}
```
Action: turn
Action: move_forward
Action: null
Action: turn
waypoints: 15
skipped waypoints: edge 0,  distance 8,  no_path 2,  occlusion 5
```json
{
"movement": "I have moved into the hallway and am facing down it. To my left are windows with curtains, and to my right is a wall with a large framed picture. The hallway continues straight ahead through an archway.",
"observation": {
    "front view": "The hallway extends forward with a rug on the floor. An archway is visible further ahead. There are no numbered waypoints immediately visible in this specific frame, but the path is clear.",
    "left view": "Windows covered by long curtains.",
    "right view": "A large framed picture hanging on the wall.",
    "map": "I am positioned on the hallway near a carpet area. The path continues straight ahead (North) towards an upper level."
},
"thought": "I have exited the bathroom and turned right into the hallway as instructed. I am now walking down the hallway looking for a clock on the wall. I haven't seen a clock yet in the immediate vicinity (left view shows windows, right view shows a picture). The path forward is clear through the archway.",
"stuck": false,
"plan": "Continue walking straight down the hallway towards the archway to find the clock mentioned in the instructions.",
"curr_step": "I am facing the correct direction. I need to move further down the hall to locate the clock.",
"action": "F"
}
```


Action: stop
['Go forward and make a left to the bottom of the stairs.', 'Head up the steps and go left to head up the second set of steps.', 'Wait near the stair landing.']
Initialized data for new floor level: 0
Switching pcds to floor level: 0
Initialized data for new floor level: 0
Switching pcds to floor level: 0
Initialized data for new floor level: 0
Switching pcds to floor level: 0
[StairDetect] normals=0.0026s, cpu=0.0003s, cluster=0.0361s, loop=0.0193s, total=0.0632s
waypoints: 2
skipped waypoints: edge 0,  distance 0,  no_path 0,  occlusion 0


2026-09-18 22:50:54,421 - INFO - --- Episode 63, Step 2/100 ---
2026-09-18 22:50:55,115 - INFO - --- Episode 63, Step 3/100 ---
2026-09-18 22:50:55,694 - INFO - --- Episode 63, Step 4/100 ---
2026-09-18 22:50:56,427 - INFO - --- Episode 63, Step 5/100 ---
2026-09-18 22:50:57,002 - INFO - --- Episode 63, Step 6/100 ---
2026-09-18 22:50:57,658 - INFO - --- Episode 63, Step 7/100 ---
2026-09-18 22:50:58,220 - INFO - --- Episode 63, Step 8/100 ---
2026-09-18 22:50:58,917 - INFO - --- Episode 63, Step 9/100 ---
2026-09-18 22:50:59,701 - INFO - --- Episode 63, Step 10/100 ---
2026-09-18 22:51:00,296 - INFO - --- Episode 63, Step 11/100 ---
2026-09-18 22:51:00,808 - INFO - --- Episode 63, Step 12/100 ---
2026-09-18 22:51:01,455 - INFO - --- Episode 63, Step 13/100 ---
2026-09-18 22:51:02,052 - INFO - --- Episode 63, Step 14/100 ---
2026-09-18 22:51:03,110 - INFO - --- Episode 63, Step 15/100 ---
2026-09-18 22:52:44,348 - INFO - HTTP Request: POST http://127.0.0.1:22447/v1/chat/completions "HTTP/1.1 200 OK"
2026-09-18 22:54:03,849 - INFO - HTTP Request: POST http://127.0.0.1:22447/v1/chat/completions "HTTP/1.1 200 OK"
2026-09-18 22:55:02,411 - INFO - HTTP Request: POST http://127.0.0.1:22447/v1/chat/completions "HTTP/1.1 200 OK"
2026-09-18 22:55:03,052 - INFO - --- Episode 63, Step 16/100 ---
2026-09-18 22:55:54,885 - INFO - HTTP Request: POST http://127.0.0.1:22447/v1/chat/completions "HTTP/1.1 200 OK"
2026-09-18 22:55:56,288 - INFO - --- Episode 63, Step 17/100 ---
2026-09-18 22:55:58,007 - INFO - --- Episode 63, Step 18/100 ---
2026-09-18 22:56:00,007 - INFO - --- Episode 63, Step 19/100 ---
2026-09-18 22:56:01,238 - INFO - --- Episode 63, Step 20/100 ---
2026-09-18 22:56:02,695 - INFO - --- Episode 63, Step 21/100 ---
2026-09-18 22:56:04,853 - INFO - --- Episode 63, Step 22/100 ---
2026-09-18 22:56:06,026 - INFO - --- Episode 63, Step 23/100 ---
2026-09-18 22:56:43,245 - INFO - HTTP Request: POST http://127.0.0.1:22447/v1/chat/completions "HTTP/1.1 200 OK"
2026-09-18 22:57:12,838 - INFO - HTTP Request: POST http://127.0.0.1:22447/v1/chat/completions "HTTP/1.1 200 OK"
2026-09-18 22:57:34,268 - INFO - HTTP Request: POST http://127.0.0.1:22447/v1/chat/completions "HTTP/1.1 200 OK"
 28%|██▊       | 14/50 [2:46:08<6:48:42, 681.17s/it]Renderer: NVIDIA GeForce RTX 4090/PCIe/SSE2 by NVIDIA Corporation
OpenGL version: 4.6.0 NVIDIA 590.48.01
Using optional features:
    GL_ARB_vertex_array_object
    GL_ARB_separate_shader_objects
    GL_ARB_robustness
    GL_ARB_texture_storage
    GL_ARB_texture_view
    GL_ARB_framebuffer_no_attachments
    GL_ARB_invalidate_subdata
    GL_ARB_texture_storage_multisample
    GL_ARB_multi_bind
    GL_ARB_direct_state_access
    GL_ARB_get_texture_sub_image
    GL_ARB_texture_filter_anisotropic
    GL_KHR_debug
    GL_KHR_parallel_shader_compile
    GL_NV_depth_buffer_float
Using driver workarounds:
    no-forward-compatible-core-context
    nv-egl-incorrect-gl11-function-pointers
    no-layout-qualifiers-on-old-glsl
    nv-zero-context-profile-mask
    nv-implementation-color-read-format-dsa-broken
    nv-cubemap-inconsistent-compressed-image-size
    nv-cubemap-broken-full-compressed-image-query
    nv-compressed-block-size-in-bits
[22:57:36:279859]:[Warning]:[Metadata] SceneDatasetAttributes.cpp(107)::addNewSceneInstanceToDataset : Dataset : 'default' : Lighting Layout Attributes 'no_lights' specified in Scene Attributes but does not exist in dataset, so creating default.
2026-09-18 22:57:47,083 - INFO - Simulator initialized!
2026-09-18 22:58:15,516 - INFO - HTTP Request: POST http://127.0.0.1:22447/v1/chat/completions "HTTP/1.1 200 OK"
2026-09-18 22:58:16,058 - INFO - --- Episode 64, Step 1/100 ---
2026-09-18 23:01:42,236 - INFO - HTTP Request: POST http://127.0.0.1:22447/v1/chat/completions "HTTP/1.1 200 OK"
2026-09-18 23:04:51,317 - INFO - HTTP Request: POST http://127.0.0.1:22447/v1/chat/completions "HTTP/1.1 200 OK"
2026-09-18 23:07:39,554 - INFO - HTTP Request: POST http://127.0.0.1:22447/v1/chat/completions "HTTP/1.1 200 OK"
2026-09-18 23:07:40,156 - INFO - --- Episode 64, Step 2/100 ---
2026-09-18 23:10:08,497 - INFO - HTTP Request: POST http://127.0.0.1:22447/v1/chat/completions "HTTP/1.1 200 OK"
2026-09-18 23:12:16,985 - INFO - HTTP Request: POST http://127.0.0.1:22447/v1/chat/completions "HTTP/1.1 200 OK"
2026-09-18 23:13:46,287 - INFO - HTTP Request: POST http://127.0.0.1:22447/v1/chat/completions "HTTP/1.1 200 OK"
```json
{
"movement": "I am currently at the top of a staircase looking down. The front view shows the stairs leading down to an outdoor area with greenery visible through an opening. To my left is a wall with hieroglyphs. To my right is a plain wall. The map indicates I am facing downwards towards waypoints 1 and 2 at the bottom of the stairs.",
"observation": {
    "front view": "A set of stone stairs leading down to an opening that reveals an outdoor area with trees and greenery. There are two waypoints, 1 and 2, visible at the bottom near the opening.",
    "left view": "A wall covered in Egyptian-style hieroglyphs.",
    "right view": "A plain, light-colored wall.",
    "map": "The map shows my current position (blue triangle) at the top of a vertical path (the stairs). Waypoints 1 and 2 are located at the bottom of this path."
},
"thought": "The instruction is to 'Go forward and make a left to the bottom of the stairs.' I am currently facing the stairs directly. This implies that 'Go forward' means to descend these stairs. Once at the bottom, I will need to make a left turn. The map shows waypoints 1 and 2 at the bottom of the stairs. Since the instruction mentions making a left, aiming for waypoint 2 (which is on the left side of the opening) seems appropriate as it positions me closer to the left side where I might need to turn or proceed.",
"stuck": false,
"plan": "Descend the stairs by moving forward towards the bottom. Once at the bottom near waypoints 1 and 2, I will look to make a left turn as instructed.",
"curr_step": "I am at the top of the stairs. The next subtask is to go down them. Waypoint 2 is located at the bottom left of the stair landing, which aligns with the direction of travel (down) and potentially the subsequent left turn.",
"action": 2
}
```
Calculated floor height difference: 3.36m
[StairDetect] normals=0.0029s, cpu=0.0002s, cluster=0.0377s, loop=0.0252s, total=0.0714s
Action: turn
--- Height change stabilized. Height diff: -0.51, On platform: True, Metrics: {'inlier_count': 3552, 'local_count': 26712, 'support_ratio': 0.13297394428972095, 'vertical_score': 1.0, 'plane_height_mean': -1.765045166015625, 'agent_z': -1.7077098608016967, 'vertical_diff': 0.05733530521392827, 'area_xy': 1.9007999999999998, 'radius_est': 0.7778453777314288, 'z_std': 0.034313447773456573, 'occupied_cells': 132, 'bottom_height_tolerance': 0.1}
---!Floor change detected. From level 0 to -1.
Saving data for floor level: 0
Initialized data for new floor level: -1
Switching pcds to floor level: -1
!Switched to floor level: -1
Updated floor height: -1.57, ceiling height: 0.23, height diff: -0.51
[StairDetect] normals=0.0028s, cpu=0.0002s, cluster=0.0345s, loop=0.0031s, total=0.0439s
Action: move_forward
[StairDetect] normals=0.0032s, cpu=0.0002s, cluster=0.0362s, loop=0.0031s, total=0.0463s
Action: turn
[StairDetect] normals=0.0036s, cpu=0.0003s, cluster=0.0383s, loop=0.0020s, total=0.0477s
Action: move_forward
[StairDetect] normals=0.0037s, cpu=0.0002s, cluster=0.0391s, loop=0.0019s, total=0.0485s
Action: turn
[StairDetect] normals=0.0041s, cpu=0.0002s, cluster=0.0429s, loop=0.0023s, total=0.0533s
Action: move_forward
[StairDetect] normals=0.0043s, cpu=0.0003s, cluster=0.0429s, loop=0.0023s, total=0.0537s
Action: turn
[StairDetect] normals=0.0041s, cpu=0.0003s, cluster=0.0435s, loop=0.0023s, total=0.0539s
Action: move_forward
[StairDetect] normals=0.0041s, cpu=0.0002s, cluster=0.0432s, loop=0.0023s, total=0.0537s
Action: move_forward
[StairDetect] normals=0.0041s, cpu=0.0002s, cluster=0.0427s, loop=0.0023s, total=0.0531s
Action: move_forward
[StairDetect] normals=0.0041s, cpu=0.0003s, cluster=0.0434s, loop=0.0023s, total=0.0540s
Action: move_forward
[StairDetect] normals=0.0041s, cpu=0.0003s, cluster=0.0427s, loop=0.0022s, total=0.0531s
Action: move_forward
[StairDetect] normals=0.0042s, cpu=0.0003s, cluster=0.0440s, loop=0.0022s, total=0.0547s
Action: move_forward
[StairDetect] normals=0.0041s, cpu=0.0003s, cluster=0.0435s, loop=0.0023s, total=0.0541s
Action: move_forward
detected agent stuck, last8 steps position changes: [0.0, 0.0, 0.0, 0.0, 0.0, 0.0, 0.0, 0.0]
waypoints: 1
skipped waypoints: edge 0,  distance 0,  no_path 0,  occlusion 0



[StairDetect] normals=0.0039s, cpu=0.0003s, cluster=0.0438s, loop=0.0024s, total=0.0544s
Action: stop
waypoints: 1
skipped waypoints: edge 0,  distance 0,  no_path 0,  occlusion 0
```json
{
"movement": "I am currently at the top of a staircase looking down. The front view shows the stairs leading down to an outdoor area with greenery visible through an opening. To my left is a wall with hieroglyphs. To my right is a plain wall. The map indicates I am facing downwards towards waypoint 1 at the bottom of the stairs.",
"observation": {
    "front view": "A set of stone stairs leading down to an opening that reveals an outdoor area with trees and greenery. There is a grate on the floor ahead near waypoint 1.",
    "left view": "A wall covered in Egyptian-style hieroglyphs.",
    "right view": "A plain, light-colored wall and a dark doorway/opening further down.",
    "map": "The map shows my current position (blue triangle) at the top of a vertical path (the stairs). Waypoint 1 is located at the bottom of this path."
},
"thought": "The instruction is to 'Go forward and make a left to the bottom of the stairs.' I am currently facing the stairs directly. This implies that 'Go forward' means to descend these stairs. Once at the bottom, I will need to make a left turn. The map shows waypoint 1 at the bottom of the stairs. Since the instruction mentions making a left, aiming for waypoint 1 (which is on the ground level) seems appropriate as it positions me at the bottom where I can then turn left.",
"stuck": false,
"plan": "Descend the stairs by moving forward towards waypoint 1 at the bottom. Once at the bottom, I will look to make a left turn as instructed for the next subtask.",
"curr_step": "I am at the top of the stairs. The next subtask is to go down them. Waypoint 1 is located at the bottom of the stair landing.",
"action": 1
}
```
[StairDetect] normals=0.0041s, cpu=0.0003s, cluster=0.0438s, loop=0.0023s, total=0.0544s
Action: turn
[StairDetect] normals=0.0043s, cpu=0.0003s, cluster=0.0422s, loop=0.0022s, total=0.0528s
Action: move_forward
[StairDetect] normals=0.0044s, cpu=0.0002s, cluster=0.0422s, loop=0.0023s, total=0.0529s
Action: move_forward
[StairDetect] normals=0.0043s, cpu=0.0003s, cluster=0.0422s, loop=0.0022s, total=0.0529s
Action: move_forward
[StairDetect] normals=0.0043s, cpu=0.0003s, cluster=0.0419s, loop=0.0022s, total=0.0526s
Action: move_forward
[StairDetect] normals=0.0045s, cpu=0.0002s, cluster=0.0422s, loop=0.0022s, total=0.0529s
Action: move_forward
[StairDetect] normals=0.0045s, cpu=0.0003s, cluster=0.0423s, loop=0.0024s, total=0.0535s
Action: move_forward
detected agent stuck, last8 steps position changes: [0.0, 0.0, 0.0, 0.0, 0.0, 0.0, 0.0, 0.0]
waypoints: 1
skipped waypoints: edge 0,  distance 0,  no_path 0,  occlusion 0



[StairDetect] normals=0.0041s, cpu=0.0002s, cluster=0.0426s, loop=0.0023s, total=0.0532s
Action: stop
['Turn around and walk past the heiroglypics picture.', 'Walk up the steps and when you get to the landing,', 'turn and continue up 3 more steps and then wait.']
Initialized data for new floor level: 0
Switching pcds to floor level: 0
Initialized data for new floor level: 0
Switching pcds to floor level: 0
Initialized data for new floor level: 0
Switching pcds to floor level: 0
[StairDetect] normals=0.0026s, cpu=0.0003s, cluster=0.0347s, loop=0.0185s, total=0.0603s
waypoints: 2
skipped waypoints: edge 0,  distance 0,  no_path 0,  occlusion 0



Calculated floor height difference: 3.36m
[StairDetect] normals=0.0027s, cpu=0.0002s, cluster=0.0355s, loop=0.0186s, total=0.0618s
Action: stop
waypoints: 2
skipped waypoints: edge 0,  distance 0,  no_path 0,  occlusion 0


2026-09-18 23:13:46,921 - INFO - --- Episode 64, Step 3/100 ---
2026-09-18 23:14:04,599 - INFO - HTTP Request: POST http://127.0.0.1:22447/v1/chat/completions "HTTP/1.1 200 OK"
2026-09-18 23:14:05,246 - INFO - --- Episode 64, Step 4/100 ---
2026-09-18 23:14:06,010 - INFO - --- Episode 64, Step 5/100 ---
2026-09-18 23:14:06,643 - INFO - --- Episode 64, Step 6/100 ---
2026-09-18 23:14:07,256 - INFO - --- Episode 64, Step 7/100 ---
2026-09-18 23:14:07,858 - INFO - --- Episode 64, Step 8/100 ---
2026-09-18 23:14:08,525 - INFO - --- Episode 64, Step 9/100 ---
2026-09-18 23:14:09,439 - INFO - --- Episode 64, Step 10/100 ---
2026-09-18 23:14:10,192 - INFO - --- Episode 64, Step 11/100 ---
2026-09-18 23:14:46,416 - INFO - HTTP Request: POST http://127.0.0.1:22447/v1/chat/completions "HTTP/1.1 200 OK"
2026-09-18 23:15:13,662 - INFO - HTTP Request: POST http://127.0.0.1:22447/v1/chat/completions "HTTP/1.1 200 OK"
2026-09-18 23:15:34,160 - INFO - HTTP Request: POST http://127.0.0.1:22447/v1/chat/completions "HTTP/1.1 200 OK"
 30%|███       | 15/50 [3:04:07<7:47:23, 801.23s/it]Renderer: NVIDIA GeForce RTX 4090/PCIe/SSE2 by NVIDIA Corporation
OpenGL version: 4.6.0 NVIDIA 590.48.01
Using optional features:
    GL_ARB_vertex_array_object
    GL_ARB_separate_shader_objects
    GL_ARB_robustness
    GL_ARB_texture_storage
    GL_ARB_texture_view
    GL_ARB_framebuffer_no_attachments
    GL_ARB_invalidate_subdata
    GL_ARB_texture_storage_multisample
    GL_ARB_multi_bind
    GL_ARB_direct_state_access
    GL_ARB_get_texture_sub_image
    GL_ARB_texture_filter_anisotropic
    GL_KHR_debug
    GL_KHR_parallel_shader_compile
    GL_NV_depth_buffer_float
Using driver workarounds:
    no-forward-compatible-core-context
    nv-egl-incorrect-gl11-function-pointers
    no-layout-qualifiers-on-old-glsl
    nv-zero-context-profile-mask
    nv-implementation-color-read-format-dsa-broken
    nv-cubemap-inconsistent-compressed-image-size
    nv-cubemap-broken-full-compressed-image-query
    nv-compressed-block-size-in-bits
[23:15:35:742985]:[Warning]:[Metadata] SceneDatasetAttributes.cpp(107)::addNewSceneInstanceToDataset : Dataset : 'default' : Lighting Layout Attributes 'no_lights' specified in Scene Attributes but does not exist in dataset, so creating default.
2026-09-18 23:15:46,609 - INFO - Simulator initialized!
2026-09-18 23:16:03,297 - INFO - HTTP Request: POST http://127.0.0.1:22447/v1/chat/completions "HTTP/1.1 200 OK"
2026-09-18 23:16:03,820 - INFO - --- Episode 65, Step 1/100 ---
2026-09-18 23:19:29,604 - INFO - HTTP Request: POST http://127.0.0.1:22447/v1/chat/completions "HTTP/1.1 200 OK"
2026-09-18 23:20:43,669 - INFO - HTTP Request: POST http://127.0.0.1:22447/v1/chat/completions "HTTP/1.1 200 OK"
2026-09-18 23:20:44,344 - INFO - --- Episode 65, Step 2/100 ---
```json
{
"movement": "I am currently facing down a staircase with hieroglyphics on the wall to my left. The map indicates that waypoints 1 and 2 are in the direction of 'F' (Front), which corresponds to the stairs going down. The instruction requires me to turn around, implying I need to face the opposite direction (towards 'B').",
"observation": {
    "front view": "I see a staircase leading down into a lower room with greenery visible through an opening. Hieroglyphics are carved on the wall to my left.",
    "left view": "A close-up of the wall with hieroglyphic carvings.",
    "right view": "A plain wall and the edge of the stairwell.",
    "map": "I am at a junction. Waypoints 1 and 2 are further 'up' on the map (towards F), which corresponds to the direction I am currently facing (down the stairs). The direction 'B' is behind me."
},
"thought": "The instruction says 'Turn around and walk past the heiroglypics picture.' Currently, I am facing down the stairs (towards F/1/2). The hieroglyphics are on my left. To 'turn around', I need to face 180 degrees away from the stairs going down, which is towards B. This will put the hieroglyphics on my right as I walk back up/past them. Then I can proceed to 'Walk up the steps' which are likely in the direction of B.",
"stuck": false,
"plan": "Turn around (B) to face the direction opposite to the stairs going down. Then move forward towards the stairs going up or the path leading away from the current stairwell.",
"curr_step": "I need to turn around to face the correct direction for the next part of the instruction. The action 'B' corresponds to turning around (180 degrees).",
"action": "B"
}
```
[StairDetect] normals=0.0027s, cpu=0.0003s, cluster=0.0355s, loop=0.0188s, total=0.0620s
Action: turn
waypoints: 18
skipped waypoints: edge 0,  distance 8,  no_path 2,  occlusion 2
```json
{
"observation": {
    "front view": "I see a hallway leading forward with waypoints 1 and 2 ahead. To my right, there is a large wall covered in hieroglyphics. Further ahead, there are stairs going down (waypoint 3).",
    "left view": "A wall and some debris or objects on the floor to the left.",
    "right view": "A close-up of the hieroglyphic wall and the top of a staircase leading down.",
    "map": "I am near the start point. The path ahead leads towards waypoints 1, 2, and 3. Waypoints 4, 6 are further up/left."
},
"thought": "I have turned around as instructed. Now I see the hieroglyphics on my right wall. The instruction is to 'walk past the heiroglypics picture'. Walking forward towards waypoints 1 and 2 will take me along this wall, effectively walking past it. I need to proceed down this path.",
"stuck": false,
"plan": "Move forward along the path towards waypoint 1 to walk past the hieroglyphics on the right wall.",
"curr_step": "I am currently facing the direction of the hieroglyphics (on my right) and the path ahead. I need to move forward to pass them. Waypoint 1 is a good target to start moving along this path.",
"action": 1
}
```
[StairDetect] normals=0.0030s, cpu=0.0002s, cluster=0.0366s, loop=0.0072s, total=0.0525s
Action: turn
--- Height change stabilized. Height diff: 0.23, On platform: True, Metrics: {'inlier_count': 1800, 'local_count': 20691, 'support_ratio': 0.08699434536334666, 'vertical_score': 1.0, 'plane_height_mean': -0.9632848501205444, 'agent_z': -0.9661968767642974, 'vertical_diff': 0.0029120266437530073, 'area_xy': 0.8783999999999998, 'radius_est': 0.5287753814464529, 'z_std': 0.042249131947755814, 'occupied_cells': 61, 'bottom_height_tolerance': 0.1}
--- No significant floor change. Height diff: 0.23, On platform: True, Metrics: {'inlier_count': 1800, 'local_count': 20691, 'support_ratio': 0.08699434536334666, 'vertical_score': 1.0, 'plane_height_mean': -0.9632848501205444, 'agent_z': -0.9661968767642974, 'vertical_diff': 0.0029120266437530073, 'area_xy': 0.8783999999999998, 'radius_est': 0.5287753814464529, 'z_std': 0.042249131947755814, 'occupied_cells': 61, 'bottom_height_tolerance': 0.1}
Updated floor height: -0.77, ceiling height: 1.03
[StairDetect] normals=0.0034s, cpu=0.0003s, cluster=0.0453s, loop=0.0043s, total=0.0591s
Action: move_forward
[StairDetect] normals=0.0038s, cpu=0.0003s, cluster=0.0465s, loop=0.0030s, total=0.0590s
Action: turn
[StairDetect] normals=0.0043s, cpu=0.0003s, cluster=0.0539s, loop=0.0031s, total=0.0683s
Action: move_forward
[StairDetect] normals=0.0049s, cpu=0.0004s, cluster=0.0615s, loop=0.0031s, total=0.0779s
Action: move_forward
[StairDetect] normals=0.0051s, cpu=0.0003s, cluster=0.0614s, loop=0.0031s, total=0.0778s
Action: turn
--- Height change stabilized. Height diff: 0.15, On platform: True, Metrics: {'inlier_count': 1811, 'local_count': 24458, 'support_ratio': 0.07404530214759811, 'vertical_score': 1.0, 'plane_height_mean': -1.0108020305633545, 'agent_z': -1.047150683403015, 'vertical_diff': 0.0363486528396606, 'area_xy': 0.7631999999999999, 'radius_est': 0.4928834599938093, 'z_std': 0.04101163521409035, 'occupied_cells': 53, 'bottom_height_tolerance': 0.1}
--- No significant floor change. Height diff: 0.15, On platform: True, Metrics: {'inlier_count': 1811, 'local_count': 24458, 'support_ratio': 0.07404530214759811, 'vertical_score': 1.0, 'plane_height_mean': -1.0108020305633545, 'agent_z': -1.047150683403015, 'vertical_diff': 0.0363486528396606, 'area_xy': 0.7631999999999999, 'radius_est': 0.4928834599938093, 'z_std': 0.04101163521409035, 'occupied_cells': 53, 'bottom_height_tolerance': 0.1}
Updated floor height: -0.85, ceiling height: 0.95
[StairDetect] normals=0.0055s, cpu=0.0004s, cluster=0.0583s, loop=0.0066s, total=0.0813s
Action: move_forward
[StairDetect] normals=0.0054s, cpu=0.0004s, cluster=0.0569s, loop=0.0066s, total=0.0799s
Action: null
waypoints: 45
skipped waypoints: edge 1,  distance 25,  no_path 0,  occlusion 6
```json
{
"movement": "I have turned around and walked past the hieroglyphics picture (the large wooden panel on the right wall). I am now in a hallway with a rug on the floor. I need to find the steps to walk up as per the next part of the instruction.",
"observation": {
    "front view": "A hallway continues straight ahead with a rug on the floor. There is a radiator on the left wall and a doorway on the right. At the end of the hall, there is a wooden door.",
    "left view": "A staircase going down into a room with green walls and a bed is visible to the left.",
    "


[StairDetect] normals=0.0050s, cpu=0.0004s, cluster=0.0566s, loop=0.0069s, total=0.0794s
Action: stop
['Walk up the stairs.', 'Go up a few stairs across from the open door.']
Initialized data for new floor level: 0
Switching pcds to floor level: 0
Initialized data for new floor level: 0
Switching pcds to floor level: 0
Initialized data for new floor level: 0
Switching pcds to floor level: 0
[StairDetect] normals=0.0025s, cpu=0.0002s, cluster=0.0361s, loop=0.0191s, total=0.0625s
waypoints: 2
skipped waypoints: edge 0,  distance 0,  no_path 0,  occlusion 0

```json
{
    "movement": "I am standing at the bottom of a staircase looking up towards an open doorway with greenery outside. To my left is a wall with hieroglyphics.",
    "observation": {
        "front view": "Stairs going up towards an exit/doorway (labeled 1 and 2).",
        "left view": "Wall with hieroglyphics.",
        "right view": "Wall of the stairwell.",
        "map": "Path leads straight ahead towards '1' and '2'."
    },
    "thought": "The instruction is to 'Walk up the stairs'. I am currently at the bottom facing up the stairs. The destination for P1 is the top of these stairs, which corresponds to the area near waypoints 1 and 2. I need to move forward to climb them.",
    "stuck": false,
    "plan": "Move forward up the stairs towards the doorway at the top.",
    "curr_step": "Move forward towards waypoint 1.",
    "action": 1
}
```
Calculated floor height difference: 3.36m
[StairDetect] normals=0.0030s, cpu=0.0003s, cluster=0.0379s, loop=0.0252s, total=0.0717s
Action: turn
2026-09-18 23:20:44,906 - INFO - --- Episode 65, Step 3/100 ---
2026-09-18 23:20:45,539 - INFO - --- Episode 65, Step 4/100 ---
2026-09-18 23:20:46,259 - INFO - --- Episode 65, Step 5/100 ---
2026-09-18 23:20:46,828 - INFO - --- Episode 65, Step 6/100 ---
2026-09-18 23:20:47,472 - INFO - --- Episode 65, Step 7/100 ---
2026-09-18 23:20:48,074 - INFO - --- Episode 65, Step 8/100 ---
2026-09-18 23:20:48,756 - INFO - --- Episode 65, Step 9/100 ---
2026-09-18 23:20:49,541 - INFO - --- Episode 65, Step 10/100 ---
2026-09-18 23:20:50,170 - INFO - --- Episode 65, Step 11/100 ---
2026-09-18 23:20:50,765 - INFO - --- Episode 65, Step 12/100 ---
2026-09-18 23:20:51,336 - INFO - --- Episode 65, Step 13/100 ---
2026-09-18 23:20:51,935 - INFO - --- Episode 65, Step 14/100 ---
2026-09-18 23:20:52,849 - INFO - --- Episode 65, Step 15/100 ---
2026-09-18 23:21:29,405 - INFO - HTTP Request: POST http://127.0.0.1:22447/v1/chat/completions "HTTP/1.1 200 OK"
2026-09-18 23:21:30,512 - INFO - --- Episode 65, Step 16/100 ---
2026-09-18 23:23:58,877 - INFO - HTTP Request: POST http://127.0.0.1:22447/v1/chat/completions "HTTP/1.1 200 OK"
2026-09-18 23:26:09,660 - INFO - HTTP Request: POST http://127.0.0.1:22447/v1/chat/completions "HTTP/1.1 200 OK"
2026-09-18 23:26:43,118 - INFO - HTTP Request: POST http://127.0.0.1:22447/v1/chat/completions "HTTP/1.1 200 OK"
2026-09-18 23:26:43,786 - INFO - --- Episode 65, Step 17/100 ---
2026-09-18 23:26:44,412 - INFO - --- Episode 65, Step 18/100 ---
2026-09-18 23:26:45,689 - INFO - --- Episode 65, Step 19/100 ---
2026-09-18 23:26:46,845 - INFO - --- Episode 65, Step 20/100 ---
2026-09-18 23:26:47,788 - INFO - --- Episode 65, Step 21/100 ---
2026-09-18 23:26:48,779 - INFO - --- Episode 65, Step 22/100 ---
2026-09-18 23:26:49,288 - INFO - --- Episode 65, Step 23/100 ---
2026-09-18 23:27:12,140 - INFO - HTTP Request: POST http://127.0.0.1:22447/v1/chat/completions "HTTP/1.1 200 OK"
2026-09-18 23:27:12,849 - INFO - --- Episode 65, Step 24/100 ---
2026-09-18 23:27:30,073 - INFO - HTTP Request: POST http://127.0.0.1:22447/v1/chat/completions "HTTP/1.1 200 OK"
--- Height change stabilized. Height diff: -0.51, On platform: True, Metrics: {'inlier_count': 3552, 'local_count': 26712, 'support_ratio': 0.13297394428972095, 'vertical_score': 1.0, 'plane_height_mean': -1.7650452852249146, 'agent_z': -1.7077098608016967, 'vertical_diff': 0.05733542442321782, 'area_xy': 1.9007999999999998, 'radius_est': 0.7778453777314288, 'z_std': 0.034313444048166275, 'occupied_cells': 132, 'bottom_height_tolerance': 0.1}
---!Floor change detected. From level 0 to -1.
Saving data for floor level: 0
Initialized data for new floor level: -1
Switching pcds to floor level: -1
!Switched to floor level: -1
Updated floor height: -1.57, ceiling height: 0.23, height diff: -0.51
[StairDetect] normals=0.0028s, cpu=0.0002s, cluster=0.0349s, loop=0.0031s, total=0.0442s
Action: move_forward
[StairDetect] normals=0.0030s, cpu=0.0002s, cluster=0.0358s, loop=0.0031s, total=0.0456s
Action: turn
[StairDetect] normals=0.0035s, cpu=0.0002s, cluster=0.0383s, loop=0.0020s, total=0.0476s
Action: move_forward
[StairDetect] normals=0.0037s, cpu=0.0002s, cluster=0.0385s, loop=0.0019s, total=0.0479s
Action: turn
[StairDetect] normals=0.0042s, cpu=0.0003s, cluster=0.0432s, loop=0.0023s, total=0.0541s
Action: move_forward
[StairDetect] normals=0.0041s, cpu=0.0003s, cluster=0.0424s, loop=0.0023s, total=0.0529s
Action: turn
[StairDetect] normals=0.0042s, cpu=0.0003s, cluster=0.0427s, loop=0.0023s, total=0.0534s
Action: move_forward
[StairDetect] normals=0.0042s, cpu=0.0003s, cluster=0.0426s, loop=0.0023s, total=0.0531s
Action: move_forward
[StairDetect] normals=0.0041s, cpu=0.0003s, cluster=0.0451s, loop=0.0023s, total=0.0557s
Action: move_forward
[StairDetect] normals=0.0041s, cpu=0.0003s, cluster=0.0432s, loop=0.0022s, total=0.0537s
Action: move_forward
[StairDetect] normals=0.0042s, cpu=0.0003s, cluster=0.0432s, loop=0.0024s, total=0.0539s
Action: move_forward
[StairDetect] normals=0.0042s, cpu=0.0003s, cluster=0.0436s, loop=0.0023s, total=0.0543s
Action: move_forward
[StairDetect] normals=0.0041s, cpu=0.0003s, cluster=0.0432s, loop=0.0023s, total=0.0539s
Action: move_forward
detected agent stuck, last8 steps position changes: [0.0, 0.0, 0.0, 0.0, 0.0, 0.0, 0.0, 0.0]
waypoints: 1
skipped waypoints: edge 0,  distance 0,  no_path 0,  occlusion 0
```json
{
    "movement": "I have climbed the stairs and reached the landing at the top, which features a metal grate on the floor and an opening leading to an outdoor area with greenery.",
    "observation": {
        "front view": "A narrow passage with a metal grate on the floor leading towards an open doorway. To the left is a ruined wall with vegetation. To the right is a white wall. Waypoint '1' is visible on the ground near the grate.",
        "left view": "A ruined wall with vegetation and debris.",
        "right view": "A white wall of the stairwell/structure.",
        "map": "I am at waypoint '1' (labeled 'carpet'), which is the top of the stairs shown in the map. The path continues forward towards '2'."
    },
    "thought": "I have successfully walked up the stairs and reached the top platform (waypoint 1) as indicated by the map and visual landmarks. The instruction for P1 is complete. I am now positioned to look for the next subtask, which involves going up stairs across from an open door.",
    "stuck": false,
    "plan": "Complete subtask P1. Then proceed towards the open door ahead to find the stairs mentioned in P2.",
    "curr_step": "P1 is completed as I have reached the top platform (waypoint 1).",
    "action": -1
}
```
[StairDetect] normals=0.0038s, cpu=0.0002s, cluster=0.0434s, loop=0.0023s, total=0.0537s
Action: pause
waypoints: 1
skipped waypoints: edge 0,  distance 0,  no_path 0,  occlusion 0


```json
{
    "movement": "I have reached the top of the first set of stairs (waypoint 1) and am standing on a landing with a metal grate on the floor. To my right is a dark doorway/opening. Straight ahead is an opening (labeled B) leading to an outdoor area with greenery.",
    "observation": {
        "front view": "A path leading through an opening (B) towards greenery. There is a metal grate on the floor in front of me. To the right is a dark door frame.",
        "left view": "A wall with hieroglyphics and vegetation.",
        "right view": "A dark doorway/opening and wooden floorboards.",
        "map": "I am at waypoint '1' (labeled 'carpet'). The path continues forward towards waypoint '2'."
    },
    "thought": "I have completed P1. Now I need to do P2: 'Go up a few stairs across from the open door.' The dark doorway is to my right. Across from it is the path leading straight ahead through opening B. I can see what looks like stone steps or a path going up in the distance through that opening. I should move forward towards that area.",
    "stuck": false,
    "plan": "Move forward through the opening B towards the stairs visible in the distance.",
    "curr_step": "Move forward towards the opening B.",
    "action": 1
}
```
[StairDetect] normals=0.0041s, cpu=0.0002s, cluster=0.0459s, loop=0.0026s, total=0.0568s
Action: turn
[StairDetect] normals=0.0040s, cpu=0.0003s, cluster=0.0421s, loop=0.0022s, total=0.0525s
Action: move_forward
[StairDetect] normals=0.0045s, cpu=0.0002s, cluster=0.0435s, loop=0.0022s, total=0.0543s
Action: move_forward
[StairDetect] normals=0.0044s, cpu=0.0002s, cluster=0.0469s, loop=0.0024s, total=0.0579s
Action: move_forward
[StairDetect] normals=0.0044s, cpu=0.0003s, cluster=0.0429s, loop=0.0023s, total=0.0539s
Action: move_forward
[StairDetect] normals=0.0044s, cpu=0.0003s, cluster=0.0418s, loop=0.0022s, total=0.0525s
Action: move_forward
[StairDetect] normals=0.0045s, cpu=0.0002s, cluster=0.0420s, loop=0.0022s, total=0.0529s
Action: move_forward
detected agent stuck, last8 steps position changes: [0.0, 0.0, 0.0, 0.0, 0.0, 0.0, 0.0, 0.0]
waypoints: 1
skipped waypoints: edge 0,  distance 0,  no_path 0,  occlusion 0
```json
{
    "movement": "I have reached the top of the first set of stairs (waypoint 1) and am standing on a landing with a metal grate on the floor. To my right is a dark doorway/opening. Straight ahead is an opening (labeled B) leading to an outdoor area with greenery.",
    "observation": {
        "front view": "A path leading through an opening (B) towards greenery. There is a metal grate on the floor in front of me. To the right is a dark door frame.",
        "left view": "A wall with hieroglyphics and vegetation.",
        "right view": "A dark doorway/opening and wooden floorboards.",
        "map": "I am at waypoint '1' (labeled 'carpet'). The path continues forward towards waypoint 'B'."
    },
    "thought": "I have completed P1. Now I need to do P2: 'Go up a few stairs across from the open door.' The dark doorway is to my right. Across from it is the path leading straight ahead through opening B. I can see what looks like stone steps or a path going up in the distance through that opening. I should move forward towards that area.",
    "stuck": false,
    "plan": "Move forward through the opening B towards the stairs visible in the distance.",
    "curr_step": "Move forward towards the opening B.",
    "action": "B"
}
```
[StairDetect] normals=0.0040s, cpu=0.0002s, cluster=0.0425s, loop=0.0024s, total=0.0532s
Action: turn
waypoints: 5
skipped waypoints: edge 0,  distance 0,  no_path 1,  occlusion 2
2026-09-18 23:27:31,250 - INFO - --- Episode 65, Step 25/100 ---
 32%|███▏      | 16/50 [3:16:05<7:19:51, 776.21s/it]Renderer: NVIDIA GeForce RTX 4090/PCIe/SSE2 by NVIDIA Corporation
OpenGL version: 4.6.0 NVIDIA 590.48.01
Using optional features:
    GL_ARB_vertex_array_object
    GL_ARB_separate_shader_objects
    GL_ARB_robustness
    GL_ARB_texture_storage
    GL_ARB_texture_view
    GL_ARB_framebuffer_no_attachments
    GL_ARB_invalidate_subdata
    GL_ARB_texture_storage_multisample
    GL_ARB_multi_bind
    GL_ARB_direct_state_access
    GL_ARB_get_texture_sub_image
    GL_ARB_texture_filter_anisotropic
    GL_KHR_debug
    GL_KHR_parallel_shader_compile
    GL_NV_depth_buffer_float
Using driver workarounds:
    no-forward-compatible-core-context
    nv-egl-incorrect-gl11-function-pointers
    no-layout-qualifiers-on-old-glsl
    nv-zero-context-profile-mask
    nv-implementation-color-read-format-dsa-broken
    nv-cubemap-inconsistent-compressed-image-size
    nv-cubemap-broken-full-compressed-image-query
    nv-compressed-block-size-in-bits
[23:27:33:857261]:[Warning]:[Metadata] SceneDatasetAttributes.cpp(107)::addNewSceneInstanceToDataset : Dataset : 'default' : Lighting Layout Attributes 'no_lights' specified in Scene Attributes but does not exist in dataset, so creating default.
2026-09-18 23:27:46,653 - INFO - Simulator initialized!
2026-09-18 23:28:20,688 - INFO - HTTP Request: POST http://127.0.0.1:22447/v1/chat/completions "HTTP/1.1 200 OK"
2026-09-18 23:28:23,026 - INFO - --- Episode 66, Step 1/100 ---
2026-09-18 23:29:19,766 - INFO - HTTP Request: POST http://127.0.0.1:22447/v1/chat/completions "HTTP/1.1 200 OK"
2026-09-18 23:29:24,689 - INFO - --- Episode 66, Step 2/100 ---
2026-09-18 23:29:57,446 - INFO - HTTP Request: POST http://127.0.0.1:22447/v1/chat/completions "HTTP/1.1 200 OK"
2026-09-18 23:29:58,572 - INFO - --- Episode 66, Step 3/100 ---
2026-09-18 23:29:59,555 - INFO - --- Episode 66, Step 4/100 ---
2026-09-18 23:30:01,112 - INFO - --- Episode 66, Step 5/100 ---
2026-09-18 23:30:02,678 - INFO - --- Episode 66, Step 6/100 ---
2026-09-18 23:30:04,052 - INFO - --- Episode 66, Step 7/100 ---
2026-09-18 23:30:05,029 - INFO - --- Episode 66, Step 8/100 ---
2026-09-18 23:30:05,970 - INFO - --- Episode 66, Step 9/100 ---
2026-09-18 23:30:07,107 - INFO - --- Episode 66, Step 10/100 ---
2026-09-18 23:30:08,080 - INFO - --- Episode 66, Step 11/100 ---
2026-09-18 23:30:51,771 - INFO - HTTP Request: POST http://127.0.0.1:22447/v1/chat/completions "HTTP/1.1 200 OK"
2026-09-18 23:30:52,537 - INFO - --- Episode 66, Step 12/100 ---
2026-09-18 23:31:04,906 - INFO - HTTP Request: POST http://127.0.0.1:22447/v1/chat/completions "HTTP/1.1 200 OK"
```json
{
    "movement": "I have moved from the landing with the metal grate towards the base of the next set of stairs.",
    "observation": {
        "front view": "A narrow passage leading to a short flight of stairs labeled '2'. Above the stairs is a hallway/landing labeled 'B'. To the right is a wall with hieroglyphics.",
        "left view": "A wall and the side of the stairwell.",
        "right view": "A wall with hieroglyphics and an open doorway leading outside (visible in previous frames).",
        "map": "I am near waypoint 'carpet' and '1'. The path leads up towards waypoint '2'."
    },
    "thought": "The instruction is to 'Go up a few stairs across from the open door.' I see a set of stairs labeled '2' directly ahead. This matches the description of going up stairs. I need to climb these stairs.",
    "stuck": false,
    "plan": "Move forward and up the stairs labeled '2'.",
    "curr_step": "Move towards waypoint 2.",
    "action": 2
}
```
[StairDetect] normals=0.0039s, cpu=0.0002s, cluster=0.0430s, loop=0.0023s, total=0.0535s
Action: turn
[StairDetect] normals=0.0042s, cpu=0.0002s, cluster=0.0434s, loop=0.0024s, total=0.0542s
Action: stop
['Face the walkway with a kitchen counter with bar stools on the right and large windows on the other side', 'walk past them towards a large dining table  Turn to the sitting area and stop.']
Initialized data for new floor level: 0
Switching pcds to floor level: 0
Initialized data for new floor level: 0
Switching pcds to floor level: 0
Initialized data for new floor level: 0
Switching pcds to floor level: 0
[StairDetect] normals=0.0051s, cpu=0.0003s, cluster=0.0376s, loop=0.0173s, total=0.0727s
waypoints: 65
skipped waypoints: edge 3,  distance 40,  no_path 0,  occlusion 5
```json
{
"movement": "I am currently facing a wall/corner area with a pillar in front of me. To my right, there is a large open space leading into a kitchen area. The instruction requires me to face a walkway with a kitchen counter on the right and large windows on the other side (left). Looking at the Right View, I can see exactly this scene: a long corridor/walkway with glass doors/windows on the left and a counter with bar stools on the right. This view corresponds to a direction roughly 90 degrees to my right.",
"observation": {
    "front view": "I see a wall corner with a pillar. To the left is a hallway leading to a bedroom (arched doorway). To the right of the pillar are large glass doors/windows. Further ahead/right is the kitchen area.",
    "left view": "A hallway leading to a bedroom with an arched doorway and pictures on the wall.",
    "right view": "A long walkway/corridor. On the left side are large glass doors/windows. On the right side is a kitchen counter with bar stools. This matches the description in the instruction perfectly.",
    "map": "I am at the START point. The path forward leads into the kitchen area. The map shows the layout of the house."
},
"thought": "The current task is to 'Face the walkway with a kitchen counter with bar stools on the right and large windows on the other side'. My current Front View shows the entrance to this area, but I am facing somewhat towards the wall/pillar. The Right View clearly shows the target walkway: windows on the left, counter on the right. To align myself with this walkway, I need to turn towards the direction shown in the Right View. Since the Right View is 90 degrees to my right, I need to turn Right.",
"stuck": false,
"plan": "Turn Right to face the kitchen walkway as described. Once facing it, I will be ready for the next subtask which involves walking past them towards a large dining table.",
"curr_step": "The current subtask P1 is to 'Face the walkway...'. I am currently not facing it directly. I need to turn Right to align with the walkway seen in the Right View.",
"action": "R"
}
```
Calculated floor height difference: 3.03m
Action: turn
waypoints: 32
skipped waypoints: edge 0,  distance 24,  no_path 0,  occlusion 2
```json
{
"movement": "I previously turned right to face the kitchen walkway. Now I am facing down the corridor with large windows on the left and a kitchen counter with bar stools on the right.",
"observation": {
    "front view": "I see the walkway extending forward. On the left are large glass doors/windows. On the right is a kitchen counter with bar stools. Further ahead is an archway leading to another room.",
    "left view": "Large glass doors/windows looking outside.",
    "right view": "Kitchen counter and bar stools along the wall.",
    "map": "I am at the start of the walkway. Waypoint 5 is directly ahead in the middle of the path."
},
"thought": "I have successfully oriented myself to face the walkway described in P1 (kitchen counter on right, windows on left). To complete the positioning for this subtask and prepare for the next subtask (walking past them), I need to move forward into the walkway. Waypoint 5 is located in the center of this path.",
"stuck": false,
"plan": "Move forward into the walkway towards waypoint 5 to align with the path between the counter and the windows.",
"curr_step": "P1 requires facing the walkway. I am currently facing it. Moving forward to waypoint 5 will place me correctly in the walkway to proceed with P2.",
"action": 5
}
```
Action: turn
Action: move_forward
Action: turn
Action: move_forward
Action: move_forward
Action: turn
Action: move_forward
Action: null
Action: turn
waypoints: 20
skipped waypoints: edge 0,  distance 8,  no_path 2,  occlusion 6
```json
{
"movement": "I have turned right to align myself with the walkway. I am now facing down the corridor with large glass doors/windows on my left and a kitchen counter with bar stools on my right.",
"observation": {
    "front view": "A long walkway extending forward towards an archway. Through the archway, a dining area is visible.",
    "left view": "Large glass doors/windows along the wall.",
    "right view": "A long kitchen counter with bar stools.",
    "map": "I am positioned in the walkway next to the kitchen island (blue shape). Waypoints 2, 3, and 4 are ahead along the path."
},
"thought": "The current subtask P1 is to 'Face the walkway with a kitchen counter with bar stools on the right and large windows on the other side'. I have successfully oriented myself to face down this walkway, with the correct landmarks (counter on right, windows on left) in their respective positions. Therefore, the condition for P1 is met.",
"stuck": false,
"plan": "Complete subtask P1. The next subtask P2 is to 'walk past them towards a large dining table'. I will need to move forward down this walkway towards the archway visible in the front view.",
"curr_step": "P1 is completed as I am facing the correct direction with the specified landmarks.",
"action": -1
}
```
Action: pause
waypoints: 20
skipped waypoints: edge 0,  distance 8,  no_path 2,  occlusion 6
```json
{
"movement": "I have completed facing the walkway. Now I am moving forward along the walkway with the kitchen counter on my right and windows on my left, heading towards the archway where the dining table is visible.",
"observation": {
    "front view": "The walkway continues straight ahead towards an archway. Through the archway, a large dining table is visible in the distance. Waypoints 2, 3, and 4 are along this path.",
    "left view": "Large glass doors/windows along the wall.",
    "right view": "The kitchen counter with bar stools is on my right.",
    "map": "I am moving along the corridor next to the kitchen island (blue shape) towards the dining area."
},
"thought": "I am currently executing P2: 'walk past them towards a large dining table'. I am walking down the walkway with the counter on the right and windows on the left. The dining table is visible through the archway ahead. I need to continue moving forward to get closer to it before turning to the sitting area.",
"stuck": false,
"plan": "Move forward along the walkway towards the archway and the dining table. Waypoint 4 is a good target to reach the end of this corridor section.",
"curr_step": "I am in the middle of P2. I need to continue walking forward towards the dining table.",
"action": 4
}
```
Action: 2026-09-18 23:31:06,083 - INFO - --- Episode 66, Step 13/100 ---
2026-09-18 23:31:06,723 - INFO - --- Episode 66, Step 14/100 ---
2026-09-18 23:31:08,182 - INFO - --- Episode 66, Step 15/100 ---
2026-09-18 23:31:09,141 - INFO - --- Episode 66, Step 16/100 ---
2026-09-18 23:31:10,477 - INFO - --- Episode 66, Step 17/100 ---
2026-09-18 23:31:11,604 - INFO - --- Episode 66, Step 18/100 ---
2026-09-18 23:31:13,187 - INFO - --- Episode 66, Step 19/100 ---
2026-09-18 23:31:14,529 - INFO - --- Episode 66, Step 20/100 ---
2026-09-18 23:31:15,720 - INFO - --- Episode 66, Step 21/100 ---
2026-09-18 23:31:16,484 - INFO - --- Episode 66, Step 22/100 ---
2026-09-18 23:31:34,150 - INFO - HTTP Request: POST http://127.0.0.1:22447/v1/chat/completions "HTTP/1.1 200 OK"
2026-09-18 23:31:36,542 - INFO - --- Episode 66, Step 23/100 ---
2026-09-18 23:31:37,240 - INFO - --- Episode 66, Step 24/100 ---
2026-09-18 23:31:38,108 - INFO - --- Episode 66, Step 25/100 ---
2026-09-18 23:31:38,706 - INFO - --- Episode 66, Step 26/100 ---
2026-09-18 23:31:39,381 - INFO - --- Episode 66, Step 27/100 ---
2026-09-18 23:31:40,340 - INFO - --- Episode 66, Step 28/100 ---
2026-09-18 23:31:41,735 - INFO - --- Episode 66, Step 29/100 ---
2026-09-18 23:31:58,643 - INFO - HTTP Request: POST http://127.0.0.1:22447/v1/chat/completions "HTTP/1.1 200 OK"
2026-09-18 23:32:00,078 - INFO - --- Episode 66, Step 30/100 ---
2026-09-18 23:32:00,902 - INFO - --- Episode 66, Step 31/100 ---
2026-09-18 23:32:02,300 - INFO - --- Episode 66, Step 32/100 ---
2026-09-18 23:32:03,163 - INFO - --- Episode 66, Step 33/100 ---
2026-09-18 23:32:03,953 - INFO - --- Episode 66, Step 34/100 ---
2026-09-18 23:33:01,506 - INFO - HTTP Request: POST http://127.0.0.1:22447/v1/chat/completions "HTTP/1.1 200 OK"
2026-09-18 23:33:02,418 - INFO - --- Episode 66, Step 35/100 ---
2026-09-18 23:33:37,748 - INFO - HTTP Request: POST http://127.0.0.1:22447/v1/chat/completions "HTTP/1.1 200 OK"
2026-09-18 23:33:38,399 - INFO - --- Episode 66, Step 36/100 ---
2026-09-18 23:34:03,839 - INFO - HTTP Request: POST http://127.0.0.1:22447/v1/chat/completions "HTTP/1.1 200 OK"
 34%|███▍      | 17/50 [3:22:38<6:03:34, 661.04s/it]Renderer: NVIDIA GeForce RTX 4090/PCIe/SSE2 by NVIDIA Corporation
OpenGL version: 4.6.0 NVIDIA 590.48.01
Using optional features:
    GL_ARB_vertex_array_object
    GL_ARB_separate_shader_objects
    GL_ARB_robustness
    GL_ARB_texture_storage
    GL_ARB_texture_view
    GL_ARB_framebuffer_no_attachments
    GL_ARB_invalidate_subdata
    GL_ARB_texture_storage_multisample
    GL_ARB_multi_bind
    GL_ARB_direct_state_access
    GL_ARB_get_texture_sub_image
    GL_ARB_texture_filter_anisotropic
    GL_KHR_debug
    GL_KHR_parallel_shader_compile
    GL_NV_depth_buffer_float
Using driver workarounds:
    no-forward-compatible-core-context
    nv-egl-incorrect-gl11-function-pointers
    no-layout-qualifiers-on-old-glsl
    nv-zero-context-profile-mask
    nv-implementation-color-read-format-dsa-broken
    nv-cubemap-inconsistent-compressed-image-size
    nv-cubemap-broken-full-compressed-image-query
    nv-compressed-block-size-in-bits
[23:34:07:046209]:[Warning]:[Metadata] SceneDatasetAttributes.cpp(107)::addNewSceneInstanceToDataset : Dataset : 'default' : Lighting Layout Attributes 'no_lights' specified in Scene Attributes but does not exist in dataset, so creating default.
2026-09-18 23:34:19,506 - INFO - Simulator initialized!
2026-09-18 23:34:36,457 - INFO - HTTP Request: POST http://127.0.0.1:22447/v1/chat/completions "HTTP/1.1 200 OK"
2026-09-18 23:34:37,158 - INFO - --- Episode 67, Step 1/100 ---
2026-09-18 23:35:11,471 - INFO - HTTP Request: POST http://127.0.0.1:22447/v1/chat/completions "HTTP/1.1 200 OK"
turn
Action: move_forward
Action: turn
Action: move_forward
Action: move_forward
Action: move_forward
Action: turn
Action: move_forward
Action: null
Action: turn
waypoints: 34
skipped waypoints: edge 0,  distance 18,  no_path 0,  occlusion 10
```json
{
"movement": "I have walked down the walkway with the kitchen counter on my right and windows on my left. I am now approaching the archway that leads to the dining area.",
"observation": {
    "front view": "An archway leading into a room with a large dining table. To the right is the end of the kitchen island/pillar.",
    "left view": "Large glass doors/windows along the wall.",
    "right view": "The kitchen island and stools are now to my right/behind.",
    "map": "I am near the entrance to the dining room, just past the kitchen area."
},
"thought": "I have completed walking past the main part of the counter. The instruction says 'walk past them towards a large dining table'. I am facing the dining table through the archway. I need to continue moving forward into that room.",
"stuck": false,
"plan": "Move forward through the archway towards the large dining table. Once there, I will look for the sitting area to turn towards.",
"curr_step": "I am in the process of walking towards the dining table. I need to enter the room.",
"action": 3
}
```
Action: turn
Action: move_forward
Action: turn
Action: move_forward
Action: turn
Action: move_forward
Action: null
waypoints: 16
skipped waypoints: edge 1,  distance 6,  no_path 0,  occlusion 2
```json
{
"movement": "I have walked down the walkway past the kitchen counter and windows. I am now at the entrance to the dining room, facing the large dining table.",
"observation": {
    "front view": "An opening into a dining room with a large wooden table and chairs. A painting is on the wall to the right of the opening.",
    "left view": "Large glass doors/windows along the wall.",
    "right view": "A wall corner and the edge of the kitchen area.",
    "map": "I am at the threshold of the dining room. Waypoints 1, 2, 3 are inside or near the entrance."
},
"thought": "The instruction is to 'walk past them towards a large dining table'. I am currently facing the dining table. I need to move forward into that room to get closer to it before looking for the sitting area.",
"stuck": false,
"plan": "Move forward into the dining room towards the table. Waypoint 1 is a good position to enter the room.",
"curr_step": "I am in P2. I need to approach the dining table.",
"action": 1
}
```
Action: turn
Action: move_forward
Action: turn
--- Height change stabilized. Height diff: -0.08, On platform: True, Metrics: {'inlier_count': 650, 'local_count': 35166, 'support_ratio': 0.018483762724834107, 'vertical_score': 1.0, 'plane_height_mean': -1.2637481689453125, 'agent_z': -1.2792801231145858, 'vertical_diff': 0.015531954169273332, 'area_xy': 0.27359999999999995, 'radius_est': 0.29510944556195606, 'z_std': 0.04480775073170662, 'occupied_cells': 19, 'bottom_height_tolerance': 0.1}
--- No significant floor change. Height diff: -0.08, On platform: True, Metrics: {'inlier_count': 650, 'local_count': 35166, 'support_ratio': 0.018483762724834107, 'vertical_score': 1.0, 'plane_height_mean': -1.2637481689453125, 'agent_z': -1.2792801231145858, 'vertical_diff': 0.015531954169273332, 'area_xy': 0.27359999999999995, 'radius_est': 0.29510944556195606, 'z_std': 0.04480775073170662, 'occupied_cells': 19, 'bottom_height_tolerance': 0.1}
Updated floor height: -1.08, ceiling height: 0.72
Action: move_forward
Action: null
waypoints: 48
skipped waypoints: edge 4,  distance 28,  no_path 1,  occlusion 6
```json
{
"movement": "I have walked down the walkway past the kitchen counter and windows, approaching the dining room entrance. I am now facing a wall/pillar between the dining room (left) and the hallway to the living room/sitting area (right).",
"observation": {
    "front view": "A wall with a painting directly ahead. To the left is an opening to a dining room with a large table. To the right is an archway leading to a hallway.",
    "left view": "The dining room with a large wooden table and chairs.",
    "right view": "An archway leading to a hallway with a fireplace and TV, which appears to be the sitting area.",
    "map": "I am at the junction near the dining room entrance. The sitting area is through the archway to the right."
},
"thought": "I have completed the walking part of P2 ('walk past them towards a large dining table'). I am now near the dining table. The next part of the instruction is 'Turn to the sitting area and stop.' The sitting area (living room with fireplace) is visible through the archway to my right. Therefore, I need to turn Right to face it.",
"stuck": false,
"plan": "Turn Right to face the sitting area (living room) as instructed.",
"curr_step": "I am in P2. I have walked towards the dining table. Now I need to turn to the sitting area.",
"action": "R"
}
```
Action: turn
waypoints: 41
skipped waypoints: edge 1,  distance 31,  no_path 1,  occlusion 2
```json
{
"movement": "I have walked down the walkway past the kitchen counter and windows, approaching the dining room entrance. I then turned right to face the hallway leading to the sitting area.",
"observation": {
    "front view": "A hallway leading to a sitting area with a fireplace and TV visible through an archway.",
    "left view": "The dining room with a large table is to my left.",
    "right view": "Large glass doors/windows are to my right.",
    "map": "I am at the junction between the dining room and the sitting area hallway. I am facing the sitting area."
},
"thought": "I have completed the instruction 'walk past them towards a large dining table' by walking down the walkway and reaching the dining room entrance. I have also completed 'Turn to the sitting area' by turning right to face the sitting area visible in the front view. The final part is 'and stop', which indicates the task is complete.",
"stuck": false,
"plan": "The subtask P2 is completed as I have reached the location near the dining table and turned to face the sitting area as instructed.",
"curr_step": "P2 is completed. I have walked past the counter/windows towards the dining table and turned to face the sitting area.",
"action": -1
}
```
Action: stop
waypoints: 41
skipped waypoints: edge 1,  distance 31,  no_path 1,  occlusion 2
```json
{
"movement": "I have walked down the walkway past the kitchen counter and windows, reaching the entrance of the dining room. I then turned right to face the hallway leading to the sitting area.",
"observation": {
    "front view": "A hallway leading to a sitting area with a fireplace and TV visible through an archway.",
    "left view": "The dining room with a large table is to my left.",
    "right view": "Large glass doors/windows are to my right.",
    "map": "I am at the junction between the dining room and the sitting area hallway. I am facing the sitting area."
},
"thought": "I have completed the instruction 'walk past them towards a large dining table' by walking down the walkway and reaching the dining room entrance. I have also completed 'Turn to the sitting area' by turning right to face the sitting area visible in the front view. The final part is 'and stop', which indicates the task is complete.",
"stuck": false,
"plan": "The subtask P2 is completed as I have reached the location near the dining table and turned to face the sitting area as instructed.",
"curr_step": "P2 is completed. I have walked past the counter/windows towards the dining table and turned to face the sitting area.",
"action": -1
}
```
Action: stop
['Walk straight past the kitchen area and bar stools until you reach a formal dining table.', 'Walk into the room with the sofa on the right and stop by the glass table.']
Initialized data for new floor level: 0
Switching pcds to floor level: 0
Initialized data for new floor level: 0
Switching pcds to floor level: 0
Initialized data for new floor level: 0
Switching pcds to floor level: 0
[StairDetect] normals=0.0048s, cpu=0.0004s, cluster=0.0380s, loop=0.0177s, total=0.0731s
waypoints: 65
skipped waypoints: edge 3,  distance 40,  no_path 0,  occlusion 5
2026-09-18 23:35:14,692 - INFO - --- Episode 67, Step 2/100 ---
2026-09-18 23:35:18,917 - INFO - --- Episode 67, Step 3/100 ---
2026-09-18 23:35:21,599 - INFO - --- Episode 67, Step 4/100 ---
2026-09-18 23:35:22,685 - INFO - --- Episode 67, Step 5/100 ---
2026-09-18 23:35:23,552 - INFO - --- Episode 67, Step 6/100 ---
2026-09-18 23:35:24,498 - INFO - --- Episode 67, Step 7/100 ---
2026-09-18 23:35:46,162 - INFO - HTTP Request: POST http://127.0.0.1:22447/v1/chat/completions "HTTP/1.1 200 OK"
2026-09-18 23:35:47,183 - INFO - --- Episode 67, Step 8/100 ---
2026-09-18 23:35:49,937 - INFO - --- Episode 67, Step 9/100 ---
2026-09-18 23:35:51,765 - INFO - --- Episode 67, Step 10/100 ---
2026-09-18 23:35:53,051 - INFO - --- Episode 67, Step 11/100 ---
2026-09-18 23:35:54,244 - INFO - --- Episode 67, Step 12/100 ---
2026-09-18 23:35:56,661 - INFO - --- Episode 67, Step 13/100 ---
2026-09-18 23:35:58,760 - INFO - --- Episode 67, Step 14/100 ---
2026-09-18 23:36:00,777 - INFO - --- Episode 67, Step 15/100 ---
2026-09-18 23:36:21,765 - INFO - HTTP Request: POST http://127.0.0.1:22447/v1/chat/completions "HTTP/1.1 200 OK"
2026-09-18 23:36:23,654 - INFO - --- Episode 67, Step 16/100 ---
2026-09-18 23:36:25,170 - INFO - --- Episode 67, Step 17/100 ---
2026-09-18 23:36:26,629 - INFO - --- Episode 67, Step 18/100 ---
2026-09-18 23:36:27,574 - INFO - --- Episode 67, Step 19/100 ---
2026-09-18 23:36:29,410 - INFO - --- Episode 67, Step 20/100 ---
2026-09-18 23:36:30,336 - INFO - --- Episode 67, Step 21/100 ---
2026-09-18 23:36:32,537 - INFO - --- Episode 67, Step 22/100 ---
2026-09-18 23:38:42,708 - INFO - HTTP Request: POST http://127.0.0.1:22447/v1/chat/completions "HTTP/1.1 200 OK"
2026-09-18 23:38:57,918 - INFO - HTTP Request: POST http://127.0.0.1:22447/v1/chat/completions "HTTP/1.1 200 OK"
2026-09-18 23:38:58,992 - INFO - --- Episode 67, Step 23/100 ---
2026-09-18 23:39:00,128 - INFO - --- Episode 67, Step 24/100 ---
2026-09-18 23:39:02,768 - INFO - --- Episode 67, Step 25/100 ---
2026-09-18 23:39:03,849 - INFO - --- Episode 67, Step 26/100 ---
2026-09-18 23:39:04,530 - INFO - --- Episode 67, Step 27/100 ---
2026-09-18 23:39:06,825 - INFO - --- Episode 67, Step 28/100 ---
2026-09-18 23:39:11,805 - INFO - --- Episode 67, Step 29/100 ---
2026-09-18 23:39:12,951 - INFO - --- Episode 67, Step 30/100 ---
2026-09-18 23:39:27,150 - INFO - HTTP Request: POST http://127.0.0.1:22447/v1/chat/completions "HTTP/1.1 200 OK"
2026-09-18 23:39:28,334 - INFO - --- Episode 67, Step 31/100 ---
2026-09-18 23:39:29,011 - INFO - --- Episode 67, Step 32/100 ---
2026-09-18 23:39:30,067 - INFO - --- Episode 67, Step 33/100 ---
2026-09-18 23:39:31,490 - INFO - --- Episode 67, Step 34/100 ---
2026-09-18 23:39:32,242 - INFO - --- Episode 67, Step 35/100 ---
2026-09-18 23:39:32,942 - INFO - --- Episode 67, Step 36/100 ---
2026-09-18 23:39:33,629 - INFO - --- Episode 67, Step 37/100 ---
```json
{
"movement": "Move forward into the hallway, keeping the glass doors on the right and the kitchen/bar area on the left.",
"observation": {
"front view": "A long hallway extends ahead. On the right wall are large glass doors/windows. On the left side of the hallway (visible in the distance), there appear to be bar stools and a counter, indicating the kitchen area.",
"left view": "A staircase going down is visible to the left, along with a hallway leading to an archway.",
"right view": "The right view shows the long corridor clearly. On the left side of this corridor are bar stools and a counter (kitchen area). On the right side are large glass doors/windows.",
"map": "The map shows the current position at 'START'. The path forward (North, labeled F) leads into a hallway with waypoints 6 and 7. This matches the view in the Right View."
},
"thought": "The instruction is to walk past the kitchen area and bar stools to reach a formal dining table. The Right View clearly shows this path: a long corridor with bar stools on the left and glass doors on the right. The Front View confirms this direction is straight ahead, slightly to the right of the current center line, past the wall corner. The map indicates that waypoints 6 and 7 are in this hallway. Therefore, I should move forward into this hallway towards waypoint 6.",
"stuck": false,
"plan": "Move forward into the hallway with the bar stools on the left and glass doors on the right. Continue straight past the kitchen area until a formal dining table is reached.",
"curr_step": "I am at the start of the hallway. I need to move forward into it. Waypoint 6 is the first waypoint in this hallway, located near the entrance/corner. Moving towards it will align me with the path described.",
"action": 6
}
```
Calculated floor height difference: 3.03m
Action: move_forward
Action: turn
Action: move_forward
Action: turn
Action: move_forward
Action: null
waypoints: 26
skipped waypoints: edge 1,  distance 20,  no_path 0,  occlusion 1
```json
{
"movement": "Move forward along the hallway, keeping the glass doors on the right.",
"observation": {
"front view": "The hallway continues straight ahead. On the right are large glass doors/windows. On the left is an opening into a living area with sofas. Further down the hall, the path continues.",
"left view": "A living room area with white sofas and large windows/doors with curtains is visible to the left.",
"right view": "A wall with a painting and the edge of the glass door frame is visible on the right.",
"map": "The map shows the current position near waypoint 4. Waypoint 1 is directly ahead along the path next to the glass doors (right side). Waypoint 2 is slightly to the left of waypoint 1. The path forward leads towards the kitchen/dining area."
},
"thought": "I am currently in the hallway passing the living room on my left and glass doors on my right. The instruction is to walk straight past the kitchen area and bar stools to reach a formal dining table. The path ahead (towards waypoint 1) continues along the glass doors, which seems to be the correct corridor leading towards the next area. I need to keep moving forward.",
"stuck": false,
"plan": "Continue walking straight down the hallway along the glass doors on the right. Look for the kitchen area and bar stools ahead, and then the formal dining table.",
"curr_step": "I am in the hallway. Waypoint 1 is directly ahead along the right wall (glass doors). This aligns with the path forward. I should move towards waypoint 1 to continue down the corridor.",
"action": 1
}
```
Action: turn
Action: move_forward
Action: turn
Action: move_forward
Action: turn
Action: move_forward
Action: null
Action: turn
waypoints: 18
skipped waypoints: edge 1,  distance 7,  no_path 0,  occlusion 4
```json
{
"movement": "Move forward along the hallway, keeping the glass doors on the right and the living area on the left.",
"observation": {
"front view": "The hallway continues straight ahead. On the right are large glass doors looking into a kitchen area (white cabinets visible). On the left is the end of the living room seating area. Further down the hall, there appears to be a table against the wall.",
"left view": "A living room with sofas and a large painting on the wall is visible to the left.",
"right view": "Large glass doors/windows are immediately to the right, showing a kitchen area inside.",
"map": "The map shows the current position near waypoint 4/5. The path continues straight ahead towards F. Waypoint 1 is directly ahead in the hallway."
},
"thought": "I am currently walking past the kitchen area which is visible through the glass doors on my right. The instruction is to walk straight past this area until I reach a formal dining table. I have not reached the dining table yet, although there appears to be furniture further down the hall. I need to continue moving forward down this corridor.",
"stuck": false,
"plan": "Continue walking straight down the hallway towards the end where the formal dining table is expected to be located.",
"curr_step": "I am in the hallway. Waypoint 1 is directly ahead and slightly left, which aligns with the path forward past the kitchen doors on the right.",
"action": 1
}
```
Action: turn
Action: move_forward
Action: turn
Action: move_forward
Action: turn
Action: move_forward
Action: null
waypoints: 30
skipped waypoints: edge 0,  distance 18,  no_path 0,  occlusion 5

```json
{
"movement": "Move forward down the hallway, keeping the glass doors on the right and the living area on the left.",
"observation": {
"front view": "The hallway continues straight ahead. There is a small console table against the wall on the left side of the hallway further up. The path is clear.",
"left view": "A living room area with sofas and a large mural on the wall is visible to the left.",
"right view": "Large glass doors/windows are immediately to the right.",
"map": "The map shows the current position near waypoint 4/5. The path continues straight ahead towards F. Waypoint 1 is directly ahead in the hallway."
},
"thought": "I am currently walking down the hallway as instructed. I have passed the living area on the left. I need to continue straight until I reach a formal dining table. The path ahead is clear, leading towards waypoint 1.",
"stuck": false,
"plan": "Continue walking straight down the hallway towards the end where the formal dining table is expected to be located.",
"curr_step": "I am in the hallway. Waypoint 1 is directly ahead and slightly right of center, which aligns with the path forward past the glass doors on the right.",
"action": 1
}
```
Action: turn
Action: move_forward
Action: turn
Action: move_forward
Action: turn
Action: move_forward
Action: null
Action: turn
waypoints: 23
skipped waypoints: edge 1,  distance 19,  no_path 0,  occlusion 0
```json
{
"movement": "Move forward down the hallway, keeping the glass doors on the right and the console table on the left.",
"observation": {
"front view": "The hallway continues straight ahead. There is a wall with a decorative metal piece on the right. Further down, the hallway seems to open up or lead to another room.",
"left view": "A living area with sofas is visible through an opening on the left.",
"right view": "Large glass doors/windows are immediately to the right.",
"map": "The map shows the current position near waypoint 2. The path continues straight ahead towards F. Waypoint 1 is directly ahead in the hallway."
},
"thought": "I am continuing down the hallway as instructed. I have passed the living area on the left. I need to keep walking straight to find the formal dining table mentioned in the first part of the instruction. Waypoint 1 is directly ahead and aligns with the path forward.",
"stuck": false,
"plan": "Continue walking straight down the hallway towards the end where the formal dining table is expected to be located.",
"curr_step": "I am in the hallway. Waypoint 1 is directly ahead, slightly left of center, which aligns with the path forward past the glass doors on the right.",
"action": 1
}
```
Action: move_forward
Action: turn
Action: move_forward
Action: turn
Action: move_forward
Action: null
Action: turn
2026-09-18 23:39:53,310 - INFO - HTTP Request: POST http://127.0.0.1:22447/v1/chat/completions "HTTP/1.1 200 OK"
2026-09-18 23:39:54,519 - INFO - --- Episode 67, Step 38/100 ---
2026-09-18 23:39:55,209 - INFO - --- Episode 67, Step 39/100 ---
2026-09-18 23:39:56,135 - INFO - --- Episode 67, Step 40/100 ---
2026-09-18 23:39:56,768 - INFO - --- Episode 67, Step 41/100 ---
2026-09-18 23:39:57,447 - INFO - --- Episode 67, Step 42/100 ---
2026-09-18 23:39:58,198 - INFO - --- Episode 67, Step 43/100 ---
2026-09-18 23:40:15,660 - INFO - HTTP Request: POST http://127.0.0.1:22447/v1/chat/completions "HTTP/1.1 200 OK"
2026-09-18 23:40:16,941 - INFO - --- Episode 67, Step 44/100 ---
2026-09-18 23:40:17,711 - INFO - --- Episode 67, Step 45/100 ---
2026-09-18 23:40:18,357 - INFO - --- Episode 67, Step 46/100 ---
2026-09-18 23:40:19,119 - INFO - --- Episode 67, Step 47/100 ---
2026-09-18 23:40:19,891 - INFO - --- Episode 67, Step 48/100 ---
2026-09-18 23:40:21,027 - INFO - --- Episode 67, Step 49/100 ---
2026-09-18 23:40:22,436 - INFO - --- Episode 67, Step 50/100 ---
2026-09-18 23:40:23,521 - INFO - --- Episode 67, Step 51/100 ---
2026-09-18 23:40:38,998 - INFO - HTTP Request: POST http://127.0.0.1:22447/v1/chat/completions "HTTP/1.1 200 OK"
2026-09-18 23:40:41,880 - INFO - --- Episode 67, Step 52/100 ---
2026-09-18 23:40:43,677 - INFO - --- Episode 67, Step 53/100 ---
2026-09-18 23:40:45,946 - INFO - --- Episode 67, Step 54/100 ---
2026-09-18 23:40:48,293 - INFO - --- Episode 67, Step 55/100 ---
2026-09-18 23:40:49,555 - INFO - --- Episode 67, Step 56/100 ---
2026-09-18 23:40:51,166 - INFO - --- Episode 67, Step 57/100 ---
2026-09-18 23:40:52,480 - INFO - --- Episode 67, Step 58/100 ---
2026-09-18 23:41:12,608 - INFO - HTTP Request: POST http://127.0.0.1:22447/v1/chat/completions "HTTP/1.1 200 OK"
2026-09-18 23:41:14,790 - INFO - HTTP Request: POST http://127.0.0.1:22447/v1/chat/completions "HTTP/1.1 400 Bad Request"
2026-09-18 23:41:16,305 - INFO - HTTP Request: POST http://127.0.0.1:22447/v1/chat/completions "HTTP/1.1 400 Bad Request"
2026-09-18 23:41:17,346 - INFO - --- Episode 67, Step 59/100 ---
2026-09-18 23:41:42,391 - INFO - HTTP Request: POST http://127.0.0.1:22447/v1/chat/completions "HTTP/1.1 200 OK"
2026-09-18 23:41:44,562 - INFO - --- Episode 67, Step 60/100 ---
waypoints: 61
skipped waypoints: edge 0,  distance 47,  no_path 2,  occlusion 6
```json
{
"movement": "Move forward down the hallway, keeping the glass doors on the right.",
"observation": {
"front view": "The hallway continues straight ahead. There is a console table against the wall further down on the left side. The path is clear.",
"left view": "An opening into a room with a large mirror and furniture is visible to the left.",
"right view": "Large glass doors/windows are immediately to the right, showing a kitchen area inside.",
"map": "The map shows the current position near waypoint 3/4. The path continues straight ahead towards F. Waypoint 5 is directly ahead in the hallway."
},
"thought": "I am continuing down the hallway as instructed. I have passed the living area on the left and am walking alongside the kitchen/bar area on the right. I need to keep walking straight until I reach a formal dining table. Waypoint 5 is directly ahead and aligns with the path forward.",
"stuck": false,
"plan": "Continue walking straight down the hallway towards the end where the formal dining table is expected to be located.",
"curr_step": "I am in the hallway. Waypoint 5 is directly ahead, slightly left of center, which aligns with the path forward past the glass doors on the right.",
"action": 5
}
```
Action: move_forward
Action: turn
Action: move_forward
Action: turn
Action: move_forward
Action: null
waypoints: 59
skipped waypoints: edge 11,  distance 40,  no_path 0,  occlusion 1
```json
{
"movement": "Move forward down the hallway, keeping the glass doors on the right and the console table on the left.",
"observation": {
"front view": "The hallway continues straight ahead. There is a console table against the wall further up on the left side. The path is clear.",
"left view": "An opening into a room with a large mirror and furniture is visible to the left.",
"right view": "Large glass doors/windows are immediately to the right, showing a kitchen area inside.",
"map": "The map shows the current position near waypoint 4/6. The path continues straight ahead towards F. Waypoint 1 is directly ahead in the hallway."
},
"thought": "I am continuing down the hallway as instructed. I have passed the living area on the left and am walking alongside the kitchen/bar area on the right. I need to keep walking straight until I reach a formal dining table. Waypoint 1 is directly ahead and aligns with the path forward.",
"stuck": false,
"plan": "Continue walking straight down the hallway towards the end where the formal dining table is expected to be located.",
"curr_step": "I am in the hallway. Waypoint 1 is directly ahead, slightly left of center, which aligns with the path forward past the glass doors on the right.",
"action": 1
}
```
Action: turn
Action: move_forward
Action: turn
Action: move_forward
Action: turn
Action: move_forward
Action: null
Action: turn
waypoints: 11
skipped waypoints: edge 1,  distance 5,  no_path 0,  occlusion 3
```json
{
"movement": "Move forward down the hallway, keeping the console table on the left and the glass doors on the right.",
"observation": {
"front view": "The hallway continues straight ahead. There is a console table with a lamp against the wall further up on the left side. At the very end of the hallway, there is another table against the wall with a tapestry above it.",
"left view": "A large painting and the edge of the console table are visible to the left.",
"right view": "Large glass doors/windows are immediately to the right.",
"map": "The map shows the current position near waypoint 1/2. The path continues straight ahead towards F. Waypoint 1 is directly ahead in the hallway."
},
"thought": "I am continuing down the hallway as instructed. I have passed the living area on the left and am walking alongside the kitchen/bar area on the right. I need to keep walking straight until I reach a formal dining table. Waypoint 1 is directly ahead and aligns with the path forward.",
"stuck": false,
"plan": "Continue walking straight down the hallway towards the end where the formal dining table is expected to be located.",
"curr_step": "I am in the hallway. Waypoint 1 is directly ahead, slightly right of center, which aligns with the path forward past the glass doors on the right.",
"action": 1
}
```
Action: turn
Action: move_forward
Action: turn
--- Height change stabilized. Height diff: 0.07, On platform: True, Metrics: {'inlier_count': 1836, 'local_count': 57045, 'support_ratio': 0.03218511701232036, 'vertical_score': 1.0, 'plane_height_mean': -1.1373540163040161, 'agent_z': -1.1321477711200714, 'vertical_diff': 0.0052062451839447466, 'area_xy': 0.8927999999999999, 'radius_est': 0.5330919867948573, 'z_std': 0.04360321909189224, 'occupied_cells': 62, 'bottom_height_tolerance': 0.1}
--- No significant floor change. Height diff: 0.07, On platform: True, Metrics: {'inlier_count': 1836, 'local_count': 57045, 'support_ratio': 0.03218511701232036, 'vertical_score': 1.0, 'plane_height_mean': -1.1373540163040161, 'agent_z': -1.1321477711200714, 'vertical_diff': 0.0052062451839447466, 'area_xy': 0.8927999999999999, 'radius_est': 0.5330919867948573, 'z_std': 0.04360321909189224, 'occupied_cells': 62, 'bottom_height_tolerance': 0.1}
Updated floor height: -0.93, ceiling height: 0.87
Action: move_forward
--- Height change stabilized. Height diff: 0.13, On platform: True, Metrics: {'inlier_count': 1643, 'local_count': 46599, 'support_ratio': 0.03525826734403618, 'vertical_score': 1.0, 'plane_height_mean': -1.064436912536621, 'agent_z': -1.0720924854278564, 'vertical_diff': 0.007655572891235307, 'area_xy': 0.8351999999999999, 'radius_est': 0.5156087828389873, 'z_std': 0.043820422142744064, 'occupied_cells': 58, 'bottom_height_tolerance': 0.1}
--- No significant floor change. Height diff: 0.13, On platform: True, Metrics: {'inlier_count': 1643, 'local_count': 46599, 'support_ratio': 0.03525826734403618, 'vertical_score': 1.0, 'plane_height_mean': -1.064436912536621, 'agent_z': -1.0720924854278564, 'vertical_diff': 0.007655572891235307, 'area_xy': 0.8351999999999999, 'radius_est': 0.5156087828389873, 'z_std': 0.043820422142744064, 'occupied_cells': 58, 'bottom_height_tolerance': 0.1}
Updated floor height: -0.87, ceiling height: 0.93
Action: move_forward
Action: null
Action: turn
waypoints: 27
skipped waypoints: edge 1,  distance 15,  no_path 0,  occlusion 5

Action: stop
waypoints: 27
skipped waypoints: edge 1,  distance 15,  no_path 0,  occlusion 5
```json
{
"movement": "Move forward down the hallway, steering slightly left to avoid the trash can on the right and continuing past the console table with the lamp.",
"observation": {
"front view": "The hallway continues straight ahead. There is a console table with a lamp against the wall further up on the left side. A large tapestry hangs above it. To the right, there are glass doors leading into the kitchen/bar area.",
"left view": "A large painting and a console table are visible to the left.",
"right view": "Large glass doors/windows are immediately to the right, showing the kitchen area inside.",
"map": "The map shows the current position near waypoint 5. The path continues straight ahead towards F. Waypoint 6 is further up on the left wall."
},
"thought": "I am continuing down the hallway as instructed. I have passed the living area on the left and am walking alongside the kitchen/bar area on the right. I need to keep walking straight until I reach a formal dining table. Waypoint 6 is directly ahead on the left wall, further down the hall, which aligns with the path forward.",
"stuck": false,
"plan": "Continue walking straight down the hallway towards the end where the formal dining table is expected to be located.",
"curr_step": "I am in the hallway. Waypoint 6 is directly ahead on the left wall, further up past the trash can. This aligns with the path forward.",
"action": 6
}
```
Action: turn
2026-09-18 23:41:45,858 - INFO - --- Episode 67, Step 61/100 ---
2026-09-18 23:41:46,798 - INFO - --- Episode 67, Step 62/100 ---
2026-09-18 23:41:48,147 - INFO - --- Episode 67, Step 63/100 ---
2026-09-18 23:41:49,926 - INFO - --- Episode 67, Step 64/100 ---
2026-09-18 23:41:51,807 - INFO - --- Episode 67, Step 65/100 ---
2026-09-18 23:41:54,582 - INFO - --- Episode 67, Step 66/100 ---
2026-09-18 23:42:07,212 - INFO - HTTP Request: POST http://127.0.0.1:22447/v1/chat/completions "HTTP/1.1 400 Bad Request"
2026-09-18 23:42:08,701 - INFO - HTTP Request: POST http://127.0.0.1:22447/v1/chat/completions "HTTP/1.1 400 Bad Request"
2026-09-18 23:42:10,159 - INFO - HTTP Request: POST http://127.0.0.1:22447/v1/chat/completions "HTTP/1.1 400 Bad Request"
 36%|███▌      | 18/50 [3:30:47<5:24:55, 609.24s/it]Renderer: NVIDIA GeForce RTX 4090/PCIe/SSE2 by NVIDIA Corporation
OpenGL version: 4.6.0 NVIDIA 590.48.01
Using optional features:
    GL_ARB_vertex_array_object
    GL_ARB_separate_shader_objects
    GL_ARB_robustness
    GL_ARB_texture_storage
    GL_ARB_texture_view
    GL_ARB_framebuffer_no_attachments
    GL_ARB_invalidate_subdata
    GL_ARB_texture_storage_multisample
    GL_ARB_multi_bind
    GL_ARB_direct_state_access
    GL_ARB_get_texture_sub_image
    GL_ARB_texture_filter_anisotropic
    GL_KHR_debug
    GL_KHR_parallel_shader_compile
    GL_NV_depth_buffer_float
Using driver workarounds:
    no-forward-compatible-core-context
    nv-egl-incorrect-gl11-function-pointers
    no-layout-qualifiers-on-old-glsl
    nv-zero-context-profile-mask
    nv-implementation-color-read-format-dsa-broken
    nv-cubemap-inconsistent-compressed-image-size
    nv-cubemap-broken-full-compressed-image-query
    nv-compressed-block-size-in-bits
[23:42:15:707962]:[Warning]:[Metadata] SceneDatasetAttributes.cpp(107)::addNewSceneInstanceToDataset : Dataset : 'default' : Lighting Layout Attributes 'no_lights' specified in Scene Attributes but does not exist in dataset, so creating default.
2026-09-18 23:42:27,631 - INFO - Simulator initialized!
2026-09-18 23:43:02,974 - INFO - HTTP Request: POST http://127.0.0.1:22447/v1/chat/completions "HTTP/1.1 200 OK"
2026-09-18 23:43:03,734 - INFO - --- Episode 68, Step 1/100 ---
2026-09-18 23:46:32,019 - INFO - HTTP Request: POST http://127.0.0.1:22447/v1/chat/completions "HTTP/1.1 200 OK"
2026-09-18 23:49:41,061 - INFO - HTTP Request: POST http://127.0.0.1:22447/v1/chat/completions "HTTP/1.1 200 OK"
2026-09-18 23:50:53,234 - INFO - HTTP Request: POST http://127.0.0.1:22447/v1/chat/completions "HTTP/1.1 200 OK"
2026-09-18 23:50:54,019 - INFO - --- Episode 68, Step 2/100 ---
2026-09-18 23:50:54,664 - INFO - --- Episode 68, Step 3/100 ---
2026-09-18 23:50:55,384 - INFO - --- Episode 68, Step 4/100 ---
2026-09-18 23:50:56,244 - INFO - --- Episode 68, Step 5/100 ---
2026-09-18 23:50:57,003 - INFO - --- Episode 68, Step 6/100 ---
2026-09-18 23:50:57,602 - INFO - --- Episode 68, Step 7/100 ---
2026-09-18 23:50:58,161 - INFO - --- Episode 68, Step 8/100 ---
2026-09-18 23:50:58,842 - INFO - --- Episode 68, Step 9/100 ---
2026-09-18 23:50:59,644 - INFO - --- Episode 68, Step 10/100 ---
2026-09-18 23:53:01,968 - INFO - HTTP Request: POST http://127.0.0.1:22447/v1/chat/completions "HTTP/1.1 200 OK"
2026-09-18 23:53:14,022 - INFO - HTTP Request: POST http://127.0.0.1:22447/v1/chat/completions "HTTP/1.1 200 OK"
2026-09-18 23:53:14,953 - INFO - --- Episode 68, Step 11/100 ---
2026-09-18 23:53:15,596 - INFO - --- Episode 68, Step 12/100 ---
2026-09-18 23:53:16,215 - INFO - --- Episode 68, Step 13/100 ---
2026-09-18 23:53:16,915 - INFO - --- Episode 68, Step 14/100 ---
2026-09-18 23:53:17,769 - INFO - --- Episode 68, Step 15/100 ---
2026-09-18 23:53:20,932 - INFO - --- Episode 68, Step 16/100 ---
2026-09-18 23:53:21,845 - INFO - --- Episode 68, Step 17/100 ---
2026-09-18 23:53:22,795 - INFO - --- Episode 68, Step 18/100 ---
2026-09-18 23:53:24,738 - INFO - --- Episode 68, Step 19/100 ---
2026-09-18 23:53:26,857 - INFO - --- Episode 68, Step 20/100 ---
2026-09-18 23:53:48,888 - INFO - HTTP Request: POST http://127.0.0.1:22447/v1/chat/completions "HTTP/1.1 200 OK"
2026-09-18 23:53:50,470 - INFO - --- Episode 68, Step 21/100 ---
2026-09-18 23:53:59,588 - INFO - --- Episode 68, Step 22/100 ---
2026-09-18 23:54:04,020 - INFO - --- Episode 68, Step 23/100 ---
2026-09-18 23:54:05,162 - INFO - --- Episode 68, Step 24/100 ---
2026-09-18 23:54:06,511 - INFO - --- Episode 68, Step 25/100 ---
2026-09-18 23:54:07,705 - INFO - --- Episode 68, Step 26/100 ---
2026-09-18 23:54:25,533 - INFO - HTTP Request: POST http://127.0.0.1:22447/v1/chat/completions "HTTP/1.1 200 OK"
2026-09-18 23:54:26,816 - INFO - --- Episode 68, Step 27/100 ---
2026-09-18 23:54:27,629 - INFO - --- Episode 68, Step 28/100 ---
2026-09-18 23:54:37,104 - INFO - --- Episode 68, Step 29/100 ---
2026-09-18 23:54:46,387 - INFO - --- Episode 68, Step 30/100 ---
2026-09-18 23:54:47,801 - INFO - --- Episode 68, Step 31/100 ---
--- Height change stabilized. Height diff: 0.00, On platform: True, Metrics: {'inlier_count': 1535, 'local_count': 44678, 'support_ratio': 0.03435695420488032, 'vertical_score': 1.0, 'plane_height_mean': -1.178603172302246, 'agent_z': -1.2, 'vertical_diff': 0.021396827697753862, 'area_xy': 0.6048, 'radius_est': 0.4387639674858871, 'z_std': 0.04239514842629433, 'occupied_cells': 42, 'bottom_height_tolerance': 0.1}
--- No significant floor change. Height diff: 0.00, On platform: True, Metrics: {'inlier_count': 1535, 'local_count': 44678, 'support_ratio': 0.03435695420488032, 'vertical_score': 1.0, 'plane_height_mean': -1.178603172302246, 'agent_z': -1.2, 'vertical_diff': 0.021396827697753862, 'area_xy': 0.6048, 'radius_est': 0.4387639674858871, 'z_std': 0.04239514842629433, 'occupied_cells': 42, 'bottom_height_tolerance': 0.1}
Updated floor height: -1.00, ceiling height: 0.80
Action: move_forward
Action: move_forward
Action: turn
Action: move_forward
Action: null
Action: turn
waypoints: 27
skipped waypoints: edge 2,  distance 9,  no_path 0,  occlusion 5
Action: stop
['Walk through the kitchen, enter the dining room', 'walk to the doorway to the right of the dining room table, wait at the glass table.']
Initialized data for new floor level: 0
Switching pcds to floor level: 0
Initialized data for new floor level: 0
Switching pcds to floor level: 0
Initialized data for new floor level: 0
Switching pcds to floor level: 0
[StairDetect] normals=0.0048s, cpu=0.0003s, cluster=0.0376s, loop=0.0181s, total=0.0728s
waypoints: 65
skipped waypoints: edge 3,  distance 40,  no_path 0,  occlusion 5


```json
{
"movement": "I am at the starting position. I need to walk through the kitchen and enter the dining room. The kitchen/dining area is visible to my right/front-right in the front view and directly to my right in the right view.",
"observation": {
    "front view": "I see a hallway leading straight ahead with arches, and a large open room to the right containing glass doors and a dining table in the distance. A pillar is in the center.",
    "left view": "I see stairs going down and a hallway with pictures on the wall.",
    "right view": "I see a long room extending forward. There are glass doors/windows on the left side of this view and a kitchen counter/island on the right side.",
    "map": "The map shows my start position at a junction. Waypoint 4 is located in the large open room to the right, near the glass doors."
},
"thought": "The instruction is to 'Walk through the kitchen, enter the dining room'. The Right View clearly shows a kitchen area (counter on the right) extending forward. The Front View shows a dining table in the distance in that same direction. To walk through the kitchen, I should move into the large room on the right, keeping the counter on my right side (which corresponds to walking along the glass doors side). Waypoint 4 is located in this area, near the glass doors, which aligns with the path through the kitchen towards the dining room.",
"stuck": false,
"plan": "Move towards waypoint 4 to enter the large room (kitchen/dining area). This will allow me to walk through the kitchen and approach the dining room as instructed. After entering, I will proceed to find the doorway to the right of the dining table for the next subtask.",
"curr_step": "I am at the start. Moving to waypoint 4 is the correct action to enter the kitchen/dining area.",
"action": 4
}
```
Calculated floor height difference: 3.03m
Action: turn
Action: move_forward
Action: turn
Action: move_forward
Action: move_forward
Action: turn
Action: move_forward
Action: null
Action: turn
waypoints: 34
skipped waypoints: edge 1,  distance 20,  no_path 2,  occlusion 5

```json
{
"movement": "I have been walking alongside the kitchen island on my right and glass doors on my left. I am approaching an archway that leads into the dining room.",
"observation": {
    "front view": "I see an archway leading into a room with a dining table in the distance. The path is clear ahead.",
    "left view": "Glass doors/windows are visible to my left.",
    "right view": "The kitchen island and counter are to my right.",
    "map": "I am near waypoint 3. Waypoint 4 is located further ahead, just before the archway leading into the next room."
},
"thought": "The instruction is to 'Walk through the kitchen, enter the dining room'. I am currently walking through the kitchen area. The archway ahead leads directly into the dining room. Moving towards waypoint 4 will take me through this archway and into the dining room, completing the first part of the instruction.",
"stuck": false,
"plan": "Move forward through the archway into the dining room. Once inside, I will look for the doorway to the right of the dining table as per the next subtask.",
"curr_step": "I am currently in the kitchen area. Moving to waypoint 4 will take me through the archway into the dining room.",
"action": 4
}
```
Action: turn
Action: move_forward
Action: turn
Action: move_forward
Action: move_forward
Action: move_forward
Action: turn
Action: move_forward
Action: null
Action: turn
waypoints: 19
skipped waypoints: edge 1,  distance 8,  no_path 2,  occlusion 2
```json
{
"movement": "I have been walking alongside the kitchen island on my right and glass doors on my left. I am now approaching the archway that leads into the dining room.",
"observation": {
    "front view": "I see an archway leading into a room with a dining table in the distance. The path is clear ahead.",
    "left view": "Glass doors/windows are visible to my left.",
    "right view": "The kitchen island and counter are to my right.",
    "map": "I am near the end of the kitchen area, facing the archway labeled B on the map. Waypoint 6 is in the open floor space leading towards it."
},
"thought": "The instruction is to 'Walk through the kitchen, enter the dining room'. I have walked through the kitchen and am now at the entrance to the dining room. Moving forward into the archway will complete this subtask. Waypoint 6 is centrally located in the path leading into the dining room.",
"stuck": false,
"plan": "Move forward through the archway into the dining room. Once inside, I will look for the doorway to the right of the dining table as per the next subtask.",
"curr_step": "I am currently at the threshold of the kitchen and dining room. Moving to waypoint 6 will take me further into the open space leading to the dining room.",
"action": 6
}
```
Action: turn
Action: move_forward
Action: turn
Action: move_forward
Action: null
Action: turn
waypoints: 37
skipped waypoints: edge 2,  distance 21,  no_path 0,  occlusion 5
```json
{
"movement": "I have moved past the main part of the kitchen island and am now facing an archway that leads into a dining room. The dining table is visible through the archway.",
"observation": {
    "front view": "I see an archway labeled 'B' leading into a dining room with a table and chairs. There is a painting on the wall to the right of the archway.",
    "left view": "Glass doors are visible to my left.",
    "right view": "The kitchen island is to my right, indicating I have just walked through the kitchen.",
    "map": "I am near waypoint 5/6. Waypoint 3 is directly ahead, leading through the archway into the dining room."
},
"thought": "The instruction is to 'Walk through the kitchen, enter the dining room'. I have successfully walked through the kitchen (island on right) and am now at the entrance to the dining room. Moving forward towards the archway will complete this subtask.",
"stuck": false,
"plan": "Move forward into the dining room through the archway. Once inside, I will look for the doorway to the right of the dining table as per the next subtask.",
"curr_step": "I am at the threshold of the dining room. Moving to waypoint 3 will take me into the dining room.",
"action": 3
}
```
Action: turn
Action: move_forward
Action: turn
Action: move_forward
Action: turn
2026-09-18 23:54:48,687 - INFO - --- Episode 68, Step 32/100 ---
2026-09-18 23:55:02,014 - INFO - --- Episode 68, Step 33/100 ---
2026-09-18 23:55:28,994 - INFO - HTTP Request: POST http://127.0.0.1:22447/v1/chat/completions "HTTP/1.1 200 OK"
2026-09-18 23:55:30,391 - INFO - --- Episode 68, Step 34/100 ---
2026-09-18 23:55:31,429 - INFO - --- Episode 68, Step 35/100 ---
2026-09-18 23:55:33,575 - INFO - --- Episode 68, Step 36/100 ---
2026-09-18 23:55:34,945 - INFO - --- Episode 68, Step 37/100 ---
2026-09-18 23:55:36,369 - INFO - --- Episode 68, Step 38/100 ---
2026-09-18 23:55:37,712 - INFO - --- Episode 68, Step 39/100 ---
2026-09-18 23:55:39,150 - INFO - --- Episode 68, Step 40/100 ---
2026-09-18 23:56:24,924 - INFO - HTTP Request: POST http://127.0.0.1:22447/v1/chat/completions "HTTP/1.1 200 OK"
2026-09-18 23:56:48,665 - INFO - HTTP Request: POST http://127.0.0.1:22447/v1/chat/completions "HTTP/1.1 200 OK"
2026-09-18 23:57:03,908 - INFO - HTTP Request: POST http://127.0.0.1:22447/v1/chat/completions "HTTP/1.1 200 OK"
2026-09-18 23:57:04,881 - INFO - --- Episode 68, Step 41/100 ---
2026-09-18 23:57:44,207 - INFO - HTTP Request: POST http://127.0.0.1:22447/v1/chat/completions "HTTP/1.1 200 OK"
2026-09-18 23:58:06,562 - INFO - HTTP Request: POST http://127.0.0.1:22447/v1/chat/completions "HTTP/1.1 200 OK"
2026-09-18 23:58:20,998 - INFO - HTTP Request: POST http://127.0.0.1:22447/v1/chat/completions "HTTP/1.1 200 OK"
 38%|███▊      | 19/50 [3:46:56<6:10:38, 717.38s/it]Renderer: NVIDIA GeForce RTX 4090/PCIe/SSE2 by NVIDIA Corporation
OpenGL version: 4.6.0 NVIDIA 590.48.01
Using optional features:
    GL_ARB_vertex_array_object
    GL_ARB_separate_shader_objects
    GL_ARB_robustness
    GL_ARB_texture_storage
    GL_ARB_texture_view
    GL_ARB_framebuffer_no_attachments
    GL_ARB_invalidate_subdata
    GL_ARB_texture_storage_multisample
    GL_ARB_multi_bind
    GL_ARB_direct_state_access
    GL_ARB_get_texture_sub_image
    GL_ARB_texture_filter_anisotropic
    GL_KHR_debug
    GL_KHR_parallel_shader_compile
    GL_NV_depth_buffer_float
Using driver workarounds:
    no-forward-compatible-core-context
    nv-egl-incorrect-gl11-function-pointers
    no-layout-qualifiers-on-old-glsl
    nv-zero-context-profile-mask
    nv-implementation-color-read-format-dsa-broken
    nv-cubemap-inconsistent-compressed-image-size
    nv-cubemap-broken-full-compressed-image-query
    nv-compressed-block-size-in-bits
[23:58:24:993217]:[Warning]:[Metadata] SceneDatasetAttributes.cpp(107)::addNewSceneInstanceToDataset : Dataset : 'default' : Lighting Layout Attributes 'no_lights' specified in Scene Attributes but does not exist in dataset, so creating default.
2026-09-18 23:58:36,383 - INFO - Simulator initialized!
2026-09-18 23:59:02,336 - INFO - HTTP Request: POST http://127.0.0.1:22447/v1/chat/completions "HTTP/1.1 200 OK"
2026-09-18 23:59:03,095 - INFO - --- Episode 69, Step 1/100 ---
2026-09-18 23:59:37,699 - INFO - HTTP Request: POST http://127.0.0.1:22447/v1/chat/completions "HTTP/1.1 200 OK"
2026-09-18 23:59:38,243 - INFO - --- Episode 69, Step 2/100 ---
2026-09-18 23:59:38,760 - INFO - --- Episode 69, Step 3/100 ---
2026-09-18 23:59:39,325 - INFO - --- Episode 69, Step 4/100 ---
--- Height change stabilized. Height diff: -0.08, On platform: True, Metrics: {'inlier_count': 634, 'local_count': 35554, 'support_ratio': 0.017832030150817572, 'vertical_score': 1.0, 'plane_height_mean': -1.2628304958343506, 'agent_z': -1.2784456953406333, 'vertical_diff': 0.015615199506282762, 'area_xy': 0.2592, 'radius_est': 0.2872384418890315, 'z_std': 0.04467354342341423, 'occupied_cells': 18, 'bottom_height_tolerance': 0.1}
--- No significant floor change. Height diff: -0.08, On platform: True, Metrics: {'inlier_count': 634, 'local_count': 35554, 'support_ratio': 0.017832030150817572, 'vertical_score': 1.0, 'plane_height_mean': -1.2628304958343506, 'agent_z': -1.2784456953406333, 'vertical_diff': 0.015615199506282762, 'area_xy': 0.2592, 'radius_est': 0.2872384418890315, 'z_std': 0.04467354342341423, 'occupied_cells': 18, 'bottom_height_tolerance': 0.1}
Updated floor height: -1.08, ceiling height: 0.72
Action: move_forward
Action: null
waypoints: 57
skipped waypoints: edge 6,  distance 25,  no_path 1,  occlusion 16
```json
{
"movement": "I have moved from the kitchen area towards the entrance of the dining room. I am currently facing a wall with a large painting, with the dining room opening to my left.",
"observation": {
    "front view": "I see a wall with a large landscape painting (labeled B). To the left of this wall is an opening into a dining room with a table and chairs. To the right is a hallway.",
    "left view": "I see the dining room clearly through the opening, with a console table against the wall near the entrance.",
    "right view": "I see a hallway leading further into the house with arches.",
    "map": "I am near waypoint 8. The dining area (orange blob) is to my left/front-left."
},
"thought": "The instruction is to 'Walk through the kitchen, enter the dining room'. I have walked through the kitchen and am now at the entrance to the dining room. The opening is to the left of the wall with the painting. Moving towards waypoint 7 will take me into the dining room.",
"stuck": false,
"plan": "Move into the dining room through the opening on the left. Once inside, I will look for the doorway to the right of the dining table as per the next subtask.",
"curr_step": "I am at the threshold of the dining room. Moving to waypoint 7 will take me into the dining room.",
"action": 7
}
```
Action: turn
--- Height change stabilized. Height diff: -0.17, On platform: True, Metrics: {'inlier_count': 11536, 'local_count': 35843, 'support_ratio': 0.3218480595842466, 'vertical_score': 1.0, 'plane_height_mean': -1.4032254219055176, 'agent_z': -1.3744450330734252, 'vertical_diff': 0.02878038883209233, 'area_xy': 7.0992, 'radius_est': 1.503245004646936, 'z_std': 0.00997689925134182, 'occupied_cells': 493, 'bottom_height_tolerance': 0.1}
--- No significant floor change. Height diff: -0.17, On platform: True, Metrics: {'inlier_count': 11536, 'local_count': 35843, 'support_ratio': 0.3218480595842466, 'vertical_score': 1.0, 'plane_height_mean': -1.4032254219055176, 'agent_z': -1.3744450330734252, 'vertical_diff': 0.02878038883209233, 'area_xy': 7.0992, 'radius_est': 1.503245004646936, 'z_std': 0.00997689925134182, 'occupied_cells': 493, 'bottom_height_tolerance': 0.1}
Updated floor height: -1.17, ceiling height: 0.63
Action: move_forward
Action: turn
Action: move_forward
Action: turn
--- Height change stabilized. Height diff: 0.00, On platform: True, Metrics: {'inlier_count': 951, 'local_count': 36484, 'support_ratio': 0.02606622080840735, 'vertical_score': 1.0, 'plane_height_mean': -1.180655598640442, 'agent_z': -1.2, 'vertical_diff': 0.01934440135955806, 'area_xy': 0.41759999999999997, 'radius_est': 0.3645904667847899, 'z_std': 0.04316723346710205, 'occupied_cells': 29, 'bottom_height_tolerance': 0.1}
--- No significant floor change. Height diff: 0.00, On platform: True, Metrics: {'inlier_count': 951, 'local_count': 36484, 'support_ratio': 0.02606622080840735, 'vertical_score': 1.0, 'plane_height_mean': -1.180655598640442, 'agent_z': -1.2, 'vertical_diff': 0.01934440135955806, 'area_xy': 0.41759999999999997, 'radius_est': 0.3645904667847899, 'z_std': 0.04316723346710205, 'occupied_cells': 29, 'bottom_height_tolerance': 0.1}
Updated floor height: -1.00, ceiling height: 0.80
Action: move_forward
Action: null
waypoints: 54
skipped waypoints: edge 4,  distance 24,  no_path 1,  occlusion 15

```json
{
"movement": "I have moved from the kitchen area into the dining room, passing the large wooden dining table on my left.",
"observation": {
    "front view": "I see the dining table on the left and an archway leading to a room with a sofa and windows straight ahead/right.",
    "left view": "A wall with a console table and flowers is visible.",
    "right view": "A wall corner and the opening to the next room are visible.",
    "map": "I am located in the dining area, near the entrance to the next room."

Action: stop
waypoints: 54
skipped waypoints: edge 4,  distance 24,  no_path 1,  occlusion 15



Action: stop
['Go through living room, through the door on the to the right, through the den', 'through the dining to, to the outdoor foyer. Stop before going outside.']
Initialized data for new floor level: 0
Switching pcds to floor level: 0
Initialized data for new floor level: 0
Switching pcds to floor level: 0
Initialized data for new floor level: 0
Switching pcds to floor level: 0
[StairDetect] normals=0.0032s, cpu=0.0003s, cluster=0.0526s, loop=0.0383s, total=0.1029s
waypoints: 31
skipped waypoints: edge 0,  distance 12,  no_path 1,  occlusion 9
```json
{
"movement": "I am currently standing in the living/dining area near the start point. I need to move through the living room towards the right side where a door is located. I will move forward and slightly right, heading towards the kitchen archway area (waypoint 6) which is on the path to the right side of the room.",
"observation": {
    "front view": "I see a sofa and coffee table in front of me. To the right of the sofa is an opening into a kitchen. Further right, there is a wooden door with glass panes. Straight ahead/slightly left is another door labeled 'B'.",
    "left view": "I see a large dining table with white chairs and large windows looking outside.",
    "right view": "I see a fireplace with a mantel and a white chair. Further right are glass doors leading outside.",
    "map": "The map shows my current position (blue triangle) near waypoint 1. Waypoint 6 is ahead towards the kitchen area. Waypoint 8 is on the far right wall near a door."
},
"thought": "The instruction is to go through the living room and through the door on the right. Based on the views, the 'door on the right' is likely the wooden door with glass panes seen in the front view on the far right, or potentially the archway into the kitchen if that leads to the den. However, 'door' usually implies a distinct door. The wooden door on the far right (near R/8) fits this description best. To get there, I need to move through the living room towards the right side. Waypoint 6 is a good intermediate point near the kitchen archway which is on the path to the right side of the room.",
"stuck": false,
"plan": "Move forward and slightly right towards waypoint 6 to navigate through the living room towards the right side where the target door is located.",
"curr_step": "I am at the start of the living room. I need to move towards the right side. Waypoint 6 is the most logical next step as it is centrally located near the kitchen archway, which is on the path to the right wall/door.",
"action": 6
}
```
Calculated floor height difference: 2.98m
Action: turn
Action: move_forward
Action: move_forward
--- Height change stabilized. Height diff: 0.05, On platform: True, Metrics: {'inlier_count': 2662, 'local_count': 25560, 'support_ratio': 0.10414710484725559, 'vertical_score': 1.0, 'plane_height_mean': -1.1508128643035889, 'agent_z': -1.1486152231693267, 'vertical_diff': 0.0021976411342621294, 'area_xy': 1.5695999999999999, 'radius_est': 0.7068374617647807, 'z_std': 0.03639829903841019, 'occupied_cells': 109, 'bottom_height_tolerance': 0.1}
2026-09-18 23:59:40,175 - INFO - --- Episode 69, Step 5/100 ---
2026-09-18 23:59:40,845 - INFO - --- Episode 69, Step 6/100 ---
2026-09-18 23:59:41,474 - INFO - --- Episode 69, Step 7/100 ---
2026-09-18 23:59:42,329 - INFO - --- Episode 69, Step 8/100 ---
2026-09-18 23:59:43,215 - INFO - --- Episode 69, Step 9/100 ---
2026-09-18 23:59:44,355 - INFO - --- Episode 69, Step 10/100 ---
2026-09-19 00:00:21,418 - INFO - HTTP Request: POST http://127.0.0.1:22447/v1/chat/completions "HTTP/1.1 200 OK"
2026-09-19 00:00:22,228 - INFO - --- Episode 69, Step 11/100 ---
2026-09-19 00:00:22,951 - INFO - --- Episode 69, Step 12/100 ---
2026-09-19 00:00:23,636 - INFO - --- Episode 69, Step 13/100 ---
2026-09-19 00:00:24,281 - INFO - --- Episode 69, Step 14/100 ---
2026-09-19 00:00:25,117 - INFO - --- Episode 69, Step 15/100 ---
2026-09-19 00:02:50,399 - INFO - HTTP Request: POST http://127.0.0.1:22447/v1/chat/completions "HTTP/1.1 200 OK"
2026-09-19 00:04:56,526 - INFO - HTTP Request: POST http://127.0.0.1:22447/v1/chat/completions "HTTP/1.1 200 OK"
2026-09-19 00:06:42,792 - INFO - HTTP Request: POST http://127.0.0.1:22447/v1/chat/completions "HTTP/1.1 200 OK"
2026-09-19 00:06:43,476 - INFO - --- Episode 69, Step 16/100 ---
2026-09-19 00:08:27,372 - INFO - HTTP Request: POST http://127.0.0.1:22447/v1/chat/completions "HTTP/1.1 200 OK"
2026-09-19 00:09:46,157 - INFO - HTTP Request: POST http://127.0.0.1:22447/v1/chat/completions "HTTP/1.1 200 OK"
2026-09-19 00:10:04,347 - INFO - HTTP Request: POST http://127.0.0.1:22447/v1/chat/completions "HTTP/1.1 200 OK"
2026-09-19 00:10:05,210 - INFO - --- Episode 69, Step 17/100 ---
2026-09-19 00:10:05,924 - INFO - --- Episode 69, Step 18/100 ---
2026-09-19 00:10:06,898 - INFO - --- Episode 69, Step 19/100 ---
2026-09-19 00:10:08,074 - INFO - --- Episode 69, Step 20/100 ---
2026-09-19 00:10:09,103 - INFO - --- Episode 69, Step 21/100 ---
2026-09-19 00:10:10,162 - INFO - --- Episode 69, Step 22/100 ---
2026-09-19 00:10:11,524 - INFO - --- Episode 69, Step 23/100 ---
2026-09-19 00:10:44,596 - INFO - HTTP Request: POST http://127.0.0.1:22447/v1/chat/completions "HTTP/1.1 200 OK"
2026-09-19 00:11:06,825 - INFO - HTTP Request: POST http://127.0.0.1:22447/v1/chat/completions "HTTP/1.1 200 OK"
2026-09-19 00:11:22,367 - INFO - HTTP Request: POST http://127.0.0.1:22447/v1/chat/completions "HTTP/1.1 200 OK"
 40%|████      | 20/50 [3:59:56<6:08:06, 736.23s/it]Renderer: NVIDIA GeForce RTX 4090/PCIe/SSE2 by NVIDIA Corporation
OpenGL version: 4.6.0 NVIDIA 590.48.01
Using optional features:
    GL_ARB_vertex_array_object
    GL_ARB_separate_shader_objects
    GL_ARB_robustness
    GL_ARB_texture_storage
    GL_ARB_texture_view
    GL_ARB_framebuffer_no_attachments
    GL_ARB_invalidate_subdata
    GL_ARB_texture_storage_multisample
    GL_ARB_multi_bind
    GL_ARB_direct_state_access
    GL_ARB_get_texture_sub_image
    GL_ARB_texture_filter_anisotropic
    GL_KHR_debug
    GL_KHR_parallel_shader_compile
    GL_NV_depth_buffer_float
Using driver workarounds:
    no-forward-compatible-core-context
    nv-egl-incorrect-gl11-function-pointers
    no-layout-qualifiers-on-old-glsl
    nv-zero-context-profile-mask
    nv-implementation-color-read-format-dsa-broken
    nv-cubemap-inconsistent-compressed-image-size
    nv-cubemap-broken-full-compressed-image-query
    nv-compressed-block-size-in-bits
[00:11:25:162343]:[Warning]:[Metadata] SceneDatasetAttributes.cpp(107)::addNewSceneInstanceToDataset : Dataset : 'default' : Lighting Layout Attributes 'no_lights' specified in Scene Attributes but does not exist in dataset, so creating default.
2026-09-19 00:11:36,095 - INFO - Simulator initialized!
2026-09-19 00:12:01,204 - INFO - HTTP Request: POST http://127.0.0.1:22447/v1/chat/completions "HTTP/1.1 200 OK"
2026-09-19 00:12:01,951 - INFO - --- Episode 70, Step 1/100 ---
2026-09-19 00:13:12,948 - INFO - HTTP Request: POST http://127.0.0.1:22447/v1/chat/completions "HTTP/1.1 200 OK"
2026-09-19 00:13:13,743 - INFO - --- Episode 70, Step 2/100 ---
2026-09-19 00:13:14,582 - INFO - --- Episode 70, Step 3/100 ---
2026-09-19 00:13:15,345 - INFO - --- Episode 70, Step 4/100 ---
2026-09-19 00:13:16,194 - INFO - --- Episode 70, Step 5/100 ---
2026-09-19 00:13:53,720 - INFO - HTTP Request: POST http://127.0.0.1:22447/v1/chat/completions "HTTP/1.1 200 OK"
--- No significant floor change. Height diff: 0.05, On platform: True, Metrics: {'inlier_count': 2662, 'local_count': 25560, 'support_ratio': 0.10414710484725559, 'vertical_score': 1.0, 'plane_height_mean': -1.1508128643035889, 'agent_z': -1.1486152231693267, 'vertical_diff': 0.0021976411342621294, 'area_xy': 1.5695999999999999, 'radius_est': 0.7068374617647807, 'z_std': 0.03639829903841019, 'occupied_cells': 109, 'bottom_height_tolerance': 0.1}
Updated floor height: -0.95, ceiling height: 0.85
Action: move_forward
Action: turn
Action: move_forward
Action: turn
--- Height change stabilized. Height diff: 0.00, On platform: True, Metrics: {'inlier_count': 1987, 'local_count': 19917, 'support_ratio': 0.09976402068083727, 'vertical_score': 1.0, 'plane_height_mean': -1.1599771976470947, 'agent_z': -1.2, 'vertical_diff': 0.04002280235290523, 'area_xy': 1.2671999999999999, 'radius_est': 0.6351080914081473, 'z_std': 0.03261575102806091, 'occupied_cells': 88, 'bottom_height_tolerance': 0.1}
--- No significant floor change. Height diff: 0.00, On platform: True, Metrics: {'inlier_count': 1987, 'local_count': 19917, 'support_ratio': 0.09976402068083727, 'vertical_score': 1.0, 'plane_height_mean': -1.1599771976470947, 'agent_z': -1.2, 'vertical_diff': 0.04002280235290523, 'area_xy': 1.2671999999999999, 'radius_est': 0.6351080914081473, 'z_std': 0.03261575102806091, 'occupied_cells': 88, 'bottom_height_tolerance': 0.1}
Updated floor height: -1.00, ceiling height: 0.80
Action: move_forward
Action: null
waypoints: 30
skipped waypoints: edge 1,  distance 14,  no_path 0,  occlusion 5
```json
{
"movement": "I moved forward and slightly right, navigating past the coffee table and towards the center of the living room, approaching the area between the sofa and the kitchen archway.",
"observation": {
    "front view": "I see the kitchen archway straight ahead with a stove visible inside. To the right of the archway is a doorway leading to a room with a desk (likely the den). Further right is a glass door. A white chair is on the right foreground.",
    "left view": "I see the sofa and the dining table area further back/left.",
    "right view": "I see a fireplace and a white chair. To the left of the fireplace is the doorway to the den.",
    "map": "The map shows my position near the center of the living room, with the kitchen/den area ahead/right."
},
"thought": "I am in the living room. The instruction says to go through the door on the right. Based on the views, the doorway to the right of the kitchen archway (leading to a room with a desk) is the most likely candidate for the 'den'. I need to move towards this doorway. Waypoint 4 is in the middle of the room, slightly right, which is a good intermediate step to get closer to that doorway.",
"stuck": false,
"plan": "Move forward and slightly right towards waypoint 4 to approach the doorway leading to the den.",
"curr_step": "I am currently in the living room. I need to reach the door on the right (the one near the kitchen archway). Waypoint 4 is a good target to get closer to that area.",
"action": 4
}
```
Action: turn
Action: move_forward
Action: move_forward
Action: move_forward
Action: null
waypoints: 28
skipped waypoints: edge 0,  distance 13,  no_path 0,  occlusion 4



Action: stop
waypoints: 28
skipped waypoints: edge 0,  distance 13,  no_path 0,  occlusion 4


```json
{
"movement": "I moved forward and slightly right, positioning myself near the central pillar between the kitchen and the hallway entrance.",
"observation": {
    "front view": "I see a wooden pillar/wall section in front of me. To the left is the kitchen with a grill. To the right of the pillar is an opening leading into a long hallway with arches. Waypoint 11 is visible further down this hallway.",
    "left view": "I see the kitchen counter and cabinets.",
    "right view": "I see a fireplace and the entrance to the long hallway with arches.",
    "map": "The map shows my current position near the center. The path forward leads towards the 'desk' area (den) which is further up/right on the map."
},
"thought": "I have navigated through the living room and am now at the junction between the kitchen and the hallway leading to the den. The instruction says to go 'through the door on the to the right'. Looking at the layout, the hallway to the right (seen in Right View and Front View) leads towards the desk area (den). I need to enter this hallway to reach the den.",
"stuck": false,
"plan": "Move forward into the hallway towards the den (desk area). The target is to reach the room with the desk.",
"curr_step": "I am at the entrance of the hallway. Waypoint 11 is further down this path. I need to move towards it to enter the den.",
"action": 11
}
```
Action: turn
Action: move_forward
Action: move_forward
Action: turn
Action: move_forward
Action: null
Action: turn
waypoints: 42
skipped waypoints: edge 7,  distance 19,  no_path 0,  occlusion 4



Action: stop
['Walk to the right of the coutch and through the doors to the tan couch', 'Pass through the dining room and wait outside.']
Initialized data for new floor level: 0
Switching pcds to floor level: 0
Initialized data for new floor level: 0
Switching pcds to floor level: 0
Initialized data for new floor level: 0
Switching pcds to floor level: 0
[StairDetect] normals=0.0032s, cpu=0.0003s, cluster=0.0521s, loop=0.0385s, total=0.1023s
waypoints: 31
skipped waypoints: edge 0,  distance 12,  no_path 1,  occlusion 9
```json
{
"movement": "Move forward into the room, aiming for the open space between the dining table on the left and the coffee table area ahead.",
"observation": {
"front view": "A living area with a brown couch against the back wall, a coffee table in front of it, and a glass door to the left of the couch. A dining table is visible on the left side.",
"left view": "Large windows/doors looking outside and the side of the dining table.",
"right view": "A fireplace with a white chair and more glass doors/windows along the wall.",
"map": "The map shows the start point near the bottom, with the dining area to the left and the living area ahead. Waypoint 3 is in the center of the room."
},
"thought": "The instruction is to 'Walk to the right of the coutch and through the doors to the tan couch'. Assuming the brown couch in the front view is the reference, walking to its right (from my perspective) means heading towards the left side of the room where the glass door is located. Waypoint 3 is a good intermediate point in the center of the room to navigate towards that door without hitting the dining table chairs.",
"stuck": false,
"plan": "Move towards waypoint 3 to position myself in the middle of the room, then head towards the glass door on the left side of the back wall (left of the brown couch).",
"curr_step": "Move towards waypoint 3.",
"action": 3
}
```
Calculated floor height difference: 2.98m
Action: turn
Action: move_forward
Action: null
Action: turn
waypoints: 9
skipped waypoints: edge 2,  distance 2,  no_path 0,  occlusion 4
2026-09-19 00:16:23,684 - INFO - HTTP Request: POST http://127.0.0.1:22447/v1/chat/completions "HTTP/1.1 200 OK"
2026-09-19 00:18:35,143 - INFO - HTTP Request: POST http://127.0.0.1:22447/v1/chat/completions "HTTP/1.1 200 OK"
2026-09-19 00:18:35,816 - INFO - --- Episode 70, Step 6/100 ---
2026-09-19 00:20:38,694 - INFO - HTTP Request: POST http://127.0.0.1:22447/v1/chat/completions "HTTP/1.1 200 OK"
2026-09-19 00:22:20,932 - INFO - HTTP Request: POST http://127.0.0.1:22447/v1/chat/completions "HTTP/1.1 200 OK"
2026-09-19 00:23:43,316 - INFO - HTTP Request: POST http://127.0.0.1:22447/v1/chat/completions "HTTP/1.1 200 OK"
 42%|████▏     | 21/50 [4:12:16<5:56:19, 737.24s/it]Renderer: NVIDIA GeForce RTX 4090/PCIe/SSE2 by NVIDIA Corporation
OpenGL version: 4.6.0 NVIDIA 590.48.01
Using optional features:
    GL_ARB_vertex_array_object
    GL_ARB_separate_shader_objects
    GL_ARB_robustness
    GL_ARB_texture_storage
    GL_ARB_texture_view
    GL_ARB_framebuffer_no_attachments
    GL_ARB_invalidate_subdata
    GL_ARB_texture_storage_multisample
    GL_ARB_multi_bind
    GL_ARB_direct_state_access
    GL_ARB_get_texture_sub_image
    GL_ARB_texture_filter_anisotropic
    GL_KHR_debug
    GL_KHR_parallel_shader_compile
    GL_NV_depth_buffer_float
Using driver workarounds:
    no-forward-compatible-core-context
    nv-egl-incorrect-gl11-function-pointers
    no-layout-qualifiers-on-old-glsl
    nv-zero-context-profile-mask
    nv-implementation-color-read-format-dsa-broken
    nv-cubemap-inconsistent-compressed-image-size
    nv-cubemap-broken-full-compressed-image-query
    nv-compressed-block-size-in-bits
[00:23:44:751215]:[Warning]:[Metadata] SceneDatasetAttributes.cpp(107)::addNewSceneInstanceToDataset : Dataset : 'default' : Lighting Layout Attributes 'no_lights' specified in Scene Attributes but does not exist in dataset, so creating default.
2026-09-19 00:23:55,600 - INFO - Simulator initialized!
2026-09-19 00:24:37,429 - INFO - HTTP Request: POST http://127.0.0.1:22447/v1/chat/completions "HTTP/1.1 200 OK"
2026-09-19 00:24:38,133 - INFO - --- Episode 71, Step 1/100 ---
2026-09-19 00:27:57,546 - INFO - HTTP Request: POST http://127.0.0.1:22447/v1/chat/completions "HTTP/1.1 200 OK"
2026-09-19 00:29:19,094 - INFO - HTTP Request: POST http://127.0.0.1:22447/v1/chat/completions "HTTP/1.1 200 OK"
2026-09-19 00:29:19,673 - INFO - --- Episode 71, Step 2/100 ---
2026-09-19 00:29:20,247 - INFO - --- Episode 71, Step 3/100 ---
2026-09-19 00:29:20,765 - INFO - --- Episode 71, Step 4/100 ---
2026-09-19 00:29:21,484 - INFO - --- Episode 71, Step 5/100 ---
2026-09-19 00:29:22,160 - INFO - --- Episode 71, Step 6/100 ---
2026-09-19 00:29:22,766 - INFO - --- Episode 71, Step 7/100 ---
2026-09-19 00:29:23,498 - INFO - --- Episode 71, Step 8/100 ---
2026-09-19 00:29:24,333 - INFO - --- Episode 71, Step 9/100 ---
2026-09-19 00:29:25,308 - INFO - --- Episode 71, Step 10/100 ---
2026-09-19 00:31:41,009 - INFO - HTTP Request: POST http://127.0.0.1:22447/v1/chat/completions "HTTP/1.1 200 OK"
2026-09-19 00:32:26,231 - INFO - HTTP Request: POST http://127.0.0.1:22447/v1/chat/completions "HTTP/1.1 200 OK"
2026-09-19 00:32:26,945 - INFO - --- Episode 71, Step 11/100 ---
2026-09-19 00:32:27,633 - INFO - --- Episode 71, Step 12/100 ---
2026-09-19 00:32:28,339 - INFO - --- Episode 71, Step 13/100 ---
2026-09-19 00:32:29,004 - INFO - --- Episode 71, Step 14/100 ---
2026-09-19 00:32:29,766 - INFO - --- Episode 71, Step 15/100 ---
2026-09-19 00:32:30,537 - INFO - --- Episode 71, Step 16/100 ---
2026-09-19 00:32:31,499 - INFO - --- Episode 71, Step 17/100 ---
2026-09-19 00:32:32,356 - INFO - --- Episode 71, Step 18/100 ---
```json
{
"movement": "Move forward towards the glass door (labeled B in the first image) located at the back of the room, passing to the right of the dining banquette/couch on my left.",
"observation": {
"front view": "I see the gap between the dining table/banquette on the left and the brown couch on the right. Further ahead is a glass door (labeled B in the first image) and windows.",
"left view": "Large windows/doors leading outside and the side of the dining banquette.",
"right view": "A fireplace with a white chair and more glass doors/windows along the wall.",
"map": "The map shows the start point near the bottom, with the dining area to the left and the living area ahead. The path leads towards the top wall where the door is."
},
"thought": "The instruction 'Walk to the right of the coutch' likely refers to walking to the right of the dining banquette (which looks like a couch) along the window wall. This path leads towards the glass door labeled B in the first image. I am currently positioned near the dining table, facing the gap between the banquette and the brown couch. Moving forward will take me towards that door.",
"stuck": false,
"plan": "Move forward through the gap between the dining banquette and the brown couch to reach the glass door at the back of the room.",
"curr_step": "Move forward towards the door B.",
"action": "F"
}
```


Action: stop
waypoints: 9
skipped waypoints: edge 2,  distance 2,  no_path 0,  occlusion 4



Action: stop
['leave sitting room and head towards the kitchen, turn right at living room and enter.', 'walk through living room to dinning room and enter. Turn left and head to front door.', 'Exit the house and stop on porch.']
Initialized data for new floor level: 0
Switching pcds to floor level: 0
Initialized data for new floor level: 0
Switching pcds to floor level: 0
Initialized data for new floor level: 0
Switching pcds to floor level: 0
[StairDetect] normals=0.0032s, cpu=0.0002s, cluster=0.0516s, loop=0.0378s, total=0.1010s
waypoints: 31
skipped waypoints: edge 0,  distance 12,  no_path 1,  occlusion 9

```json
{
"movement": "I am currently in the sitting/dining area near the dining table. I have oriented myself towards the living room and kitchen area visible in the front view.",
"observation": {
    "front view": "I see a sofa (living room) in the center, a coffee table, and an archway leading to the kitchen in the back right. To the far right, there is a doorway.",
    "left view": "I see the dining table with white chairs and large windows, which appears to be the sitting room I am leaving.",
    "right view": "I see a fireplace with a white chair and a door next to it.",
    "map": "My current position is near waypoint 5 (START). The dining table is to the left (waypoints 1/3). The sofa/living area is ahead (waypoint 4). The kitchen archway is further back right. Waypoint 7 is located between the sofa and the kitchen path."
},
"thought": "The instruction is to 'leave sitting room and head towards the kitchen, turn right at living room and enter.' I am currently in the sitting/dining area. To follow the instruction, I need to move towards the kitchen/living room area. The living room seems to be the area with the sofa (front view) or potentially the fireplace area (right view). Given the sequence 'head towards kitchen' then 'turn right', it suggests moving towards the kitchen archway and then turning into the living room. Waypoint 7 is a strategic point near the kitchen path and the living room sofa, allowing me to progress towards the kitchen while being close to the living room entrance.",
"stuck": false,
"plan": "Move forward towards waypoint 7, which is near the kitchen archway and the living room sofa. This aligns with 'heading towards the kitchen'. From there, I will be positioned to turn right into the living room as instructed.",
"curr_step": "I need to move from my current position (START/5) towards the kitchen/living room area. Waypoint 7 is the most logical next step as it is on the path to the kitchen and adjacent to the living room sofa.",
"action": 7
}
```
Calculated floor height difference: 2.98m
Action: turn
Action: move_forward
Action: move_forward
--- Height change stabilized. Height diff: 0.05, On platform: True, Metrics: {'inlier_count': 2662, 'local_count': 25558, 'support_ratio': 0.10415525471069116, 'vertical_score': 1.0, 'plane_height_mean': -1.1508128643035889, 'agent_z': -1.1486152231693267, 'vertical_diff': 0.0021976411342621294, 'area_xy': 1.5695999999999999, 'radius_est': 0.7068374617647807, 'z_std': 0.0363982692360878, 'occupied_cells': 109, 'bottom_height_tolerance': 0.1}
--- No significant floor change. Height diff: 0.05, On platform: True, Metrics: {'inlier_count': 2662, 'local_count': 25558, 'support_ratio': 0.10415525471069116, 'vertical_score': 1.0, 'plane_height_mean': -1.1508128643035889, 'agent_z': -1.1486152231693267, 'vertical_diff': 0.0021976411342621294, 'area_xy': 1.5695999999999999, 'radius_est': 0.7068374617647807, 'z_std': 0.0363982692360878, 'occupied_cells': 109, 'bottom_height_tolerance': 0.1}
Updated floor height: -0.95, ceiling height: 0.85
Action: move_forward
Action: turn
Action: move_forward
Action: turn
--- Height change stabilized. Height diff: 0.00, On platform: True, Metrics: {'inlier_count': 1987, 'local_count': 19915, 'support_ratio': 0.09977403966358152, 'vertical_score': 1.0, 'plane_height_mean': -1.1599726676940918, 'agent_z': -1.2, 'vertical_diff': 0.04002733230590816, 'area_xy': 1.2671999999999999, 'radius_est': 0.6351080914081473, 'z_std': 0.032615650445222855, 'occupied_cells': 88, 'bottom_height_tolerance': 0.1}
--- No significant floor change. Height diff: 0.00, On platform: True, Metrics: {'inlier_count': 1987, 'local_count': 19915, 'support_ratio': 0.09977403966358152, 'vertical_score': 1.0, 'plane_height_mean': -1.1599726676940918, 'agent_z': -1.2, 'vertical_diff': 0.04002733230590816, 'area_xy': 1.2671999999999999, 'radius_est': 0.6351080914081473, 'z_std': 0.032615650445222855, 'occupied_cells': 88, 'bottom_height_tolerance': 0.1}
Updated floor height: -1.00, ceiling height: 0.80
Action: move_forward
Action: null
waypoints: 30
skipped waypoints: edge 1,  distance 14,  no_path 0,  occlusion 5

```json
{
"movement": "I have moved forward from the starting area towards the kitchen/living room transition. I am currently facing the kitchen archway with the sofa to my left and the fireplace area to my right.",
"observation": {
    "front view": "I see the kitchen through an archway straight ahead. To the right, there is a large stone fireplace with a white chair nearby. To the left, there is a sofa and coffee table.",
    "left view": "I see the dining area with a table and chairs near large windows.",
    "right view": "I see the fireplace and a white chair, which appears to be part of a living area.",
    "map": "My current position is near the center. The kitchen is North. The sofa/dining area is West (Left). The fireplace area is East (Right). Waypoint 3 is located in the fireplace/living room area to the right."
},
"thought": "The instruction for P1 is 'leave sitting room and head towards the kitchen, turn right at living room and enter.' I have headed towards the kitchen. The next part is 'turn right at living room and enter'. Since the dining room (seen in the left view) is to the West, and P2 requires walking *through* the living room *to* the dining room, the living room must be on the opposite side, i.e., to the East (Right). The fireplace area corresponds to this location. Therefore, I need to turn right and enter that area.",
"stuck": false,
"plan": "Turn right towards the fireplace area (living room) and move into it. This aligns with 'turn right at living room and enter'. From there, I will be positioned to walk through this room towards the dining room (West) as per P2.",
"curr_step": "I need to move towards the right side of the room where the fireplace is located. Waypoint 3 is in that direction.",
"action": 3
}
```
Action: turn
Action: move_forward
Action: turn
Action: move_forward
Action: turn
Action: move_forward
Action: null
Action: turn
waypoints: 28
2026-09-19 00:33:12,725 - INFO - HTTP Request: POST http://127.0.0.1:22447/v1/chat/completions "HTTP/1.1 200 OK"
2026-09-19 00:33:13,923 - INFO - --- Episode 71, Step 19/100 ---
2026-09-19 00:33:14,960 - INFO - --- Episode 71, Step 20/100 ---
2026-09-19 00:33:15,845 - INFO - --- Episode 71, Step 21/100 ---
2026-09-19 00:33:16,651 - INFO - --- Episode 71, Step 22/100 ---
2026-09-19 00:33:17,623 - INFO - --- Episode 71, Step 23/100 ---
2026-09-19 00:33:18,774 - INFO - --- Episode 71, Step 24/100 ---
2026-09-19 00:33:20,216 - INFO - --- Episode 71, Step 25/100 ---
2026-09-19 00:33:21,265 - INFO - --- Episode 71, Step 26/100 ---
2026-09-19 00:33:52,527 - INFO - HTTP Request: POST http://127.0.0.1:22447/v1/chat/completions "HTTP/1.1 200 OK"
2026-09-19 00:33:53,994 - INFO - --- Episode 71, Step 27/100 ---
2026-09-19 00:33:54,840 - INFO - --- Episode 71, Step 28/100 ---
2026-09-19 00:33:55,434 - INFO - --- Episode 71, Step 29/100 ---
2026-09-19 00:33:56,080 - INFO - --- Episode 71, Step 30/100 ---
2026-09-19 00:33:56,857 - INFO - --- Episode 71, Step 31/100 ---
2026-09-19 00:33:57,676 - INFO - --- Episode 71, Step 32/100 ---
2026-09-19 00:34:38,746 - INFO - HTTP Request: POST http://127.0.0.1:22447/v1/chat/completions "HTTP/1.1 200 OK"
2026-09-19 00:34:40,596 - INFO - --- Episode 71, Step 33/100 ---
2026-09-19 00:34:41,515 - INFO - --- Episode 71, Step 34/100 ---
2026-09-19 00:34:42,796 - INFO - --- Episode 71, Step 35/100 ---
2026-09-19 00:34:43,779 - INFO - --- Episode 71, Step 36/100 ---
2026-09-19 00:35:23,342 - INFO - HTTP Request: POST http://127.0.0.1:22447/v1/chat/completions "HTTP/1.1 200 OK"
2026-09-19 00:35:51,098 - INFO - HTTP Request: POST http://127.0.0.1:22447/v1/chat/completions "HTTP/1.1 200 OK"
2026-09-19 00:36:10,984 - INFO - HTTP Request: POST http://127.0.0.1:22447/v1/chat/completions "HTTP/1.1 200 OK"
2026-09-19 00:36:11,885 - INFO - --- Episode 71, Step 37/100 ---
2026-09-19 00:36:34,920 - INFO - HTTP Request: POST http://127.0.0.1:22447/v1/chat/completions "HTTP/1.1 200 OK"
skipped waypoints: edge 1,  distance 17,  no_path 0,  occlusion 2
```json
{
"movement": "I have moved from the starting sitting/dining area towards the kitchen/living room transition. I am currently standing in a hallway-like space with a glass door to my left and a console table ahead. The living room area with a sofa and rug is visible to my right.",
"observation": {
    "front view": "I see a long hallway extending forward with a console table against the left wall. To the right, there is a large living room area with a beige sofa and a patterned rug. A kitchen is visible further back through an archway.",
    "left view": "I see a glass door/window and the edge of the dining/sitting area I came from.",
    "right view": "I see the wall of the hallway and the entrance to the living room area with a white chair.",
    "map": "My current position is near the transition between the hallway and the living room. The 'sofa' (living room) is to the right (blue shape). The kitchen is further back/right. Waypoint 4 is located in the living room area on the rug."
},
"thought": "The instruction for P1 is 'leave sitting room and head towards the kitchen, turn right at living room and enter.' I have left the sitting room and am heading towards the kitchen. The living room is to my right. To follow the instruction 'turn right ... and enter', I need to move into that living room area. Waypoint 4 is located in the center of this living room area (on the rug near the sofa). Moving there will complete the 'enter' part of the subtask.",
"stuck": false,
"plan": "Move forward and slightly right into the living room area towards waypoint 4. This aligns with 'turn right at living room and enter'. Once in the living room, I will be positioned to walk through it as per P2.",
"curr_step": "I am at the entrance of the living room. The target is to enter it. Waypoint 4 is a clear location within the living room area. Moving to waypoint 4 fulfills the requirement to 'enter' the living room.",
"action": 4
}
```
Action: turn
Action: move_forward
Action: turn
Action: move_forward
Action: turn
Action: move_forward
Action: null
Action: turn
waypoints: 37
skipped waypoints: edge 3,  distance 16,  no_path 0,  occlusion 8
```json
{
"movement": "I have entered the living room area with the sofa and rug. I am currently standing on the edge of the rug, facing towards the kitchen/hallway direction. The console table is to my left.",
"observation": {
    "front view": "I see the living room rug and sofa in front of me. To the left is a hallway with a console table against the wall. Straight ahead/left is an archway leading further into the house (towards kitchen).",
    "left view": "I see the console table with pictures above it and a doorway/hallway extending back.",
    "right view": "I see a large white fireplace and another sofa near a window.",
    "map": "I am in the living room area (blue sofa region). The 'desk' (console table) is to my West. The START point (dining/sitting area) is South of me. Waypoint 3 is located near the console table on the West side of the living room."
},
"thought": "I have completed P1 by entering the living room. Now I need to execute P2: 'walk through living room to dinning room and enter.' The dining room is likely back towards the START area (South). To get there, I need to exit the living room area. Moving towards waypoint 3 (near the console table) will take me out of the living room and towards the hallway/dining area. From there, I can turn left (South) to head to the front door as per the next part of the instruction.",
"stuck": false,
"plan": "Move towards waypoint 3 to exit the living room and approach the dining/hallway area. This aligns with 'walk through living room to dinning room'.",
"curr_step": "I am in the living room. I need to move towards the dining room. Waypoint 3 is near the console table, which is on the path out of the living room towards the rest of the house (and likely the dining area).",
"action": 3
}
```
Action: turn
Action: move_forward
Action: turn
Action: move_forward
Action: null
Action: turn
waypoints: 23
skipped waypoints: edge 0,  distance 17,  no_path 0,  occlusion 0
```json
{
"movement": "I have moved from the sitting/dining area towards the kitchen/living room transition. I am currently standing near a wooden console table (workbench) on my left, facing down a hallway. The living room with a sofa and rug is visible to my right.",
"observation": {
    "front view": "I see a long hallway extending forward with a console table against the left wall. To the right, there is a large living room area with a beige sofa and a patterned rug. A kitchen is visible further back/right through an archway.",
    "left view": "I see the console table with pictures above it and a doorway/hallway extending back.",
    "right view": "I see the wall of the hallway and the entrance to the living room area with a white chair.",
    "map": "My current position is near the transition between the hallway and the living room. The 'sofa' (living room) is to the right (blue shape). The kitchen is further back/right. Waypoint 1 is located on the edge of the living room rug, near the hallway."
},
"thought": "The instruction for P1 is 'leave sitting room and head towards the kitchen, turn right at living room and enter.' I have left the sitting room and am heading towards the kitchen. The living room is to my right. To follow the instruction 'turn right ... and enter', I need to move into that living room area. Waypoint 1 is located on the edge of the rug in the living room, which serves as a good entry point. Moving there will align me with the living room so I can fully enter it.",
"stuck": false,
"plan": "Move towards waypoint 1 to approach the entrance of the living room. This aligns with 'turn right at living room and enter'. Once in the living room, I will be positioned to walk through it as per P2.",
"curr_step": "I am at the edge of the living room. The target is to enter it. Waypoint 1 is a clear location on the rug/edge of the living room. Moving to waypoint 1 fulfills the requirement to 'enter' the living room area.",
"action": 1
}
```
Action: turn
Action: move_forward
Action: null
Action: turn
waypoints: 14
skipped waypoints: edge 1,  distance 5,  no_path 0,  occlusion 0



Action: stop
waypoints: 14
skipped waypoints: edge 1,  distance 5,  no_path 0,  occlusion 0
2026-09-19 00:36:36,081 - INFO - --- Episode 71, Step 38/100 ---
2026-09-19 00:36:36,990 - INFO - --- Episode 71, Step 39/100 ---
2026-09-19 00:36:38,158 - INFO - --- Episode 71, Step 40/100 ---
2026-09-19 00:36:39,133 - INFO - --- Episode 71, Step 41/100 ---
2026-09-19 00:36:40,099 - INFO - --- Episode 71, Step 42/100 ---
2026-09-19 00:36:47,281 - INFO - HTTP Request: POST http://127.0.0.1:22447/v1/chat/completions "HTTP/1.1 400 Bad Request"
2026-09-19 00:36:48,469 - INFO - HTTP Request: POST http://127.0.0.1:22447/v1/chat/completions "HTTP/1.1 400 Bad Request"
2026-09-19 00:36:49,673 - INFO - HTTP Request: POST http://127.0.0.1:22447/v1/chat/completions "HTTP/1.1 400 Bad Request"
 44%|████▍     | 22/50 [4:25:25<5:51:12, 752.60s/it]Renderer: NVIDIA GeForce RTX 4090/PCIe/SSE2 by NVIDIA Corporation
OpenGL version: 4.6.0 NVIDIA 590.48.01
Using optional features:
    GL_ARB_vertex_array_object
    GL_ARB_separate_shader_objects
    GL_ARB_robustness
    GL_ARB_texture_storage
    GL_ARB_texture_view
    GL_ARB_framebuffer_no_attachments
    GL_ARB_invalidate_subdata
    GL_ARB_texture_storage_multisample
    GL_ARB_multi_bind
    GL_ARB_direct_state_access
    GL_ARB_get_texture_sub_image
    GL_ARB_texture_filter_anisotropic
    GL_KHR_debug
    GL_KHR_parallel_shader_compile
    GL_NV_depth_buffer_float
Using driver workarounds:
    no-forward-compatible-core-context
    nv-egl-incorrect-gl11-function-pointers
    no-layout-qualifiers-on-old-glsl
    nv-zero-context-profile-mask
    nv-implementation-color-read-format-dsa-broken
    nv-cubemap-inconsistent-compressed-image-size
    nv-cubemap-broken-full-compressed-image-query
    nv-compressed-block-size-in-bits
[00:36:53:206874]:[Warning]:[Metadata] SceneDatasetAttributes.cpp(107)::addNewSceneInstanceToDataset : Dataset : 'default' : Lighting Layout Attributes 'no_lights' specified in Scene Attributes but does not exist in dataset, so creating default.
2026-09-19 00:36:58,368 - INFO - Simulator initialized!
2026-09-19 00:37:26,509 - INFO - HTTP Request: POST http://127.0.0.1:22447/v1/chat/completions "HTTP/1.1 200 OK"
2026-09-19 00:37:27,211 - INFO - --- Episode 72, Step 1/100 ---
2026-09-19 00:40:47,439 - INFO - HTTP Request: POST http://127.0.0.1:22447/v1/chat/completions "HTTP/1.1 200 OK"
2026-09-19 00:42:17,599 - INFO - HTTP Request: POST http://127.0.0.1:22447/v1/chat/completions "HTTP/1.1 200 OK"
2026-09-19 00:42:18,360 - INFO - --- Episode 72, Step 2/100 ---
2026-09-19 00:42:19,141 - INFO - --- Episode 72, Step 3/100 ---
2026-09-19 00:42:19,899 - INFO - --- Episode 72, Step 4/100 ---
2026-09-19 00:42:20,852 - INFO - --- Episode 72, Step 5/100 ---
2026-09-19 00:42:21,667 - INFO - --- Episode 72, Step 6/100 ---
2026-09-19 00:42:22,461 - INFO - --- Episode 72, Step 7/100 ---
2026-09-19 00:42:47,466 - INFO - HTTP Request: POST http://127.0.0.1:22447/v1/chat/completions "HTTP/1.1 200 OK"
2026-09-19 00:42:48,344 - INFO - --- Episode 72, Step 8/100 ---
2026-09-19 00:42:49,199 - INFO - --- Episode 72, Step 9/100 ---
2026-09-19 00:42:50,289 - INFO - --- Episode 72, Step 10/100 ---
2026-09-19 00:42:51,137 - INFO - --- Episode 72, Step 11/100 ---
2026-09-19 00:43:02,259 - INFO - HTTP Request: POST http://127.0.0.1:22447/v1/chat/completions "HTTP/1.1 200 OK"
2026-09-19 00:43:03,074 - INFO - --- Episode 72, Step 12/100 ---
2026-09-19 00:43:03,879 - INFO - --- Episode 72, Step 13/100 ---
2026-09-19 00:43:04,730 - INFO - --- Episode 72, Step 14/100 ---
2026-09-19 00:43:05,652 - INFO - --- Episode 72, Step 15/100 ---
2026-09-19 00:43:06,500 - INFO - --- Episode 72, Step 16/100 ---
2026-09-19 00:43:07,344 - INFO - --- Episode 72, Step 17/100 ---
2026-09-19 00:43:08,227 - INFO - --- Episode 72, Step 18/100 ---
2026-09-19 00:43:09,065 - INFO - --- Episode 72, Step 19/100 ---
2026-09-19 00:44:43,799 - INFO - HTTP Request: POST http://127.0.0.1:22447/v1/chat/completions "HTTP/1.1 200 OK"
2026-09-19 00:45:02,864 - INFO - HTTP Request: POST http://127.0.0.1:22447/v1/chat/completions "HTTP/1.1 200 OK"
```json
{
"movement": "I have moved from the sitting/dining area towards the kitchen/living room transition. I am currently standing near a wooden console table (workbench) on my left, facing down a hallway. The living room with a sofa and rug is visible to my right.",
"observation": {
    "front view": "I see a long hallway extending forward with a console table against the left wall. To the right, there is a large living room area with a beige sofa and a patterned rug. A kitchen is visible further back/right through an archway.",
    "left view": "I see the console table with pictures above it and a doorway/hallway extending back.",
    "right view": "I see the wall of the hallway and the entrance to the living room area with a white chair.",
    "map": "My current position is near the transition between the hallway and the living room. The 'sofa' (living room) is to the right (blue shape). The kitchen is further back/right. Waypoint 6 is located in the living room area on the rug."
},
"thought": "The instruction for P1 is 'leave sitting room and head towards the kitchen, turn right at living room and enter.' I have left the sitting room and am heading towards the kitchen. The living room is to my right. To follow the instruction 'turn right ... and enter', I need to move into that living room area. Waypoint 6 is located in the center of this living room area (on the rug near the sofa). Moving there will complete the 'enter' part of the subtask.",
"stuck": false,
"plan": "Move towards waypoint 6 to enter the living room area. This aligns with 'turn right at living room and enter'. Once in the living room, I will be positioned to walk through it as per P2.",
"curr_step": "I am at the entrance of the living room. The target is to enter it. Waypoint 6 is a clear location within the living room area. Moving to waypoint 6 fulfills the requirement to 'enter' the living room.",
"action": 6
}
```
Action: turn
Action: move_forward
Action: turn
Action: move_forward
Action: null
waypoints: 26
skipped waypoints: edge 2,  distance 6,  no_path 0,  occlusion 10
Action: stop
['Turn around and go past the dining area, turn to the right and past the couch.', 'go down the hall way a little bit and then turn left into the living room.', 'Stop right there and wait.']
Initialized data for new floor level: 0
Switching pcds to floor level: 0
Initialized data for new floor level: 0
Switching pcds to floor level: 0
Initialized data for new floor level: 0
Switching pcds to floor level: 0
[StairDetect] normals=0.0037s, cpu=0.0003s, cluster=0.0280s, loop=0.0119s, total=0.0583s
waypoints: 24
skipped waypoints: edge 0,  distance 14,  no_path 0,  occlusion 1

```json
{
"movement": "I am currently facing a desk and dining table area (Front View). To follow the instruction 'Turn around and go past the dining area', I need to orient myself towards the living room/kitchen area which is visible in the Right View. The dining table is to my front-left. Moving towards waypoint 6 will take me past this dining area towards the center of the room.",
"observation": {
    "front view": "I see a dining table with chairs and a desk against the wall. To the right is a large glass partition/wall. Waypoint 6 is visible in the middle of the room near the glass wall.",
    "left view": "I see a hallway/corridor leading away.",
    "right view": "I see a kitchen island with stools and a living room area with a couch in the distance.",
    "map": "My current position is near START (waypoint 3). The desk is to the North-West. The living room is to the South-East. Waypoint 6 is in the center of the room."
},
"thought": "The instruction says 'Turn around and go past the dining area'. I am currently facing the dining table/desk. To go past it towards the living room (which is in the Right View), I need to move towards the open space. Waypoint 6 is in the middle of the room, which seems to be the path past the dining area towards the kitchen/living room. Moving to waypoint 6 will position me to then turn right towards the couch as instructed.",
"stuck": false,
"plan": "Move towards waypoint 6 to go past the dining area. Then, from there, I will turn right and move towards the couch (waypoint 9) in the living room.",
"curr_step": "I need to move past the dining area. Waypoint 6 is located in the middle of the room, past the dining table seen in the front view. This aligns with the instruction to go past the dining area.",
"action": 6
}
```
Calculated floor height difference: 2.65m
Action: turn
Action: move_forward
Action: move_forward
Action: move_forward
Action: move_forward
Action: null
waypoints: 10
skipped waypoints: edge 0,  distance 5,  no_path 0,  occlusion 1
```json
{
"movement": "I moved forward from my previous position near the desk/dining table. I am now positioned in the open space next to the dining table, having passed the main body of the table.",
"observation": {
    "front view": "I see the dining table on my left and a glass partition/wall ahead. Waypoint 1 is in the open floor area ahead.",
    "left view": "I see the side of the dining table and a white cabinet against the wall with framed pictures.",
    "right view": "I see a kitchen island and further back, a living room area with a couch and TV.",
    "map": "I am near waypoint 2/4 (the desk area). Waypoint 1 is in the center of the room, past the dining table. Waypoint 3 is further right towards the living room."
},
"thought": "The instruction is to 'go past the dining area, turn to the right and past the couch'. I am currently alongside the dining table. Moving towards waypoint 1 will take me past the dining table into the central open space. From there, I will be in a good position to turn right towards the living room and the couch as instructed.",
"stuck": false,
"plan": "Move towards waypoint 1 to clear the dining area. Then, from that position, I will turn right towards the living room area where the couch is located.",
"curr_step": "I am currently going past the dining area. Waypoint 1 is the next logical step to move into the open space past the table.",
"action": 1
}
```
Action: turn
Action: move_forward
Action: null
Action: turn
waypoints: 16
skipped waypoints: edge 1,  distance 8,  no_path 0,  occlusion 2
```json
{
"movement": "I moved forward from the dining area towards the open living space. I am now positioned near the corner of the glass partition, looking towards the living room and hallway.",
"observation": {
    "front view": "I see the glass partition on my left and the open floor leading into the living room area. Waypoint 2 and 3 are ahead in the open space.",
    "left view": "I see the dining table and the desk against the wall.",
    "right view": "I see the living room with a couch, TV, and a hallway leading further back.",
    "map": "I am near waypoint 1/5. Waypoint 3 is in the open space towards the living room."
},
"thought": "I have passed the dining area. The instruction says to 'turn to the right and past the couch'. I need to move into the open space to get a clear path towards the living room where the couch is located. Moving towards waypoint 3 will put me in a better position to then turn right towards the couch.",
"stuck": false,
"plan": "Move towards waypoint 3 to enter the main living area. Then I will turn right to face the couch and proceed past it.",
"curr_step": "I am currently clearing the dining area. Moving to waypoint 3 advances me into the living room space.",
"action": 3
}
```
Action: turn
Action: move_forward
Action: turn
Action: move_forward
Action: turn
Action: move_forward
Action: null
Action: turn
waypoints: 19
skipped waypoints: edge 1,  distance 6,  no_path 0,  occlusion 4

2026-09-19 00:45:04,000 - INFO - --- Episode 72, Step 20/100 ---
2026-09-19 00:46:18,289 - INFO - HTTP Request: POST http://127.0.0.1:22447/v1/chat/completions "HTTP/1.1 200 OK"
2026-09-19 00:47:09,430 - INFO - HTTP Request: POST http://127.0.0.1:22447/v1/chat/completions "HTTP/1.1 200 OK"
2026-09-19 00:47:30,762 - INFO - HTTP Request: POST http://127.0.0.1:22447/v1/chat/completions "HTTP/1.1 200 OK"
2026-09-19 00:47:31,802 - INFO - --- Episode 72, Step 21/100 ---
2026-09-19 00:47:32,534 - INFO - --- Episode 72, Step 22/100 ---
2026-09-19 00:47:33,185 - INFO - --- Episode 72, Step 23/100 ---
2026-09-19 00:47:34,044 - INFO - --- Episode 72, Step 24/100 ---
2026-09-19 00:47:34,908 - INFO - --- Episode 72, Step 25/100 ---
2026-09-19 00:47:35,632 - INFO - --- Episode 72, Step 26/100 ---
2026-09-19 00:47:36,469 - INFO - --- Episode 72, Step 27/100 ---
2026-09-19 00:47:37,339 - INFO - --- Episode 72, Step 28/100 ---
2026-09-19 00:47:49,313 - INFO - HTTP Request: POST http://127.0.0.1:22447/v1/chat/completions "HTTP/1.1 200 OK"
2026-09-19 00:47:51,058 - INFO - HTTP Request: POST http://127.0.0.1:22447/v1/chat/completions "HTTP/1.1 400 Bad Request"
2026-09-19 00:47:52,302 - INFO - HTTP Request: POST http://127.0.0.1:22447/v1/chat/completions "HTTP/1.1 400 Bad Request"
2026-09-19 00:47:53,259 - INFO - --- Episode 72, Step 29/100 ---
2026-09-19 00:48:11,178 - INFO - HTTP Request: POST http://127.0.0.1:22447/v1/chat/completions "HTTP/1.1 200 OK"
2026-09-19 00:48:12,376 - INFO - --- Episode 72, Step 30/100 ---
2026-09-19 00:48:13,154 - INFO - --- Episode 72, Step 31/100 ---
2026-09-19 00:48:13,961 - INFO - --- Episode 72, Step 32/100 ---
2026-09-19 00:48:14,806 - INFO - --- Episode 72, Step 33/100 ---
2026-09-19 00:48:15,524 - INFO - --- Episode 72, Step 34/100 ---
2026-09-19 00:48:16,435 - INFO - --- Episode 72, Step 35/100 ---
2026-09-19 00:48:17,110 - INFO - --- Episode 72, Step 36/100 ---
2026-09-19 00:48:17,945 - INFO - --- Episode 72, Step 37/100 ---
2026-09-19 00:48:21,872 - INFO - HTTP Request: POST http://127.0.0.1:22447/v1/chat/completions "HTTP/1.1 400 Bad Request"
2026-09-19 00:48:23,112 - INFO - HTTP Request: POST http://127.0.0.1:22447/v1/chat/completions "HTTP/1.1 400 Bad Request"
2026-09-19 00:48:24,342 - INFO - HTTP Request: POST http://127.0.0.1:22447/v1/chat/completions "HTTP/1.1 400 Bad Request"
 46%|████▌     | 23/50 [4:36:59<5:30:47, 735.11s/it]Renderer: NVIDIA GeForce RTX 4090/PCIe/SSE2 by NVIDIA Corporation
OpenGL version: 4.6.0 NVIDIA 590.48.01
Using optional features:
    GL_ARB_vertex_array_object
    GL_ARB_separate_shader_objects
    GL_ARB_robustness
    GL_ARB_texture_storage
    GL_ARB_texture_view
    GL_ARB_framebuffer_no_attachments
    GL_ARB_invalidate_subdata
    GL_ARB_texture_storage_multisample
    GL_ARB_multi_bind
    GL_ARB_direct_state_access
    GL_ARB_get_texture_sub_image
    GL_ARB_texture_filter_anisotropic
    GL_KHR_debug
    GL_KHR_parallel_shader_compile
    GL_NV_depth_buffer_float
Using driver workarounds:
    no-forward-compatible-core-context
    nv-egl-incorrect-gl11-function-pointers
    no-layout-qualifiers-on-old-glsl
    nv-zero-context-profile-mask
    nv-implementation-color-read-format-dsa-broken
    nv-cubemap-inconsistent-compressed-image-size
    nv-cubemap-broken-full-compressed-image-query
    nv-compressed-block-size-in-bits
[00:48:27:493859]:[Warning]:[Metadata] SceneDatasetAttributes.cpp(107)::addNewSceneInstanceToDataset : Dataset : 'default' : Lighting Layout Attributes 'no_lights' specified in Scene Attributes but does not exist in dataset, so creating default.
2026-09-19 00:48:32,633 - INFO - Simulator initialized!
2026-09-19 00:48:59,079 - INFO - HTTP Request: POST http://127.0.0.1:22447/v1/chat/completions "HTTP/1.1 200 OK"
2026-09-19 00:48:59,693 - INFO - --- Episode 73, Step 1/100 ---
2026-09-19 00:50:49,342 - INFO - HTTP Request: POST http://127.0.0.1:22447/v1/chat/completions "HTTP/1.1 200 OK"
2026-09-19 00:50:50,101 - INFO - --- Episode 73, Step 2/100 ---
2026-09-19 00:50:50,849 - INFO - --- Episode 73, Step 3/100 ---
2026-09-19 00:50:51,606 - INFO - --- Episode 73, Step 4/100 ---
2026-09-19 00:50:52,515 - INFO - --- Episode 73, Step 5/100 ---
2026-09-19 00:50:53,348 - INFO - --- Episode 73, Step 6/100 ---
2026-09-19 00:50:54,113 - INFO - --- Episode 73, Step 7/100 ---
2026-09-19 00:51:18,391 - INFO - HTTP Request: POST http://127.0.0.1:22447/v1/chat/completions "HTTP/1.1 200 OK"
```json
{
"movement": "I have moved past the dining area and am now in the living room near the couch and coffee table. I am currently facing the TV wall.",
"observation": {
    "front view": "I see the TV wall, a large rug, a coffee table, and the L-shaped couch to my right.",
    "left view": "I see the glass doors leading to the deck/patio.",
    "right view": "I see the kitchen island and a hallway leading further into the house.",
    "map": "I am near the center of the living room. The hallway is to the East (right side of the map)."
},
"thought": "The instruction says 'turn to the right and past the couch' and then 'go down the hall way'. I am currently facing the TV. The hallway is visible in my right view. To proceed towards the hallway, I need to turn right to face it.",
"stuck": false,
"plan": "Turn right to face the hallway and move forward past the couch area towards the hallway entrance.",
"curr_step": "I need to orient myself towards the hallway seen in the right view. Turning right will align me with the path down the hallway.",
"action": "R"
}
```
Action: turn
waypoints: 28
skipped waypoints: edge 3,  distance 15,  no_path 0,  occlusion 5


```json
{
"movement": "I have moved past the dining area and am now positioned in the living room area near the couch and coffee table. I am facing towards the kitchen island and a hallway entrance in the distance.",
"observation": {
    "front view": "I see the path forward between the couch (left) and the kitchen island (right) leading towards a hallway entrance. Waypoint 4 is located near the end of the kitchen island.",
    "left view": "I see the large grey couch and coffee table on a rug.",
    "right view": "I see the kitchen island with stools and the kitchen counter behind it.",
    "map": "I am near the center of the living room. The hallway is straight ahead (North). The couch is to my West/South-West."
},
"thought": "The instruction is to 'turn to the right and past the couch'. I have already turned right relative to the dining area. Now I need to move forward to pass the couch on my left and head towards the hallway. Waypoint 4 is in the path between the couch and the kitchen island, leading towards the hallway.",
"stuck": false,
"plan": "Move forward towards waypoint 4 to go past the couch and position myself to enter the hallway.",
"curr_step": "I am currently alongside the couch. Moving to waypoint 4 will take me past the main part of the couch and into the corridor area.",
"action": 4
}
```
Action: turn
Action: move_forward
Action: move_forward
Action: turn
Action: move_forward
Action: turn
Action: move_forward
Action: null
waypoints: 25
skipped waypoints: edge 0,  distance 22,  no_path 0,  occlusion 0

Action: stop
waypoints: 25
skipped waypoints: edge 0,  distance 22,  no_path 0,  occlusion 0
```json
{
"movement": "I have moved from the dining area into the living room space, positioning myself between the large grey couch on my left and the kitchen island on my right. I am currently facing down a hallway/corridor.",
"observation": {
    "front view": "I see a hallway stretching ahead. To my left is the end of the grey couch. To my right is the white kitchen island with stools. Waypoint 2 is located further down this path.",
    "left view": "I see the large grey sectional couch and the living room area with a TV in the distance.",
    "right view": "I see the kitchen island and the kitchen counter behind it.",
    "map": "I am positioned between the 'sofa' and 'workbench' (kitchen island). Waypoint 2 is ahead in the corridor leading away from this area."
},
"thought": "The instruction is to 'turn to the right and past the couch'. I have already oriented myself towards the hallway. The couch is on my left. To complete 'past the couch', I need to continue moving forward into the hallway space until I have cleared the length of the couch. Waypoint 2 is directly ahead in this path.",
"stuck": false,
"plan": "Move forward towards waypoint 2 to go past the couch and enter the hallway properly.",
"curr_step": "I am currently alongside the couch. Moving to waypoint 2 will take me further down the corridor, effectively going past the couch.",
"action": 2
}
```
Action: turn
Action: move_forward
Action: turn
Action: move_forward
Action: turn
Action: move_forward
Action: null
Action: turn
waypoints: 9
skipped waypoints: edge 0,  distance 5,  no_path 0,  occlusion 0
Action: stop
['Face towards the outside patio table, and go just past the breakfast bar counter that is to the right.', 'Turn right, in front of the countertop, and follow it all the way down to the other end.', 'Walk through the hallway until you see a familyroom just to the left. Wait there.']
Initialized data for new floor level: 0
Switching pcds to floor level: 0
Initialized data for new floor level: 0
Switching pcds to floor level: 0
Initialized data for new floor level: 0
Switching pcds to floor level: 0
[StairDetect] normals=0.0041s, cpu=0.0005s, cluster=0.0277s, loop=0.0127s, total=0.0595s
waypoints: 24
skipped waypoints: edge 0,  distance 14,  no_path 0,  occlusion 1
```json
{
"movement": "Move forward from the starting position, heading towards the open area in front of the desk and glass partition, keeping the breakfast bar counter on the right side.",
"observation": {
"front view": "A desk is visible straight ahead against a wall with windows/doors behind it. To the right of the desk is a large glass partition/wall.",
"left view": "A hallway leading to another room is visible to the left.",
"right view": "A breakfast bar counter (white island) is visible, along with a living area and glass doors leading to an outside patio in the distance.",
"map": "The map shows the starting point (START) near the bottom. A desk is labeled 'desk' to the top-left. A dark rectangle (breakfast bar) is to the right of the start point. Waypoints 4, 5, 6 are in the open area ahead."
},
"thought": "The instruction asks to face the outside patio table and go past the breakfast bar counter on the right. Looking at the views, the outside patio table is likely visible through the glass doors seen in the Right View (and possibly behind the desk in the Front View). The breakfast bar is clearly to the right of my current position (Right View). To follow the instruction 'go just past the breakfast bar counter that is to the right', I need to move forward into the open space, keeping the breakfast bar on my right side. Waypoint 5 is located in this open space, further along the path alongside the breakfast bar.",
"stuck": false,
"plan": "Move forward towards waypoint 5, which is in the open area ahead, effectively going past the start point and alongside the breakfast bar counter which is on the right.",
"curr_step": "The current subtask P1 requires facing the patio table (which is generally ahead/right) and going past the breakfast bar on the right. Moving towards waypoint 5 aligns with this direction, keeping the bar on the right.",
"action": 5
}
```
Calculated floor height difference: 2.65m
Action: turn
Action: move_forward
Action: move_forward
Action: move_forward
Action: move_forward
Action: null
waypoints: 10
skipped waypoints: edge 0,  distance 5,  no_path 0,  occlusion 1
2026-09-19 00:51:19,275 - INFO - --- Episode 73, Step 8/100 ---
2026-09-19 00:51:20,174 - INFO - --- Episode 73, Step 9/100 ---
2026-09-19 00:51:21,136 - INFO - --- Episode 73, Step 10/100 ---
2026-09-19 00:51:21,910 - INFO - --- Episode 73, Step 11/100 ---
2026-09-19 00:51:22,688 - INFO - --- Episode 73, Step 12/100 ---
2026-09-19 00:51:23,493 - INFO - --- Episode 73, Step 13/100 ---
2026-09-19 00:51:24,320 - INFO - --- Episode 73, Step 14/100 ---
2026-09-19 00:51:25,339 - INFO - --- Episode 73, Step 15/100 ---
2026-09-19 00:53:35,811 - INFO - HTTP Request: POST http://127.0.0.1:22447/v1/chat/completions "HTTP/1.1 200 OK"
2026-09-19 00:55:28,730 - INFO - HTTP Request: POST http://127.0.0.1:22447/v1/chat/completions "HTTP/1.1 200 OK"
2026-09-19 00:56:36,945 - INFO - HTTP Request: POST http://127.0.0.1:22447/v1/chat/completions "HTTP/1.1 200 OK"
2026-09-19 00:56:37,818 - INFO - --- Episode 73, Step 16/100 ---
2026-09-19 00:56:38,565 - INFO - --- Episode 73, Step 17/100 ---
2026-09-19 00:56:39,501 - INFO - --- Episode 73, Step 18/100 ---
2026-09-19 00:56:40,263 - INFO - --- Episode 73, Step 19/100 ---
2026-09-19 00:56:41,059 - INFO - --- Episode 73, Step 20/100 ---
2026-09-19 00:56:41,672 - INFO - --- Episode 73, Step 21/100 ---
2026-09-19 00:56:42,327 - INFO - --- Episode 73, Step 22/100 ---
2026-09-19 00:57:26,074 - INFO - HTTP Request: POST http://127.0.0.1:22447/v1/chat/completions "HTTP/1.1 200 OK"
2026-09-19 00:57:26,908 - INFO - --- Episode 73, Step 23/100 ---
2026-09-19 00:58:38,185 - INFO - HTTP Request: POST http://127.0.0.1:22447/v1/chat/completions "HTTP/1.1 200 OK"
2026-09-19 00:59:26,158 - INFO - HTTP Request: POST http://127.0.0.1:22447/v1/chat/completions "HTTP/1.1 200 OK"
2026-09-19 01:00:07,173 - INFO - HTTP Request: POST http://127.0.0.1:22447/v1/chat/completions "HTTP/1.1 200 OK"
2026-09-19 01:00:08,146 - INFO - --- Episode 73, Step 24/100 ---
2026-09-19 01:00:14,215 - INFO - HTTP Request: POST http://127.0.0.1:22447/v1/chat/completions "HTTP/1.1 500 Internal Server Error"
2026-09-19 01:00:14,217 - INFO - Retrying request to /chat/completions in 0.464025 seconds
2026-09-19 01:00:59,594 - INFO - HTTP Request: POST http://127.0.0.1:22447/v1/chat/completions "HTTP/1.1 200 OK"
2026-09-19 01:01:25,968 - INFO - HTTP Request: POST http://127.0.0.1:22447/v1/chat/completions "HTTP/1.1 200 OK"
2026-09-19 01:01:43,503 - INFO - HTTP Request: POST http://127.0.0.1:22447/v1/chat/completions "HTTP/1.1 200 OK"
 48%|████▊     | 24/50 [4:50:18<5:26:49, 754.20s/it]Renderer: NVIDIA GeForce RTX 4090/PCIe/SSE2 by NVIDIA Corporation
OpenGL version: 4.6.0 NVIDIA 590.48.01
Using optional features:
    GL_ARB_vertex_array_object
    GL_ARB_separate_shader_objects
    GL_ARB_robustness
    GL_ARB_texture_storage
    GL_ARB_texture_view
    GL_ARB_framebuffer_no_attachments
    GL_ARB_invalidate_subdata
    GL_ARB_texture_storage_multisample
    GL_ARB_multi_bind
    GL_ARB_direct_state_access
    GL_ARB_get_texture_sub_image
    GL_ARB_texture_filter_anisotropic
    GL_KHR_debug
    GL_KHR_parallel_shader_compile
    GL_NV_depth_buffer_float
Using driver workarounds:
    no-forward-compatible-core-context
    nv-egl-incorrect-gl11-function-pointers
    no-layout-qualifiers-on-old-glsl
    nv-zero-context-profile-mask
    nv-implementation-color-read-format-dsa-broken
    nv-cubemap-inconsistent-compressed-image-size
    nv-cubemap-broken-full-compressed-image-query
    nv-compressed-block-size-in-bits
[01:01:46:241873]:[Warning]:[Metadata] SceneDatasetAttributes.cpp(107)::addNewSceneInstanceToDataset : Dataset : 'default' : Lighting Layout Attributes 'no_lights' specified in Scene Attributes but does not exist in dataset, so creating default.
2026-09-19 01:01:51,306 - INFO - Simulator initialized!
2026-09-19 01:02:21,662 - INFO - HTTP Request: POST http://127.0.0.1:22447/v1/chat/completions "HTTP/1.1 200 OK"
2026-09-19 01:02:22,291 - INFO - --- Episode 74, Step 1/100 ---
2026-09-19 01:03:09,597 - INFO - HTTP Request: POST http://127.0.0.1:22447/v1/chat/completions "HTTP/1.1 200 OK"
2026-09-19 01:03:10,307 - INFO - --- Episode 74, Step 2/100 ---
2026-09-19 01:03:11,053 - INFO - --- Episode 74, Step 3/100 ---
2026-09-19 01:03:11,786 - INFO - --- Episode 74, Step 4/100 ---
2026-09-19 01:03:12,678 - INFO - --- Episode 74, Step 5/100 ---
2026-09-19 01:03:13,509 - INFO - --- Episode 74, Step 6/100 ---
2026-09-19 01:03:14,355 - INFO - --- Episode 74, Step 7/100 ---
```json
{
"movement": "Move forward and slightly right towards the kitchen area, passing the desk on the left and approaching the breakfast bar counter which is located to the right.",
"observation": {
"front view": "A large wooden desk is on the left. Straight ahead are glass doors leading to a patio (labeled B). To the right of the glass doors is an opening into another room.",
"left view": "A wall with framed pictures and a white sideboard/cabinet is visible. The desk is also partially visible.",
"right view": "A living area with a sofa and TV is visible. A white breakfast bar counter is in the foreground on the right.",
"map": "The map shows the starting point (START) near the bottom. The desk is to the top-left. A dark rectangle representing the kitchen island/breakfast bar is to the right of the start point. Waypoint 3 is located near the end of this kitchen island area."
},
"thought": "I am currently facing the patio doors with the desk on my left. The breakfast bar counter is to my right (visible in the Right View). The instruction for P1 is to 'go just past the breakfast bar counter that is to the right'. Looking at the map and the views, moving towards waypoint 3 will take me alongside and just past the length of the breakfast bar counter into the kitchen/living area. This positions me correctly for the next subtask (P2) which involves turning right in front of the countertop.",
"stuck": false,
"plan": "Move towards waypoint 3 to get just past the breakfast bar counter on the right side.",
"curr_step": "I need to reach the point just past the breakfast bar. Waypoint 3 is located near the end of the kitchen island/breakfast bar area. Moving there completes P1.",
"action": 3
}
```
Action: turn
Action: move_forward
Action: turn
Action: move_forward
Action: turn
Action: move_forward
Action: null
Action: turn
waypoints: 16
skipped waypoints: edge 2,  distance 5,  no_path 0,  occlusion 2


```json
{
"movement": "Move forward towards the area near the window and chair (waypoint 2), keeping the breakfast bar counter on the right side.",
"observation": {
"front view": "Glass doors leading to the outside patio are visible ahead. A chair is near the window. The desk is to the left.",
"left view": "A wall with framed pictures and a white sideboard/desk is visible. The patio table is visible through the glass doors.",
"right view": "The living room area with a sofa and TV is visible. The breakfast bar counter is further back to the right.",
"map": "The map shows the current position near waypoint 1. Waypoint 2 is located near the top-left corner of the room, close to the window/chair and the glass doors leading to the patio."
},
"thought": "The instruction is to face the outside patio table and go just past the breakfast bar counter on the right. Currently, I am facing generally towards the glass doors/patio area (Front View). The breakfast bar is to my right (Right View). Moving towards waypoint 2 will take me further into the room towards the patio table while keeping the breakfast bar on my right side, effectively going 'just past' it as instructed.",
"stuck": false,
"plan": "Move forward towards waypoint 2 to reach the area near the window/patio table, completing the first part of the instruction.",
"curr_step": "I am currently facing the patio table direction. Moving towards waypoint 2 aligns with this direction and keeps the breakfast bar on my right. This position is 'just past' the main part of the breakfast bar counter.",
"action": 2
}
```
Action: turn
Action: move_forward
Action: turn
Action: move_forward
Action: turn
Action: move_forward
Action: null
waypoints: 0
skipped waypoints: edge 0,  distance 0,  no_path 0,  occlusion 0
```json
{
"movement": "I have reached the area near the outside patio table and have gone past the breakfast bar counter which was on my right. I am currently facing the glass doors leading to the patio. To proceed with the next subtask (P2) which involves turning right and interacting with the countertop, I need to re-orient myself towards the interior of the room where the rest of the kitchen/living area is located.",
"observation": {
"front view": "Glass doors leading to an outside patio deck are directly ahead. A chair and potted plant are near the window.",
"left view": "A hallway or open passage is visible to the left, leading further into the house.",
"right view": "A living room area with a large sofa, coffee table, and TV on the wall is visible to the right.",
"map": "The map shows my current position near the 'chair' and 'potted_plant' at the top of the room. The breakfast bar (dark rectangle) is to the right of the start point. The hallway is to the left."
},
"thought": "I have completed P1 by reaching the patio area past the breakfast bar. The next instruction P2 is 'Turn right, in front of the countertop, and follow it all the way down to the other end.' Since I am currently facing the patio (North), and the kitchen/living area with the rest of the countertop is likely to my East/South-East (based on the Right View showing the living room/TV area which is typically adjacent to the kitchen), turning Right will face me towards that area. This aligns with the instruction to 'Turn right'.",
"stuck": false,
"plan": "Turn right to face the living room/kitchen area where the countertop is located, preparing to follow it as instructed in P2.",
"curr_step": "P1 is complete. I need to execute the first part of P2: 'Turn right'.",
"action": "R"
}
```
Action: turn
waypoints: 17
skipped waypoints: edge 0,  distance 8,  no_path 0,  occlusion 4



Action: stop
waypoints: 17
skipped waypoints: edge 0,  distance 8,  no_path 0,  occlusion 4



Action: stop
['turn hard left toward dinning area. walk past kitchen towards the living room.', 'turn right by couch and walk down hallway and turn left  and go into the lounge.']
Initialized data for new floor level: 0
Switching pcds to floor level: 0
Initialized data for new floor level: 0
Switching pcds to floor level: 0
Initialized data for new floor level: 0
Switching pcds to floor level: 0
[StairDetect] normals=0.0043s, cpu=0.0002s, cluster=0.0278s, loop=0.0122s, total=0.0587s
waypoints: 24
skipped waypoints: edge 0,  distance 14,  no_path 0,  occlusion 1
```json
{
"movement": "I am currently facing the dining area with a large glass partition to the right. To follow the instruction 'turn hard left toward dinning area', I need to orient myself more towards the dining table which is slightly to the left of my current center line and move towards it.",
"observation": {
    "front view": "I see a dining table ahead and slightly left, with a large glass partition structure to its right. To the far left is a wall with artwork.",
    "left view": "A hallway or passage leading away, with a console table against the wall.",
    "right view": "A kitchen island with stools in the foreground and a living area with a sofa and TV in the background.",
    "map": "I am at the start position (blue triangle). The dining table ('desk') is to the North. The kitchen island is to the South-East. The living room is further South-East."
},
"thought": "The instruction P1 has two parts: 'turn hard left toward dinning area' and 'walk past kitchen towards the living room'. Currently, I am facing the general direction of the dining table but slightly angled towards the glass partition. The dining table is to my North-West relative to my current heading (which is North-East). So a left turn is needed to face it directly. My immediate sub-goal is to reach the dining area. Waypoint 6 is located right next to the dining table, making it the ideal target for this step.",
"stuck": false,
"plan": "1. Move towards the dining table (waypoint 6) to complete the first part of the instruction. 2. From the dining area, navigate past the kitchen island towards the living room (which is visible in the right view background).",
"curr_step": "I need to move towards the dining table. Waypoint 6 is the closest waypoint to the dining table leg.",
"action": 6
}
```
Calculated floor height difference: 2.65m
Action: turn
Action: move_forward
Action: turn
Action: move_forward
Action: move_forward
Action: turn
Action:2026-09-19 01:03:15,175 - INFO - --- Episode 74, Step 8/100 ---
2026-09-19 01:03:15,933 - INFO - --- Episode 74, Step 9/100 ---
2026-09-19 01:03:54,867 - INFO - HTTP Request: POST http://127.0.0.1:22447/v1/chat/completions "HTTP/1.1 200 OK"
2026-09-19 01:03:55,732 - INFO - --- Episode 74, Step 10/100 ---
2026-09-19 01:04:15,171 - INFO - HTTP Request: POST http://127.0.0.1:22447/v1/chat/completions "HTTP/1.1 200 OK"
2026-09-19 01:04:16,059 - INFO - --- Episode 74, Step 11/100 ---
2026-09-19 01:04:16,682 - INFO - --- Episode 74, Step 12/100 ---
2026-09-19 01:04:17,439 - INFO - --- Episode 74, Step 13/100 ---
2026-09-19 01:04:18,199 - INFO - --- Episode 74, Step 14/100 ---
2026-09-19 01:04:19,038 - INFO - --- Episode 74, Step 15/100 ---
2026-09-19 01:04:19,734 - INFO - --- Episode 74, Step 16/100 ---
2026-09-19 01:04:20,531 - INFO - --- Episode 74, Step 17/100 ---
2026-09-19 01:04:21,360 - INFO - --- Episode 74, Step 18/100 ---
2026-09-19 01:04:53,384 - INFO - HTTP Request: POST http://127.0.0.1:22447/v1/chat/completions "HTTP/1.1 200 OK"
2026-09-19 01:04:54,409 - INFO - --- Episode 74, Step 19/100 ---
2026-09-19 01:04:55,499 - INFO - --- Episode 74, Step 20/100 ---
2026-09-19 01:04:56,249 - INFO - --- Episode 74, Step 21/100 ---
2026-09-19 01:04:57,089 - INFO - --- Episode 74, Step 22/100 ---
2026-09-19 01:04:57,869 - INFO - --- Episode 74, Step 23/100 ---
2026-09-19 01:04:58,639 - INFO - --- Episode 74, Step 24/100 ---
2026-09-19 01:04:59,657 - INFO - --- Episode 74, Step 25/100 ---
2026-09-19 01:05:00,552 - INFO - --- Episode 74, Step 26/100 ---
2026-09-19 01:06:36,695 - INFO - HTTP Request: POST http://127.0.0.1:22447/v1/chat/completions "HTTP/1.1 200 OK"
2026-09-19 01:06:51,370 - INFO - HTTP Request: POST http://127.0.0.1:22447/v1/chat/completions "HTTP/1.1 200 OK"
2026-09-19 01:06:52,268 - INFO - --- Episode 74, Step 27/100 ---
2026-09-19 01:06:52,990 - INFO - --- Episode 74, Step 28/100 ---
2026-09-19 01:06:53,661 - INFO - --- Episode 74, Step 29/100 ---
2026-09-19 01:06:54,689 - INFO - --- Episode 74, Step 30/100 ---
2026-09-19 01:06:55,727 - INFO - --- Episode 74, Step 31/100 ---
2026-09-19 01:06:56,571 - INFO - --- Episode 74, Step 32/100 ---
2026-09-19 01:06:57,382 - INFO - --- Episode 74, Step 33/100 ---
2026-09-19 01:06:58,264 - INFO - --- Episode 74, Step 34/100 ---
2026-09-19 01:06:59,188 - INFO - --- Episode 74, Step 35/100 ---
2026-09-19 01:07:18,831 - INFO - HTTP Request: POST http://127.0.0.1:22447/v1/chat/completions "HTTP/1.1 200 OK"
 move_forward
Action: null
waypoints: 5
skipped waypoints: edge 0,  distance 0,  no_path 0,  occlusion 3
```json
{
"movement": "I moved forward along the wall with the console table and artwork, approaching the dining table which is situated near the window.",
"observation": {
    "front view": "I am facing a large wooden dining table with a plant on it. Behind it are glass doors/windows looking out to greenery. To my left is a white console table with framed art above it.",
    "right view": "To my right, I see the kitchen island (white counter) and further back, the living room area with a dark couch and TV. The path between the dining table and kitchen island leads towards the living room.",
    "map": "I am currently positioned near the 'desk' (dining table) on the map. The living room is to the south-east (bottom right on the map). The kitchen island is to the east (right on the map)."
},
"thought": "I have completed the first part of the instruction by turning towards and reaching the dining area. Now I need to 'walk past kitchen towards the living room'. Looking at the Right View, the kitchen island and living room are clearly visible to my right. The path forward is between the dining table (on my left/front) and the kitchen island (on my right). Therefore, I need to turn right to align myself with this path.",
"stuck": false,
"plan": "1. Turn right to face the living room/kitchen area. 2. Move forward past the kitchen island towards the living room (likely aiming for waypoint 4 or 5 which are in that direction based on the initial map).",
"curr_step": "I need to orient myself towards the living room to walk past the kitchen. The Right View shows the correct direction. I will turn right.",
"action": "R"
}
```
Action: turn
waypoints: 25
skipped waypoints: edge 0,  distance 13,  no_path 0,  occlusion 6
```json
{
"movement": "I have reached the dining area near the wooden table. I am now facing the gap between the dining table (left) and the kitchen island (right), with the living room visible ahead.",
"observation": {
    "front view": "I see a clear path forward between the dining table on the left and the white kitchen island on the right. Further ahead is the living room area with a couch and TV.",
    "left view": "The dining table and large windows are to my left.",
    "right view": "The kitchen island and cabinetry are to my right.",
    "map": "I am near the 'workbench' (dining table). The living room ('carpet') is to the North/North-East. Waypoints 1, 2, and 6 lead towards it."
},
"thought": "I have completed the first part of P1 by reaching the dining area. Now I need to 'walk past kitchen towards the living room'. The path forward between the dining table and kitchen island leads directly to the living room. Waypoint 1 is the immediate next step in this path.",
"stuck": false,
"plan": "Move forward through the gap between the dining table and kitchen island towards the living room (waypoints 1 -> 2 -> 6).",
"curr_step": "I need to move forward into the walkway. Waypoint 1 is directly ahead in the path.",
"action": 1
}
```
Action: turn
Action: move_forward
Action: turn
Action: move_forward
Action: move_forward
Action: turn
Action: move_forward
Action: null
waypoints: 23
skipped waypoints: edge 5,  distance 9,  no_path 0,  occlusion 3
```json
{
"movement": "I have moved past the dining table and am now walking alongside the kitchen island. The living room with the large grey sofa and TV is visible ahead and to the right. I am positioning myself to enter the living room area.",
"observation": {
    "front view": "I see the open floor leading into the living room. To the left are glass doors/windows. To the right is the kitchen island edge. Further ahead is the living room with a sofa and coffee table.",
    "left view": "Large glass sliding doors leading to an outdoor deck area.",
    "right view": "The kitchen island and cabinetry are to my right, confirming I am walking past the kitchen.",
    "map": "I am near the 'workbench' (dining table) on the map. The living room ('carpet', 'sofa') is to the North/North-East. Waypoint 4 is located near the coffee table in the living room."
},
"thought": "I have completed the first part of P1 by turning towards the dining area and reaching it. Now I am executing the second part: 'walk past kitchen towards the living room'. I am currently walking alongside the kitchen island. To complete this subtask, I need to enter the living room space. The next subtask (P2) requires me to be 'by the couch', so moving into the living room towards the sofa/coffee table area is the correct path. Waypoint 4 in the current view is located near the coffee table, which is a good target to reach the living room center.",
"stuck": false,
"plan": "1. Move forward into the living room towards the coffee table/sofa area (waypoint 4). 2. Once in the living room, prepare for P2: 'turn right by couch and walk down hallway'.",
"curr_step": "I need to move forward into the living room. Waypoint 4 is located near the coffee table, which is in the direction of the living room center.",
"action": 4
}
```
Action: turn
Action: move_forward
Action: turn
Action: move_forward
Action: turn
Action: move_forward
Action: null
Action: turn
waypoints: 24
skipped waypoints: edge 0,  distance 12,  no_path 0,  occlusion 4

```json
{
"movement": "I have moved into the living room area, passing the coffee table and sofa. I am now positioned in the open space of the living room, facing towards the TV wall but with the hallway entrance visible to my right.",
"observation": {
    "front view": "I see the living room with a large grey sectional sofa, a coffee table on a rug, and a TV unit on the far wall. To the right, there is an opening leading to a hallway.",
    "left view": "Large glass sliding doors leading to an outdoor deck area are visible to my left.",
    "right view": "To my right, I see the kitchen island in the background and a hallway entrance further back. The path towards the hallway is clear.",
    "map": "I am currently on the 'carpet' (living room rug). Waypoint 8 is located near the hallway entrance to the east/north-east of my current position."
},
"thought": "I have completed the instruction 'walk past kitchen towards the living room' as I am now in the living room. The next subtask P2 is 'turn right by couch and walk down hallway'. To do this, I need to move towards the hallway entrance which is located to the right of the sofa. Waypoint 8 is situated near this hallway entrance. Moving there will complete the transition into the hallway area required for the next step.",
"stuck": false,
"plan": "1. Move towards the hallway entrance (waypoint 8) to position myself for the next subtask. 2. Once at the hallway entrance, I will turn right and proceed down the hallway as per P2.",
"curr_step": "I need to move towards the hallway entrance to complete the current phase of movement and prepare for P2. Waypoint 8 is the closest waypoint to the hallway entrance.",
"action": 8
}
```
Action: turn
Action: move_forward
Action: move_forward
Action: turn
Action: move_forward
Action: turn
Action: move_forward
Action: null
Action: turn
waypoints: 17
skipped waypoints: edge 1,  distance 8,  no_path 0,  occlusion 3
2026-09-19 01:07:19,843 - INFO - --- Episode 74, Step 36/100 ---
2026-09-19 01:07:20,578 - INFO - --- Episode 74, Step 37/100 ---
2026-09-19 01:07:21,490 - INFO - --- Episode 74, Step 38/100 ---
2026-09-19 01:07:55,484 - INFO - HTTP Request: POST http://127.0.0.1:22447/v1/chat/completions "HTTP/1.1 200 OK"
2026-09-19 01:07:56,359 - INFO - --- Episode 74, Step 39/100 ---
2026-09-19 01:08:10,500 - INFO - HTTP Request: POST http://127.0.0.1:22447/v1/chat/completions "HTTP/1.1 200 OK"
2026-09-19 01:08:11,800 - INFO - --- Episode 74, Step 40/100 ---
2026-09-19 01:08:12,574 - INFO - --- Episode 74, Step 41/100 ---
2026-09-19 01:08:13,320 - INFO - --- Episode 74, Step 42/100 ---
2026-09-19 01:08:15,145 - INFO - --- Episode 74, Step 43/100 ---
2026-09-19 01:08:16,320 - INFO - --- Episode 74, Step 44/100 ---
2026-09-19 01:08:35,239 - INFO - HTTP Request: POST http://127.0.0.1:22447/v1/chat/completions "HTTP/1.1 200 OK"
2026-09-19 01:08:46,778 - INFO - HTTP Request: POST http://127.0.0.1:22447/v1/chat/completions "HTTP/1.1 200 OK"
2026-09-19 01:08:48,929 - INFO - HTTP Request: POST http://127.0.0.1:22447/v1/chat/completions "HTTP/1.1 400 Bad Request"
2026-09-19 01:08:49,854 - INFO - --- Episode 74, Step 45/100 ---
2026-09-19 01:09:10,733 - INFO - HTTP Request: POST http://127.0.0.1:22447/v1/chat/completions "HTTP/1.1 200 OK"
2026-09-19 01:09:24,195 - INFO - HTTP Request: POST http://127.0.0.1:22447/v1/chat/completions "HTTP/1.1 200 OK"
2026-09-19 01:09:25,946 - INFO - HTTP Request: POST http://127.0.0.1:22447/v1/chat/completions "HTTP/1.1 400 Bad Request"
 50%|█████     | 25/50 [4:58:03<4:38:08, 667.53s/it]Renderer: NVIDIA GeForce RTX 4090/PCIe/SSE2 by NVIDIA Corporation
OpenGL version: 4.6.0 NVIDIA 590.48.01
Using optional features:
    GL_ARB_vertex_array_object
    GL_ARB_separate_shader_objects
    GL_ARB_robustness
    GL_ARB_texture_storage
    GL_ARB_texture_view
    GL_ARB_framebuffer_no_attachments
    GL_ARB_invalidate_subdata
    GL_ARB_texture_storage_multisample
    GL_ARB_multi_bind
    GL_ARB_direct_state_access
    GL_ARB_get_texture_sub_image
    GL_ARB_texture_filter_anisotropic
    GL_KHR_debug
    GL_KHR_parallel_shader_compile
    GL_NV_depth_buffer_float
Using driver workarounds:
    no-forward-compatible-core-context
    nv-egl-incorrect-gl11-function-pointers
    no-layout-qualifiers-on-old-glsl
    nv-zero-context-profile-mask
    nv-implementation-color-read-format-dsa-broken
    nv-cubemap-inconsistent-compressed-image-size
    nv-cubemap-broken-full-compressed-image-query
    nv-compressed-block-size-in-bits
[01:09:31:582189]:[Warning]:[Metadata] SceneDatasetAttributes.cpp(107)::addNewSceneInstanceToDataset : Dataset : 'default' : Lighting Layout Attributes 'no_lights' specified in Scene Attributes but does not exist in dataset, so creating default.
2026-09-19 01:09:42,587 - INFO - Simulator initialized!
2026-09-19 01:10:11,076 - INFO - HTTP Request: POST http://127.0.0.1:22447/v1/chat/completions "HTTP/1.1 200 OK"
2026-09-19 01:10:11,820 - INFO - --- Episode 75, Step 1/100 ---
2026-09-19 01:10:56,318 - INFO - HTTP Request: POST http://127.0.0.1:22447/v1/chat/completions "HTTP/1.1 200 OK"
2026-09-19 01:10:56,852 - INFO - --- Episode 75, Step 2/100 ---
2026-09-19 01:11:21,200 - INFO - HTTP Request: POST http://127.0.0.1:22447/v1/chat/completions "HTTP/1.1 200 OK"
```json
{
"movement": "I have moved past the kitchen island and am now positioned between the living room sofa (on my left) and the kitchen counter (on my right), facing a long hallway.",
"observation": {
    "front view": "A long, bright hallway stretches ahead. To the left is the end of the grey sectional sofa. To the right is the white kitchen island.",
    "left view": "The living room area with the TV and coffee table is visible to the left, behind the sofa.",
    "right view": "The kitchen island and cabinetry are immediately to my right.",
    "map": "I am positioned near the 'sofa' and 'workbench' (kitchen island). The hallway leads North (up on the map) towards a door with horizontal slats."
},
"thought": "I have completed the first part of the instruction by reaching the living room area. The next subtask is 'turn right by couch and walk down hallway'. I am currently facing the hallway, which is to the right of the main living area/couch. To proceed with 'walk down hallway', I need to move forward into the corridor. Waypoint 3 is located in the middle of this path.",
"stuck": false,
"plan": "1. Move forward into the hallway (towards waypoint 3). 2. Continue down the hallway as per P2 instructions.",
"curr_step": "I need to enter the hallway. Waypoint 3 is directly ahead in the corridor.",
"action": 3
}
```
Action: turn
Action: move_forward
Action: null
waypoints: 11
skipped waypoints: edge 1,  distance 5,  no_path 0,  occlusion 2
```json
{
"movement": "I moved forward from the living room area into the hallway entrance, positioning myself between the sofa and the kitchen counter.",
"observation": {
    "front view": "A long hallway stretches ahead with a clock on the right wall and a door at the far end. To the left is the end of the grey sofa.",
    "left view": "The large grey sectional sofa and the living room area are to my left.",
    "right view": "The white kitchen island/counter is immediately to my right.",
    "map": "I am positioned at the junction between the living room ('sofa', 'carpet') and the hallway. The path leads North into the hallway."
},
"thought": "I have completed the instruction for P1 ('walk past kitchen towards the living room') as I have reached the living room area and am now at the entrance of the hallway. The next subtask P2 is 'turn right by couch and walk down hallway'. Since I am already facing the hallway (which is to the right of the main living area), I have effectively oriented myself correctly for P2. Therefore, I should complete P1 now.",
"stuck": false,
"plan": "Complete P1. Then proceed with P2: walk down the hallway towards the lounge/lounge area at the end.",
"curr_step": "P1 is completed as I have reached the living room/hallway junction. The next step is to start P2.",
"action": -1
}
```
Action: pause
waypoints: 11
skipped waypoints: edge 1,  distance 5,  no_path 0,  occlusion 2
```json
{
"movement": "I am standing at the entrance of the hallway, facing it directly. The grey couch is to my left and the kitchen island is to my right.",
"observation": {
    "front view": "A long hallway stretches ahead with a clock on the right wall and a door at the far end. Waypoints 1, 2, and 3 are visible in the hallway.",
    "left view": "The large grey sectional sofa and the living room area are to my left.",
    "right view": "The white kitchen island/counter is immediately to my right.",
    "map": "I am positioned at the junction between the living room ('sofa', 'carpet') and the hallway. The path leads North into the hallway."
},
"thought": "I have completed P1 and am now starting P2: 'turn right by couch and walk down hallway'. I am already facing the hallway (which is to the right of the main living area). My next sub-goal is to walk down this hallway. Waypoint 1 is the first point in the hallway.",
"stuck": false,
"plan": "1. Move forward into the hallway towards waypoint 1. 2. Continue down the hallway towards waypoint 2 and eventually find the lounge on the left.",
"curr_step": "I need to enter the hallway. Waypoint 1 is directly ahead in the corridor.",
"action": 1
}
```
Action: turn
Action: move_forward
Action: turn
Action: move_forward
Action: null
waypoints: 20
skipped waypoints: edge 2,  distance 14,  no_path 0,  occlusion 1


Action: stop
waypoints: 20
skipped waypoints: edge 2,  distance 14,  no_path 0,  occlusion 1


Action: stop
['Walk through the doorway into the dining room and walk straight back to the door leading outside.', 'When you get to the door make a right and walk down the hallway. Walk straight down the hall and wait in the doorway of another dining area.']
Initialized data for new floor level: 0
Switching pcds to floor level: 0
Initialized data for new floor level: 0
Switching pcds to floor level: 0
Initialized data for new floor level: 0
Switching pcds to floor level: 0
[StairDetect] normals=0.0033s, cpu=0.0002s, cluster=0.0296s, loop=0.0364s, total=0.0793s
waypoints: 22
skipped waypoints: edge 0,  distance 11,  no_path 0,  occlusion 4
```json
{
"movement": "I am currently standing in a tiled hallway/foyer area. To my right, there is an entrance to a room with wood floors and a dining table (visible in the Right View). Straight ahead and slightly left are glass doors leading outside (labeled 'B' and another set further left). The instruction requires me to enter the dining room first.",
"observation": {
    "front view": "I see a tiled hallway extending forward with glass doors labeled 'B' at the end and another set of glass doors to the left. To my immediate right is a dark wooden door frame/wall section.",
    "left view": "A hallway with arches and light-colored walls extends to the left.",
    "right view": "A large dining room with wood floors, a long dining table with chairs, and glass doors at the far end leading outside.",
    "map": "The map shows my current position (START) near a junction. To the right is a large unexplored area (the dining room). Straight ahead/left is a hallway."
},
"thought": "The instruction is to 'Walk through the doorway into the dining room and walk straight back to the door leading outside.' Currently, I am in a tiled area. The dining room is clearly visible to my right (Right View) with wood floors and a table. The glass doors at the far end of that room are likely the 'door leading outside' mentioned. Therefore, I need to turn right to face the entrance of the dining room and then move into it.",
"stuck": false,
"plan": "1. Turn right to face the entrance of the dining room. 2. Move forward into the dining room. 3. Walk straight towards the glass doors at the back of the dining room.",
"curr_step": "I need to orient myself towards the dining room entrance which is to my right. Turning right will align me with the doorway seen in the Right View.",
"action": "R"
}
```
Calculated floor height difference: 2.84m
Action: turn
waypoints: 29
skipped waypoints: edge 1,  distance 15,  no_path 0,  occlusion 5
2026-09-19 01:11:22,146 - INFO - --- Episode 75, Step 3/100 ---
2026-09-19 01:11:23,125 - INFO - --- Episode 75, Step 4/100 ---
2026-09-19 01:11:24,261 - INFO - --- Episode 75, Step 5/100 ---
2026-09-19 01:11:25,261 - INFO - --- Episode 75, Step 6/100 ---
2026-09-19 01:11:26,213 - INFO - --- Episode 75, Step 7/100 ---
2026-09-19 01:11:27,234 - INFO - --- Episode 75, Step 8/100 ---
2026-09-19 01:11:28,218 - INFO - --- Episode 75, Step 9/100 ---
2026-09-19 01:13:47,670 - INFO - HTTP Request: POST http://127.0.0.1:22447/v1/chat/completions "HTTP/1.1 200 OK"
2026-09-19 01:14:04,455 - INFO - HTTP Request: POST http://127.0.0.1:22447/v1/chat/completions "HTTP/1.1 200 OK"
2026-09-19 01:14:05,668 - INFO - --- Episode 75, Step 10/100 ---
2026-09-19 01:14:06,573 - INFO - --- Episode 75, Step 11/100 ---
2026-09-19 01:14:07,287 - INFO - --- Episode 75, Step 12/100 ---
2026-09-19 01:14:07,891 - INFO - --- Episode 75, Step 13/100 ---
2026-09-19 01:14:08,669 - INFO - --- Episode 75, Step 14/100 ---
2026-09-19 01:14:09,744 - INFO - --- Episode 75, Step 15/100 ---
2026-09-19 01:15:49,092 - INFO - HTTP Request: POST http://127.0.0.1:22447/v1/chat/completions "HTTP/1.1 200 OK"
2026-09-19 01:16:10,646 - INFO - HTTP Request: POST http://127.0.0.1:22447/v1/chat/completions "HTTP/1.1 200 OK"
2026-09-19 01:16:11,596 - INFO - --- Episode 75, Step 16/100 ---
2026-09-19 01:16:36,535 - INFO - HTTP Request: POST http://127.0.0.1:22447/v1/chat/completions "HTTP/1.1 200 OK"
2026-09-19 01:16:37,535 - INFO - --- Episode 75, Step 17/100 ---
2026-09-19 01:16:54,877 - INFO - HTTP Request: POST http://127.0.0.1:22447/v1/chat/completions "HTTP/1.1 200 OK"
2026-09-19 01:16:56,253 - INFO - --- Episode 75, Step 18/100 ---
2026-09-19 01:16:56,945 - INFO - --- Episode 75, Step 19/100 ---
2026-09-19 01:16:57,788 - INFO - --- Episode 75, Step 20/100 ---
2026-09-19 01:16:58,718 - INFO - --- Episode 75, Step 21/100 ---
2026-09-19 01:16:59,396 - INFO - --- Episode 75, Step 22/100 ---
2026-09-19 01:17:00,267 - INFO - --- Episode 75, Step 23/100 ---
```json
{
"movement": "I turned right from the hallway/foyer and am now facing the entrance to the dining room. I see a large wooden structure (possibly a cabinet or door frame) on my left and the dining table ahead. The glass doors leading outside are visible at the far end of the room in the Right View.",
"observation": {
    "front view": "I am facing the dining room entrance. A large wooden structure is on the left. The dining table is ahead and slightly right. Waypoints 3, 4, 2, 7, 8 are visible in/near the room.",
    "left view": "A hallway extends to the left with arches.",
    "right view": "The interior of the dining room is visible, showing the table, chairs, and glass doors at the far end leading outside.",
    "map": "The map shows the START point near the junction. The dining room (orange area) is to the right. I need to move into this area."
},
"thought": "I am at the threshold of the dining room. The instruction is to walk through the doorway and straight back to the door leading outside. The glass doors are at the far end of the room (visible in the Right View). To enter the room and head towards the back, I need to move forward into the space between the wooden structure on the left and the table. Waypoint 4 is a good target to get into the room and align with the path towards the back.",
"stuck": false,
"plan": "1. Move forward into the dining room towards waypoint 4. 2. Continue walking straight through the room towards the glass doors at the far end. 3. Reach the door leading outside.",
"curr_step": "I need to enter the dining room. Waypoint 4 is located just inside the entrance, near the table leg, which seems like a clear path forward into the room.",
"action": 4
}
```
Action: turn
Action: move_forward
Action: turn
Action: move_forward
Action: turn
Action: move_forward
Action: null
waypoints: 41
skipped waypoints: edge 1,  distance 28,  no_path 0,  occlusion 5

```json
{
"movement": "I have moved into the dining room and am now positioned near the dining table. I am facing towards the living area with a fireplace, but the glass doors leading outside (labeled B) are visible further back in the room, slightly to the right of the center line.",
"observation": {
    "front view": "I see the dining table on my right and a living area with a fireplace straight ahead. Further back, there are glass doors labeled 'B' which appear to lead outside.",
    "left view": "A doorway leading to another room/hallway is visible to the left.",
    "right view": "The dining table and sideboard are close on the right. Glass doors are visible behind the table.",
    "map": "I am in the orange dining area. Waypoint 4 is located further into the room, closer to the back wall where the glass doors are."
},
"thought": "The instruction is to walk straight back to the door leading outside. The glass doors labeled 'B' in the front view appear to be the target. I need to continue moving forward through the dining room towards these doors. Waypoint 4 is a strategic point to move towards to get closer to the back of the room.",
"stuck": false,
"plan": "1. Move forward towards waypoint 4 to approach the back of the dining room. 2. Continue towards the glass doors labeled 'B'. 3. Reach the door leading outside.",
"curr_step": "I need to continue moving forward into the room towards the back wall where the doors are located. Waypoint 4 is the next logical step in that direction.",
"action": 4
}
```
Action: move_forward
Action: turn
Action: move_forward
Action: turn
Action: move_forward
Action: null
waypoints: 42
skipped waypoints: edge 11,  distance 11,  no_path 0,  occlusion 14

```json
{
"movement": "I have moved into the large room and am currently positioned near the transition between the living area (with the fireplace) and the dining area. The glass doors leading outside are visible in the Right View, located behind the dining table.",
"observation": {
    "front view": "I see a living area with sofas and a fireplace straight ahead. To the right, there is a large lamp and the edge of a dining table.",
    "left view": "An archway leading to another room/hallway is visible to the left.",
    "right view": "The dining table is clearly visible on the right, with glass doors leading outside in the background.",
    "map": "I am near the center of the room. The dining area (orange) is to my right. The target doors are at the far end of this area."
},
"thought": "The instruction is to walk straight back to the door leading outside. These doors are visible in the Right View, behind the dining table. Currently, I am facing the fireplace/living area. To reach the doors, I need to orient myself towards the dining room and the doors beyond it. Therefore, I need to turn right significantly to face the correct direction.",
"stuck": false,
"plan": "1. Turn right to face the dining room and the glass doors leading outside. 2. Move forward through the dining area towards the doors.",
"curr_step": "I need to turn right to align with the path towards the glass doors seen in the Right View.",
"action": "R"
}
```
Action: turn
waypoints: 27
skipped waypoints: edge 4,  distance 8,  no_path 0,  occlusion 7
```json
{
"movement": "I have moved into the large room and am currently positioned near the transition between the living area (with the fireplace) and the dining area. The glass doors leading outside are visible in the Right View, located behind the dining table.",
"observation": {
    "front view": "I see a living area with sofas and a fireplace straight ahead. To the right, there is a large lamp and the edge of a dining table.",
    "left view": "An archway leading to another room/hallway is visible to the left.",
    "right view": "The dining table is clearly visible on the right, with glass doors leading outside in the background.",
    "map": "I am near the center of the room. The dining area (orange) is to my right. The target doors are at the far end of this area."
},
"thought": "The instruction is to walk straight back to the door leading outside. These doors are visible in the Right View, behind the dining table. Currently, I am facing the fireplace/living area. To reach the doors, I need to orient myself towards the dining room and the doors beyond it. Therefore, I need to turn right significantly to face the correct direction.",
"stuck": false,
"plan": "1. Turn right to face the dining room and the glass doors leading outside. 2. Move forward through the dining area towards the doors.",
"curr_step": "I need to turn right to align with the path towards the glass doors seen in the Right View.",
"action": "R"
}
```
Action: turn
waypoints: 24
skipped waypoints: edge 1,  distance 12,  no_path 0,  occlusion 4
```json
{
"movement": "I have turned right and am now facing the dining room with the table on my left and the glass doors leading outside (labeled B) in the background. I am positioned to walk straight towards these doors.",
"observation": {
    "front view": "I see the dining table on the left and a set of double glass doors labeled 'B' straight ahead at the back of the room. There is an arched doorway to the right of the doors.",
    "left view": "The dining table and chairs are visible.",
    "right view": "A large wooden door frame/wall section is on the right.",
    "map": "I am in the orange dining area. Waypoint 3 is located near the end of the table, closer to the back wall where the target doors are."
},
"thought": "The instruction is to walk straight back to the door leading outside. The doors labeled 'B' appear to be the target. I need to move forward towards them. Waypoint 3 is a good strategic point to approach the back of the room.",
"stuck": false,
"plan": "1. Move forward towards waypoint 3 to get closer to the glass doors labeled B. 2. Continue towards the doors. 3. Reach the door leading outside.",
"curr_step": "I need to move forward into the dining room towards the back wall where the doors are located. Waypoint 3 is the next logical step.",
"action": 3
}
```
Action: move_forward
Action: turn
Action: move_forward
Action: turn
Action: move_forward
Action: null
waypoints: 14
2026-09-19 01:17:20,278 - INFO - HTTP Request: POST http://127.0.0.1:22447/v1/chat/completions "HTTP/1.1 200 OK"
2026-09-19 01:17:22,301 - INFO - HTTP Request: POST http://127.0.0.1:22447/v1/chat/completions "HTTP/1.1 400 Bad Request"
2026-09-19 01:17:23,671 - INFO - HTTP Request: POST http://127.0.0.1:22447/v1/chat/completions "HTTP/1.1 400 Bad Request"
2026-09-19 01:17:24,383 - INFO - --- Episode 75, Step 24/100 ---
2026-09-19 01:17:53,001 - INFO - HTTP Request: POST http://127.0.0.1:22447/v1/chat/completions "HTTP/1.1 200 OK"
2026-09-19 01:18:11,491 - INFO - HTTP Request: POST http://127.0.0.1:22447/v1/chat/completions "HTTP/1.1 200 OK"
2026-09-19 01:18:21,047 - INFO - HTTP Request: POST http://127.0.0.1:22447/v1/chat/completions "HTTP/1.1 200 OK"
 52%|█████▏    | 26/50 [5:06:55<4:10:49, 627.04s/it]Renderer: NVIDIA GeForce RTX 4090/PCIe/SSE2 by NVIDIA Corporation
OpenGL version: 4.6.0 NVIDIA 590.48.01
Using optional features:
    GL_ARB_vertex_array_object
    GL_ARB_separate_shader_objects
    GL_ARB_robustness
    GL_ARB_texture_storage
    GL_ARB_texture_view
    GL_ARB_framebuffer_no_attachments
    GL_ARB_invalidate_subdata
    GL_ARB_texture_storage_multisample
    GL_ARB_multi_bind
    GL_ARB_direct_state_access
    GL_ARB_get_texture_sub_image
    GL_ARB_texture_filter_anisotropic
    GL_KHR_debug
    GL_KHR_parallel_shader_compile
    GL_NV_depth_buffer_float
Using driver workarounds:
    no-forward-compatible-core-context
    nv-egl-incorrect-gl11-function-pointers
    no-layout-qualifiers-on-old-glsl
    nv-zero-context-profile-mask
    nv-implementation-color-read-format-dsa-broken
    nv-cubemap-inconsistent-compressed-image-size
    nv-cubemap-broken-full-compressed-image-query
    nv-compressed-block-size-in-bits
[01:18:24:164263]:[Warning]:[Metadata] SceneDatasetAttributes.cpp(107)::addNewSceneInstanceToDataset : Dataset : 'default' : Lighting Layout Attributes 'no_lights' specified in Scene Attributes but does not exist in dataset, so creating default.
2026-09-19 01:18:35,186 - INFO - Simulator initialized!
2026-09-19 01:18:56,346 - INFO - HTTP Request: POST http://127.0.0.1:22447/v1/chat/completions "HTTP/1.1 200 OK"
2026-09-19 01:18:57,026 - INFO - --- Episode 76, Step 1/100 ---
2026-09-19 01:22:19,553 - INFO - HTTP Request: POST http://127.0.0.1:22447/v1/chat/completions "HTTP/1.1 200 OK"
2026-09-19 01:25:21,882 - INFO - HTTP Request: POST http://127.0.0.1:22447/v1/chat/completions "HTTP/1.1 200 OK"
2026-09-19 01:28:08,077 - INFO - HTTP Request: POST http://127.0.0.1:22447/v1/chat/completions "HTTP/1.1 200 OK"
2026-09-19 01:28:08,581 - INFO - --- Episode 76, Step 2/100 ---
2026-09-19 01:30:35,260 - INFO - HTTP Request: POST http://127.0.0.1:22447/v1/chat/completions "HTTP/1.1 200 OK"
2026-09-19 01:32:40,840 - INFO - HTTP Request: POST http://127.0.0.1:22447/v1/chat/completions "HTTP/1.1 200 OK"
2026-09-19 01:34:26,801 - INFO - HTTP Request: POST http://127.0.0.1:22447/v1/chat/completions "HTTP/1.1 200 OK"
 54%|█████▍    | 27/50 [5:22:59<4:39:06, 728.11s/it]Renderer: NVIDIA GeForce RTX 4090/PCIe/SSE2 by NVIDIA Corporation
OpenGL version: 4.6.0 NVIDIA 590.48.01
Using optional features:
    GL_ARB_vertex_array_object
    GL_ARB_separate_shader_objects
    GL_ARB_robustness
    GL_ARB_texture_storage
    GL_ARB_texture_view
    GL_ARB_framebuffer_no_attachments
    GL_ARB_invalidate_subdata
    GL_ARB_texture_storage_multisample
    GL_ARB_multi_bind
    GL_ARB_direct_state_access
    GL_ARB_get_texture_sub_image
    GL_ARB_texture_filter_anisotropic
    GL_KHR_debug
    GL_KHR_parallel_shader_compile
    GL_NV_depth_buffer_float
Using driver workarounds:
    no-forward-compatible-core-context
    nv-egl-incorrect-gl11-function-pointers
    no-layout-qualifiers-on-old-glsl
    nv-zero-context-profile-mask
    nv-implementation-color-read-format-dsa-broken
    nv-cubemap-inconsistent-compressed-image-size
    nv-cubemap-broken-full-compressed-image-query
    nv-compressed-block-size-in-bits
[01:34:28:072970]:[Warning]:[Metadata] SceneDatasetAttributes.cpp(107)::addNewSceneInstanceToDataset : Dataset : 'default' : Lighting Layout Attributes 'no_lights' specified in Scene Attributes but does not exist in dataset, so creating default.
2026-09-19 01:34:39,200 - INFO - Simulator initialized!
2026-09-19 01:35:02,180 - INFO - HTTP Request: POST http://127.0.0.1:22447/v1/chat/completions "HTTP/1.1 200 OK"
2026-09-19 01:35:02,854 - INFO - --- Episode 77, Step 1/100 ---
2026-09-19 01:38:27,925 - INFO - HTTP Request: POST http://127.0.0.1:22447/v1/chat/completions "HTTP/1.1 200 OK"
2026-09-19 01:41:36,453 - INFO - HTTP Request: POST http://127.0.0.1:22447/v1/chat/completions "HTTP/1.1 200 OK"
2026-09-19 01:44:26,184 - INFO - HTTP Request: POST http://127.0.0.1:22447/v1/chat/completions "HTTP/1.1 200 OK"
2026-09-19 01:44:26,738 - INFO - --- Episode 77, Step 2/100 ---
2026-09-19 01:46:57,167 - INFO - HTTP Request: POST http://127.0.0.1:22447/v1/chat/completions "HTTP/1.1 200 OK"
2026-09-19 01:49:06,124 - INFO - HTTP Request: POST http://127.0.0.1:22447/v1/chat/completions "HTTP/1.1 200 OK"
2026-09-19 01:50:58,679 - INFO - HTTP Request: POST http://127.0.0.1:22447/v1/chat/completions "HTTP/1.1 200 OK"
 56%|█████▌    | 28/50 [5:39:31<4:55:58, 807.20s/it]Renderer: NVIDIA GeForce RTX 4090/PCIe/SSE2 by NVIDIA Corporation
OpenGL version: 4.6.0 NVIDIA 590.48.01
Using optional features:
    GL_ARB_vertex_array_object
    GL_ARB_separate_shader_objects
    GL_ARB_robustness
    GL_ARB_texture_storage
    GL_ARB_texture_view
    GL_ARB_framebuffer_no_attachments
    GL_ARB_invalidate_subdata
    GL_ARB_texture_storage_multisample
    GL_ARB_multi_bind
    GL_ARB_direct_state_access
    GL_ARB_get_texture_sub_image
    GL_ARB_texture_filter_anisotropic
    GL_KHR_debug
    GL_KHR_parallel_shader_compile
    GL_NV_depth_buffer_float
Using driver workarounds:
    no-forward-compatible-core-context
    nv-egl-incorrect-gl11-function-pointers
    no-layout-qualifiers-on-old-glsl
    nv-zero-context-profile-mask
    nv-implementation-color-read-format-dsa-broken
    nv-cubemap-inconsistent-compressed-image-size
    nv-cubemap-broken-full-compressed-image-query
    nv-compressed-block-size-in-bits
[01:50:59:785016]:[Warning]:[Metadata] SceneDatasetAttributes.cpp(107)::addNewSceneInstanceToDataset : Dataset : 'default' : Lighting Layout Attributes 'no_lights' specified in Scene Attributes but does not exist in dataset, so creating default.
2026-09-19 01:51:11,091 - INFO - Simulator initialized!
2026-09-19 01:51:39,575 - INFO - HTTP Request: POST http://127.0.0.1:22447/v1/chat/completions "HTTP/1.1 200 OK"
2026-09-19 01:51:40,261 - INFO - --- Episode 78, Step 1/100 ---
2026-09-19 01:51:54,199 - INFO - HTTP Request: POST http://127.0.0.1:22447/v1/chat/completions "HTTP/1.1 200 OK"
2026-09-19 01:51:54,798 - INFO - --- Episode 78, Step 2/100 ---
2026-09-19 01:51:55,376 - INFO - --- Episode 78, Step 3/100 ---
2026-09-19 01:51:55,933 - INFO - --- Episode 78, Step 4/100 ---
2026-09-19 01:51:56,672 - INFO - --- Episode 78, Step 5/100 ---
2026-09-19 01:51:57,235 - INFO - --- Episode 78, Step 6/100 ---
2026-09-19 01:52:06,274 - INFO - HTTP Request: POST http://127.0.0.1:22447/v1/chat/completions "HTTP/1.1 200 OK"
2026-09-19 01:52:07,011 - INFO - --- Episode 78, Step 7/100 ---
2026-09-19 01:52:07,686 - INFO - --- Episode 78, Step 8/100 ---
2026-09-19 01:52:08,451 - INFO - --- Episode 78, Step 9/100 ---
2026-09-19 01:52:09,409 - INFO - --- Episode 78, Step 10/100 ---
2026-09-19 01:52:10,124 - INFO - --- Episode 78, Step 11/100 ---
2026-09-19 01:52:10,895 - INFO - --- Episode 78, Step 12/100 ---
2026-09-19 01:52:11,665 - INFO - --- Episode 78, Step 13/100 ---
2026-09-19 01:52:12,469 - INFO - --- Episode 78, Step 14/100 ---
2026-09-19 01:52:40,087 - INFO - HTTP Request: POST http://127.0.0.1:22447/v1/chat/completions "HTTP/1.1 200 OK"
2026-09-19 01:52:41,070 - INFO - --- Episode 78, Step 15/100 ---
2026-09-19 01:52:41,849 - INFO - --- Episode 78, Step 16/100 ---
2026-09-19 01:52:42,592 - INFO - --- Episode 78, Step 17/100 ---
2026-09-19 01:52:43,337 - INFO - --- Episode 78, Step 18/100 ---
2026-09-19 01:52:43,963 - INFO - --- Episode 78, Step 19/100 ---
2026-09-19 01:52:44,825 - INFO - --- Episode 78, Step 20/100 ---
2026-09-19 01:52:45,453 - INFO - --- Episode 78, Step 21/100 ---
2026-09-19 01:52:46,424 - INFO - --- Episode 78, Step 22/100 ---
2026-09-19 01:52:47,470 - INFO - --- Episode 78, Step 23/100 ---
2026-09-19 01:53:20,852 - INFO - HTTP Request: POST http://127.0.0.1:22447/v1/chat/completions "HTTP/1.1 200 OK"
2026-09-19 01:54:53,867 - INFO - HTTP Request: POST http://127.0.0.1:22447/v1/chat/completions "HTTP/1.1 200 OK"
2026-09-19 01:55:33,509 - INFO - HTTP Request: POST http://127.0.0.1:22447/v1/chat/completions "HTTP/1.1 200 OK"
skipped waypoints: edge 1,  distance 6,  no_path 0,  occlusion 2

Action: stop
waypoints: 14
skipped waypoints: edge 1,  distance 6,  no_path 0,  occlusion 2



Action: stop
['Walk into the nearest open double doors to the dining area that has a cupboard and candle lamps on top.', 'Walk passed the dining table and through the open double doors on the other side that lead outside.', 'Walk through the next set of double doors on the other side of the front entrance and back into the home.']
Initialized data for new floor level: 0
Switching pcds to floor level: 0
Initialized data for new floor level: 0
Switching pcds to floor level: 0
Initialized data for new floor level: 0
Switching pcds to floor level: 0
[StairDetect] normals=0.0034s, cpu=0.0003s, cluster=0.0321s, loop=0.0383s, total=0.0838s
waypoints: 22
skipped waypoints: edge 0,  distance 11,  no_path 0,  occlusion 4



Calculated floor height difference: 2.84m
Action: stop
waypoints: 22
skipped waypoints: edge 0,  distance 10,  no_path 0,  occlusion 5



Action: stop
['Go through the dining room, past the table.', 'Turn right and go through the door onto the patio.', 'Continue straight across the patio and wait at the door.']
Initialized data for new floor level: 0
Switching pcds to floor level: 0
Initialized data for new floor level: 0
Switching pcds to floor level: 0
Initialized data for new floor level: 0
Switching pcds to floor level: 0
[StairDetect] normals=0.0033s, cpu=0.0003s, cluster=0.0296s, loop=0.0365s, total=0.0794s
waypoints: 22
skipped waypoints: edge 0,  distance 11,  no_path 0,  occlusion 4



Calculated floor height difference: 2.84m
Action: stop
waypoints: 22
skipped waypoints: edge 0,  distance 10,  no_path 0,  occlusion 5



Action: stop
['Exit the bathroom and walk down the hall to the second doorway on your left.', 'Turn left and enter the room through that doorway.']
Initialized data for new floor level: 0
Switching pcds to floor level: 0
Initialized data for new floor level: 0
Switching pcds to floor level: 0
Initialized data for new floor level: 0
Switching pcds to floor level: 0
waypoints: 16
skipped waypoints: edge 0,  distance 5,  no_path 0,  occlusion 6
```json
{
    "movement": "I am currently standing in the bathroom facing the exit doorway. The vanity is on my left and right. The exit is directly ahead.",
    "observation": {
        "front view": "I see the bathroom exit doorway straight ahead, leading into a hallway. There are waypoints 4 and 5 visible just outside the door in the hall.",
        "left view": "I see a large vanity with a sink and mirror.",
        "right view": "I see a large bathtub and another vanity area.",
        "map": "My current position is near the start point inside the bathroom. Waypoint 4 is just outside the door in the hallway, and waypoint 5 is further down the hall."
    },
    "thought": "The instruction is to exit the bathroom and walk down the hall to the second doorway on the left. Currently, I am inside the bathroom facing the exit. The most logical next step is to move through the doorway into the hallway. Waypoint 4 is located just outside the bathroom door, making it the correct target to exit the room.",
    "stuck": false,
    "plan": "Move forward out of the bathroom towards waypoint 4. Once in the hallway, I will continue down the hall to find the second doorway on the left as instructed.",
    "curr_step": "I need to exit the bathroom first. Waypoint 4 is positioned just outside the door frame in the hallway, which aligns with the goal of exiting the room.",
    "action": 4
}
```
Calculated floor height difference: 2.38m
Action: turn
Action: move_forward
Action: turn
Action: move_forward
Action: null
waypoints: 26
skipped waypoints: edge 0,  distance 18,  no_path 0,  occlusion 3
```json
{
    "movement": "I have moved from inside the bathroom to the threshold of the doorway, looking out into the hallway.",
    "observation": {
        "front view": "I see the hallway extending forward with a light-colored rug on the floor. There are doorways visible further down the hall on both sides.",
        "left view": "I see the wall of the bathroom and the edge of the doorway I am passing through.",
        "right view": "I see the shower area and the rest of the bathroom interior.",
        "map": "I am at the exit of the bathroom. Waypoint 1 is directly ahead in the hallway on the rug."
    },
    "thought": "I am currently at the exit of the bathroom. The instruction is to walk down the hall to the second doorway on the left. To do this, I first need to fully enter the hallway. Waypoint 1 is located just ahead on the rug in the hallway, which is the correct path forward.",
    "stuck": false,
    "plan": "Move forward into the hallway towards the rug (waypoint 1). Once there, I will continue down the hall to identify and reach the second doorway on the left.",
    "curr_step": "I need to move forward into the hallway. Waypoint 1 is the closest point in that direction.",
    "action": 1
}
```
Action: turn
Action: move_forward
Action: turn
Action: move_forward
Action: turn
Action: move_forward
Action: null
Action: turn
waypoints: 10
skipped waypoints: edge 0,  distance 4,  no_path 0,  occlusion 1
```json
{
    "movement": "I have moved from the bathroom into the hallway and am now walking along the rug towards the end of the hall.",
    "observation": {
        "front view": "I see the rug leading forward down the hallway. At the far end, there is a doorway/opening. To the right is a large wooden cabinet/vanity. To the left is a wall with a painting, and further down on the left, there appears to be another opening/doorway.",
        "left view": "I see the wall with the painting and the edge of the hallway leading towards the stairs/opening seen previously.",
        "right view": "I see the large wooden cabinet/vanity and the archway leading back towards the bedroom area.",
        "map": "I am on the carpeted area in the hallway. Waypoint 2 is located further down the hall, near the end where the doorways are visible."
    },
    "thought": "I have exited the bathroom and am now walking down the hall as instructed. The goal is to reach the second doorway on the left. Looking ahead, I need to continue down the hallway to identify and reach the correct doorway. Waypoint 2 is positioned further down the hall, closer to the end where the doorways are located.",
    "stuck": false,
    "plan": "Continue walking down the hallway along the rug towards the end of the hall (waypoint 2) to find the second doorway on the left.",
    "curr_step": "I need to continue moving forward down the hall. Waypoint 2 is the next logical step to get closer to the target doorways at the end of the hall.",
    "action": 2
}
```
Action: turn
Action: move_forward
Action: turn
Action: move_forward
Action: move_forward
Action: move_forward
Action: turn
Action: move_forward
Action: null
waypoints: 7
skipped waypoints: edge 1,  distance 0,  no_path 5,  occlusion 1
```json
{
    "movement": "I have walked down the hallway and reached a doorway on my left that leads into a room with wooden furniture/cabinets.",
    "observation": {
        "front view": "I am facing into a room (likely a walk-in closet or bedroom) with wooden dressers/cabinets and a small rug. There is a window on the far wall.",
        "left view": "I see the hallway wall and the rug in the hallway behind me.",
        "right view": "I see the vanity area and the door frame I am standing next to.",
        "map": "I am at the entrance of the room labeled with 'carpet' (the rug) on the map, which is off the main hallway."
    },
    "thought": "I have successfully walked down the hall to the second doorway on the left. The instruction says to 'Turn left and enter the room through that doorway.' I am currently standing at the threshold of this room. To complete the subtask P1 (reach the doorway) and start P2 (enter the room), I need to move forward into the room.",
    "stuck": false,
    "plan": "Move forward into the room with the wooden furniture to complete the entry.",
    "curr_step": "I am at the doorway. The next step is to enter the room.",
    "action": 1
}
```

2026-09-19 01:55:35,521 - INFO - --- Episode 78, Step 24/100 ---
2026-09-19 01:56:11,569 - INFO - HTTP Request: POST http://127.0.0.1:22447/v1/chat/completions "HTTP/1.1 200 OK"
2026-09-19 01:56:13,115 - INFO - --- Episode 78, Step 25/100 ---
2026-09-19 01:57:08,192 - INFO - HTTP Request: POST http://127.0.0.1:22447/v1/chat/completions "HTTP/1.1 200 OK"
2026-09-19 01:57:28,058 - INFO - HTTP Request: POST http://127.0.0.1:22447/v1/chat/completions "HTTP/1.1 200 OK"
2026-09-19 01:57:30,541 - INFO - --- Episode 78, Step 26/100 ---
2026-09-19 01:58:09,201 - INFO - HTTP Request: POST http://127.0.0.1:22447/v1/chat/completions "HTTP/1.1 200 OK"
2026-09-19 01:58:26,989 - INFO - HTTP Request: POST http://127.0.0.1:22447/v1/chat/completions "HTTP/1.1 200 OK"
2026-09-19 01:58:28,651 - INFO - --- Episode 78, Step 27/100 ---
2026-09-19 01:58:51,486 - INFO - HTTP Request: POST http://127.0.0.1:22447/v1/chat/completions "HTTP/1.1 200 OK"
2026-09-19 01:59:03,860 - INFO - HTTP Request: POST http://127.0.0.1:22447/v1/chat/completions "HTTP/1.1 200 OK"
2026-09-19 01:59:05,484 - INFO - HTTP Request: POST http://127.0.0.1:22447/v1/chat/completions "HTTP/1.1 400 Bad Request"
2026-09-19 01:59:08,136 - INFO - --- Episode 78, Step 28/100 ---
2026-09-19 01:59:10,837 - INFO - HTTP Request: POST http://127.0.0.1:22447/v1/chat/completions "HTTP/1.1 400 Bad Request"
2026-09-19 01:59:11,903 - INFO - HTTP Request: POST http://127.0.0.1:22447/v1/chat/completions "HTTP/1.1 400 Bad Request"
2026-09-19 01:59:12,974 - INFO - HTTP Request: POST http://127.0.0.1:22447/v1/chat/completions "HTTP/1.1 400 Bad Request"
 58%|█████▊    | 29/50 [5:47:48<4:09:57, 714.18s/it]Renderer: NVIDIA GeForce RTX 4090/PCIe/SSE2 by NVIDIA Corporation
OpenGL version: 4.6.0 NVIDIA 590.48.01
Using optional features:
    GL_ARB_vertex_array_object
    GL_ARB_separate_shader_objects
    GL_ARB_robustness
    GL_ARB_texture_storage
    GL_ARB_texture_view
    GL_ARB_framebuffer_no_attachments
    GL_ARB_invalidate_subdata
    GL_ARB_texture_storage_multisample
    GL_ARB_multi_bind
    GL_ARB_direct_state_access
    GL_ARB_get_texture_sub_image
    GL_ARB_texture_filter_anisotropic
    GL_KHR_debug
    GL_KHR_parallel_shader_compile
    GL_NV_depth_buffer_float
Using driver workarounds:
    no-forward-compatible-core-context
    nv-egl-incorrect-gl11-function-pointers
    no-layout-qualifiers-on-old-glsl
    nv-zero-context-profile-mask
    nv-implementation-color-read-format-dsa-broken
    nv-cubemap-inconsistent-compressed-image-size
    nv-cubemap-broken-full-compressed-image-query
    nv-compressed-block-size-in-bits
[01:59:16:943414]:[Warning]:[Metadata] SceneDatasetAttributes.cpp(107)::addNewSceneInstanceToDataset : Dataset : 'default' : Lighting Layout Attributes 'no_lights' specified in Scene Attributes but does not exist in dataset, so creating default.
2026-09-19 01:59:27,850 - INFO - Simulator initialized!
2026-09-19 01:59:44,347 - INFO - HTTP Request: POST http://127.0.0.1:22447/v1/chat/completions "HTTP/1.1 200 OK"
2026-09-19 01:59:45,055 - INFO - --- Episode 79, Step 1/100 ---
2026-09-19 01:59:55,139 - INFO - HTTP Request: POST http://127.0.0.1:22447/v1/chat/completions "HTTP/1.1 200 OK"
2026-09-19 01:59:55,668 - INFO - --- Episode 79, Step 2/100 ---
2026-09-19 01:59:56,118 - INFO - --- Episode 79, Step 3/100 ---
2026-09-19 01:59:56,697 - INFO - --- Episode 79, Step 4/100 ---
2026-09-19 01:59:57,461 - INFO - --- Episode 79, Step 5/100 ---
2026-09-19 01:59:57,991 - INFO - --- Episode 79, Step 6/100 ---
2026-09-19 02:00:26,339 - INFO - HTTP Request: POST http://127.0.0.1:22447/v1/chat/completions "HTTP/1.1 200 OK"
```json
{
    "movement": "I have walked down the hallway and reached the second doorway on the left. I am currently standing at the threshold, looking into a room with wooden furniture.",
    "observation": {
        "front view": "I see the interior of a room with wooden dressers/cabinets and a small window. The floor is wood with a rug.",
        "left view": "I see the hallway wall and the rug in the hallway behind me.",
        "right view": "I see the door frame and a glimpse into another room (possibly the bathroom or a closet) with a vanity.",
        "map": "I am at the entrance of the room labeled 'carpet' on the map, which is off the main hallway."
    },
    "thought": "I have reached the second doorway on the left as instructed. The next part of the instruction is to 'Turn left and enter the room through that doorway.' I am currently facing into the room but slightly angled towards the right door frame. To properly enter and orient myself within the room, I should turn left to face the center of the room or the main furniture.",
    "stuck": false,
    "plan": "Turn left to face into the room and then move forward to enter it fully.",
    "curr_step": "I am at the doorway. I need to turn left to align with the room's interior.",
    "action": "L"
}
```
Action: turn
waypoints: 12
skipped waypoints: edge 4,  distance 3,  no_path 0,  occlusion 1
```json
{
    "movement": "I have walked down the hallway and reached the end of the rug near a wall corner. To my left is an opening leading into a room with a bed (visible on the map).",
    "observation": {
        "front view": "I am facing a wall corner with a wooden cabinet to the right and an opening to the left. There is a picture frame on the wall near the opening.",
        "left view": "I see the hallway extending back and the opening to the room I need to enter.",
        "right view": "I see a large wooden cabinet/dresser and the door frame of the room I am entering.",
        "map": "I am at the rug area. The map shows a room with a bed ('bed') to the left, which corresponds to the opening in my front/left view."
    },
    "thought": "I have reached the second doorway on the left as instructed. The next part of the instruction is to 'Turn left and enter the room through that doorway.' I am currently facing a wall corner. To enter the room, I need to turn towards the opening on my left.",
    "stuck": false,
    "plan": "Turn left to face the room entrance and then move forward to enter it.",
    "curr_step": "I am at the doorway. I need to turn left to align with the room.",
    "action": "L"
}
```
Action: turn
waypoints: 16
skipped waypoints: edge 0,  distance 8,  no_path 0,  occlusion 0

```json
{
    "movement": "I have walked down the hallway and reached the area near the second doorway on the left, which leads into a room with a bed.",
    "observation": {
        "front view": "I see the hallway continuing forward towards an arched doorway. To my immediate left is a large wooden dresser/cabinet.",
        "left view": "I see the side of the wooden cabinet and a door frame leading into a room (likely the bedroom).",
        "right view": "I see the wall of the hallway and another cabinet further down.",
        "map": "I am positioned near the entrance to the room with the bed, which is to my left."
    },
    "thought": "I have reached the second doorway on the left as instructed. The next part of the instruction is to 'Turn left and enter the room through that doorway.' I am currently facing down the hall, so I need to turn left to face the entrance of the bedroom.",
    "stuck": false,
    "plan": "Turn left to face the room entrance and then move forward to enter it.",
    "curr_step": "I am at the correct location (second doorway on the left). I need to turn left to align with the doorway.",
    "action": "L"
}
```
Action: turn
waypoints: 4
skipped waypoints: edge 0,  distance 0,  no_path 1,  occlusion 1

```json
{
    "movement": "I have walked down the hallway and reached the area near the second doorway on the left. I am currently facing a wall corner with a dresser to my right and an opening to a room on my left.",
    "observation": {
        "front view": "I see a wooden door frame/wall corner directly ahead. To the left is an opening into a room with wooden cabinets. To the right is the hallway I just walked down.",
        "left view": "I see the interior of a room with wooden dressers/cabinets and a small rug on the floor.",
        "right view": "I see the long hallway with the rug extending forward towards an arched doorway.",
        "map": "I am positioned at the entrance to the room with the bed (marked 'bed' on the map), which is to my left."
    },
    "thought": "I have reached the second doorway on the left as instructed. The next part of the instruction is to 'Turn left and enter the room through that doorway.' I am currently facing a wall corner, so I need to turn left to face the entrance of the room.",
    "stuck": false,
    "plan": "Turn left to face the room entrance and then move forward to enter it.",
    "curr_step": "I am at the correct location. I need to turn left to align with the doorway.",
    "action": "L"
}
```
Action: turn
waypoints: 7
skipped waypoints: edge 1,  distance 0,  no_path 5,  occlusion 1


Action: stop
waypoints: 7
skipped waypoints: edge 1,  distance 0,  no_path 5,  occlusion 1
Action: stop
['Walk out of the bathroom past the sink and shower.', 'Walk through the arched doorway down the hall with the throw rug.', 'Walk into the room with wooden closet doors and two ceiling lamps.']
Initialized data for new floor level: 0
Switching pcds to floor level: 0
Initialized data for new floor level: 0
Switching pcds to floor level: 0
Initialized data for new floor level: 0
Switching pcds to floor level: 0
waypoints: 16
skipped waypoints: edge 0,  distance 5,  no_path 0,  occlusion 6
```json
{
"movement": "Move forward from the current position in the bathroom towards the arched doorway visible in the front view.",
"observation": {
    "front view": "An arched doorway leading out of the bathroom into a hallway. There are numbered waypoints on the floor, with '1' just outside the door and '5' further down the hall.",
    "left view": "A large vanity with a sink and mirror, and a window looking outside.",
    "right view": "A large built-in bathtub and another vanity area further back.",
    "map": "The map shows the current position (START) inside the bathroom. Waypoint 1 is located just outside the bathroom door in the hallway."
},
"thought": "I am currently inside the bathroom near the vanities. The instruction is to walk out of the bathroom past the sink and shower. The arched doorway straight ahead leads out of the room. Waypoint 1 is located just outside this doorway, which aligns with the goal of exiting the bathroom.",
"stuck": false,
"plan": "Move forward through the arched doorway towards waypoint 1 to exit the bathroom and enter the hallway.",
"curr_step": "Move towards waypoint 1 which is just outside the bathroom door.",
"action": 1
}
```
Calculated floor height difference: 2.38m
Action: turn
Action: move_forward
Action: turn
Action: move_forward
Action: null
waypoints: 26
skipped waypoints: edge 0,  distance 18,  no_path 0,  occlusion 3
2026-09-19 02:00:27,076 - INFO - --- Episode 79, Step 7/100 ---
2026-09-19 02:00:27,785 - INFO - --- Episode 79, Step 8/100 ---
2026-09-19 02:00:28,514 - INFO - --- Episode 79, Step 9/100 ---
2026-09-19 02:00:29,478 - INFO - --- Episode 79, Step 10/100 ---
2026-09-19 02:00:30,204 - INFO - --- Episode 79, Step 11/100 ---
2026-09-19 02:00:30,995 - INFO - --- Episode 79, Step 12/100 ---
2026-09-19 02:00:31,727 - INFO - --- Episode 79, Step 13/100 ---
2026-09-19 02:00:32,514 - INFO - --- Episode 79, Step 14/100 ---
2026-09-19 02:02:53,765 - INFO - HTTP Request: POST http://127.0.0.1:22447/v1/chat/completions "HTTP/1.1 200 OK"
2026-09-19 02:04:54,460 - INFO - HTTP Request: POST http://127.0.0.1:22447/v1/chat/completions "HTTP/1.1 200 OK"
2026-09-19 02:05:35,921 - INFO - HTTP Request: POST http://127.0.0.1:22447/v1/chat/completions "HTTP/1.1 200 OK"
2026-09-19 02:05:36,931 - INFO - --- Episode 79, Step 15/100 ---
2026-09-19 02:05:37,671 - INFO - --- Episode 79, Step 16/100 ---
2026-09-19 02:05:38,440 - INFO - --- Episode 79, Step 17/100 ---
2026-09-19 02:05:39,252 - INFO - --- Episode 79, Step 18/100 ---
2026-09-19 02:05:40,053 - INFO - --- Episode 79, Step 19/100 ---
2026-09-19 02:05:40,863 - INFO - --- Episode 79, Step 20/100 ---
2026-09-19 02:05:41,439 - INFO - --- Episode 79, Step 21/100 ---
2026-09-19 02:06:18,355 - INFO - HTTP Request: POST http://127.0.0.1:22447/v1/chat/completions "HTTP/1.1 200 OK"
2026-09-19 02:06:19,740 - INFO - --- Episode 79, Step 22/100 ---
2026-09-19 02:06:20,386 - INFO - --- Episode 79, Step 23/100 ---
2026-09-19 02:06:21,358 - INFO - --- Episode 79, Step 24/100 ---
2026-09-19 02:07:35,655 - INFO - HTTP Request: POST http://127.0.0.1:22447/v1/chat/completions "HTTP/1.1 200 OK"
2026-09-19 02:08:25,556 - INFO - HTTP Request: POST http://127.0.0.1:22447/v1/chat/completions "HTTP/1.1 200 OK"
2026-09-19 02:08:42,986 - INFO - HTTP Request: POST http://127.0.0.1:22447/v1/chat/completions "HTTP/1.1 200 OK"
2026-09-19 02:08:45,419 - INFO - --- Episode 79, Step 25/100 ---
2026-09-19 02:09:28,764 - INFO - HTTP Request: POST http://127.0.0.1:22447/v1/chat/completions "HTTP/1.1 200 OK"
2026-09-19 02:09:42,328 - INFO - HTTP Request: POST http://127.0.0.1:22447/v1/chat/completions "HTTP/1.1 200 OK"
2026-09-19 02:10:03,710 - INFO - HTTP Request: POST http://127.0.0.1:22447/v1/chat/completions "HTTP/1.1 200 OK"
```json
{
"movement": "Move forward from the current position at the bathroom threshold into the hallway.",
"observation": {
    "front view": "A hallway with wooden flooring and a throw rug further down. An arched doorway is visible in the distance (labeled B in previous views). To the left is a small room with a toilet. To the right is the open bathroom door frame.",
    "left view": "A small room containing a toilet and a window.",
    "right view": "The large bathtub and shower area of the bathroom.",
    "map": "The map shows the current position (START) inside the bathroom. Waypoint 3 is located in the hallway just outside the bathroom door, on the wooden floor."
},
"thought": "I am currently standing at the exit of the bathroom, having passed the sink and shower. The instruction for P1 is to walk out of the bathroom. Waypoint 3 is located in the hallway just outside the door, which aligns with the goal of exiting the room. After reaching waypoint 3, I will be ready to proceed down the hall for subtask P2.",
"stuck": false,
"plan": "Move forward into the hallway towards waypoint 3 to complete the task of walking out of the bathroom.",
"curr_step": "Move towards waypoint 3 which is located in the hallway just outside the bathroom door.",
"action": 3
}
```
Action: turn
Action: move_forward
Action: turn
Action: move_forward
Action: turn
Action: move_forward
Action: null
Action: turn
waypoints: 10
skipped waypoints: edge 0,  distance 4,  no_path 0,  occlusion 1


```json
{
"movement": "Move forward along the rug in the hallway, passing the large wooden cabinet on the right.",
"observation": {
    "front view": "A hallway with a large patterned rug. Straight ahead is a doorway. To the right is a large wooden cabinet/dresser.",
    "left view": "A wall with a framed picture and a small table/bench.",
    "right view": "The large wooden cabinet and an arched doorway leading to another room (bedroom).",
    "map": "The map shows the current position on the carpet. Waypoint 3 is straight ahead on the carpet, further down the hall."
},
"thought": "I have walked out of the bathroom and am now in the hallway. The instruction for P1 is to walk past the sink and shower. The large wooden cabinet on my right appears to be a vanity/sink area. Moving forward along the rug will take me past this cabinet, completing the 'past the sink' part of P1. This also positions me further down the hall towards the arched doorway mentioned in P2.",
"stuck": false,
"plan": "Move forward along the rug towards waypoint 3 to pass the wooden cabinet (sink) and complete subtask P1. Then I will be ready to approach the arched doorway for P2.",
"curr_step": "Move towards waypoint 3 which is straight ahead on the rug.",
"action": 3
}
```
Action: turn
Action: move_forward
Action: turn
Action: move_forward
Action: turn
Action: move_forward
Action: null
waypoints: 9
skipped waypoints: edge 2,  distance 1,  no_path 3,  occlusion 0
```json
{
"movement": "Move forward along the hallway, passing the large wooden vanity/sink on the right.",
"observation": {
    "front view": "A hallway continuing forward with a doorway at the end. A tall wooden cabinet is on the right wall.",
    "left view": "A doorway leading into a room with large wooden closet doors.",
    "right view": "A large wooden vanity/sink area with a mirror above it.",
    "map": "The map shows the current position on the rug. Waypoint 2 is straight ahead, further down the hallway."
},
"thought": "I have walked out of the bathroom and am currently in the hallway. The instruction for P1 is to walk past the sink and shower. The large wooden vanity on my right appears to be the sink mentioned. I am currently alongside it. Moving forward towards waypoint 2 will take me past this sink and further down the hall towards the arched doorway mentioned in P2. This action satisfies the 'past the sink' part of P1 and progresses towards P2.",
"stuck": false,
"plan": "Move forward along the hallway towards waypoint 2 to pass the sink/vanity on the right and approach the next section of the hall.",
"curr_step": "Move towards waypoint 2 which is straight ahead in the hallway.",
"action": 2
}
```
Action: turn
Action: move_forward
Action: null
waypoints: 6
skipped waypoints: edge 1,  distance 0,  no_path 5,  occlusion 0


```json
{
"movement": "Move forward down the hallway, passing the wooden cabinets on either side.",
"observation": {
    "front view": "A narrow hallway continuing forward with wooden cabinets on both sides. A small patterned rug is visible on the floor ahead.",
    "left view": "Wooden closet doors and an opening to another area.",
    "right view": "The large wooden vanity/sink I just passed.",
    "map": "The map shows the path forward towards a carpeted area labeled 'carpet'."
},
"thought": "I have completed P1 by walking out of the bathroom and past the sink. I am now in the hallway. The next task is P2: 'Walk through the arched doorway down the hall with the throw rug.' I see a rug ahead on the floor. I need to continue moving forward down this hallway to reach the arched doorway and the room mentioned in P3.",
"stuck": false,
"plan": "Move forward down the hallway towards the rug and the arched doorway.",
"curr_step": "Move straight ahead towards the rug on the floor.",
"action": "F"
}
```
Action: stop
waypoints: 6
skipped waypoints: edge 1,  distance 0,  no_path 5,  occlusion 0
```json
{
"movement": "Move forward down the hallway, passing the vanity on the right and approaching the small rug on the floor.",
"observation": {
    "front view": "A hallway continuing forward with a small patterned rug on the floor ahead and a doorway at the end (labeled B). Wooden cabinets are visible on both sides of the hallway further down.",
    "left view": "Wooden closet doors and an opening to another area.",
    "right view": "The large wooden vanity/sink I am currently passing, with a large rug on the floor next to it.",
    "map": "The map shows the path continuing forward towards a carpeted area labeled 'carpet'."
},
"thought": "I have walked out of the bathroom and am currently standing next to the sink/vanity on my right (visible in Right View). To complete P1 ('past the sink'), I need to move further down the hallway. The Front View shows a clear path forward with a small rug ahead, which likely corresponds to the 'throw rug' mentioned in P2. Moving forward will take me past the sink and towards the next part of the hallway.",
"stuck": false,
"plan": "Move forward down the hallway to pass the sink/vanity on the right and approach the arched doorway/throw rug area for P2.",
"curr_step": "Move forward towards the rug in the hallway.",
"action": "F"
}
```
```json
{
"movement": "Move forward down the hallway, passing the sink/vanity on the right.",
"observation": {
    "front view": "A hallway continuing forward with a small patterned rug on the floor ahead and an arched doorway at the end (labeled B). Wooden cabinets are visible on both sides of the hallway further down.",
    "left view": "Wooden closet doors and an opening to another area.",
    "right view": "The large wooden vanity/sink I am currently passing, with a large rug on the floor next to it.",
    "map": "The map shows the path continuing forward towards a carpeted area labeled 'carpet'."
},
"thought": "I have walked out of the bathroom and am currently standing next to the sink/vanity on my right (visible in Right View). To complete P1 ('past the sink'), I need to move further down the hallway. The Front View shows a clear path forward with a small rug ahead, which likely corresponds to the 'throw rug' mentioned in P2. Moving forward will take me past the sink and towards the next part of the hallway.",
"stuck": false,
"plan": "Move forward down the hallway to pass the sink/vanity on the right and approach the arched doorway/throw rug area for P2.",
"curr_step": "Move forward towards the rug in the hallway.",
"action": "F"
}
```
 60%|██████    | 30/50 [5:58:38<3:51:37, 694.87s/it]Renderer: NVIDIA GeForce RTX 4090/PCIe/SSE2 by NVIDIA Corporation
OpenGL version: 4.6.0 NVIDIA 590.48.01
Using optional features:
    GL_ARB_vertex_array_object
    GL_ARB_separate_shader_objects
    GL_ARB_robustness
    GL_ARB_texture_storage
    GL_ARB_texture_view
    GL_ARB_framebuffer_no_attachments
    GL_ARB_invalidate_subdata
    GL_ARB_texture_storage_multisample
    GL_ARB_multi_bind
    GL_ARB_direct_state_access
    GL_ARB_get_texture_sub_image
    GL_ARB_texture_filter_anisotropic
    GL_KHR_debug
    GL_KHR_parallel_shader_compile
    GL_NV_depth_buffer_float
Using driver workarounds:
    no-forward-compatible-core-context
    nv-egl-incorrect-gl11-function-pointers
    no-layout-qualifiers-on-old-glsl
    nv-zero-context-profile-mask
    nv-implementation-color-read-format-dsa-broken
    nv-cubemap-inconsistent-compressed-image-size
    nv-cubemap-broken-full-compressed-image-query
    nv-compressed-block-size-in-bits
[02:10:06:741470]:[Warning]:[Metadata] SceneDatasetAttributes.cpp(107)::addNewSceneInstanceToDataset : Dataset : 'default' : Lighting Layout Attributes 'no_lights' specified in Scene Attributes but does not exist in dataset, so creating default.
2026-09-19 02:10:17,799 - INFO - Simulator initialized!
2026-09-19 02:10:39,586 - INFO - HTTP Request: POST http://127.0.0.1:22447/v1/chat/completions "HTTP/1.1 200 OK"
2026-09-19 02:10:40,229 - INFO - --- Episode 80, Step 1/100 ---
2026-09-19 02:10:58,844 - INFO - HTTP Request: POST http://127.0.0.1:22447/v1/chat/completions "HTTP/1.1 200 OK"
2026-09-19 02:10:59,396 - INFO - --- Episode 80, Step 2/100 ---
2026-09-19 02:10:59,780 - INFO - --- Episode 80, Step 3/100 ---
2026-09-19 02:11:00,301 - INFO - --- Episode 80, Step 4/100 ---
2026-09-19 02:11:01,042 - INFO - --- Episode 80, Step 5/100 ---
2026-09-19 02:11:01,597 - INFO - --- Episode 80, Step 6/100 ---
2026-09-19 02:11:13,870 - INFO - HTTP Request: POST http://127.0.0.1:22447/v1/chat/completions "HTTP/1.1 200 OK"
2026-09-19 02:11:14,541 - INFO - --- Episode 80, Step 7/100 ---
2026-09-19 02:11:15,190 - INFO - --- Episode 80, Step 8/100 ---
2026-09-19 02:11:15,928 - INFO - --- Episode 80, Step 9/100 ---
2026-09-19 02:11:16,818 - INFO - --- Episode 80, Step 10/100 ---
2026-09-19 02:11:25,881 - INFO - HTTP Request: POST http://127.0.0.1:22447/v1/chat/completions "HTTP/1.1 200 OK"
2026-09-19 02:11:26,720 - INFO - --- Episode 80, Step 11/100 ---
2026-09-19 02:11:27,370 - INFO - --- Episode 80, Step 12/100 ---
2026-09-19 02:11:28,034 - INFO - --- Episode 80, Step 13/100 ---
2026-09-19 02:11:28,786 - INFO - --- Episode 80, Step 14/100 ---
2026-09-19 02:11:29,760 - INFO - --- Episode 80, Step 15/100 ---
2026-09-19 02:11:42,727 - INFO - HTTP Request: POST http://127.0.0.1:22447/v1/chat/completions "HTTP/1.1 200 OK"
2026-09-19 02:11:43,610 - INFO - --- Episode 80, Step 16/100 ---
2026-09-19 02:11:44,390 - INFO - --- Episode 80, Step 17/100 ---
2026-09-19 02:11:45,143 - INFO - --- Episode 80, Step 18/100 ---
2026-09-19 02:11:45,930 - INFO - --- Episode 80, Step 19/100 ---
2026-09-19 02:11:46,887 - INFO - --- Episode 80, Step 20/100 ---
2026-09-19 02:11:47,520 - INFO - --- Episode 80, Step 21/100 ---
2026-09-19 02:11:48,455 - INFO - --- Episode 80, Step 22/100 ---
2026-09-19 02:12:02,638 - INFO - HTTP Request: POST http://127.0.0.1:22447/v1/chat/completions "HTTP/1.1 200 OK"
```json
{
"movement": "Move forward down the hallway, passing the sink/vanity on the right.",
"observation": {
    "front view": "A hallway continuing forward with a small patterned rug on the floor ahead and an opening/doorway (labeled B) at the end. Wooden cabinets are visible on both sides of the hallway further down.",
    "left view": "Wooden closet doors and an opening to another area.",
    "right view": "The large wooden vanity/sink I am currently passing, with a large rug on the floor next to it.",
    "map": "The map shows the path continuing forward towards a carpeted area labeled 'carpet'."
},
"thought": "I have walked out of the bathroom and am currently standing next to the sink/vanity on my right (visible in Right View). To complete P1 ('past the sink'), I need to move further down the hallway. The Front View shows a clear path forward with a small rug ahead, which likely corresponds to the 'throw rug' mentioned in P2. Moving forward will take me past the sink and towards the next part of the hallway.",
"stuck": false,
"plan": "Move forward down the hallway to pass the sink/vanity on the right and approach the arched doorway/throw rug area for P2.",
"curr_step": "Move forward towards the rug in the hallway.",
"action": "F"
}
```
Action: stop
['Leave the bathroom and walk straight into the hallway.', 'Go straight and enter the office in the second door on your left.']
Initialized data for new floor level: 0
Switching pcds to floor level: 0
Initialized data for new floor level: 0
Switching pcds to floor level: 0
Initialized data for new floor level: 0
Switching pcds to floor level: 0
waypoints: 16
skipped waypoints: edge 0,  distance 5,  no_path 0,  occlusion 6
```json
{
"movement": "I am currently standing on the rug in the bathroom. I need to move forward towards the open doorway visible in the front view to exit the room.",
"observation": {
    "front view": "Directly ahead is an open wooden door leading into a hallway. There are vanities on both sides of me.",
    "left view": "A vanity with a sink and mirror.",
    "right view": "A large bathtub and another vanity area.",
    "map": "The map shows my current position (START) inside the bathroom. The exit is to the North (top of the map), leading into the hallway where waypoints 3 and 5 are located."
},
"thought": "I am currently in the bathroom. The instruction is to leave the bathroom and walk straight into the hallway. The front view shows the exit doorway directly ahead. The map confirms that moving forward (North) leads out of the room. Waypoint 3 is just outside the door in the hallway, which is the immediate goal for this subtask.",
"stuck": false,
"plan": "Move straight forward through the doorway to leave the bathroom and enter the hallway. I will aim for waypoint 3 which is just outside the door.",
"curr_step": "I need to move from my current position on the rug towards the exit. Waypoint 3 is located just outside the bathroom door in the hallway, which aligns with the goal of leaving the bathroom.",
"action": 3
}
```
Calculated floor height difference: 2.38m
Action: turn
Action: move_forward
Action: turn
Action: move_forward
Action: null
waypoints: 26
skipped waypoints: edge 0,  distance 18,  no_path 0,  occlusion 3
```json
{
"movement": "I have moved from the rug in the bathroom towards the exit doorway. I am now standing at the threshold of the bathroom, looking out into the hallway.",
"observation": {
    "front view": "I see the hallway extending forward with a light-colored rug on the floor. To my immediate right is the open wooden door. To my left is the door frame and wall.",
    "left view": "A toilet and a vanity are visible to my left inside the bathroom.",
    "right view": "The shower/tub area and another vanity are visible to my right inside the bathroom.",
    "map": "The map shows I am at the exit of the bathroom (START). Waypoint 4 is just outside the door on the floor. Waypoint 2 is further down the hallway on the left side."
},
"thought": "I am currently at the bathroom exit. The instruction is to leave the bathroom and walk straight into the hallway. I need to step out of the doorway. Waypoint 4 is located just outside the door on the floor, which is the immediate next step to fully leave the room.",
"stuck": false,
"plan": "Move forward through the doorway onto the floor in the hallway. I will aim for waypoint 4 which is just outside the door.",
"curr_step": "I need to move from the threshold into the hallway. Waypoint 4 is the closest point on the floor just outside the bathroom door.",
"action": 4
}
```
Action: turn
Action: move_forward
Action: null
Action: turn
waypoints: 11
skipped waypoints: edge 1,  distance 6,  no_path 0,  occlusion 0
```json
{
"movement": "I have moved out of the bathroom doorway and am now standing on the wooden floor in the hallway, just past the threshold.",
"observation": {
    "front view": "The hallway continues straight ahead with a large rug further down. There are doorways on the left and right sides further down the hall.",
    "left view": "I see the wall of the bathroom I just exited and a doorway leading into another room (possibly a bedroom or closet) further down.",
    "right view": "There is a vanity area with a mirror and cabinets to my right, likely part of the master bath suite or a dressing area.",
    "map": "The map shows I am at the exit of the bathroom. The hallway extends North. Waypoint 4 is on the floor just ahead of me."
},
"thought": "I have successfully left the bathroom. The instruction is to 'walk straight into the hallway'. I am currently at the entrance. To proceed, I need to move further down the hallway towards the rug and the doors mentioned in the next subtask. Waypoint 4 is directly in front of me on the floor.",
"stuck": false,
"plan": "Move forward down the hallway. I will aim for waypoint 4 which is just ahead on the wooden floor, leading towards the rug and the rest of the hallway.",
"curr_step": "I need to move from the threshold into the main part of the hallway. Waypoint 4 is the closest point forward on the floor.",
"action": 4
}
```
Action: turn
Action: move_forward
Action: turn
Action: move_forward
Action: null
waypoints: 11
skipped waypoints: edge 0,  distance 4,  no_path 0,  occlusion 1
```json
{
"movement": "I have moved out of the bathroom and am now standing on the rug in the hallway. I am facing down the hallway towards another doorway.",
"observation": {
    "front view": "The hallway continues straight ahead with a rug on the floor. There is a doorway further down (waypoint 2) and an opening to the left (waypoint 3). To the right is a large wooden cabinet/vanity.",
    "left view": "There is an opening/doorway immediately to my left, leading into another room.",
    "right view": "A large wooden dresser/cabinet is on the right wall.",
    "map": "The map shows I am in the hallway near the bathroom exit. Waypoint 6 is on the rug ahead of me."
},
"thought": "I have left the bathroom and am now in the hallway. The instruction is to go straight and enter the office in the second door on my left. I need to continue moving down the hallway to reach the doors further down. Waypoint 6 is directly ahead on the rug, which is the correct path forward.",
"stuck": false,
"plan": "Move forward down the hallway along the rug towards the doorway at the end of this section. This will bring me closer to the 'second door on the left' mentioned in the next subtask.",
"curr_step": "I need to continue moving straight. Waypoint 6 is directly ahead on the rug.",
"action": 6
}
```
Action: turn
Action: move_forward
Action: turn
Action: move_forward
Action: turn
Action: move_forward
Action: null
waypoints: 9
skipped waypoints: edge 2,  distance 1,  no_path 3,  occlusion 0
2026-09-19 02:12:03,603 - INFO - --- Episode 80, Step 23/100 ---
2026-09-19 02:12:04,893 - INFO - --- Episode 80, Step 24/100 ---
2026-09-19 02:12:06,311 - INFO - --- Episode 80, Step 25/100 ---
2026-09-19 02:13:39,582 - INFO - HTTP Request: POST http://127.0.0.1:22447/v1/chat/completions "HTTP/1.1 200 OK"
2026-09-19 02:14:45,292 - INFO - HTTP Request: POST http://127.0.0.1:22447/v1/chat/completions "HTTP/1.1 200 OK"
2026-09-19 02:15:25,359 - INFO - HTTP Request: POST http://127.0.0.1:22447/v1/chat/completions "HTTP/1.1 200 OK"
2026-09-19 02:15:26,501 - INFO - --- Episode 80, Step 26/100 ---
2026-09-19 02:15:57,874 - INFO - HTTP Request: POST http://127.0.0.1:22447/v1/chat/completions "HTTP/1.1 200 OK"
2026-09-19 02:15:58,888 - INFO - --- Episode 80, Step 27/100 ---
2026-09-19 02:16:19,123 - INFO - HTTP Request: POST http://127.0.0.1:22447/v1/chat/completions "HTTP/1.1 200 OK"
2026-09-19 02:16:20,274 - INFO - --- Episode 80, Step 28/100 ---
2026-09-19 02:16:21,542 - INFO - --- Episode 80, Step 29/100 ---
2026-09-19 02:16:22,959 - INFO - --- Episode 80, Step 30/100 ---
2026-09-19 02:16:23,809 - INFO - --- Episode 80, Step 31/100 ---
2026-09-19 02:16:24,906 - INFO - --- Episode 80, Step 32/100 ---
2026-09-19 02:16:26,308 - INFO - --- Episode 80, Step 33/100 ---
2026-09-19 02:16:27,453 - INFO - --- Episode 80, Step 34/100 ---
2026-09-19 02:16:30,857 - INFO - HTTP Request: POST http://127.0.0.1:22447/v1/chat/completions "HTTP/1.1 400 Bad Request"
2026-09-19 02:16:32,327 - INFO - HTTP Request: POST http://127.0.0.1:22447/v1/chat/completions "HTTP/1.1 400 Bad Request"
2026-09-19 02:16:33,720 - INFO - HTTP Request: POST http://127.0.0.1:22447/v1/chat/completions "HTTP/1.1 400 Bad Request"
2026-09-19 02:16:34,954 - INFO - --- Episode 80, Step 35/100 ---
2026-09-19 02:16:59,450 - INFO - HTTP Request: POST http://127.0.0.1:22447/v1/chat/completions "HTTP/1.1 200 OK"
2026-09-19 02:17:00,416 - INFO - --- Episode 80, Step 36/100 ---
2026-09-19 02:17:01,162 - INFO - --- Episode 80, Step 37/100 ---
2026-09-19 02:17:02,031 - INFO - --- Episode 80, Step 38/100 ---
2026-09-19 02:17:02,867 - INFO - --- Episode 80, Step 39/100 ---
2026-09-19 02:17:04,256 - INFO - --- Episode 80, Step 40/100 ---
2026-09-19 02:17:07,407 - INFO - HTTP Request: POST http://127.0.0.1:22447/v1/chat/completions "HTTP/1.1 400 Bad Request"
2026-09-19 02:17:08,834 - INFO - HTTP Request: POST http://127.0.0.1:22447/v1/chat/completions "HTTP/1.1 400 Bad Request"
2026-09-19 02:17:10,261 - INFO - HTTP Request: POST http://127.0.0.1:22447/v1/chat/completions "HTTP/1.1 400 Bad Request"
 62%|██████▏   | 31/50 [6:05:47<3:14:44, 614.96s/it]Renderer: NVIDIA GeForce RTX 4090/PCIe/SSE2 by NVIDIA Corporation
OpenGL version: 4.6.0 NVIDIA 590.48.01
Using optional features:
    GL_ARB_vertex_array_object
    GL_ARB_separate_shader_objects
    GL_ARB_robustness
    GL_ARB_texture_storage
    GL_ARB_texture_view
    GL_ARB_framebuffer_no_attachments
    GL_ARB_invalidate_subdata
    GL_ARB_texture_storage_multisample
    GL_ARB_multi_bind
    GL_ARB_direct_state_access
    GL_ARB_get_texture_sub_image
    GL_ARB_texture_filter_anisotropic
    GL_KHR_debug
    GL_KHR_parallel_shader_compile
    GL_NV_depth_buffer_float
Using driver workarounds:
    no-forward-compatible-core-context
    nv-egl-incorrect-gl11-function-pointers
    no-layout-qualifiers-on-old-glsl
    nv-zero-context-profile-mask
    nv-implementation-color-read-format-dsa-broken
    nv-cubemap-inconsistent-compressed-image-size
    nv-cubemap-broken-full-compressed-image-query
    nv-compressed-block-size-in-bits
[02:17:15:253385]:[Warning]:[Metadata] SceneDatasetAttributes.cpp(107)::addNewSceneInstanceToDataset : Dataset : 'default' : Lighting Layout Attributes 'no_lights' specified in Scene Attributes but does not exist in dataset, so creating default.
2026-09-19 02:17:27,254 - INFO - Simulator initialized!
2026-09-19 02:17:49,475 - INFO - HTTP Request: POST http://127.0.0.1:22447/v1/chat/completions "HTTP/1.1 200 OK"
2026-09-19 02:17:50,127 - INFO - --- Episode 81, Step 1/100 ---
2026-09-19 02:21:17,896 - INFO - HTTP Request: POST http://127.0.0.1:22447/v1/chat/completions "HTTP/1.1 200 OK"
2026-09-19 02:24:30,611 - INFO - HTTP Request: POST http://127.0.0.1:22447/v1/chat/completions "HTTP/1.1 200 OK"
2026-09-19 02:25:27,761 - INFO - HTTP Request: POST http://127.0.0.1:22447/v1/chat/completions "HTTP/1.1 200 OK"
```json
{
"movement": "I have moved from the bathroom onto the rug in the hallway and am now facing a doorway that leads further into the suite.",
"observation": {
    "front view": "Directly ahead is an open doorway leading into another room or hallway section with wooden floors. To the left of this doorway is a wall, and to the right is a large wooden cabinet.",
    "left view": "A large wooden door (possibly a closet) is visible on the left wall.",
    "right view": "A large wooden dresser/cabinet is on the right side.",
    "map": "The map shows I am at the end of the bathroom area. Waypoint 3 is through the doorway ahead."
},
"thought": "I have successfully left the bathroom and am now in the hallway area. The instruction is to walk straight into the hallway. Moving forward through the doorway ahead (towards waypoint 3) continues this path and brings me closer to the 'second door on the left' mentioned in the next subtask.",
"stuck": false,
"plan": "Move forward through the doorway ahead to continue down the hallway.",
"curr_step": "I need to move from my current position on the rug towards the doorway straight ahead. Waypoint 3 is located just past the threshold of this doorway.",
"action": 3
}
```
Action: turn
Action: move_forward
Action: null
waypoints: 6
skipped waypoints: edge 1,  distance 0,  no_path 5,  occlusion 0


```json
{
"movement": "I have moved out of the bathroom and am currently standing in a dressing area or walk-in closet with dressers on both sides. I am facing a wall/cabinet at the end of this narrow passage.",
"observation": {
    "front view": "A narrow passage between wooden dressers leading towards a window or wall.",
    "left view": "An opening leading to a room with a rug, which appears to be the hallway or bedroom area.",
    "right view": "The bathroom vanity and mirror, indicating the bathroom is to my right.",
    "map": "The map shows I am in a grey area (hallway/dressing area) just north of the bathroom (START). The main hallway extends further north."
},
"thought": "I have left the bathroom and am now in the dressing area. The instruction is to walk straight into the hallway. Based on the Right View showing the bathroom to my right, I am likely facing West. The hallway (North) should be to my Left. The Left View shows an opening with a rug which looks like the path into the main hallway/bedroom area. To align myself with the hallway and proceed towards the 'second door on the left', I need to turn towards that opening.",
"stuck": false,
"plan": "Turn left to face the hallway/opening seen in the left view. Then move forward into that space to continue down the hallway.",
"curr_step": "I need to turn left to face the hallway direction.",
"action": "L"
}
```
Action: turn
waypoints: 7
skipped waypoints: edge 1,  distance 2,  no_path 2,  occlusion 0
```json
{
"movement": "I have moved from the bathroom into a dressing area/closet space. I am currently facing a cabinet/wall at the end of this narrow passage.",
"observation": {
    "front view": "A wooden cabinet and wall directly ahead. To the left of the wall, there is an opening leading to a hallway with a rug (visible as points 1 and 2).",
    "left view": "A long hallway with a large patterned rug and an archway further down.",
    "right view": "Shelving units and wooden cabinets typical of a walk-in closet or dressing area.",
    "map": "The map shows I am in the grey area (dressing area) to the East of the bathroom (START). The hallway extends North from the START point."
},
"thought": "I have left the bathroom and entered the dressing area. The instruction is to walk straight into the hallway. The hallway is visible in my Left View and through the opening in my Front View (points 1 and 2). Since the path is to my left, I need to turn left to face the hallway and proceed towards it.",
"stuck": false,
"plan": "Turn left to face the hallway opening seen in the front/left view. Then move forward into the hallway.",
"curr_step": "I need to orient myself towards the hallway. The Left View shows the clear path. Turning Left will align me with this path.",
"action": "L"
}
```
Action: turn
waypoints: 14
skipped waypoints: edge 0,  distance 7,  no_path 0,  occlusion 0
```json
{
"movement": "I have turned to face the hallway and am now standing in the dressing area, looking towards an arched doorway that leads into the main hallway.",
"observation": {
    "front view": "An arched doorway leading into a hallway with a window at the far end. A large rug is on the floor in front of me.",
    "left view": "A long wooden dresser with drawers and a mirror above it.",
    "right view": "Shelving units and closet space, indicating I am still in a dressing area.",
    "map": "The map shows my current position (triangle) in the dressing area. The path forward leads through the archway into the hallway."
},
"thought": "I have successfully navigated out of the bathroom and through the dressing area. The instruction is to walk straight into the hallway. The arched doorway ahead leads directly into that hallway. I need to move forward across the rug towards the archway.",
"stuck": false,
"plan": "Move forward across the rug towards the arched doorway to enter the hallway.",
"curr_step": "I need to move from my current position in the dressing area towards the archway. Waypoint 5 is located on the rug directly ahead of me, leading towards the hallway entrance.",
"action": 5
}
```
Action: turn
Action: move_forward
Action: turn
Action: move_forward
Action: turn
Action: move_forward
Action: null
waypoints: 12
skipped waypoints: edge 1,  distance 5,  no_path 0,  occlusion 2
Action: stop
waypoints: 12
skipped waypoints: edge 1,  distance 5,  no_path 0,  occlusion 2
```json
{
"movement": "I have turned to face the arched doorway leading out of the dressing area and into the hallway. I am standing on the floor near a rug, looking towards the archway.",
"observation": {
    "front view": "An arched doorway leading into a brighter hallway is visible ahead. To the right of the archway is a wall with a painting and a curtain. A large rug is on the floor in front of me.",
    "left view": "A long wooden dresser with drawers and a mirror above it.",
    "right view": "Shelving units and closet space, indicating I am still in a dressing area.",
    "map": "The map shows my current position (triangle) in the dressing area. The path forward leads through the archway into the hallway."
},
"thought": "I have successfully navigated out of the bathroom and through the dressing area. The instruction is to walk straight into the hallway. The arched doorway ahead leads directly into that hallway. I need to move forward across the rug towards the archway.",
"stuck": false,
"plan": "Move forward across the rug towards the arched doorway to enter the hallway.",
"curr_step": "I need to move from my current position in the dressing area towards the archway. Waypoint 2 is located on the floor directly ahead of me, leading towards the hallway entrance.",
"action": 2
}
```
Action: turn
Action: move_forward
Action: turn
Action: move_forward
Action: null
waypoints: 10
skipped waypoints: edge 1,  distance 4,  no_path 0,  occlusion 1
Action: stop
['Turn right, walk straight through the arched door way', 'continue straight stop beside the bed.']
Initialized data for new floor level: 0
Switching pcds to floor level: 0
Initialized data for new floor level: 0
Switching pcds to floor level: 0
Initialized data for new floor level: 0
Switching pcds to floor level: 0
waypoints: 22
skipped waypoints: edge 0,  distance 11,  no_path 0,  occlusion 7


2026-09-19 02:25:28,391 - INFO - --- Episode 81, Step 2/100 ---
2026-09-19 02:25:28,920 - INFO - --- Episode 81, Step 3/100 ---
2026-09-19 02:25:29,454 - INFO - --- Episode 81, Step 4/100 ---
2026-09-19 02:25:30,299 - INFO - --- Episode 81, Step 5/100 ---
2026-09-19 02:25:58,893 - INFO - HTTP Request: POST http://127.0.0.1:22447/v1/chat/completions "HTTP/1.1 200 OK"
2026-09-19 02:25:59,682 - INFO - --- Episode 81, Step 6/100 ---
2026-09-19 02:26:00,277 - INFO - --- Episode 81, Step 7/100 ---
2026-09-19 02:26:00,853 - INFO - --- Episode 81, Step 8/100 ---
2026-09-19 02:26:01,450 - INFO - --- Episode 81, Step 9/100 ---
2026-09-19 02:26:02,238 - INFO - --- Episode 81, Step 10/100 ---
2026-09-19 02:26:02,821 - INFO - --- Episode 81, Step 11/100 ---
2026-09-19 02:26:03,566 - INFO - --- Episode 81, Step 12/100 ---
2026-09-19 02:26:04,344 - INFO - --- Episode 81, Step 13/100 ---
2026-09-19 02:26:05,504 - INFO - --- Episode 81, Step 14/100 ---
2026-09-19 02:27:44,202 - INFO - HTTP Request: POST http://127.0.0.1:22447/v1/chat/completions "HTTP/1.1 200 OK"
2026-09-19 02:28:06,982 - INFO - HTTP Request: POST http://127.0.0.1:22447/v1/chat/completions "HTTP/1.1 200 OK"
2026-09-19 02:28:07,968 - INFO - --- Episode 81, Step 15/100 ---
2026-09-19 02:28:08,992 - INFO - --- Episode 81, Step 16/100 ---
2026-09-19 02:28:10,000 - INFO - --- Episode 81, Step 17/100 ---
2026-09-19 02:28:10,938 - INFO - --- Episode 81, Step 18/100 ---
2026-09-19 02:28:11,738 - INFO - --- Episode 81, Step 19/100 ---
2026-09-19 02:28:12,942 - INFO - --- Episode 81, Step 20/100 ---
2026-09-19 02:28:14,031 - INFO - --- Episode 81, Step 21/100 ---
2026-09-19 02:28:31,849 - INFO - HTTP Request: POST http://127.0.0.1:22447/v1/chat/completions "HTTP/1.1 200 OK"
```json
{
"movement": "I am currently standing in a room facing a large window/glass door structure. To my right, there is a hallway leading towards an arched doorway.",
"observation": {
"front view": "A large glass window or door with wooden frames, looking out onto greenery.",
"left view": "A long hallway with multiple arched doorways and kitchen cabinetry on the left.",
"right view": "A kitchen island with stools on the right and a path leading straight ahead towards an arched doorway in the distance.",
"map": "The map shows my starting position near a large dark shape (likely the kitchen island). To the north (top of the map), there is a corridor with arches. To the east (right), there is open space."
},
"thought": "The instruction is to 'Turn right, walk straight through the arched door way'. Looking at my current views, the arched doorway is visible in the Right View, down a hallway. This means I need to orient myself towards the right and move forward into that hallway. Waypoint 2 is located in the direction of this hallway entrance (to the right of my current front view). Moving to waypoint 2 will align me with the path towards the arched doorway.",
"stuck": false,
"plan": "Move towards waypoint 2 to enter the hallway and approach the arched doorway.",
"curr_step": "The subtask P1 is not yet completed. I need to turn right and move towards the arched doorway. Waypoint 2 is in the correct direction (right/front-right) to align with the hallway seen in the Right View.",
"action": 2
}
```
Calculated floor height difference: 3.47m
Action: turn
Action: move_forward
Action: null
Action: turn
waypoints: 16
skipped waypoints: edge 5,  distance 6,  no_path 0,  occlusion 2
```json
{
"movement": "I moved forward and slightly left in the previous step, bringing me closer to the large glass window/door structure. I am now positioned near the window, facing it directly.",
"observation": {
"front view": "A large glass window/door structure with wooden frames is directly in front of me. To the right, there is an open floor space leading towards a kitchen area.",
"left view": "A long hallway extends to the left with multiple arched doorways and kitchen cabinetry visible on the left side.",
"right view": "To my right, there is a kitchen island with stools. Beyond it, through a large opening/archway, I can see into another room which appears to be a bedroom or living area.",
"map": "The map shows my current position near the kitchen island (START). The path forward leads towards an arched doorway in the distance, which aligns with the view to my right."
},
"thought": "The instruction is to 'Turn right, walk straight through the arched door way'. Currently, I am facing the window. To follow the instruction, I need to orient myself towards the right where the path leads past the kitchen island and through an arched doorway (visible in the Right View). This doorway likely leads to the bedroom mentioned in the next task. Waypoint 1 is located in the direction of this path (forward and to the right), guiding me into the room towards the target archway.",
"stuck": false,
"plan": "Move towards waypoint 1 to enter the area past the kitchen island and align myself with the arched doorway leading to the bedroom.",
"curr_step": "I need to turn right and move forward. Waypoint 1 is in the correct direction (forward-right) to approach the arched doorway seen in the Right View.",
"action": 1
}
```
Action: turn
Action: move_forward
Action: turn
Action: move_forward
--- Height change stabilized. Height diff: -0.05, On platform: True, Metrics: {'inlier_count': 1004, 'local_count': 27559, 'support_ratio': 0.03643093000339523, 'vertical_score': 1.0, 'plane_height_mean': -1.23907470703125, 'agent_z': -1.2524370223283767, 'vertical_diff': 0.013362315297126726, 'area_xy': 0.41759999999999997, 'radius_est': 0.3645904667847899, 'z_std': 0.0422922819852829, 'occupied_cells': 29, 'bottom_height_tolerance': 0.1}
--- No significant floor change. Height diff: -0.05, On platform: True, Metrics: {'inlier_count': 1004, 'local_count': 27559, 'support_ratio': 0.03643093000339523, 'vertical_score': 1.0, 'plane_height_mean': -1.23907470703125, 'agent_z': -1.2524370223283767, 'vertical_diff': 0.013362315297126726, 'area_xy': 0.41759999999999997, 'radius_est': 0.3645904667847899, 'z_std': 0.0422922819852829, 'occupied_cells': 29, 'bottom_height_tolerance': 0.1}
Updated floor height: -1.05, ceiling height: 0.75
Action: move_forward
Action: turn
--- Height change stabilized. Height diff: -0.17, On platform: True, Metrics: {'inlier_count': 11236, 'local_count': 28000, 'support_ratio': 0.40128571427138265, 'vertical_score': 1.0, 'plane_height_mean': -1.4021563529968262, 'agent_z': -1.370200616121292, 'vertical_diff': 0.0319557368755341, 'area_xy': 6.249599999999999, 'radius_est': 1.410428822980521, 'z_std': 0.010974153876304626, 'occupied_cells': 434, 'bottom_height_tolerance': 0.1}
--- No significant floor change. Height diff: -0.17, On platform: True, Metrics: {'inlier_count': 11236, 'local_count': 28000, 'support_ratio': 0.40128571427138265, 'vertical_score': 1.0, 'plane_height_mean': -1.4021563529968262, 'agent_z': -1.370200616121292, 'vertical_diff': 0.0319557368755341, 'area_xy': 6.249599999999999, 'radius_est': 1.410428822980521, 'z_std': 0.010974153876304626, 'occupied_cells': 434, 'bottom_height_tolerance': 0.1}
Updated floor height: -1.17, ceiling height: 0.63
Action: move_forward
Action: null
Action: turn
waypoints: 17
skipped waypoints: edge 1,  distance 9,  no_path 0,  occlusion 3

```json
{
"movement": "I have moved forward and turned slightly to face the console table. Now I need to orient myself towards the hallway with the arched doorway which is to my right.",
"observation": {
"front view": "A console table with a white object on it is directly in front. To the right, there is an opening into a dining area and further right, a hallway.",
"left view": "Large glass windows/doors looking outside.",
"right view": "A hallway leading to an arched doorway at the end. A dining table is visible to the left of this hallway.",
"map": "The map shows my current position near the 'workbench'. The path forward leads towards the 'chair' area and then further right towards the arched doorway."
},
"thought": "The instruction is to 'Turn right, walk straight through the arched door way'. Currently, I am facing a wall/console table. The arched doorway is visible in the Right View, down a hallway to my right. To follow the instruction, I need to move towards that hallway. Waypoint 1 is located in the direction of that hallway (to the right of the dining area). Moving to waypoint 1 will bring me closer to the arched doorway.",
"stuck": false,
"plan": "Move towards waypoint 1 to approach the hallway containing the arched doorway.",
"curr_step": "I need to turn right and move forward. Waypoint 1 is in the correct direction (right) to align with the path towards the arched doorway.",
"action": 1
}
```
Action: turn
Action: move_forward
Action: move_forward
Action: turn
Action: move_forward
Action: null
Action: turn
waypoints: 15
skipped waypoints: edge 3,  distance 4,  no_path 0,  occlusion 4
2026-09-19 02:28:32,628 - INFO - --- Episode 81, Step 22/100 ---
2026-09-19 02:28:47,287 - INFO - HTTP Request: POST http://127.0.0.1:22447/v1/chat/completions "HTTP/1.1 200 OK"
2026-09-19 02:28:48,274 - INFO - --- Episode 81, Step 23/100 ---
2026-09-19 02:28:49,072 - INFO - --- Episode 81, Step 24/100 ---
2026-09-19 02:28:50,742 - INFO - --- Episode 81, Step 25/100 ---
2026-09-19 02:28:52,011 - INFO - --- Episode 81, Step 26/100 ---
2026-09-19 02:28:52,951 - INFO - --- Episode 81, Step 27/100 ---
2026-09-19 02:28:54,018 - INFO - --- Episode 81, Step 28/100 ---
2026-09-19 02:28:55,163 - INFO - --- Episode 81, Step 29/100 ---
2026-09-19 02:29:15,435 - INFO - HTTP Request: POST http://127.0.0.1:22447/v1/chat/completions "HTTP/1.1 200 OK"
2026-09-19 02:29:16,709 - INFO - --- Episode 81, Step 30/100 ---
2026-09-19 02:29:17,760 - INFO - --- Episode 81, Step 31/100 ---
2026-09-19 02:29:18,646 - INFO - --- Episode 81, Step 32/100 ---
2026-09-19 02:29:19,479 - INFO - --- Episode 81, Step 33/100 ---
2026-09-19 02:29:22,141 - INFO - --- Episode 81, Step 34/100 ---
2026-09-19 02:29:23,206 - INFO - --- Episode 81, Step 35/100 ---
2026-09-19 02:29:24,676 - INFO - --- Episode 81, Step 36/100 ---
2026-09-19 02:29:26,138 - INFO - --- Episode 81, Step 37/100 ---
2026-09-19 02:29:52,178 - INFO - HTTP Request: POST http://127.0.0.1:22447/v1/chat/completions "HTTP/1.1 200 OK"
2026-09-19 02:30:03,628 - INFO - HTTP Request: POST http://127.0.0.1:22447/v1/chat/completions "HTTP/1.1 200 OK"
2026-09-19 02:30:05,445 - INFO - HTTP Request: POST http://127.0.0.1:22447/v1/chat/completions "HTTP/1.1 400 Bad Request"
2026-09-19 02:30:06,750 - INFO - --- Episode 81, Step 38/100 ---
2026-09-19 02:30:42,245 - INFO - HTTP Request: POST http://127.0.0.1:22447/v1/chat/completions "HTTP/1.1 200 OK"
2026-09-19 02:31:04,669 - INFO - HTTP Request: POST http://127.0.0.1:22447/v1/chat/completions "HTTP/1.1 200 OK"
2026-09-19 02:31:19,334 - INFO - HTTP Request: POST http://127.0.0.1:22447/v1/chat/completions "HTTP/1.1 200 OK"
 64%|██████▍   | 32/50 [6:19:54<3:25:25, 684.75s/it]Renderer: NVIDIA GeForce RTX 4090/PCIe/SSE2 by NVIDIA Corporation
OpenGL version: 4.6.0 NVIDIA 590.48.01
Using optional features:
    GL_ARB_vertex_array_object
    GL_ARB_separate_shader_objects
    GL_ARB_robustness
    GL_ARB_texture_storage
    GL_ARB_texture_view
    GL_ARB_framebuffer_no_attachments
    GL_ARB_invalidate_subdata
    GL_ARB_texture_storage_multisample
    GL_ARB_multi_bind
    GL_ARB_direct_state_access
    GL_ARB_get_texture_sub_image
    GL_ARB_texture_filter_anisotropic
    GL_KHR_debug
    GL_KHR_parallel_shader_compile
    GL_NV_depth_buffer_float
Using driver workarounds:
    no-forward-compatible-core-context
    nv-egl-incorrect-gl11-function-pointers
    no-layout-qualifiers-on-old-glsl
    nv-zero-context-profile-mask
    nv-implementation-color-read-format-dsa-broken
    nv-cubemap-inconsistent-compressed-image-size
    nv-cubemap-broken-full-compressed-image-query
    nv-compressed-block-size-in-bits
[02:31:22:832194]:[Warning]:[Metadata] SceneDatasetAttributes.cpp(107)::addNewSceneInstanceToDataset : Dataset : 'default' : Lighting Layout Attributes 'no_lights' specified in Scene Attributes but does not exist in dataset, so creating default.
2026-09-19 02:31:35,023 - INFO - Simulator initialized!
2026-09-19 02:32:11,001 - INFO - HTTP Request: POST http://127.0.0.1:22447/v1/chat/completions "HTTP/1.1 200 OK"
2026-09-19 02:32:11,710 - INFO - --- Episode 82, Step 1/100 ---
2026-09-19 02:32:26,733 - INFO - HTTP Request: POST http://127.0.0.1:22447/v1/chat/completions "HTTP/1.1 200 OK"
2026-09-19 02:32:27,378 - INFO - --- Episode 82, Step 2/100 ---
2026-09-19 02:32:27,884 - INFO - --- Episode 82, Step 3/100 ---
2026-09-19 02:32:28,440 - INFO - --- Episode 82, Step 4/100 ---
2026-09-19 02:32:29,126 - INFO - --- Episode 82, Step 5/100 ---
2026-09-19 02:32:38,697 - INFO - HTTP Request: POST http://127.0.0.1:22447/v1/chat/completions "HTTP/1.1 200 OK"
```json
{
"movement": "I have moved forward and turned left previously, now facing a dining area. I need to follow the instruction to turn right towards the arched doorway.",
"observation": {
"front view": "A dining table with chairs is directly in front of me. To the left are large windows/doors.",
"left view": "Large glass doors/windows looking outside.",
"right view": "A hallway leading away from the current room, featuring multiple arched doorways and a painting on the wall.",
"map": "The map shows my position near the 'workbench'. The path forward leads towards the right side of the map where a 'lamp' is located, which corresponds to the hallway seen in the Right View."
},
"thought": "The instruction is to 'Turn right, walk straight through the arched door way'. Currently, I am facing the dining table. The hallway with the arched doorway is clearly visible in my Right View. Therefore, I need to turn right to face down this hallway.",
"stuck": false,
"plan": "Turn right to align myself with the hallway seen in the Right View. Then walk straight through the first arched doorway and continue towards the bedroom.",
"curr_step": "I am currently facing the dining table. The target hallway is to my right. I need to turn right to face it.",
"action": "R"
}
```
Action: turn
waypoints: 17
skipped waypoints: edge 0,  distance 12,  no_path 0,  occlusion 0
```json
{
"movement": "I have turned right and am now facing down a hallway with arched doorways. The target arched doorway is visible straight ahead.",
"observation": {
"front view": "A long hallway with tiled floors leading towards an arched doorway (labeled B) at the end. There are paintings on the walls.",
"left view": "A wall with a large painting and an opening to another room.",
"right view": "A wall with a smaller framed picture and an opening to another area.",
"map": "The map shows my current position in the hallway. The path forward leads towards the 'lamp' area which is near the arched doorway."
},
"thought": "I have completed the 'Turn right' part of the instruction. Now I need to 'walk straight through the arched door way'. The arched doorway is directly in front of me at the end of this hallway. Waypoint 2 is located along this path, leading towards the archway.",
"stuck": false,
"plan": "Walk straight down the hallway towards the arched doorway (B). Once through, I will look for the bed to complete the next subtask.",
"curr_step": "I am facing the correct direction. I need to move forward towards the arched doorway. Waypoint 2 is a good target to progress down the hallway.",
"action": 2
}
```
Action: turn
Action: move_forward
Action: turn
Action: move_forward
Action: turn
Action: move_forward
Action: null
waypoints: 29
skipped waypoints: edge 1,  distance 14,  no_path 0,  occlusion 5
```json
{
"movement": "I have moved forward down the hallway, passing a kitchen counter on my right and a room with a chair on my left. I am now approaching an arched doorway at the end of this corridor.",
"observation": {
"front view": "A tiled hallway leads directly to an arched doorway (labeled B) at the far end. To the left is a living area with a chair and rug. To the right is a kitchen counter.",
"left view": "A wall with a large painting and an opening into a room with a table and chairs.",
"right view": "A kitchen counter and a console table against a wall.",
"map": "The map shows my current position near the 'workbench'. The path forward leads towards the 'lamp' area which is near the arched doorway B."
},
"thought": "I am currently in the hallway facing the arched doorway (B). The instruction is to 'walk straight through the arched door way'. I need to continue moving forward down this hallway to reach and pass through that archway. Waypoint 3 is located along this path, closer to the archway.",
"stuck": false,
"plan": "Walk straight down the hallway towards the arched doorway (B). Once through, I will look for the bed to complete the next subtask.",
"curr_step": "I am facing the correct direction. I need to move forward towards the arched doorway. Waypoint 3 is a good target to progress down the hallway.",
"action": 3
}
```
Action: turn
Action: move_forward
Action: turn
Action: move_forward
--- Height change stabilized. Height diff: -0.06, On platform: True, Metrics: {'inlier_count': 425, 'local_count': 30203, 'support_ratio': 0.014071449855508676, 'vertical_score': 1.0, 'plane_height_mean': -1.2322736978530884, 'agent_z': -1.2597351938486099, 'vertical_diff': 0.0274614959955215, 'area_xy': 0.1872, 'radius_est': 0.24410573670769317, 'z_std': 0.043307024985551834, 'occupied_cells': 13, 'bottom_height_tolerance': 0.1}
--- No significant floor change. Height diff: -0.06, On platform: True, Metrics: {'inlier_count': 425, 'local_count': 30203, 'support_ratio': 0.014071449855508676, 'vertical_score': 1.0, 'plane_height_mean': -1.2322736978530884, 'agent_z': -1.2597351938486099, 'vertical_diff': 0.0274614959955215, 'area_xy': 0.1872, 'radius_est': 0.24410573670769317, 'z_std': 0.043307024985551834, 'occupied_cells': 13, 'bottom_height_tolerance': 0.1}
Updated floor height: -1.06, ceiling height: 0.74
Action: move_forward
Action: turn
Action: move_forward
Action: null
waypoints: 36
skipped waypoints: edge 1,  distance 7,  no_path 0,  occlusion 18


Action: stop
waypoints: 36
skipped waypoints: edge 1,  distance 7,  no_path 0,  occlusion 18



Action: stop
['Walk past kitchen. Walk past thermostat.', 'Walk into bedroom. Wait on rug.']
Initialized data for new floor level: 0
Switching pcds to floor level: 0
Initialized data for new floor level: 0
Switching pcds to floor level: 0
Initialized data for new floor level: 0
Switching pcds to floor level: 0
waypoints: 22
skipped waypoints: edge 0,  distance 11,  no_path 0,  occlusion 7
```json
{
    "movement": "I am currently standing in the hallway next to the kitchen island on my left. I need to move forward down the hallway to pass the kitchen and look for the thermostat.",
    "observation": {
        "front view": "A tiled hallway leading towards an arched doorway. To the right is a wall with a sconce and glass doors. To the left is the end of the kitchen island.",
        "left view": "The kitchen island with bar stools and wooden cabinets.",
        "right view": "Large glass doors/windows looking outside and the side of the kitchen counter.",
        "map": "The map shows my position near the start, with the kitchen area to the left and a clear path forward towards an archway."
    },
    "thought": "I am currently alongside the kitchen. To complete 'Walk past kitchen', I need to proceed down the hallway. The arched doorway ahead is the clear path. There appears to be a control panel or thermostat on the wall to the right just before the archway. Moving forward will take me past the kitchen and towards this potential thermostat.",
    "stuck": false,
    "plan": "Move forward down the hallway towards the archway. This will pass the kitchen island on my left and likely pass the thermostat on the right wall.",
    "curr_step": "I need to advance into the hallway. Waypoint 2 is positioned straight ahead/slightly right, aligning with the path through the hallway.",
    "action": 2
}
```
Calculated floor height difference: 3.47m
Action: turn
Action: move_forward
Action: null
Action: turn
waypoints: 16
skipped waypoints: edge 5,  distance 6,  no_path 0,  occlusion 2
2026-09-19 02:32:39,363 - INFO - --- Episode 82, Step 6/100 ---
2026-09-19 02:32:39,847 - INFO - --- Episode 82, Step 7/100 ---
2026-09-19 02:32:40,478 - INFO - --- Episode 82, Step 8/100 ---
2026-09-19 02:32:41,020 - INFO - --- Episode 82, Step 9/100 ---
2026-09-19 02:32:41,874 - INFO - --- Episode 82, Step 10/100 ---
2026-09-19 02:32:57,866 - INFO - HTTP Request: POST http://127.0.0.1:22447/v1/chat/completions "HTTP/1.1 200 OK"
2026-09-19 02:32:58,671 - INFO - --- Episode 82, Step 11/100 ---
2026-09-19 02:32:59,313 - INFO - --- Episode 82, Step 12/100 ---
2026-09-19 02:32:59,973 - INFO - --- Episode 82, Step 13/100 ---
2026-09-19 02:33:00,662 - INFO - --- Episode 82, Step 14/100 ---
2026-09-19 02:33:01,732 - INFO - --- Episode 82, Step 15/100 ---
2026-09-19 02:33:02,834 - INFO - --- Episode 82, Step 16/100 ---
2026-09-19 02:33:03,769 - INFO - --- Episode 82, Step 17/100 ---
2026-09-19 02:35:06,794 - INFO - HTTP Request: POST http://127.0.0.1:22447/v1/chat/completions "HTTP/1.1 200 OK"
2026-09-19 02:35:21,319 - INFO - HTTP Request: POST http://127.0.0.1:22447/v1/chat/completions "HTTP/1.1 200 OK"
2026-09-19 02:35:22,652 - INFO - --- Episode 82, Step 18/100 ---
2026-09-19 02:35:23,979 - INFO - --- Episode 82, Step 19/100 ---
2026-09-19 02:35:25,307 - INFO - --- Episode 82, Step 20/100 ---
2026-09-19 02:35:26,016 - INFO - --- Episode 82, Step 21/100 ---
2026-09-19 02:35:26,701 - INFO - --- Episode 82, Step 22/100 ---
2026-09-19 02:35:58,737 - INFO - HTTP Request: POST http://127.0.0.1:22447/v1/chat/completions "HTTP/1.1 200 OK"
2026-09-19 02:36:00,012 - INFO - --- Episode 82, Step 23/100 ---
2026-09-19 02:36:00,961 - INFO - --- Episode 82, Step 24/100 ---
2026-09-19 02:36:02,186 - INFO - --- Episode 82, Step 25/100 ---
2026-09-19 02:36:03,156 - INFO - --- Episode 82, Step 26/100 ---
2026-09-19 02:36:38,864 - INFO - HTTP Request: POST http://127.0.0.1:22447/v1/chat/completions "HTTP/1.1 200 OK"
```json
{
    "movement": "I have moved forward along the hallway with glass doors on my left and the kitchen island on my right. I am now positioned further down the hall, approaching the end of the kitchen area.",
    "observation": {
        "front view": "The hallway continues ahead towards an archway. To the right is the end of the kitchen counter/island. To the left are glass doors leading outside.",
        "left view": "Glass doors and windows looking out onto greenery.",
        "right view": "The kitchen island with stools and a large wooden cabinet structure further back.",
        "map": "I am moving along the path between the kitchen (right) and the glass doors (left). The path leads towards an archway in the distance."
    },
    "thought": "I am currently walking alongside the kitchen. To complete 'Walk past kitchen', I need to continue forward until I have cleared the main kitchen structures. The thermostat is likely on the wall further ahead, possibly near the transition to the next area. Moving forward towards the archway is the correct path.",
    "stuck": false,
    "plan": "Continue moving forward down the hallway to pass the kitchen island and look for the thermostat on the wall. Once past these landmarks, I will look for the bedroom entrance.",
    "curr_step": "I need to continue my forward progress. Waypoint 2 is directly ahead in the center of the path, leading towards the archway where the thermostat might be located or just past it.",
    "action": 2
}
```
Action: turn
Action: move_forward
Action: turn
Action: move_forward
Action: null
waypoints: 30
skipped waypoints: edge 7,  distance 11,  no_path 1,  occlusion 7
```json
{
    "movement": "I have moved forward along the hallway with glass doors on my left and the kitchen area on my right. I am now approaching a wall section where a thermostat is likely located.",
    "observation": {
        "front view": "The hallway continues ahead. To the left are large glass doors/windows. To the right is a wall with a sconce and an opening into another room (dining area?). There appears to be a small white object on the wall near the corner, possibly the thermostat.",
        "left view": "Glass doors leading outside.",
        "right view": "The kitchen island and cabinetry are visible to the right. Further ahead is an archway leading to a dining area.",
        "map": "I am moving along the path between the glass doors (left) and the kitchen/wall (right). The path leads towards an archway."
    },
    "thought": "I have walked past the main part of the kitchen island. I am now approaching the wall section where the thermostat is likely located (the small white object on the wall in the front view). To complete 'Walk past thermostat', I need to continue moving forward until I have passed this point. The next subtask is to walk into the bedroom, so I need to keep looking for a bedroom entrance after passing the thermostat.",
    "stuck": false,
    "plan": "Continue moving forward down the hallway to pass the kitchen completely and walk past the thermostat on the wall. Then look for the bedroom entrance.",
    "curr_step": "I need to continue my forward progress along the hallway. Waypoint 3 is directly ahead in the path of travel.",
    "action": 3
}
```
Action: turn
Action: move_forward
Action: turn
Action: move_forward
--- Height change stabilized. Height diff: -0.17, On platform: True, Metrics: {'inlier_count': 11382, 'local_count': 28545, 'support_ratio': 0.39873883340694555, 'vertical_score': 1.0, 'plane_height_mean': -1.4020068645477295, 'agent_z': -1.369759228825569, 'vertical_diff': 0.032247635722160384, 'area_xy': 6.263999999999999, 'radius_est': 1.4120528060434796, 'z_std': 0.012347816489636898, 'occupied_cells': 435, 'bottom_height_tolerance': 0.1}
--- No significant floor change. Height diff: -0.17, On platform: True, Metrics: {'inlier_count': 11382, 'local_count': 28545, 'support_ratio': 0.39873883340694555, 'vertical_score': 1.0, 'plane_height_mean': -1.4020068645477295, 'agent_z': -1.369759228825569, 'vertical_diff': 0.032247635722160384, 'area_xy': 6.263999999999999, 'radius_est': 1.4120528060434796, 'z_std': 0.012347816489636898, 'occupied_cells': 435, 'bottom_height_tolerance': 0.1}
Updated floor height: -1.17, ceiling height: 0.63
Action: move_forward
Action: null
Action: turn
waypoints: 12
skipped waypoints: edge 1,  distance 6,  no_path 0,  occlusion 1

```json
{
    "movement": "I have moved forward along the hallway, passing a console table with flowers on my left. I am now positioned near the end of this wall section, facing down the hallway towards a dining area.",
    "observation": {
        "front view": "The hallway continues straight ahead towards a dining table and chairs. To the right is an archway leading to another room. On the left wall, there is a large painting further down.",
        "left view": "A wall with a console table and flowers is immediately to my left. Further left are glass doors/windows.",
        "right view": "An opening into a dining area with a table and chairs is visible to the right-front.",
        "map": "I am moving along the path between the kitchen/dining area (right) and the wall/glass doors (left). The path leads towards an archway."
    },
    "thought": "I have walked past the kitchen area. I am now in a hallway section. I need to find the thermostat and then the bedroom. The path forward leads towards a dining area and potentially further rooms. I should continue moving forward to locate the thermostat (likely on a wall ahead or to the side) and then look for the bedroom entrance.",
    "stuck": false,
    "plan": "Continue moving forward down the hallway past the console table. Look for the thermostat on the walls. Then proceed towards the bedroom.",
    "curr_step": "I need to continue my forward progress along the hallway. Waypoint 1 is directly ahead in the path of travel, leading past the current wall section.",
    "action": 1
}
```
Action: turn
Action: move_forward
Action: turn
Action: move_forward
Action: null
waypoints: 10
skipped waypoints: edge 1,  distance 6,  no_path 0,  occlusion 1
```json
{
    "movement": "I have moved forward along the hallway, passing a console table with flowers on my left. I am now positioned near the end of this wall section, facing down the hallway towards a dining area.",
    "observation": {
        "front view": "The hallway continues straight ahead towards a dining table and chairs. To the right is an archway leading to another room (dining area?). On the left wall, there is a large painting further down.",
        "left view": "A wall with a console table and flowers is immediately to my left. Further left are glass doors/windows.",
        "right view": "An opening into a dining area with a table and chairs is visible to the right-front.",
        "map": "I am moving along the path between the kitchen/dining area (right) and the wall/glass doors (left). The path leads towards an archway."
    },
    "thought": "I have walked past the kitchen area. I am now in a hallway section. I need to find the thermostat and then the bedroom. The path forward leads towards a dining area and potentially further rooms. I should continue moving forward to locate the thermostat (likely on a wall ahead or to the side) and then look for the bedroom entrance.",
    "stuck": false,
    "plan": "Continue moving forward down the hallway past the console table. Look for the thermostat on the walls. Then proceed towards the bedroom.",
    "curr_step": "I need to continue my forward progress along the hallway. Waypoint 1 is directly ahead in the path of travel, leading past the current wall section.",
    "action": 1
}
```
Action: turn
Action: move_forward
Action: null
Action: turn
waypoints: 16
skipped waypoints: edge 3,  distance 5,  no_path 0,  occlusion 4
2026-09-19 02:36:40,202 - INFO - --- Episode 82, Step 27/100 ---
2026-09-19 02:36:41,083 - INFO - --- Episode 82, Step 28/100 ---
2026-09-19 02:36:41,777 - INFO - --- Episode 82, Step 29/100 ---
2026-09-19 02:36:42,791 - INFO - --- Episode 82, Step 30/100 ---
2026-09-19 02:36:43,837 - INFO - --- Episode 82, Step 31/100 ---
2026-09-19 02:36:45,382 - INFO - --- Episode 82, Step 32/100 ---
2026-09-19 02:36:46,328 - INFO - --- Episode 82, Step 33/100 ---
2026-09-19 02:37:13,328 - INFO - HTTP Request: POST http://127.0.0.1:22447/v1/chat/completions "HTTP/1.1 200 OK"
2026-09-19 02:37:14,713 - INFO - --- Episode 82, Step 34/100 ---
2026-09-19 02:37:15,620 - INFO - --- Episode 82, Step 35/100 ---
2026-09-19 02:37:17,208 - INFO - --- Episode 82, Step 36/100 ---
2026-09-19 02:37:18,313 - INFO - --- Episode 82, Step 37/100 ---
2026-09-19 02:37:47,733 - INFO - HTTP Request: POST http://127.0.0.1:22447/v1/chat/completions "HTTP/1.1 200 OK"
2026-09-19 02:37:49,256 - INFO - --- Episode 82, Step 38/100 ---
2026-09-19 02:37:50,056 - INFO - --- Episode 82, Step 39/100 ---
2026-09-19 02:37:51,016 - INFO - --- Episode 82, Step 40/100 ---
2026-09-19 02:37:52,050 - INFO - --- Episode 82, Step 41/100 ---
2026-09-19 02:38:15,095 - INFO - HTTP Request: POST http://127.0.0.1:22447/v1/chat/completions "HTTP/1.1 200 OK"
2026-09-19 02:38:28,488 - INFO - HTTP Request: POST http://127.0.0.1:22447/v1/chat/completions "HTTP/1.1 200 OK"
2026-09-19 02:38:30,250 - INFO - HTTP Request: POST http://127.0.0.1:22447/v1/chat/completions "HTTP/1.1 400 Bad Request"
2026-09-19 02:38:31,073 - INFO - --- Episode 82, Step 42/100 ---
2026-09-19 02:38:48,077 - INFO - HTTP Request: POST http://127.0.0.1:22447/v1/chat/completions "HTTP/1.1 200 OK"
2026-09-19 02:38:49,667 - INFO - HTTP Request: POST http://127.0.0.1:22447/v1/chat/completions "HTTP/1.1 400 Bad Request"
2026-09-19 02:38:50,758 - INFO - HTTP Request: POST http://127.0.0.1:22447/v1/chat/completions "HTTP/1.1 400 Bad Request"
 66%|██████▌   | 33/50 [6:27:25<2:54:09, 614.70s/it]Renderer: NVIDIA GeForce RTX 4090/PCIe/SSE2 by NVIDIA Corporation
OpenGL version: 4.6.0 NVIDIA 590.48.01
Using optional features:
    GL_ARB_vertex_array_object
    GL_ARB_separate_shader_objects
    GL_ARB_robustness
    GL_ARB_texture_storage
    GL_ARB_texture_view
    GL_ARB_framebuffer_no_attachments
    GL_ARB_invalidate_subdata
    GL_ARB_texture_storage_multisample
    GL_ARB_multi_bind
    GL_ARB_direct_state_access
    GL_ARB_get_texture_sub_image
    GL_ARB_texture_filter_anisotropic
    GL_KHR_debug
    GL_KHR_parallel_shader_compile
    GL_NV_depth_buffer_float
Using driver workarounds:
    no-forward-compatible-core-context
    nv-egl-incorrect-gl11-function-pointers
    no-layout-qualifiers-on-old-glsl
    nv-zero-context-profile-mask
    nv-implementation-color-read-format-dsa-broken
    nv-cubemap-inconsistent-compressed-image-size
    nv-cubemap-broken-full-compressed-image-query
    nv-compressed-block-size-in-bits
[02:38:54:080943]:[Warning]:[Metadata] SceneDatasetAttributes.cpp(107)::addNewSceneInstanceToDataset : Dataset : 'default' : Lighting Layout Attributes 'no_lights' specified in Scene Attributes but does not exist in dataset, so creating default.
2026-09-19 02:39:05,986 - INFO - Simulator initialized!
2026-09-19 02:39:32,427 - INFO - HTTP Request: POST http://127.0.0.1:22447/v1/chat/completions "HTTP/1.1 200 OK"
2026-09-19 02:39:33,084 - INFO - --- Episode 83, Step 1/100 ---
2026-09-19 02:42:54,080 - INFO - HTTP Request: POST http://127.0.0.1:22447/v1/chat/completions "HTTP/1.1 200 OK"
2026-09-19 02:45:57,011 - INFO - HTTP Request: POST http://127.0.0.1:22447/v1/chat/completions "HTTP/1.1 200 OK"
2026-09-19 02:48:40,821 - INFO - HTTP Request: POST http://127.0.0.1:22447/v1/chat/completions "HTTP/1.1 200 OK"
2026-09-19 02:48:41,405 - INFO - --- Episode 83, Step 2/100 ---
```json
{
    "movement": "I have moved forward along the hallway, passing a console table with flowers on my left. I am now positioned near the end of this wall section, facing down the hallway towards a dining area.",
    "observation": {
        "front view": "The hallway continues straight ahead towards a dining table and chairs. To the right is an archway leading to another room (dining area?). On the left wall, there is a large painting further down.",
        "left view": "A wall with a console table and flowers is immediately to my left. Further left are glass doors/windows.",
        "right view": "An opening into a dining area with a table and chairs is visible to the right-front.",
        "map": "I am moving along the path between the kitchen/dining area (right) and the wall/glass doors (left). The path leads towards an archway."
    },
    "thought": "I have walked past the kitchen area. I am now in a hallway section. I need to find the thermostat and then the bedroom. The path forward leads towards a dining area and potentially further rooms. I should continue moving forward to locate the thermostat (likely on a wall ahead or to the side) and then look for the bedroom entrance.",
    "stuck": false,
    "plan": "Continue moving forward down the hallway past the console table. Look for the thermostat on the walls. Then proceed towards the bedroom.",
    "curr_step": "I need to continue my forward progress along the hallway. Waypoint 1 is directly ahead in the path of travel, leading past the current wall section.",
    "action": 1
}
```
Action: turn
--- Height change stabilized. Height diff: 0.00, On platform: True, Metrics: {'inlier_count': 838, 'local_count': 27032, 'support_ratio': 0.03100029594439922, 'vertical_score': 1.0, 'plane_height_mean': -1.1857961416244507, 'agent_z': -1.2, 'vertical_diff': 0.014203858375549272, 'area_xy': 0.44639999999999996, 'radius_est': 0.376952958858853, 'z_std': 0.0439005009829998, 'occupied_cells': 31, 'bottom_height_tolerance': 0.1}
--- No significant floor change. Height diff: 0.00, On platform: True, Metrics: {'inlier_count': 838, 'local_count': 27032, 'support_ratio': 0.03100029594439922, 'vertical_score': 1.0, 'plane_height_mean': -1.1857961416244507, 'agent_z': -1.2, 'vertical_diff': 0.014203858375549272, 'area_xy': 0.44639999999999996, 'radius_est': 0.376952958858853, 'z_std': 0.0439005009829998, 'occupied_cells': 31, 'bottom_height_tolerance': 0.1}
Updated floor height: -1.00, ceiling height: 0.80
Action: move_forward
Action: turn
Action: move_forward
Action: turn
Action: move_forward
Action: null
waypoints: 9
skipped waypoints: edge 3,  distance 3,  no_path 0,  occlusion 1
```json
{
    "movement": "I have moved forward along the hallway, passing a console table with flowers on my left. I am now positioned near the end of this wall section, facing down the hallway towards a dining area.",
    "observation": {
        "front view": "The hallway continues straight ahead towards a dining table and chairs. To the right is an archway leading to another room (dining area?). On the left wall, there is a large painting further down.",
        "left view": "A wall with a console table and flowers is immediately to my left. Further left are glass doors/windows.",
        "right view": "An opening into a dining area with a table and chairs is visible to the right-front.",
        "map": "I am moving along the path between the kitchen/dining area (right) and the wall/glass doors (left). The path leads towards an archway."
    },
    "thought": "I have walked past the kitchen area. I am now in a hallway section. I need to find the thermostat and then the bedroom. The path forward leads towards a dining area and potentially further rooms. I should continue moving forward to locate the thermostat (likely on a wall ahead or to the side) and then look for the bedroom entrance.",
    "stuck": false,
    "plan": "Continue moving forward down the hallway past the console table. Look for the thermostat on the walls. Then proceed towards the bedroom.",
    "curr_step": "I need to continue my forward progress along the hallway. Waypoint 1 is directly ahead in the path of travel, leading past the current wall section.",
    "action": 1
}
```
Action: turn
Action: move_forward
Action: null
Action: turn
waypoints: 12
skipped waypoints: edge 0,  distance 1,  no_path 0,  occlusion 6
```json
{
    "movement": "I have moved forward along the hallway, passing a console table with flowers on my left. I am now positioned near the end of this wall section, facing down the hallway towards a dining area.",
    "observation": {
        "front view": "A narrow passage between a sideboard on the left and a dining table on the right, leading towards two spiral plants in pots against a wall with curtains.",
        "left view": "A large wooden sideboard against a wall with windows covered by curtains.",
        "right view": "The long dining table with chairs. Further back, an archway leads to another room/hallway. On the wall near the archway, there is a small white object that looks like a thermostat.",
        "map": "I am positioned between the 'workbench' (sideboard) and the 'desk' (dining table). The path forward leads towards the 'plant' area."
    },
    "thought": "I have walked past the kitchen/dining area. I need to find the thermostat and then the bedroom. In the right view, there is a wall near an archway with a small white object that resembles a thermostat. To reach it and proceed towards the bedroom, I need to move forward through the gap between the sideboard and the dining table.",
    "stuck": false,
    "plan": "Move forward through the gap between the sideboard and the dining table towards the plants and the archway area where the thermostat is likely located.",
    "curr_step": "I need to move forward into the narrow passage. Waypoint 3 is in the center of this path.",
    "action": 3
}
```
Action: move_forward
Action: turn
Action: move_forward
Action: null
waypoints: 2
skipped waypoints: edge 0,  distance 0,  no_path 0,  occlusion 0


Action: stop
waypoints: 2
skipped waypoints: edge 0,  distance 0,  no_path 0,  occlusion 0
```json
{
    "movement": "I have moved forward along the hallway, passing a console table with flowers on my left. I am now positioned near the end of this wall section, facing down the hallway towards a dining area.",
    "observation": {
        "front view": "A narrow passage between a sideboard on the left and a dining table on the right, leading towards two spiral plants in pots against a wall with curtains.",
        "left view": "A large wooden sideboard against a wall with windows covered by curtains.",
        "right view": "The long dining table with chairs. Further back, an archway leads to another room/hallway. On the wall near the archway, there is a small white object that looks like a thermostat.",
        "map": "I am positioned between the 'workbench' (sideboard) and the 'desk' (dining table). The path forward leads towards the 'plant' area."
    },
    "thought": "I have walked past the kitchen/dining area. I need to find the thermostat and then the bedroom. In the right view, there is a wall near an archway with a small white object that resembles a thermostat. To reach it and proceed towards the bedroom, I need to move forward through the gap between the sideboard and the dining table.",
    "stuck": false,
    "plan": "Move forward through the gap between the sideboard and the dining table towards the plants and the archway area where the thermostat is likely located.",
Action: stop
['Walk along the kitchen counter passed the bar stools.', 'Continue forward through the arched entry way ahead near the stairs.', 'Walk into the bedroom with an armchair near the window.']
Initialized data for new floor level: 0
Switching pcds to floor level: 0
Initialized data for new floor level: 0
Switching pcds to floor level: 0
Initialized data for new floor level: 0
Switching pcds to floor level: 0
waypoints: 22
skipped waypoints: edge 0,  distance 11,  no_path 0,  occlusion 7



Calculated floor height difference: 3.47m
Action: stop
waypoints: 22
2026-09-19 02:51:05,999 - INFO - HTTP Request: POST http://127.0.0.1:22447/v1/chat/completions "HTTP/1.1 200 OK"
2026-09-19 02:53:11,829 - INFO - HTTP Request: POST http://127.0.0.1:22447/v1/chat/completions "HTTP/1.1 200 OK"
2026-09-19 02:54:25,749 - INFO - HTTP Request: POST http://127.0.0.1:22447/v1/chat/completions "HTTP/1.1 200 OK"
2026-09-19 02:54:26,354 - INFO - --- Episode 83, Step 3/100 ---
2026-09-19 02:54:26,934 - INFO - --- Episode 83, Step 4/100 ---
2026-09-19 02:54:27,851 - INFO - --- Episode 83, Step 5/100 ---
2026-09-19 02:54:28,462 - INFO - --- Episode 83, Step 6/100 ---
2026-09-19 02:54:44,921 - INFO - HTTP Request: POST http://127.0.0.1:22447/v1/chat/completions "HTTP/1.1 200 OK"
2026-09-19 02:54:45,685 - INFO - --- Episode 83, Step 7/100 ---
2026-09-19 02:54:46,314 - INFO - --- Episode 83, Step 8/100 ---
2026-09-19 02:54:46,997 - INFO - --- Episode 83, Step 9/100 ---
2026-09-19 02:54:47,821 - INFO - --- Episode 83, Step 10/100 ---
2026-09-19 02:54:48,487 - INFO - --- Episode 83, Step 11/100 ---
2026-09-19 02:54:49,219 - INFO - --- Episode 83, Step 12/100 ---
2026-09-19 02:54:49,930 - INFO - --- Episode 83, Step 13/100 ---
2026-09-19 02:54:50,695 - INFO - --- Episode 83, Step 14/100 ---
2026-09-19 02:54:51,797 - INFO - --- Episode 83, Step 15/100 ---
2026-09-19 02:54:52,695 - INFO - --- Episode 83, Step 16/100 ---
2026-09-19 02:55:23,747 - INFO - HTTP Request: POST http://127.0.0.1:22447/v1/chat/completions "HTTP/1.1 200 OK"
2026-09-19 02:55:46,524 - INFO - HTTP Request: POST http://127.0.0.1:22447/v1/chat/completions "HTTP/1.1 200 OK"
2026-09-19 02:56:02,405 - INFO - HTTP Request: POST http://127.0.0.1:22447/v1/chat/completions "HTTP/1.1 200 OK"
 68%|██████▊   | 34/50 [6:44:36<3:17:12, 739.51s/it]Renderer: NVIDIA GeForce RTX 4090/PCIe/SSE2 by NVIDIA Corporation
OpenGL version: 4.6.0 NVIDIA 590.48.01
Using optional features:
    GL_ARB_vertex_array_object
    GL_ARB_separate_shader_objects
    GL_ARB_robustness
    GL_ARB_texture_storage
    GL_ARB_texture_view
    GL_ARB_framebuffer_no_attachments
    GL_ARB_invalidate_subdata
    GL_ARB_texture_storage_multisample
    GL_ARB_multi_bind
    GL_ARB_direct_state_access
    GL_ARB_get_texture_sub_image
    GL_ARB_texture_filter_anisotropic
    GL_KHR_debug
    GL_KHR_parallel_shader_compile
    GL_NV_depth_buffer_float
Using driver workarounds:
    no-forward-compatible-core-context
    nv-egl-incorrect-gl11-function-pointers
    no-layout-qualifiers-on-old-glsl
    nv-zero-context-profile-mask
    nv-implementation-color-read-format-dsa-broken
    nv-cubemap-inconsistent-compressed-image-size
    nv-cubemap-broken-full-compressed-image-query
    nv-compressed-block-size-in-bits
[02:56:04:837274]:[Warning]:[Metadata] SceneDatasetAttributes.cpp(107)::addNewSceneInstanceToDataset : Dataset : 'default' : Lighting Layout Attributes 'no_lights' specified in Scene Attributes but does not exist in dataset, so creating default.
2026-09-19 02:56:10,098 - INFO - Simulator initialized!
2026-09-19 02:56:39,559 - INFO - HTTP Request: POST http://127.0.0.1:22447/v1/chat/completions "HTTP/1.1 200 OK"
2026-09-19 02:56:40,218 - INFO - --- Episode 84, Step 1/100 ---
2026-09-19 02:56:55,110 - INFO - HTTP Request: POST http://127.0.0.1:22447/v1/chat/completions "HTTP/1.1 200 OK"
2026-09-19 02:56:55,773 - INFO - --- Episode 84, Step 2/100 ---
2026-09-19 02:56:56,325 - INFO - --- Episode 84, Step 3/100 ---
2026-09-19 02:56:56,901 - INFO - --- Episode 84, Step 4/100 ---
2026-09-19 02:56:57,628 - INFO - --- Episode 84, Step 5/100 ---
2026-09-19 02:56:58,208 - INFO - --- Episode 84, Step 6/100 ---
2026-09-19 02:56:58,750 - INFO - --- Episode 84, Step 7/100 ---
2026-09-19 02:56:59,268 - INFO - --- Episode 84, Step 8/100 ---
2026-09-19 02:56:59,778 - INFO - --- Episode 84, Step 9/100 ---
2026-09-19 02:57:13,781 - INFO - HTTP Request: POST http://127.0.0.1:22447/v1/chat/completions "HTTP/1.1 200 OK"
skipped waypoints: edge 0,  distance 11,  no_path 0,  occlusion 7


```json
{
"movement": "I am currently facing a set of glass doors at the end of the kitchen area. To my left, there is a long wooden kitchen counter with bar stools, and a path leading towards an arched entryway. To my right, there is another section of the counter/island. The map indicates that the main kitchen counter structure is to the left of my current position.",
"observation": {
    "front view": "I see large glass doors/windows directly ahead. On the floor in front of me are waypoints 1, 2, 3, and 4. Waypoint 4 is to the far left, near the wooden counter structure.",
    "left view": "I see a long wooden kitchen counter on the left side with black bar stools tucked under it. The path continues straight ahead towards an arched entryway in the distance.",
    "right view": "I see the other side of the kitchen island/counter with more bar stools and a plant on top. There is also a path leading towards an archway.",
    "map": "The map shows my starting position (START) near the center. A large dark shape, likely the kitchen counter/island, is to the left (West) of the start point. Waypoints 1, 2, 3, 4 are arranged in an arc around me."
},
"thought": "The instruction is to 'Walk along the kitchen counter passed the bar stools.' Based on the Left View and the map, the main kitchen counter with the bar stools is to my left. The path alongside this counter leads towards an arched entryway. To begin walking along this counter, I need to move in the direction of the counter, which is to my left. Waypoint 4 is located in this direction, near the start of the path alongside the counter.",
"stuck": false,
"plan": "I will move towards waypoint 4 to align myself with the kitchen counter and begin walking along it past the bar stools towards the arched entryway.",
"curr_step": "Subtask P1 is not yet completed. I need to start walking along the counter. Waypoint 4 is the correct strategic point to move towards as it is in the direction of the counter and the path alongside it.",
"action": 4
}
```
Action: turn
Action: move_forward
Action: null
Action: turn
waypoints: 22
skipped waypoints: edge 5,  distance 10,  no_path 3,  occlusion 2
```json
{
"movement": "I moved forward and turned slightly right to position myself near the glass door frame, but I am now oriented to see the path ahead along the kitchen counter.",
"observation": {
    "front view": "I see a tiled floor leading towards an arched entryway in the distance. To my left is a small black stool/table against the wall. To my right is a large wooden door frame and glass windows.",
    "left view": "I see the long wooden kitchen counter with bar stools extending away from me towards the arched entryway.",
    "right view": "I see the large glass doors/windows looking out to greenery.",
    "map": "The map shows the path continuing straight ahead (North/North-East) past the kitchen area towards an archway. Waypoint 1 is further down this path."
},
"thought": "I am currently positioned near the start of the path alongside the kitchen counter. The instruction is to walk along the counter past the bar stools. The path ahead leads directly towards the arched entryway mentioned in the next subtask. Waypoint 1 is located further down this path, closer to the archway. Therefore, I should move towards waypoint 1 to continue along the counter.",
"stuck": false,
"plan": "Move forward along the path between the kitchen counter (on the left) and the wall/glass doors (on the right) towards the arched entryway.",
"curr_step": "I am at the beginning of the path alongside the counter. I need to move further down this path to pass the bar stools and reach the archway. Waypoint 1 is the next logical step in this direction.",
"action": 1
}
```
Action: turn
Action: move_forward
Action: turn
[StairDetect] normals=0.0053s, cpu=0.0003s, cluster=0.0505s, loop=0.0032s, total=0.0762s
Action: move_forward
[StairDetect] normals=0.0056s, cpu=0.0003s, cluster=0.0497s, loop=0.0031s, total=0.0762s
Action: move_forward
[StairDetect] normals=0.0064s, cpu=0.0004s, cluster=0.0512s, loop=0.0314s, total=0.1076s
Action: move_forward
[StairDetect] normals=0.0065s, cpu=0.0004s, cluster=0.0512s, loop=0.0032s, total=0.0791s
Action: turn
[StairDetect] normals=0.0072s, cpu=0.0004s, cluster=0.0502s, loop=0.0318s, total=0.1088s
Action: move_forward
[StairDetect] normals=0.0071s, cpu=0.0004s, cluster=0.0507s, loop=0.0319s, total=0.1092s
Action: null
[StairDetect] normals=0.0078s, cpu=0.0004s, cluster=0.0508s, loop=0.0033s, total=0.0812s
Action: turn
waypoints: 34
skipped waypoints: edge 0,  distance 29,  no_path 0,  occlusion 0



[StairDetect] normals=0.0073s, cpu=0.0004s, cluster=0.0512s, loop=0.0326s, total=0.1110s
Action: stop
['Go past a display case, through a hallway with an eye chart', 'into the waiting area, and stop in front of a light beige couch with six pillows.']
Initialized data for new floor level: 0
Switching pcds to floor level: 0
Initialized data for new floor level: 0
Switching pcds to floor level: 0
Initialized data for new floor level: 0
Switching pcds to floor level: 0
[StairDetect] normals=0.0047s, cpu=0.0006s, cluster=0.0427s, loop=0.0469s, total=0.1055s
waypoints: 28
skipped waypoints: edge 0,  distance 14,  no_path 0,  occlusion 1
```json
{
"movement": "Move forward from the rug area, heading slightly left to enter the hallway past the black display case.",
"observation": {
"front view": "A hallway extends forward and slightly left. On the left is a tall black shelving unit (display case). Straight ahead are white closet doors labeled 'B'. Further down the hallway on the left wall, there appears to be an eye chart.",
"left view": "The black display case is immediately to the left. A sofa with pillows is visible further back.",
"right view": "A desk area with a world map on the wall and windows with blinds.",
"map": "The map shows the current position near the start (blue triangle) on the rug. The hallway extends towards the top left of the map, past point 13 and towards points 7 and 8."
},
"thought": "I am currently standing on the rug near the display case. The instruction requires me to go past this display case and through the hallway with the eye chart. The hallway is visible straight ahead and slightly left in the front view. I need to move forward into that hallway. Waypoint 7 is located in the hallway area, which aligns with the direction of the eye chart.",
"stuck": false,
"plan": "Move forward into the hallway, passing the display case on my left, heading towards the eye chart visible further down.",
"curr_step": "I need to enter the hallway. Waypoint 7 is located in the hallway area ahead. Moving towards it will take me past the display case and into the correct corridor.",
"action": 7
}
```
Calculated floor height difference: 2.57m
Action: turn
Action: move_forward
Action: turn
Action: move_forward
Action: turn
Action: move_forward
Action: null
Action: turn
waypoints: 9
skipped waypoints: edge 1,  distance 3,  no_path 0,  occlusion 1
2026-09-19 02:57:14,689 - INFO - --- Episode 84, Step 10/100 ---
2026-09-19 02:57:15,272 - INFO - --- Episode 84, Step 11/100 ---
2026-09-19 02:57:15,856 - INFO - --- Episode 84, Step 12/100 ---
2026-09-19 02:57:16,418 - INFO - --- Episode 84, Step 13/100 ---
2026-09-19 02:57:17,022 - INFO - --- Episode 84, Step 14/100 ---
2026-09-19 02:57:17,704 - INFO - --- Episode 84, Step 15/100 ---
2026-09-19 02:57:18,243 - INFO - --- Episode 84, Step 16/100 ---
2026-09-19 02:57:36,612 - INFO - HTTP Request: POST http://127.0.0.1:22447/v1/chat/completions "HTTP/1.1 200 OK"
2026-09-19 02:57:37,388 - INFO - --- Episode 84, Step 17/100 ---
2026-09-19 02:57:37,975 - INFO - --- Episode 84, Step 18/100 ---
2026-09-19 02:57:38,681 - INFO - --- Episode 84, Step 19/100 ---
2026-09-19 02:57:39,716 - INFO - --- Episode 84, Step 20/100 ---
2026-09-19 02:57:40,572 - INFO - --- Episode 84, Step 21/100 ---
2026-09-19 02:57:41,396 - INFO - --- Episode 84, Step 22/100 ---
2026-09-19 02:57:42,321 - INFO - --- Episode 84, Step 23/100 ---
2026-09-19 02:57:43,278 - INFO - --- Episode 84, Step 24/100 ---
2026-09-19 02:59:40,393 - INFO - HTTP Request: POST http://127.0.0.1:22447/v1/chat/completions "HTTP/1.1 200 OK"
2026-09-19 03:00:06,641 - INFO - HTTP Request: POST http://127.0.0.1:22447/v1/chat/completions "HTTP/1.1 200 OK"
2026-09-19 03:00:07,772 - INFO - --- Episode 84, Step 25/100 ---
2026-09-19 03:00:08,630 - INFO - --- Episode 84, Step 26/100 ---
2026-09-19 03:00:09,480 - INFO - --- Episode 84, Step 27/100 ---
2026-09-19 03:00:10,384 - INFO - --- Episode 84, Step 28/100 ---
2026-09-19 03:00:11,189 - INFO - --- Episode 84, Step 29/100 ---
2026-09-19 03:00:12,063 - INFO - --- Episode 84, Step 30/100 ---
2026-09-19 03:00:12,856 - INFO - --- Episode 84, Step 31/100 ---
2026-09-19 03:00:13,639 - INFO - --- Episode 84, Step 32/100 ---
2026-09-19 03:00:31,935 - INFO - HTTP Request: POST http://127.0.0.1:22447/v1/chat/completions "HTTP/1.1 200 OK"
2026-09-19 03:00:32,740 - INFO - --- Episode 84, Step 33/100 ---
2026-09-19 03:01:05,737 - INFO - HTTP Request: POST http://127.0.0.1:22447/v1/chat/completions "HTTP/1.1 200 OK"
2026-09-19 03:01:06,599 - INFO - --- Episode 84, Step 34/100 ---
2026-09-19 03:01:41,678 - INFO - HTTP Request: POST http://127.0.0.1:22447/v1/chat/completions "HTTP/1.1 200 OK"
```json
{
"movement": "Move forward towards the opening labeled 'B' and the hallway beyond it where the eye chart is located.",
"observation": {
"front view": "I see a doorway/opening ahead with the letter 'B' above it. To the left of this opening, on the wall, there is a framed object that looks like an eye chart. To the far left is the black display case I just passed. To the right is a white wall/closet.",
"left view": "The black display case is visible on the left. A beige couch with pillows is further back in the room to the left.",
"right view": "A white wall and a glimpse into another room (bedroom?) with a bed.",
"map": "The map shows my current position near the junction. The path forward leads towards 'B'."
},
"thought": "I have passed the display case and am now facing the hallway with the eye chart. The instruction is to go through this hallway. The path forward leads directly towards the opening labeled 'B' where the eye chart is visible on the wall. I should continue moving forward into this area.",
"stuck": false,
"plan": "Continue moving forward into the hallway past the display case, heading towards the eye chart and the opening labeled 'B'.",
"curr_step": "I am currently at the junction. Waypoint 1 is located just ahead in the direction of the hallway with the eye chart. Moving to waypoint 1 will take me further into the target area.",
"action": 1
}
```
Action: move_forward
Action: turn
Action: move_forward
Action: turn
Action: move_forward
Action: null
Action: turn
waypoints: 18
skipped waypoints: edge 1,  distance 8,  no_path 0,  occlusion 3
```json
{
"movement": "Move forward from the end of the hallway into the waiting area.",
"observation": {
"front view": "I see the entrance to a waiting area/living room. There is a light beige couch with pillows and an ottoman visible in the distance to the left. The floor is tiled.",
"left view": "The eye chart is on the wall just behind/to the left of my current position. The black display case is further back.",
"right view": "A white wall and a doorway leading to a bathroom area are visible.",
"map": "I am at the end of the hallway (red path). Waypoints 1-6 are in the open area ahead. The couch is located in the room to the left."
},
"thought": "I have successfully passed the display case and gone through the hallway with the eye chart (which is now right next to me). I am at the threshold of the waiting area. The next part of the instruction is to go into the waiting area and stop in front of the light beige couch. The couch is visible ahead and slightly left. I need to move forward into the room.",
"stuck": false,
"plan": "Move forward into the waiting area towards the couch. Waypoint 3 leads directly into the open space of the waiting area.",
"curr_step": "I am at the end of the hallway. To enter the waiting area as instructed for the next subtask (which is effectively starting now), I should move forward. Waypoint 3 is the most direct path into the room.",
"action": 3
}
```
Action: turn
Action: move_forward
Action: turn
Action: move_forward
Action: turn
Action: move_forward
Action: null
Action: turn
waypoints: 13
skipped waypoints: edge 3,  distance 3,  no_path 0,  occlusion 2

```json
{
"movement": "Move forward onto the rug towards the coffee table and the couch on the left wall.",
"observation": {
"front view": "I see the waiting area with a large grey wall on the left featuring a cityscape painting. Below it is a light beige couch with six pillows (light, dark, orange, patterned, orange, dark). In front of it is a brown ottoman/coffee table. To the right is another white couch.",
"left view": "The side of the room with the grey wall and the target couch is visible.",
"right view": "A hallway leading to a door with slats is visible.",
"map": "I am near the entrance of the waiting area (red triangle). Waypoint 3 is located on the rug near the coffee table, which is in front of the target couch."
},
"thought": "I have completed the first part of the instruction (passing the display case and hallway). I am now in the waiting area. The instruction asks me to stop in front of a light beige couch with six pillows. Looking at the front view, the couch on the left wall fits this description perfectly (it has 6 distinct pillows). It is located against the grey wall with the cityscape painting. To get in front of it, I need to move further into the room onto the rug area. Waypoint 3 is positioned near the coffee table which sits directly in front of this couch.",
"stuck": false,
"plan": "Move forward towards waypoint 3 on the rug to position myself in front of the light beige couch with six pillows.",
"curr_step": "I am currently at the entrance of the waiting area. Waypoint 3 is the closest strategic point on the rug that places me directly in front of the target couch and coffee table.",
"action": 3
}
```
Action: turn
Action: move_forward
Action: turn
Action: move_forward
Action: turn
Action: move_forward
Action: null
Action: turn
waypoints: 4
skipped waypoints: edge 1,  distance 0,  no_path 0,  occlusion 0
```json
{
"movement": "I have moved from the hallway into the waiting area and approached the couch against the grey wall.",
"observation": {
"front view": "I am standing directly in front of a light beige/white couch against a dark grey wall with a cityscape painting. The couch has six pillows: tan, dark grey, orange, polka dot, orange, and a dark one on the far right end. To my right is a large ottoman/coffee table.",
"left view": "A hallway leading back towards the kitchen/dining area is visible, with a clock on the wall.",
"right view": "Another white couch is visible along the adjacent wall, with two framed pictures above it.",
"map": "I am located on the rug in the waiting area, directly in front of the target couch."
},
"thought": "I have successfully navigated past the display case, through the hallway with the eye chart, and into the waiting area. I am now standing directly in front of the light beige couch which has six pillows (tan, dark grey, orange, polka dot, orange, dark). This matches the final destination description perfectly.",
"stuck": false,
"plan": "The task is complete as I have reached the specified location in front of the correct couch.",
"curr_step": "I am at the target location. The subtask P1 and the full instruction are satisfied.",
"action": -1
}
```
Action: pause
waypoints: 4
skipped waypoints: edge 1,  distance 0,  no_path 0,  occlusion 0
```json
{
"movement": "I have moved from the hallway into the waiting area and positioned myself on the rug directly in front of the light beige couch against the grey wall with the cityscape painting.",
"observation": {
"front view": "I am facing a light beige/white couch with several pillows (tan, dark grey, orange, polka dot, orange). Above it is a large cityscape painting. To my right is a coffee table/ottoman.",
"left view": "A hallway leading back and a plant are visible.",
"right view": "Another white couch is visible along the adjacent wall with two framed pictures above it.",
"map": "I am located on the rug in the waiting area, directly in front of the target couch."
},
"thought": "I have successfully navigated past the display case and through the hallway with the eye chart. I am now in the waiting area. The instruction asks me to stop in front of a light beige couch with six pillows. The couch directly in front of me fits this description (it is light beige/white and has multiple colorful pillows, likely totaling six if counting all visible and partially hidden ones). I am standing on the rug facing it, which corresponds to being 'in front of' it.",
"stuck": false,
"plan": "The task is complete as I have reached the specified location in front of the correct couch.",
"curr_step": "I am at the target location. The subtask P2 and the full instruction are satisfied.",
"action": -1
}
```
Action: stop
waypoints: 4
skipped waypoints: edge 1,  distance 0,  no_path 0,  occlusion 0
 70%|███████   | 35/50 [6:50:17<2:34:59, 619.98s/it]Renderer: NVIDIA GeForce RTX 4090/PCIe/SSE2 by NVIDIA Corporation
OpenGL version: 4.6.0 NVIDIA 590.48.01
Using optional features:
    GL_ARB_vertex_array_object
    GL_ARB_separate_shader_objects
    GL_ARB_robustness
    GL_ARB_texture_storage
    GL_ARB_texture_view
    GL_ARB_framebuffer_no_attachments
    GL_ARB_invalidate_subdata
    GL_ARB_texture_storage_multisample
    GL_ARB_multi_bind
    GL_ARB_direct_state_access
    GL_ARB_get_texture_sub_image
    GL_ARB_texture_filter_anisotropic
    GL_KHR_debug
    GL_KHR_parallel_shader_compile
    GL_NV_depth_buffer_float
Using driver workarounds:
    no-forward-compatible-core-context
    nv-egl-incorrect-gl11-function-pointers
    no-layout-qualifiers-on-old-glsl
    nv-zero-context-profile-mask
    nv-implementation-color-read-format-dsa-broken
    nv-cubemap-inconsistent-compressed-image-size
    nv-cubemap-broken-full-compressed-image-query
    nv-compressed-block-size-in-bits
[03:01:45:919485]:[Warning]:[Metadata] SceneDatasetAttributes.cpp(107)::addNewSceneInstanceToDataset : Dataset : 'default' : Lighting Layout Attributes 'no_lights' specified in Scene Attributes but does not exist in dataset, so creating default.
2026-09-19 03:01:51,130 - INFO - Simulator initialized!
2026-09-19 03:02:15,575 - INFO - HTTP Request: POST http://127.0.0.1:22447/v1/chat/completions "HTTP/1.1 200 OK"
2026-09-19 03:02:16,263 - INFO - --- Episode 85, Step 1/100 ---
2026-09-19 03:02:49,190 - INFO - HTTP Request: POST http://127.0.0.1:22447/v1/chat/completions "HTTP/1.1 200 OK"
2026-09-19 03:02:49,839 - INFO - --- Episode 85, Step 2/100 ---
2026-09-19 03:02:50,364 - INFO - --- Episode 85, Step 3/100 ---
2026-09-19 03:02:50,872 - INFO - --- Episode 85, Step 4/100 ---
2026-09-19 03:02:51,627 - INFO - --- Episode 85, Step 5/100 ---
2026-09-19 03:02:52,155 - INFO - --- Episode 85, Step 6/100 ---
2026-09-19 03:02:52,724 - INFO - --- Episode 85, Step 7/100 ---
2026-09-19 03:02:53,283 - INFO - --- Episode 85, Step 8/100 ---
2026-09-19 03:02:53,815 - INFO - --- Episode 85, Step 9/100 ---
2026-09-19 03:05:29,826 - INFO - HTTP Request: POST http://127.0.0.1:22447/v1/chat/completions "HTTP/1.1 200 OK"
2026-09-19 03:06:08,984 - INFO - HTTP Request: POST http://127.0.0.1:22447/v1/chat/completions "HTTP/1.1 200 OK"
2026-09-19 03:06:09,948 - INFO - --- Episode 85, Step 10/100 ---
2026-09-19 03:06:10,522 - INFO - --- Episode 85, Step 11/100 ---
2026-09-19 03:06:11,095 - INFO - --- Episode 85, Step 12/100 ---
2026-09-19 03:06:11,606 - INFO - --- Episode 85, Step 13/100 ---
2026-09-19 03:06:12,232 - INFO - --- Episode 85, Step 14/100 ---
2026-09-19 03:06:13,033 - INFO - --- Episode 85, Step 15/100 ---
2026-09-19 03:06:13,684 - INFO - --- Episode 85, Step 16/100 ---
2026-09-19 03:06:28,784 - INFO - HTTP Request: POST http://127.0.0.1:22447/v1/chat/completions "HTTP/1.1 200 OK"
2026-09-19 03:06:29,579 - INFO - --- Episode 85, Step 17/100 ---
2026-09-19 03:06:30,194 - INFO - --- Episode 85, Step 18/100 ---
2026-09-19 03:06:30,960 - INFO - --- Episode 85, Step 19/100 ---
2026-09-19 03:06:31,927 - INFO - --- Episode 85, Step 20/100 ---
2026-09-19 03:06:32,816 - INFO - --- Episode 85, Step 21/100 ---
2026-09-19 03:06:33,711 - INFO - --- Episode 85, Step 22/100 ---
2026-09-19 03:06:34,611 - INFO - --- Episode 85, Step 23/100 ---
2026-09-19 03:06:35,730 - INFO - --- Episode 85, Step 24/100 ---
2026-09-19 03:07:01,414 - INFO - HTTP Request: POST http://127.0.0.1:22447/v1/chat/completions "HTTP/1.1 200 OK"
```json
{
"movement": "I have moved from the hallway into the waiting area and positioned myself on the rug directly in front of the light beige couch against the grey wall with the cityscape painting.",
"observation": {
"front view": "I am facing a light beige/white couch with several pillows (tan, dark grey, orange, polka dot, orange). Above it is a large cityscape painting. To my right is a coffee table/ottoman.",
"left view": "A hallway leading back and a plant are visible.",
"right view": "Another white couch is visible along the adjacent wall with two framed pictures above it.",
"map": "I am located on the rug in the waiting area, directly in front of the target couch."
},
"thought": "I have successfully navigated past the display case and through the hallway with the eye chart. I am now in the waiting area. The instruction asks me to stop in front of a light beige couch with six pillows. The couch directly in front of me fits this description (it is light beige/white and has multiple colorful pillows, likely totaling six if counting all visible and partially hidden ones). I am standing on the rug facing it, which corresponds to being 'in front of' it. The blue arc indicates I am within 1 meter of the target position.",
"stuck": false,
"plan": "The task is complete as I have reached the specified location in front of the correct couch.",
"curr_step": "I am at the target location. The subtask P2 and the full instruction are satisfied.",
"action": -1
}
```
Action: stop
['Walk down the hall and make a left at the end and stop at the first room on the right.', 'Wait in the entryway of the room with the two couches.']
Initialized data for new floor level: 0
Switching pcds to floor level: 0
Initialized data for new floor level: 0
Switching pcds to floor level: 0
Initialized data for new floor level: 0
Switching pcds to floor level: 0
[StairDetect] normals=0.0046s, cpu=0.0003s, cluster=0.0434s, loop=0.0467s, total=0.1051s
waypoints: 28
skipped waypoints: edge 0,  distance 14,  no_path 0,  occlusion 1
```json
{
    "movement": "Move forward from the current position in the room towards the hallway entrance visible ahead.",
    "observation": {
        "front view": "A white closet (B) is straight ahead. To the left of the closet, there is a hallway extending further into the house. To the right, there is a doorway. A rug is on the floor in front.",
        "left view": "A large dark shelving unit filled with various items is visible on the left wall.",
        "right view": "A desk with a world map poster above it and windows with blinds are visible on the right.",
        "map": "The current position (blue area) is in a room. The hallway (grey area) is directly ahead/north, connected to the room. Waypoint 8 is located in the hallway near the entrance."
    },
    "thought": "I am currently in a room/office. The instruction tells me to 'Walk down the hall'. The hallway is visible in the front view, extending past the white closet to the left. I need to move from my current room into this hallway. Waypoint 8 is located just inside the hallway entrance, making it the logical next step.",
    "stuck": false,
    "plan": "Move forward into the hallway towards waypoint 8. Then continue down the hallway towards the end (near F), make a left turn, and look for the first room on the right.",
    "curr_step": "I need to enter the hallway. Waypoint 8 is the first point in the hallway path.",
    "action": 8
}
```
Calculated floor height difference: 2.57m
Action: turn
Action: move_forward
Action: turn
Action: move_forward
Action: turn
Action: move_forward
Action: null
Action: turn
waypoints: 9
skipped waypoints: edge 1,  distance 3,  no_path 0,  occlusion 1

```json
{
    "movement": "Move forward from the current position into the hallway ahead, passing the pantry on the left and the white closet on the right.",
    "observation": {
        "front view": "A hallway extends straight ahead towards a doorway/opening labeled 'B'. To the left is a pantry/storage area with shelves. To the right is a white wall/closet.",
        "left view": "A room with shelves (pantry) and a doorway leading further left.",
        "right view": "A bedroom with a bed and windows.",
        "map": "I am at a junction near waypoint 1. The path forward leads towards 'F' (North). To the left is a path towards 'L' (West). To the right is a path towards 'R' (East)."
    },
    "thought": "The instruction is to 'Walk down the hall and make a left at the end'. I am currently facing the hallway that leads towards 'F' (North). This matches the description of walking down a hall. At the end of this hall (near 'F'), there appears to be a turn or junction where I can go left (West towards 'L'). Therefore, my immediate goal is to walk down this hallway towards 'F'. Waypoint 3 is located in this hallway.",
    "stuck": false,
    "plan": "Walk down the hallway towards waypoint 3 and continue towards the end near 'F'. Then make a left turn as instructed.",
    "curr_step": "I need to enter the hallway leading towards 'F'. Waypoint 3 is in this direction.",
    "action": 3
}
```
Action: move_forward
Action: turn
Action: move_forward
Action: turn
Action: move_forward
Action: null
Action: turn
waypoints: 18
skipped waypoints: edge 1,  distance 8,  no_path 0,  occlusion 3
```json
{
    "movement": "Move forward and turn slightly left towards the opening leading into the living room with couches.",
    "observation": {
        "front view": "I see a wall corner ahead. To the left is an opening into a living room with a white couch and orange pillows. To the right is a hallway continuing forward.",
        "left view": "A closet/shelving unit is visible on the immediate left, followed by the entrance to the living room.",
        "right view": "A wall and a doorway (possibly a bathroom) are visible on the right.",
        "map": "I am at a junction. The path to the left leads into the large room with couches (living room). The path straight/right continues down a hallway."
    },
    "thought": "The instruction is to 'make a left at the end and stop at the first room on the right'. However, the next subtask is 'Wait in the entryway of the room with the two couches'. Looking at my current position, the room with the couches is directly to my left/front-left. I have reached the 'end' of the previous hallway segment. Turning left leads into this room. The 'first room on the right' part might refer to a subsequent step or I might be misinterpreting the layout, but the immediate goal is clearly the room with the couches which is visible now. I need to enter it.",
    "stuck": false,
    "plan": "Move into the living room area towards the entryway where the couches are visible.",
    "curr_step": "I am at the junction. The living room is to the left. I need to move towards waypoint 6 which is near the entrance of that room.",
    "action": 6
}
```
Action: turn
Action: move_forward
Action: turn
Action: move_forward
Action: turn
Action: move_forward
Action: null
Action: turn
waypoints: 13
skipped waypoints: edge 3,  distance 3,  no_path 0,  occlusion 2
2026-09-19 03:07:02,729 - INFO - --- Episode 85, Step 25/100 ---
2026-09-19 03:07:20,071 - INFO - HTTP Request: POST http://127.0.0.1:22447/v1/chat/completions "HTTP/1.1 200 OK"
2026-09-19 03:07:21,162 - INFO - --- Episode 85, Step 26/100 ---
2026-09-19 03:07:35,083 - INFO - HTTP Request: POST http://127.0.0.1:22447/v1/chat/completions "HTTP/1.1 200 OK"
 72%|███████▏  | 36/50 [6:56:09<2:05:53, 539.53s/it]Renderer: NVIDIA GeForce RTX 4090/PCIe/SSE2 by NVIDIA Corporation
OpenGL version: 4.6.0 NVIDIA 590.48.01
Using optional features:
    GL_ARB_vertex_array_object
    GL_ARB_separate_shader_objects
    GL_ARB_robustness
    GL_ARB_texture_storage
    GL_ARB_texture_view
    GL_ARB_framebuffer_no_attachments
    GL_ARB_invalidate_subdata
    GL_ARB_texture_storage_multisample
    GL_ARB_multi_bind
    GL_ARB_direct_state_access
    GL_ARB_get_texture_sub_image
    GL_ARB_texture_filter_anisotropic
    GL_KHR_debug
    GL_KHR_parallel_shader_compile
    GL_NV_depth_buffer_float
Using driver workarounds:
    no-forward-compatible-core-context
    nv-egl-incorrect-gl11-function-pointers
    no-layout-qualifiers-on-old-glsl
    nv-zero-context-profile-mask
    nv-implementation-color-read-format-dsa-broken
    nv-cubemap-inconsistent-compressed-image-size
    nv-cubemap-broken-full-compressed-image-query
    nv-compressed-block-size-in-bits
[03:07:37:712695]:[Warning]:[Metadata] SceneDatasetAttributes.cpp(107)::addNewSceneInstanceToDataset : Dataset : 'default' : Lighting Layout Attributes 'no_lights' specified in Scene Attributes but does not exist in dataset, so creating default.
2026-09-19 03:07:42,869 - INFO - Simulator initialized!
2026-09-19 03:07:59,588 - INFO - HTTP Request: POST http://127.0.0.1:22447/v1/chat/completions "HTTP/1.1 200 OK"
2026-09-19 03:08:00,190 - INFO - --- Episode 86, Step 1/100 ---
2026-09-19 03:08:04,166 - INFO - HTTP Request: POST http://127.0.0.1:22447/v1/chat/completions "HTTP/1.1 500 Internal Server Error"
2026-09-19 03:08:04,167 - INFO - Retrying request to /chat/completions in 0.410980 seconds
2026-09-19 03:11:37,844 - INFO - HTTP Request: POST http://127.0.0.1:22447/v1/chat/completions "HTTP/1.1 200 OK"
2026-09-19 03:14:48,970 - INFO - HTTP Request: POST http://127.0.0.1:22447/v1/chat/completions "HTTP/1.1 200 OK"
2026-09-19 03:17:37,908 - INFO - HTTP Request: POST http://127.0.0.1:22447/v1/chat/completions "HTTP/1.1 200 OK"
2026-09-19 03:17:38,453 - INFO - --- Episode 86, Step 2/100 ---
2026-09-19 03:20:11,160 - INFO - HTTP Request: POST http://127.0.0.1:22447/v1/chat/completions "HTTP/1.1 200 OK"
2026-09-19 03:22:25,531 - INFO - HTTP Request: POST http://127.0.0.1:22447/v1/chat/completions "HTTP/1.1 200 OK"
2026-09-19 03:23:08,840 - INFO - HTTP Request: POST http://127.0.0.1:22447/v1/chat/completions "HTTP/1.1 200 OK"
2026-09-19 03:23:09,421 - INFO - --- Episode 86, Step 3/100 ---
2026-09-19 03:23:10,010 - INFO - --- Episode 86, Step 4/100 ---
2026-09-19 03:23:10,784 - INFO - --- Episode 86, Step 5/100 ---
2026-09-19 03:23:11,430 - INFO - --- Episode 86, Step 6/100 ---
2026-09-19 03:24:35,019 - INFO - HTTP Request: POST http://127.0.0.1:22447/v1/chat/completions "HTTP/1.1 200 OK"
2026-09-19 03:25:36,818 - INFO - HTTP Request: POST http://127.0.0.1:22447/v1/chat/completions "HTTP/1.1 200 OK"
2026-09-19 03:25:55,158 - INFO - HTTP Request: POST http://127.0.0.1:22447/v1/chat/completions "HTTP/1.1 200 OK"
2026-09-19 03:25:55,823 - INFO - --- Episode 86, Step 7/100 ---
2026-09-19 03:25:56,346 - INFO - --- Episode 86, Step 8/100 ---
2026-09-19 03:25:56,966 - INFO - --- Episode 86, Step 9/100 ---
2026-09-19 03:25:57,719 - INFO - --- Episode 86, Step 10/100 ---
2026-09-19 03:25:58,305 - INFO - --- Episode 86, Step 11/100 ---
2026-09-19 03:25:58,822 - INFO - --- Episode 86, Step 12/100 ---
2026-09-19 03:25:59,425 - INFO - --- Episode 86, Step 13/100 ---
```json
{
    "movement": "Move forward into the living room area, positioning myself near the entrance between the two couches.",
    "observation": {
        "front view": "I am facing into a large living room with dark grey walls. There is a white sofa on the left and another white sofa on the right, with a coffee table in the middle. This matches the description 'room with the two couches'.",
        "left view": "A hallway or passage continues to the left.",
        "right view": "A wall and the side of the right-hand sofa are visible.",
        "map": "I am at the junction near waypoint 3/4. The blue area labeled 'sofa' is directly ahead/left, which I have just entered."
    },
    "thought": "The instruction P1 says 'Walk down the hall and make a left at the end and stop at the first room on the right.' This part is slightly confusing as I turned left into this room. However, the next subtask P2 clarifies the destination: 'Wait in the entryway of the room with the two couches.' I am currently standing in the entryway of the room with two couches (the living room). Therefore, I have reached the target location for the overall task.",
    "stuck": false,
    "plan": "Complete subtask P1 as I have reached the destination described in P2. Then proceed to wait in this entryway for P2.",
    "curr_step": "I am at the target location (entryway of the room with two couches). P1 is effectively complete.",
    "action": -1
}
```
Action: pause
waypoints: 13
skipped waypoints: edge 3,  distance 3,  no_path 0,  occlusion 2
```json
{
    "movement": "Stand in the entryway of the living room, positioned between the hallway and the main seating area with the two couches.",
    "observation": {
        "front view": "I am looking into a living room with dark grey walls. There are two white couches facing each other with a large coffee table in the center. This matches the description 'room with the two couches'.",
        "left view": "A hallway extends to the left, leading back towards where I came from.",
        "right view": "A wall and a doorway leading to another area are visible on the right.",
        "map": "I am located at the entrance of the room labeled 'sofa' and 'carpet', which corresponds to the living room with two couches."
    },
    "thought": "The current task P2 is to 'Wait in the entryway of the room with the two couches'. I have arrived at this exact location. The front view confirms I am looking at the two couches, and my position on the map is right at the threshold/entryway. Therefore, the task is complete.",
    "stuck": false,
    "plan": "Complete the current subtask P2 as I am already at the specified waiting location.",
    "curr_step": "I have reached the entryway of the room with the two couches. The instruction is to wait here.",
    "action": -1
}
```
Action: stop
waypoints: 13
skipped waypoints: edge 3,  distance 3,  no_path 0,  occlusion 2
```json
{
    "movement": "Stand in the entryway of the living room, facing the two couches.",
    "observation": {
        "front view": "I am looking directly into a living room with dark grey walls. There are two white couches facing each other with a large coffee table in the center. This matches the description 'room with the two couches'.",
        "left view": "A hallway extends to the left, leading back towards where I came from.",
        "right view": "A wall and a doorway leading to another area are visible on the right.",
        "map": "I am located at the entrance of the room labeled 'sofa' and 'carpet', which corresponds to the living room with two couches."
    },
    "thought": "The current task P2 is to 'Wait in the entryway of the room with the two couches'. I have arrived at this exact location. The front view confirms I am looking at the two couches, and my position on the map is right at the threshold/entryway. Therefore, the task is complete.",
    "stuck": false,
    "plan": "Complete the current subtask P2 as I am already at the specified waiting location.",
    "curr_step": "I have reached the entryway of the room with the two couches. The instruction is to wait here.",
    "action": -1
}
```
Action: stop
['walk straight to to the end of the hall, turn left into living room, stop at the couch.']
Initialized data for new floor level: 0
Switching pcds to floor level: 0
Initialized data for new floor level: 0
Switching pcds to floor level: 0
Initialized data for new floor level: 0
Switching pcds to floor level: 0
[StairDetect] normals=0.0047s, cpu=0.0003s, cluster=0.0428s, loop=0.0467s, total=0.1050s
waypoints: 28
skipped waypoints: edge 0,  distance 14,  no_path 0,  occlusion 1



Calculated floor height difference: 2.57m
Action: stop
waypoints: 26
skipped waypoints: edge 0,  distance 14,  no_path 0,  occlusion 1


```json
{
"movement": "I am currently standing in a foyer area facing down a hallway towards white cabinets (B). To my left is a shelving unit and a view into a room with a couch (visible in the Left View). To my right is a desk area. The instruction requires me to walk straight to the end of the hall first.",
"observation": {
    "front view": "A long hallway extends forward towards white cabinets labeled B. There are doorways on both sides further down. A shelving unit is visible on the immediate left.",
    "left view": "A couch with pillows and a large boombox poster on the wall is visible to the left, along with the side of the shelving unit.",
    "right view": "A desk with a world map above it and windows with blinds are visible to the right.",
    "map": "The map shows my current position (START) near a rug. The hallway extends north towards B. To the left of the hallway is a large open area, and to the right is another room."
},
"thought": "The instruction explicitly says to 'walk straight to the end of the hall' before turning left into the living room. Although there is a couch visible to my left now, the instruction implies a sequence where I traverse the hallway first. Therefore, I need to move forward down the hallway towards the cabinets (B). Waypoint 7 is directly in front of me and leads down the hall.",
"stuck": false,
"plan": "Move straight down the hallway towards the end (near B). Once at the end, I will look for a living room on the left to find the target couch.",
"curr_step": "I am at the start of the hallway. The first part of the instruction is to walk straight to the end of the hall. Waypoint 7 is the next logical step forward along this path.",
"action": 7
}
```
Action: turn
Action: move_forward
Action: move_forward
Action: null
waypoints: 24
skipped waypoints: edge 1,  distance 11,  no_path 0,  occlusion 5


```json
{
"movement": "I moved forward from the start position towards the white cabinets at the end of the hallway. I am now standing in front of the cabinets.",
"observation": {
    "front view": "I am facing a set of tall white cabinets (B) at the end of the hallway. To the left is an opening leading to a kitchen/dining area. To the right is a bedroom entrance.",
    "left view": "To my left, there is a large shelving unit and an opening into a room with a couch visible in the distance.",
    "right view": "To my right, there is a desk area and a bedroom with a bed.",
    "map": "The map shows I am at the junction near the cabinets. The path to the living room (where the couch is) is to the left."
},
"thought": "I have reached the end of the hall near the cabinets. The instruction says to 'turn left into living room'. Looking at the Left View, there is a clear path leading towards a living area with a couch. I need to navigate around the cabinets to the left side to enter that area. Waypoint 6 is located in the open space to the left of the cabinets, which aligns with the path towards the living room.",
"stuck": false,
"plan": "Move towards the opening on the left (towards waypoint 6) to enter the living room area and find the couch.",
"curr_step": "I am at the end of the hall. I need to turn left. Waypoint 6 is the next logical step to move into the living room area.",
"action": 6
}
```
Action: turn
Action: move_forward
Action: turn
Action: move_forward
Action: turn
Action: move_forward
Action: null
2026-09-19 03:26:00,004 - INFO - --- Episode 86, Step 14/100 ---
2026-09-19 03:26:33,066 - INFO - HTTP Request: POST http://127.0.0.1:22447/v1/chat/completions "HTTP/1.1 200 OK"
2026-09-19 03:26:59,123 - INFO - HTTP Request: POST http://127.0.0.1:22447/v1/chat/completions "HTTP/1.1 200 OK"
2026-09-19 03:27:19,020 - INFO - HTTP Request: POST http://127.0.0.1:22447/v1/chat/completions "HTTP/1.1 200 OK"
 74%|███████▍  | 37/50 [7:15:52<2:38:44, 732.62s/it]Renderer: NVIDIA GeForce RTX 4090/PCIe/SSE2 by NVIDIA Corporation
OpenGL version: 4.6.0 NVIDIA 590.48.01
Using optional features:
    GL_ARB_vertex_array_object
    GL_ARB_separate_shader_objects
    GL_ARB_robustness
    GL_ARB_texture_storage
    GL_ARB_texture_view
    GL_ARB_framebuffer_no_attachments
    GL_ARB_invalidate_subdata
    GL_ARB_texture_storage_multisample
    GL_ARB_multi_bind
    GL_ARB_direct_state_access
    GL_ARB_get_texture_sub_image
    GL_ARB_texture_filter_anisotropic
    GL_KHR_debug
    GL_KHR_parallel_shader_compile
    GL_NV_depth_buffer_float
Using driver workarounds:
    no-forward-compatible-core-context
    nv-egl-incorrect-gl11-function-pointers
    no-layout-qualifiers-on-old-glsl
    nv-zero-context-profile-mask
    nv-implementation-color-read-format-dsa-broken
    nv-cubemap-inconsistent-compressed-image-size
    nv-cubemap-broken-full-compressed-image-query
    nv-compressed-block-size-in-bits
[03:27:20:870928]:[Warning]:[Metadata] SceneDatasetAttributes.cpp(107)::addNewSceneInstanceToDataset : Dataset : 'default' : Lighting Layout Attributes 'no_lights' specified in Scene Attributes but does not exist in dataset, so creating default.
2026-09-19 03:27:32,091 - INFO - Simulator initialized!
2026-09-19 03:28:00,143 - INFO - HTTP Request: POST http://127.0.0.1:22447/v1/chat/completions "HTTP/1.1 200 OK"
2026-09-19 03:28:00,866 - INFO - --- Episode 87, Step 1/100 ---
2026-09-19 03:31:28,757 - INFO - HTTP Request: POST http://127.0.0.1:22447/v1/chat/completions "HTTP/1.1 200 OK"
2026-09-19 03:31:55,742 - INFO - HTTP Request: POST http://127.0.0.1:22447/v1/chat/completions "HTTP/1.1 200 OK"
2026-09-19 03:31:56,370 - INFO - --- Episode 87, Step 2/100 ---
2026-09-19 03:32:36,847 - INFO - HTTP Request: POST http://127.0.0.1:22447/v1/chat/completions "HTTP/1.1 200 OK"
2026-09-19 03:32:37,758 - INFO - --- Episode 87, Step 3/100 ---
2026-09-19 03:32:38,716 - INFO - --- Episode 87, Step 4/100 ---
2026-09-19 03:32:39,613 - INFO - --- Episode 87, Step 5/100 ---
2026-09-19 03:32:40,461 - INFO - --- Episode 87, Step 6/100 ---
2026-09-19 03:32:41,136 - INFO - --- Episode 87, Step 7/100 ---
2026-09-19 03:32:58,245 - INFO - HTTP Request: POST http://127.0.0.1:22447/v1/chat/completions "HTTP/1.1 200 OK"
2026-09-19 03:33:16,146 - INFO - HTTP Request: POST http://127.0.0.1:22447/v1/chat/completions "HTTP/1.1 200 OK"
2026-09-19 03:33:28,178 - INFO - HTTP Request: POST http://127.0.0.1:22447/v1/chat/completions "HTTP/1.1 200 OK"
Action: turn
waypoints: 9
skipped waypoints: edge 0,  distance 2,  no_path 0,  occlusion 0



Action: stop
['Go through the wooden doors to the dining area. Walk past the dining table to the glass and wood doors beyond.', 'Turn right and go through the doors to the vestibule. Stop at the doors leading to a second dining area.']
Initialized data for new floor level: 0
Switching pcds to floor level: 0
Initialized data for new floor level: 0
Switching pcds to floor level: 0
Initialized data for new floor level: 0
Switching pcds to floor level: 0
[StairDetect] normals=0.0034s, cpu=0.0003s, cluster=0.0303s, loop=0.0369s, total=0.0809s
waypoints: 22
skipped waypoints: edge 0,  distance 11,  no_path 0,  occlusion 4

```json
{
"movement": "I am currently standing in a hallway or foyer area with terracotta tile floors. To my right, there is a large open doorway leading into a dining room with a wooden table and chairs. Straight ahead and slightly left are more wooden doors and a hallway.",
"observation": {
    "front view": "I see a hallway continuing forward with wooden double doors labeled 'B' ahead and another set of glass-paned wooden doors to the left of them. There is a pillar in the foreground right.",
    "left view": "I see a wall and a doorway leading further down a hall.",
    "right view": "I see a large dining room with a long wooden table, chairs, and a rug. There are windows or glass doors at the far end of this room.",
    "map": "The map shows my current position (START) near waypoint 6. Waypoints 1-5 lead down a hallway to the right/front. The area to the bottom right corresponds to the dining room seen in the right view."
},
"thought": "The instruction is to 'Go through the wooden doors to the dining area.' The dining area is clearly visible in my right view. I am currently facing down the hallway (towards waypoints 1-5). To enter the dining area, I need to turn towards it and move in. The 'glass and wood doors beyond' likely refers to the windows/doors at the far end of that dining room.",
"stuck": false,
"plan": "I need to turn right to face the dining room entrance and then move forward into it to walk past the table towards the glass doors at the far end.",
"curr_step": "I am currently facing the hallway. The dining room is to my right. I need to turn right to align myself with the entrance to the dining area.",
"action": "R"
}
```
Calculated floor height difference: 2.84m
Action: turn
waypoints: 29
skipped waypoints: edge 1,  distance 15,  no_path 0,  occlusion 5
```json
{
"movement": "I am standing at the entrance of the dining area, facing a large wooden pillar/door frame. To my right, through the opening, is the dining room with a table and rug. I need to enter this room.",
"observation": {
    "front view": "I see a large wooden pillar in the center foreground. To the left is a hallway (waypoints 5, 6, 7). To the right is the entrance to the dining room. Inside the dining room, I can see a dining table on a rug and a cabinet against the wall.",
    "left view": "I see the hallway extending to the left with terracotta tiles.",
    "right view": "I see the interior of the dining room clearly. There is a large wooden table on a rug, chairs, and windows/doors at the far end letting in light.",
    "map": "The map shows my position (START) near the entrance. Waypoint 1 is inside the dining room on the rug. Waypoints 2, 3 are further along the table. The path into the room is to the right of the pillar."
},
"thought": "The instruction is to 'Go through the wooden doors to the dining area.' I am currently at the entrance (the large wooden frame). The dining area is to my right. I need to enter the room and walk past the table towards the glass doors at the far end. Waypoint 1 is on the rug inside the dining room, which is a good target to start walking past the table.",
"stuck": false,
"plan": "I will move into the dining room towards waypoint 1 on the rug. From there, I will continue walking past the dining table towards the glass and wood doors at the far end of the room.",
"curr_step": "I am at the entrance. The dining room is to my right. I need to move forward and right into the room. Waypoint 1 is on the rug inside the room, which aligns with entering the dining area.",
"action": 1
}
```
Action: turn
Action: move_forward
Action: move_forward
Action: null
Action: turn
waypoints: 40
skipped waypoints: edge 5,  distance 11,  no_path 0,  occlusion 23
```json
{
"movement": "I have entered the dining room and am now walking alongside the long wooden dining table. The table is on my left and a large wooden sideboard is on my right. I am heading towards the glass and wood doors visible at the far end of the room.",
"observation": {
    "front view": "I see the end of the dining table directly ahead. Beyond it are glass and wood double doors (labeled B). To the right is a large wooden cabinet/sideboard.",
    "left view": "To my left is the living area with sofas and a fireplace, separated by an archway.",
    "right view": "To my right is the side of the dining table and the large wooden sideboard against the wall.",
    "map": "The map shows I am in the middle of the dining room area. The path forward leads towards the top of the map where the glass doors are located."
},
"thought": "I am currently walking past the dining table as instructed. The target is the 'glass and wood doors beyond'. These doors are straight ahead at the far end of the room. I need to continue moving forward to reach them.",
"stuck": false,
"plan": "Continue moving forward towards the glass and wood doors at the far end of the dining room. Once I reach those doors, I will look for a turn to the right into a vestibule as per the next subtask.",
"curr_step": "I am in the process of walking past the dining table. The doors are still ahead. I need to continue my forward progress.",
"action": "F"
}
```
```json
{
"movement": "I have been walking alongside the long dining table, keeping it on my left. I am approaching the end of the table and the glass and wood doors at the far end of the room.",
"observation": {
    "front view": "The long dining table is directly ahead and slightly to the left. At the far end of the room, there are glass and wood double doors (labeled B). To the right is a large wooden sideboard.",
    "left view": "To my left is the living area with sofas and a fireplace.",
    "right view": "To my right is the side of the dining table and the large wooden cabinet against the wall. Further back on the right wall, there appears to be another doorway.",
    "map": "The map shows my position (red arrow) moving towards the top of the room where the glass doors are located."
},
"thought": "I am currently in the process of walking past the dining table as instructed. The target for this subtask is the 'glass and wood doors beyond'. These doors are visible straight ahead at the far end of the room. I need to continue moving forward to reach them before I can execute the next part of the instruction (turning right into the vestibule).",
"stuck": false,
"plan": "Continue moving forward towards the glass and wood doors at the far end of the dining room. Once I reach that area, I will look for the turn to the right mentioned in the next subtask.",
"curr_step": "I am walking past the table. The glass doors are still ahead. I need to continue my forward progress to complete P1.",
"action": "F"
}
```
2026-09-19 03:33:28,911 - INFO - --- Episode 87, Step 8/100 ---
2026-09-19 03:33:41,017 - INFO - HTTP Request: POST http://127.0.0.1:22447/v1/chat/completions "HTTP/1.1 200 OK"
2026-09-19 03:33:55,921 - INFO - HTTP Request: POST http://127.0.0.1:22447/v1/chat/completions "HTTP/1.1 200 OK"
2026-09-19 03:34:17,353 - INFO - HTTP Request: POST http://127.0.0.1:22447/v1/chat/completions "HTTP/1.1 200 OK"
 76%|███████▌  | 38/50 [7:22:50<2:07:39, 638.27s/it]Renderer: NVIDIA GeForce RTX 4090/PCIe/SSE2 by NVIDIA Corporation
OpenGL version: 4.6.0 NVIDIA 590.48.01
Using optional features:
    GL_ARB_vertex_array_object
    GL_ARB_separate_shader_objects
    GL_ARB_robustness
    GL_ARB_texture_storage
    GL_ARB_texture_view
    GL_ARB_framebuffer_no_attachments
    GL_ARB_invalidate_subdata
    GL_ARB_texture_storage_multisample
    GL_ARB_multi_bind
    GL_ARB_direct_state_access
    GL_ARB_get_texture_sub_image
    GL_ARB_texture_filter_anisotropic
    GL_KHR_debug
    GL_KHR_parallel_shader_compile
    GL_NV_depth_buffer_float
Using driver workarounds:
    no-forward-compatible-core-context
    nv-egl-incorrect-gl11-function-pointers
    no-layout-qualifiers-on-old-glsl
    nv-zero-context-profile-mask
    nv-implementation-color-read-format-dsa-broken
    nv-cubemap-inconsistent-compressed-image-size
    nv-cubemap-broken-full-compressed-image-query
    nv-compressed-block-size-in-bits
[03:34:18:996548]:[Warning]:[Metadata] SceneDatasetAttributes.cpp(107)::addNewSceneInstanceToDataset : Dataset : 'default' : Lighting Layout Attributes 'no_lights' specified in Scene Attributes but does not exist in dataset, so creating default.
2026-09-19 03:34:30,141 - INFO - Simulator initialized!
2026-09-19 03:34:55,600 - INFO - HTTP Request: POST http://127.0.0.1:22447/v1/chat/completions "HTTP/1.1 200 OK"
2026-09-19 03:34:56,229 - INFO - --- Episode 88, Step 1/100 ---
2026-09-19 03:38:25,010 - INFO - HTTP Request: POST http://127.0.0.1:22447/v1/chat/completions "HTTP/1.1 200 OK"
2026-09-19 03:41:33,474 - INFO - HTTP Request: POST http://127.0.0.1:22447/v1/chat/completions "HTTP/1.1 200 OK"
2026-09-19 03:42:32,928 - INFO - HTTP Request: POST http://127.0.0.1:22447/v1/chat/completions "HTTP/1.1 200 OK"
```json
{
"movement": "I have been walking alongside the long dining table, keeping it on my left. I am approaching the end of the table and the glass and wood doors at the far end of the room.",
"observation": {
    "front view": "The long dining table is directly ahead and slightly to the left. At the far end of the room, there are glass and wood double doors (labeled B). To the right is a large wooden sideboard.",
    "left view": "To my left is the living area with sofas and a fireplace.",
    "right view": "To my right is the side of the dining table and the large wooden cabinet against the wall. Further back on the right wall, there appears to be another doorway.",
    "map": "The map shows my position (red arrow) moving towards the top of the room where the glass doors are located."
},
"thought": "I am currently in the process of walking past the dining table as instructed. The target for this subtask is the 'glass and wood doors beyond'. These doors are visible straight ahead at the far end of the room. I need to continue moving forward to reach them before I can execute the next part of the instruction (turning right into the vestibule).",
"stuck": false,
"plan": "Continue moving forward towards the glass and wood doors at the far end of the dining room. Once I reach that area, I will look for the turn to the right mentioned in the next subtask.",
"curr_step": "I am walking past the table. The glass doors are still ahead. I need to continue my forward progress to complete P1.",
"action": "F"
}
```
Action: stop
waypoints: 40
skipped waypoints: edge 5,  distance 11,  no_path 0,  occlusion 23
```json
{
"movement": "I have been walking alongside the long dining table, keeping it on my left. I am approaching the end of the table and the glass and wood doors at the far end of the room.",
"observation": {
    "front view": "The long dining table is directly ahead and slightly to the left. At the far end of the room, there are glass and wood double doors (labeled B). To the right is a large wooden sideboard.",
    "left view": "To my left is the living area with sofas and a fireplace.",
    "right view": "To my right is the side of the dining table and the large wooden cabinet against the wall. Further back on the right wall, there appears to be another doorway.",
    "map": "The map shows my position (red arrow) moving towards the top of the room where the glass doors are located."
},
"thought": "I am currently in the process of walking past the dining table as instructed. The target for this subtask is the 'glass and wood doors beyond'. These doors are visible straight ahead at the far end of the room. I need to continue moving forward to reach them before I can execute the next part of the instruction (turning right into the vestibule).",
"stuck": false,
"plan": "Continue moving forward towards the glass and wood doors at the far end of the dining room. Once I reach that area, I will look for the turn to the right mentioned in the next subtask.",
"curr_step": "I am walking past the table. The glass doors are still ahead. I need to continue my forward progress to complete P1.",
"action": "F"
}
```
```json
{
"movement": "I have been walking alongside the long dining table, keeping it on my left. I am approaching the end of the table and the glass and wood doors at the far end of the room.",
"observation": {
    "front view": "The long dining table is directly ahead and slightly to the left. At the far end of the room, there are glass and wood double doors (labeled B). To the right is a large wooden sideboard.",
    "left view": "To my left is the living area with sofas and a fireplace.",
    "right view": "To my right is the side of the dining table and the large wooden cabinet against the wall. Further back on the right wall, there appears to be another doorway.",
    "map": "The map shows my position (red arrow) moving towards the top of the room where the glass doors are located."
},
"thought": "I am currently in the process of walking past the dining table as instructed. The target for this subtask is the 'glass and wood doors beyond'. These doors are visible straight ahead at the far end of the room. I need to continue moving forward to reach them before I can execute the next part of the instruction (turning right into the vestibule).",
"stuck": false,
"plan": "Continue moving forward towards the glass and wood doors at the far end of the dining room. Once I reach that area, I will look for the turn to the right mentioned in the next subtask.",
"curr_step": "I am walking past the table. The glass doors are still ahead. I need to continue my forward progress to complete P1.",
"action": "F"
}
```
```json
{
"movement": "I have been walking alongside the long dining table, keeping it on my left. I am approaching the end of the table and the glass and wood doors at the far end of the room.",
"observation": {
    "front view": "The long dining table is directly ahead and slightly to the left. At the far end of the room, there are glass and wood double doors (labeled B). To the right is a large wooden sideboard.",
    "left view": "To my left is the living area with sofas and a fireplace.",
    "right view": "To my right is the side of the dining table and the large wooden cabinet against the wall. Further back on the right wall, there appears to be another doorway.",
    "map": "The map shows my position (red arrow) moving towards the top of the room where the glass doors are located."
},
"thought": "I am currently in the process of walking past the dining table as instructed. The target for this subtask is the 'glass and wood doors beyond'. These doors are visible straight ahead at the far end of the room. I need to continue moving forward to reach them before I can execute the next part of the instruction (turning right into the vestibule).",
"stuck": false,
"plan": "Continue moving forward towards the glass and wood doors at the far end of the dining room. Once I reach that area, I will look for the turn to the right mentioned in the next subtask.",
"curr_step": "I am walking past the table. The glass doors are still ahead. I need to continue my forward progress to complete P1.",
"action": "F"
}
```
Action: stop
['Enter the dining room and walk to the other end. Go through the double doors on the right.', 'Walk straight across the walkway and wait outside on the mat.']
Initialized data for new floor level: 0
Switching pcds to floor level: 0
Initialized data for new floor level: 0
Switching pcds to floor level: 0
Initialized data for new floor level: 0
Switching pcds to floor level: 0
[StairDetect] normals=0.0034s, cpu=0.0003s, cluster=0.0306s, loop=0.0372s, total=0.0812s
waypoints: 22
skipped waypoints: edge 0,  distance 11,  no_path 0,  occlusion 4


2026-09-19 03:42:33,622 - INFO - --- Episode 88, Step 2/100 ---
2026-09-19 03:42:46,424 - INFO - HTTP Request: POST http://127.0.0.1:22447/v1/chat/completions "HTTP/1.1 200 OK"
2026-09-19 03:42:47,284 - INFO - --- Episode 88, Step 3/100 ---
2026-09-19 03:42:48,316 - INFO - --- Episode 88, Step 4/100 ---
2026-09-19 03:42:49,403 - INFO - --- Episode 88, Step 5/100 ---
2026-09-19 03:42:50,403 - INFO - --- Episode 88, Step 6/100 ---
2026-09-19 03:42:51,352 - INFO - --- Episode 88, Step 7/100 ---
2026-09-19 03:42:52,302 - INFO - --- Episode 88, Step 8/100 ---
2026-09-19 03:42:53,259 - INFO - --- Episode 88, Step 9/100 ---
2026-09-19 03:43:10,677 - INFO - HTTP Request: POST http://127.0.0.1:22447/v1/chat/completions "HTTP/1.1 200 OK"
2026-09-19 03:43:11,824 - INFO - --- Episode 88, Step 10/100 ---
2026-09-19 03:43:12,726 - INFO - --- Episode 88, Step 11/100 ---
2026-09-19 03:43:13,384 - INFO - --- Episode 88, Step 12/100 ---
2026-09-19 03:43:14,020 - INFO - --- Episode 88, Step 13/100 ---
2026-09-19 03:43:14,847 - INFO - --- Episode 88, Step 14/100 ---
2026-09-19 03:43:15,890 - INFO - --- Episode 88, Step 15/100 ---
2026-09-19 03:44:41,184 - INFO - HTTP Request: POST http://127.0.0.1:22447/v1/chat/completions "HTTP/1.1 200 OK"
2026-09-19 03:45:00,695 - INFO - HTTP Request: POST http://127.0.0.1:22447/v1/chat/completions "HTTP/1.1 200 OK"
2026-09-19 03:45:01,713 - INFO - --- Episode 88, Step 16/100 ---
2026-09-19 03:45:02,501 - INFO - --- Episode 88, Step 17/100 ---
2026-09-19 03:45:03,213 - INFO - --- Episode 88, Step 18/100 ---
2026-09-19 03:45:03,919 - INFO - --- Episode 88, Step 19/100 ---
2026-09-19 03:45:04,853 - INFO - --- Episode 88, Step 20/100 ---
2026-09-19 03:45:05,549 - INFO - --- Episode 88, Step 21/100 ---
2026-09-19 03:45:06,317 - INFO - --- Episode 88, Step 22/100 ---
2026-09-19 03:45:07,275 - INFO - --- Episode 88, Step 23/100 ---
2026-09-19 03:45:08,316 - INFO - --- Episode 88, Step 24/100 ---
2026-09-19 03:45:39,228 - INFO - HTTP Request: POST http://127.0.0.1:22447/v1/chat/completions "HTTP/1.1 200 OK"
2026-09-19 03:46:01,759 - INFO - HTTP Request: POST http://127.0.0.1:22447/v1/chat/completions "HTTP/1.1 200 OK"
2026-09-19 03:46:17,285 - INFO - HTTP Request: POST http://127.0.0.1:22447/v1/chat/completions "HTTP/1.1 200 OK"
2026-09-19 03:46:18,628 - INFO - --- Episode 88, Step 25/100 ---
2026-09-19 03:46:32,742 - INFO - HTTP Request: POST http://127.0.0.1:22447/v1/chat/completions "HTTP/1.1 200 OK"
2026-09-19 03:46:33,952 - INFO - --- Episode 88, Step 26/100 ---
2026-09-19 03:46:34,834 - INFO - --- Episode 88, Step 27/100 ---
2026-09-19 03:46:35,835 - INFO - --- Episode 88, Step 28/100 ---
2026-09-19 03:46:36,800 - INFO - --- Episode 88, Step 29/100 ---
2026-09-19 03:46:38,039 - INFO - --- Episode 88, Step 30/100 ---
2026-09-19 03:46:54,774 - INFO - HTTP Request: POST http://127.0.0.1:22447/v1/chat/completions "HTTP/1.1 200 OK"
2026-09-19 03:46:56,620 - INFO - HTTP Request: POST http://127.0.0.1:22447/v1/chat/completions "HTTP/1.1 400 Bad Request"
2026-09-19 03:46:57,914 - INFO - HTTP Request: POST http://127.0.0.1:22447/v1/chat/completions "HTTP/1.1 400 Bad Request"
 78%|███████▊  | 39/50 [7:35:34<2:03:55, 675.92s/it]Renderer: NVIDIA GeForce RTX 4090/PCIe/SSE2 by NVIDIA Corporation
OpenGL version: 4.6.0 NVIDIA 590.48.01
Using optional features:
    GL_ARB_vertex_array_object
    GL_ARB_separate_shader_objects
    GL_ARB_robustness
    GL_ARB_texture_storage
    GL_ARB_texture_view
    GL_ARB_framebuffer_no_attachments
    GL_ARB_invalidate_subdata
    GL_ARB_texture_storage_multisample
    GL_ARB_multi_bind
    GL_ARB_direct_state_access
    GL_ARB_get_texture_sub_image
    GL_ARB_texture_filter_anisotropic
    GL_KHR_debug
    GL_KHR_parallel_shader_compile
    GL_NV_depth_buffer_float
Using driver workarounds:
    no-forward-compatible-core-context
    nv-egl-incorrect-gl11-function-pointers
    no-layout-qualifiers-on-old-glsl
    nv-zero-context-profile-mask
    nv-implementation-color-read-format-dsa-broken
    nv-cubemap-inconsistent-compressed-image-size
    nv-cubemap-broken-full-compressed-image-query
    nv-compressed-block-size-in-bits
[03:47:02:773403]:[Warning]:[Metadata] SceneDatasetAttributes.cpp(107)::addNewSceneInstanceToDataset : Dataset : 'default' : Lighting Layout Attributes 'no_lights' specified in Scene Attributes but does not exist in dataset, so creating default.
2026-09-19 03:47:13,816 - INFO - Simulator initialized!
2026-09-19 03:47:39,705 - INFO - HTTP Request: POST http://127.0.0.1:22447/v1/chat/completions "HTTP/1.1 200 OK"
2026-09-19 03:47:40,428 - INFO - --- Episode 89, Step 1/100 ---
2026-09-19 03:48:39,397 - INFO - HTTP Request: POST http://127.0.0.1:22447/v1/chat/completions "HTTP/1.1 200 OK"
```json
{
"movement": "I am currently standing in a tiled hallway/foyer area, facing down the corridor. To my immediate right, there is an entrance to a room with wood flooring and a dining table (visible in the Right View). I have not moved yet.",
"observation": {
    "front view": "A hallway stretching forward with terracotta tile flooring. Double doors labeled 'B' are visible further down on the right side of the hallway. Another set of double doors is to the left.",
    "left view": "A long hallway extending to the left with arched doorways.",
    "right view": "The entrance to a dining room with a large wooden table, chairs, and wood flooring. Large windows/doors are visible on the far wall.",
    "map": "The map shows my current position (START) at a junction. A path leads forward down a hallway, and a path leads right into a large room (the dining room)."
},
"thought": "The instruction is to 'Enter the dining room'. The Right View clearly shows a dining room immediately to my right with a table and chairs. Therefore, I need to turn right to face it and enter. After entering, I will walk to the other end of the room to locate the double doors on the right side as instructed.",
"stuck": false,
"plan": "Turn right to face the dining room entrance, then move forward into the dining room. Once inside, walk towards the far end of the room to locate the double doors on the right side.",
"curr_step": "I need to enter the dining room which is to my right. The current view is facing down the hallway. I must turn right to align with the entrance.",
"action": "R"
}
```
Calculated floor height difference: 2.84m
Action: turn
waypoints: 29
skipped waypoints: edge 1,  distance 15,  no_path 0,  occlusion 5
```json
{
"movement": "I have turned right and am now facing the entrance to the dining room. The large wooden table is visible inside, slightly to the right of my current heading.",
"observation": {
    "front view": "I am looking into the dining room. There is a large wooden dining table on a rug in front of me. To the left is a wall/pillar. To the right is a sideboard. At the far end, there are windows/doors.",
    "left view": "The hallway I came from is visible to the left.",
    "right view": "A large wooden cabinet/sideboard is close on the right.",
    "map": "I am at the entrance of the dining room (START). The room extends forward and slightly right. Waypoints 1, 5, 7, 8 are inside the room."
},
"thought": "I need to enter the dining room and walk to the other end. I am currently facing the room. The path into the room is towards the rug where the table is. I should move forward into the room. Waypoint 1 is a good target to get onto the rug and start traversing the room.",
"stuck": false,
"plan": "Move forward into the dining room towards the table (waypoint 1), then continue walking past the table towards the far end of the room to find the double doors on the right.",
"curr_step": "I am at the entrance. I need to move forward into the room. Waypoint 1 is directly ahead on the rug.",
"action": 1
}
```
Action: turn
Action: move_forward
Action: turn
Action: move_forward
Action: turn
Action: move_forward
Action: null
waypoints: 41
skipped waypoints: edge 1,  distance 28,  no_path 0,  occlusion 5
```json
{
"movement": "I have moved further into the dining room, passing the large wooden table on my right. I am now positioned near the rug, facing towards the far end of the room where a living area and double doors are visible.",
"observation": {
    "front view": "I see the continuation of the dining room leading into a living area with a fireplace. To the right of the living area entrance, there are double glass doors (labeled B in previous views). The path forward is clear.",
    "left view": "A wall and doorway to the left.",
    "right view": "The large wooden dining table and chairs are on my right.",
    "map": "I am near the center of the room. Waypoint 2 is ahead towards the far end."
},
"thought": "I need to walk to the other end of the dining room. The double doors mentioned in the instruction are likely the ones visible further ahead (labeled B). I should continue moving forward towards them.",
"stuck": false,
"plan": "Continue walking straight towards the far end of the dining room to reach the double doors on the right.",
"curr_step": "I am currently in the middle of the room. I need to move forward to reach the other end. Waypoint 2 is directly ahead.",
"action": 2
}
```
Action: move_forward
Action: turn
Action: move_forward
Action: turn
Action: move_forward
Action: null
waypoints: 43
skipped waypoints: edge 11,  distance 12,  no_path 0,  occlusion 14

```json
{
"movement": "I have moved further into the dining/living area, passing the initial table. I am now facing towards a seating area with a sofa and fireplace. To my right, there are double doors visible in the Right View.",
"observation": {
    "front view": "A large living area with a sofa, coffee table, and fireplace. To the right, there is a console table and further back, double doors.",
    "left view": "Wood paneling and an archway leading to another room.",
    "right view": "The dining table is behind me/to my right. Further ahead on the right wall, there are double glass doors.",
    "map": "I am in the middle of the room. Waypoint 1 is near a console table on the right side of the path forward."
},
"thought": "The instruction is to walk to the other end and go through the double doors on the right. I can see double doors on the right wall further ahead (visible in Right View and Front View). I need to continue moving forward towards that end of the room. Waypoint 1 is located near the console table on the right side, which aligns with the direction of the double doors.",
"stuck": false,
"plan": "Move forward towards the far end of the room, aiming for the area near the console table and the double doors on the right wall.",
"curr_step": "I need to continue moving forward. Waypoint 1 is a good target as it is closer to the right side where the doors are located.",
"action": 1
}
```
Action: turn
Action: move_forward
Action: turn
Action: move_forward
Action: turn
Action: move_forward
Action: turn
Action: move_forward
Action: null
waypoints: 32
skipped waypoints: edge 1,  distance 20,  no_path 0,  occlusion 8



Action: stop
waypoints: 32
skipped waypoints: edge 1,  distance 20,  no_path 0,  occlusion 8
```json
{
"movement": "I have moved past the sofa and fireplace area. I am now facing the double doors at the far end of the room, which are on the right side relative to the main path.",
"observation": {
    "front view": "The double doors (labeled B) are visible ahead, slightly to the right. There is a console table against the wall on the right.",
    "left view": "The sofa and fireplace area I just walked past.",
    "right view": "A long wooden console table against the wall, and the double doors further down.",
    "map": "I am near the center of the room. Waypoint 1 is ahead towards the doors."
},
"thought": "I need to reach the double doors on the right. I am currently facing them but need to get closer. Waypoint 1 is directly in front of me, leading towards the doors.",
"stuck": false,
"plan": "Move forward towards the double doors on the right side of the room.",
"curr_step": "I am approaching the double doors. Waypoint 1 is the next logical step to get closer to them.",
"action": 1
}
```
Action: turn
Action: move_forward
Action: turn
Action: move_forward
Action: null
waypoints: 44
skipped waypoints: edge 2,  distance 25,  no_path 1,  occlusion 11

Action: stop
['Walk into the dining area and make a right when you get to the end of the table.', 'Walk down the hall and stand in front of the door of the dining room at the end of the hall.']
Initialized data for new floor level: 0
Switching pcds to floor level: 0
Initialized data for new floor level: 0
Switching pcds to floor level: 0
Initialized data for new floor level: 0
Switching pcds to floor level: 0
[StairDetect] normals=0.0034s, cpu=0.0002s, cluster=0.0297s, loop=0.0361s, total=0.0792s
waypoints: 22
skipped waypoints: edge 0,  distance 11,  no_path 0,  occlusion 4
2026-09-19 03:48:40,077 - INFO - --- Episode 89, Step 2/100 ---
2026-09-19 03:49:00,873 - INFO - HTTP Request: POST http://127.0.0.1:22447/v1/chat/completions "HTTP/1.1 200 OK"
2026-09-19 03:49:01,837 - INFO - --- Episode 89, Step 3/100 ---
2026-09-19 03:49:02,782 - INFO - --- Episode 89, Step 4/100 ---
2026-09-19 03:49:03,960 - INFO - --- Episode 89, Step 5/100 ---
2026-09-19 03:49:04,996 - INFO - --- Episode 89, Step 6/100 ---
2026-09-19 03:49:05,991 - INFO - --- Episode 89, Step 7/100 ---
2026-09-19 03:49:06,919 - INFO - --- Episode 89, Step 8/100 ---
2026-09-19 03:49:07,959 - INFO - --- Episode 89, Step 9/100 ---
2026-09-19 03:49:56,408 - INFO - HTTP Request: POST http://127.0.0.1:22447/v1/chat/completions "HTTP/1.1 200 OK"
2026-09-19 03:49:57,362 - INFO - --- Episode 89, Step 10/100 ---
2026-09-19 03:49:58,061 - INFO - --- Episode 89, Step 11/100 ---
2026-09-19 03:49:58,739 - INFO - --- Episode 89, Step 12/100 ---
2026-09-19 03:49:59,384 - INFO - --- Episode 89, Step 13/100 ---
2026-09-19 03:49:59,941 - INFO - --- Episode 89, Step 14/100 ---
2026-09-19 03:50:00,638 - INFO - --- Episode 89, Step 15/100 ---
2026-09-19 03:52:02,080 - INFO - HTTP Request: POST http://127.0.0.1:22447/v1/chat/completions "HTTP/1.1 200 OK"
2026-09-19 03:53:42,366 - INFO - HTTP Request: POST http://127.0.0.1:22447/v1/chat/completions "HTTP/1.1 200 OK"
2026-09-19 03:55:01,449 - INFO - HTTP Request: POST http://127.0.0.1:22447/v1/chat/completions "HTTP/1.1 200 OK"
2026-09-19 03:55:02,094 - INFO - --- Episode 89, Step 16/100 ---
2026-09-19 03:55:21,509 - INFO - HTTP Request: POST http://127.0.0.1:22447/v1/chat/completions "HTTP/1.1 200 OK"
2026-09-19 03:55:22,421 - INFO - --- Episode 89, Step 17/100 ---
2026-09-19 03:55:23,251 - INFO - --- Episode 89, Step 18/100 ---
2026-09-19 03:55:24,076 - INFO - --- Episode 89, Step 19/100 ---
2026-09-19 03:55:25,213 - INFO - --- Episode 89, Step 20/100 ---
2026-09-19 03:55:53,322 - INFO - HTTP Request: POST http://127.0.0.1:22447/v1/chat/completions "HTTP/1.1 200 OK"
```json
{
"movement": "I am standing in a hallway with terracotta tile flooring. To my right, there is a large wooden doorway leading into a room with wooden floors and a large dining table (visible in the Right View). I need to enter this room.",
"observation": {
    "front view": "The hallway continues forward with doors on the left and right walls. Waypoints 1-7 are marked on the floor ahead.",
    "left view": "A wall and a doorway leading to another area.",
    "right view": "A large dining room with a long wooden table and chairs, visible through a wide wooden doorway.",
    "map": "The map shows my current position (START) at a junction. The dining room (dark area) is to the right of my current position."
},
"thought": "The instruction is to 'Walk into the dining area'. The dining area is clearly visible to my right, characterized by the wooden table and flooring seen in the Right View. I am currently outside on the tile floor. To enter, I need to orient myself towards the entrance. Turning right will face me directly into the dining room.",
"stuck": false,
"plan": "1. Turn right to face the dining room entrance. 2. Move forward into the dining room. 3. Walk along the table to its far end. 4. Make a right turn at the end of the table as instructed.",
"curr_step": "I need to orient myself towards the dining room to enter it. The entrance is to my right. Turning right (R) is the appropriate action to face the target area and prepare to walk in.",
"action": "R"
}
```
Calculated floor height difference: 2.84m
Action: turn
waypoints: 29
skipped waypoints: edge 1,  distance 15,  no_path 0,  occlusion 5
```json
{
"movement": "I am standing at the entrance of the dining room, facing a wall corner with the dining room visible to my right. I have turned towards the room and am now positioned to enter.",
"observation": {
    "front view": "I see the doorway frame and the dining room interior to the right. Waypoints 5, 6, 7, 8 are visible near the entrance and on the rug inside the room.",
    "left view": "The hallway extends to the left.",
    "right view": "A clear view of the dining table and chairs inside the room.",
    "map": "I am at the junction between the hallway (light strip) and the dining room (dark area). Waypoint 5 is just inside the dining room on the rug."
},
"thought": "The instruction is to 'Walk into the dining area'. I am currently at the threshold. Waypoint 5 is located just inside the room on the rug, near the entrance. Moving there will complete the first part of the instruction ('Walk into the dining area'). After entering, I will need to walk along the table to its end and then turn right.",
"stuck": false,
"plan": "1. Move into the dining room towards waypoint 5. 2. Continue walking along the side of the table (towards waypoint 6 or further). 3. Reach the end of the table. 4. Turn right as instructed.",
"curr_step": "I need to enter the room. Waypoint 5 is the closest point inside the dining area on the rug. Moving to it will place me inside the room.",
"action": 5
}
```
Action: turn
Action: move_forward
Action: turn
Action: move_forward
Action: turn
Action: move_forward
Action: null
waypoints: 41
skipped waypoints: edge 1,  distance 28,  no_path 0,  occlusion 5
```json
{
"movement": "I am standing in the dining room, facing towards the living room area with a fireplace. The long dining table is to my right. I have entered the room and am now positioned near the middle of the table.",
"observation": {
    "front view": "The path ahead leads towards the living room/fireplace area. Waypoint 5 is visible on the floor near the transition between the dining room and living room.",
    "left view": "A wall and a doorway with glass panes are visible to the left.",
    "right view": "The long wooden dining table and chairs are clearly visible to my right, along with a sideboard against the wall.",
    "map": "I am near waypoint 6 on the map. Waypoint 5 is ahead of me, marking the edge of the dining area near the living room entrance."
},
"thought": "The instruction is to 'Walk into the dining area and make a right when you get to the end of the table.' I have entered the dining area. The table is on my right. I need to walk along it to reach its end. Waypoint 5 appears to be located near the end of the table/rug area, just before entering the living room space. Therefore, moving towards waypoint 5 is the correct next step to reach the 'end of the table'. Once there, I will look for the opportunity to make a right turn.",
"stuck": false,
"plan": "1. Move forward along the side of the dining table towards waypoint 5. 2. Reach the end of the table near waypoint 5. 3. Make a right turn as instructed.",
"curr_step": "I need to continue walking into the dining area towards the end of the table. Waypoint 5 is the next logical point along this path.",
"action": 5
}
```
Action: turn
Action: move_forward
Action: turn
Action: move_forward
Action: move_forward
Action: null
waypoints: 53
skipped waypoints: edge 3,  distance 29,  no_path 0,  occlusion 15



Action: stop
waypoints: 53
skipped waypoints: edge 3,  distance 29,  no_path 0,  occlusion 15
```json
{
"movement": "I have entered the dining room and am currently standing near the entrance area. The long dining table is visible to my right. I need to walk further into the room along the side of the table to reach its end.",
"observation": {
    "front view": "The path continues forward towards a living area with a fireplace (labeled B). To the right is the dining table and seating area.",
    "left view": "A hallway or doorway is visible to the left, leading back towards where I came from or another room.",
    "right view": "The long wooden dining table with chairs is clearly visible on my right side.",
    "map": "I am near the start of the path into the large room. Waypoint 2 is ahead of me, closer to the center of the room and the transition to the living area."
},
"thought": "The instruction is to 'Walk into the dining area and make a right when you get to the end of the table.' I have entered the area but haven't reached the end of the table yet. The table is on my right. I need to continue walking forward along the side of the table to reach its far end. Waypoint 2 is located further into the room, closer to the fireplace and the end of the dining setup.",
"stuck": false,
"plan": "1. Move forward into the dining/living area towards waypoint 2. 2. Continue until I reach the end of the table. 3. Make a right turn as instructed.",
"curr_step": "I need to advance further into the room to get closer to the end of the table. Waypoint 2 is the next logical step along this path.",
"action": 2
}
```
Action: move_forward
Action: turn
Action: move_forward
Action: null
waypoints: 51
skipped waypoints: edge 0,  distance 36,  no_path 1,  occlusion 12
2026-09-19 03:55:54,219 - INFO - --- Episode 89, Step 21/100 ---
2026-09-19 03:55:54,890 - INFO - --- Episode 89, Step 22/100 ---
2026-09-19 03:55:56,071 - INFO - --- Episode 89, Step 23/100 ---
2026-09-19 03:55:57,212 - INFO - --- Episode 89, Step 24/100 ---
2026-09-19 03:55:58,990 - INFO - --- Episode 89, Step 25/100 ---
2026-09-19 03:56:00,278 - INFO - --- Episode 89, Step 26/100 ---
2026-09-19 03:56:01,660 - INFO - --- Episode 89, Step 27/100 ---
2026-09-19 03:56:25,357 - INFO - HTTP Request: POST http://127.0.0.1:22447/v1/chat/completions "HTTP/1.1 200 OK"
2026-09-19 03:56:36,727 - INFO - HTTP Request: POST http://127.0.0.1:22447/v1/chat/completions "HTTP/1.1 200 OK"
2026-09-19 03:56:38,475 - INFO - HTTP Request: POST http://127.0.0.1:22447/v1/chat/completions "HTTP/1.1 400 Bad Request"
 80%|████████  | 40/50 [7:45:14<1:47:52, 647.24s/it]Renderer: NVIDIA GeForce RTX 4090/PCIe/SSE2 by NVIDIA Corporation
OpenGL version: 4.6.0 NVIDIA 590.48.01
Using optional features:
    GL_ARB_vertex_array_object
    GL_ARB_separate_shader_objects
    GL_ARB_robustness
    GL_ARB_texture_storage
    GL_ARB_texture_view
    GL_ARB_framebuffer_no_attachments
    GL_ARB_invalidate_subdata
    GL_ARB_texture_storage_multisample
    GL_ARB_multi_bind
    GL_ARB_direct_state_access
    GL_ARB_get_texture_sub_image
    GL_ARB_texture_filter_anisotropic
    GL_KHR_debug
    GL_KHR_parallel_shader_compile
    GL_NV_depth_buffer_float
Using driver workarounds:
    no-forward-compatible-core-context
    nv-egl-incorrect-gl11-function-pointers
    no-layout-qualifiers-on-old-glsl
    nv-zero-context-profile-mask
    nv-implementation-color-read-format-dsa-broken
    nv-cubemap-inconsistent-compressed-image-size
    nv-cubemap-broken-full-compressed-image-query
    nv-compressed-block-size-in-bits
[03:56:43:095735]:[Warning]:[Metadata] SceneDatasetAttributes.cpp(107)::addNewSceneInstanceToDataset : Dataset : 'default' : Lighting Layout Attributes 'no_lights' specified in Scene Attributes but does not exist in dataset, so creating default.
2026-09-19 03:56:52,403 - INFO - Simulator initialized!
2026-09-19 03:57:10,457 - INFO - HTTP Request: POST http://127.0.0.1:22447/v1/chat/completions "HTTP/1.1 200 OK"
2026-09-19 03:57:11,157 - INFO - --- Episode 90, Step 1/100 ---
2026-09-19 04:00:33,391 - INFO - HTTP Request: POST http://127.0.0.1:22447/v1/chat/completions "HTTP/1.1 200 OK"
2026-09-19 04:03:38,791 - INFO - HTTP Request: POST http://127.0.0.1:22447/v1/chat/completions "HTTP/1.1 200 OK"
2026-09-19 04:04:16,828 - INFO - HTTP Request: POST http://127.0.0.1:22447/v1/chat/completions "HTTP/1.1 200 OK"
2026-09-19 04:04:17,531 - INFO - --- Episode 90, Step 2/100 ---
2026-09-19 04:04:18,239 - INFO - --- Episode 90, Step 3/100 ---
2026-09-19 04:04:18,900 - INFO - --- Episode 90, Step 4/100 ---
2026-09-19 04:04:19,757 - INFO - --- Episode 90, Step 5/100 ---
2026-09-19 04:04:20,334 - INFO - --- Episode 90, Step 6/100 ---
2026-09-19 04:04:29,850 - INFO - HTTP Request: POST http://127.0.0.1:22447/v1/chat/completions "HTTP/1.1 200 OK"
2026-09-19 04:04:39,632 - INFO - HTTP Request: POST http://127.0.0.1:22447/v1/chat/completions "HTTP/1.1 200 OK"
2026-09-19 04:04:56,362 - INFO - HTTP Request: POST http://127.0.0.1:22447/v1/chat/completions "HTTP/1.1 200 OK"
```json
{
"movement": "I have entered the large room with wood paneling. I am currently standing near a seating area with sofas and chairs. To my right is the dining area with a long table and chairs on a rug. To my left is a wall with wood paneling and a doorway leading back. I am facing towards a fireplace in the distance.",
"observation": {
    "front view": "I see a seating area with sofas and chairs ahead, leading towards a fireplace (labeled B in previous frames). There is wood paneling on the left wall.",
    "left view": "A doorway with glass panes is visible to the left, leading back towards the hallway I came from.",
    "right view": "The dining table is clearly visible on a rug to my right. It is a long table with high-backed chairs. Beyond it are large windows/doors.",
    "map": "I am near the center of the room, having moved past the initial entrance area. The dining area (cluster of chairs) is to the right of my path."
},
"thought": "The instruction is to 'Walk into the dining area and make a right when you get to the end of the table.' I have entered the room and am currently walking alongside the dining table which is on my right. To reach the 'end of the table', I need to continue moving forward along its length. Once I reach the far end (likely near the fireplace or windows), I will then make a right turn as instructed.",
"stuck": false,
"plan": "1. Continue walking forward alongside the dining table on my right. 2. Reach the end of the table. 3. Make a right turn into the hallway/area at the end of the table.",
"curr_step": "I am currently alongside the middle of the table. I need to move further forward to reach its end. Moving towards the seating area/fireplace ahead will bring me closer to the end of the table.",
"action": 1
}
```
Action: turn
Action: move_forward
Action: turn
Action: move_forward
Action: turn
Action: move_forward
Action: null
waypoints: 42
skipped waypoints: edge 5,  distance 18,  no_path 0,  occlusion 9


Action: stop
['enter bedroom', 'proceed into bathroom']
Initialized data for new floor level: 0
Switching pcds to floor level: 0
Initialized data for new floor level: 0
Switching pcds to floor level: 0
Initialized data for new floor level: 0
Switching pcds to floor level: 0
[StairDetect] normals=0.0038s, cpu=0.0003s, cluster=0.0312s, loop=0.0313s, total=0.0752s
waypoints: 21
skipped waypoints: edge 3,  distance 7,  no_path 0,  occlusion 3


```json
{
"movement": "Moving from the top of the stairs towards the landing area on the left, approaching the wall with the mirror and the black console table.",
"observation": {
    "front view": "I see the top of the stairs and a wall labeled 'B' ahead. To the left, there is an opening leading into a room (visible in the left view). To the right, a hallway extends towards white closet doors.",
    "left view": "A bedroom is visible through a doorway. There is a black console table against the wall on the left and a large mirror above it. A bed is visible inside the room.",
    "right view": "A hallway with white closet doors and another doorway further down is visible to the right.",
    "map": "I am at the 'START' position near the top of the stairs. Waypoint 5 is near the railing, and waypoint 6 is further to the left along the wall."
},
"thought": "I am at the top of the stairs on the landing. The instruction is to 'enter bedroom'. The bedroom is clearly visible to my left (Left View). To enter it, I need to move towards the doorway seen in the Left View and on the far left of the Front View. Waypoint 6 is located along the wall on the left, which aligns with the path towards the bedroom entrance.",
"stuck": false,
"plan": "Move towards waypoint 6 to get closer to the bedroom door and then enter the room.",
"curr_step": "Move towards waypoint 6.",
"action": 6
}
```
Calculated floor height difference: 2.97m
Action: turn
Action: move_forward
Action: turn
--- Height change stabilized. Height diff: -0.06, On platform: True, Metrics: {'inlier_count': 1071, 'local_count': 17785, 'support_ratio': 0.06021928591171103, 'vertical_score': 1.0, 'plane_height_mean': -1.2799650430679321, 'agent_z': -1.2638792514801025, 'vertical_diff': 0.016085791587829634, 'area_xy': 0.7488, 'radius_est': 0.48821147341538634, 'z_std': 0.04805883765220642, 'occupied_cells': 52, 'bottom_height_tolerance': 0.1}
--- No significant floor change. Height diff: -0.06, On platform: True, Metrics: {'inlier_count': 1071, 'local_count': 17785, 'support_ratio': 0.06021928591171103, 'vertical_score': 1.0, 'plane_height_mean': -1.2799650430679321, 'agent_z': -1.2638792514801025, 'vertical_diff': 0.016085791587829634, 'area_xy': 0.7488, 'radius_est': 0.48821147341538634, 'z_std': 0.04805883765220642, 'occupied_cells': 52, 'bottom_height_tolerance': 0.1}
Updated floor height: -1.06, ceiling height: 0.74
Action: move_forward
Action: null
waypoints: 20
skipped waypoints: edge 1,  distance 13,  no_path 1,  occlusion 0
```json
{
"movement": "Moving from the top of the stairs towards the landing area on the left, approaching the wall with the mirror and the black console table.",
"observation": {
    "front view": "I see the top of the stairs and a wall labeled 'B' ahead. To the left, there is an opening leading into a room (visible in the left view). To the right, a hallway extends towards white closet doors.",
    "left view": "A bedroom is visible through a doorway. There is a black console table against the wall on the left and a large mirror above it. A bed is visible inside the room.",
    "right view": "A hallway with white closet doors and another doorway further down is visible to the right.",
    "map": "I am at the 'START' position near the top of the stairs. Waypoint 5 is near the railing, and waypoint 6 is further to the left along the wall."
},
"thought": "I am at the top of the stairs on the landing. The instruction is to 'enter bedroom'. The bedroom is clearly visible to my left (Left View). To enter it, I need to move towards the doorway seen in the Left View and on the far left of the Front View. Waypoint 6 is located along the wall on the left, which aligns with the path towards the bedroom entrance.",
"stuck": false,
"plan": "Move towards waypoint 6 to get closer to the bedroom door and then enter the room.",
"curr_step": "Move towards waypoint 6.",
"action": 6
}
```
```json
{
"movement": "Moving from the top of the stairs towards the landing area on the left, approaching the wall with the mirror and the black console table.",
"observation": {
    "front view": "I see the top of the stairs and a wall labeled 'B' ahead. To the left, there is an opening leading into a room (visible in the left view). To the right, a hallway extends towards white closet doors.",
    "left view": "A bedroom is visible through a doorway. There is a black console table against the wall on the left and a large mirror above it. A bed is visible inside the room.",
    "right view": "A hallway with white closet doors and another doorway further down is visible to the right.",
    "map": "I am at the 'START' position near the top of the stairs. Waypoint 5 is near the railing, and waypoint 6 is further to the left along the wall."
},
"thought": "I am at the top of the stairs on the landing. The instruction is to 'enter bedroom'. The bedroom is clearly visible to my left (Left View). To enter it, I need to move towards the doorway seen in the Left View and on the far left of the Front View. Waypoint 6 is located along the wall on the left, which aligns with the path towards the bedroom entrance.",
"stuck": false,
"plan": "Move towards waypoint 6 to get closer to the bedroom door and then enter the room.",
"curr_step": "Move towards waypoint 6.",
"action": 6
}
```
2026-09-19 04:04:57,214 - INFO - --- Episode 90, Step 7/100 ---
2026-09-19 04:04:58,037 - INFO - --- Episode 90, Step 8/100 ---
2026-09-19 04:04:58,878 - INFO - --- Episode 90, Step 9/100 ---
2026-09-19 04:04:59,981 - INFO - --- Episode 90, Step 10/100 ---
2026-09-19 04:05:00,967 - INFO - --- Episode 90, Step 11/100 ---
2026-09-19 04:05:01,830 - INFO - --- Episode 90, Step 12/100 ---
2026-09-19 04:05:02,697 - INFO - --- Episode 90, Step 13/100 ---
2026-09-19 04:05:03,615 - INFO - --- Episode 90, Step 14/100 ---
2026-09-19 04:06:03,924 - INFO - HTTP Request: POST http://127.0.0.1:22447/v1/chat/completions "HTTP/1.1 200 OK"
2026-09-19 04:06:29,716 - INFO - HTTP Request: POST http://127.0.0.1:22447/v1/chat/completions "HTTP/1.1 200 OK"
2026-09-19 04:06:30,805 - INFO - --- Episode 90, Step 15/100 ---
2026-09-19 04:06:31,497 - INFO - --- Episode 90, Step 16/100 ---
2026-09-19 04:07:11,771 - INFO - HTTP Request: POST http://127.0.0.1:22447/v1/chat/completions "HTTP/1.1 200 OK"
2026-09-19 04:07:12,824 - INFO - --- Episode 90, Step 17/100 ---
2026-09-19 04:07:13,686 - INFO - --- Episode 90, Step 18/100 ---
2026-09-19 04:07:14,580 - INFO - --- Episode 90, Step 19/100 ---
2026-09-19 04:07:15,707 - INFO - --- Episode 90, Step 20/100 ---
2026-09-19 04:07:16,551 - INFO - --- Episode 90, Step 21/100 ---
2026-09-19 04:07:17,379 - INFO - --- Episode 90, Step 22/100 ---
2026-09-19 04:07:50,525 - INFO - HTTP Request: POST http://127.0.0.1:22447/v1/chat/completions "HTTP/1.1 200 OK"
2026-09-19 04:08:14,457 - INFO - HTTP Request: POST http://127.0.0.1:22447/v1/chat/completions "HTTP/1.1 200 OK"
2026-09-19 04:08:31,936 - INFO - HTTP Request: POST http://127.0.0.1:22447/v1/chat/completions "HTTP/1.1 200 OK"
2026-09-19 04:08:32,811 - INFO - --- Episode 90, Step 23/100 ---
2026-09-19 04:09:03,758 - INFO - HTTP Request: POST http://127.0.0.1:22447/v1/chat/completions "HTTP/1.1 200 OK"
2026-09-19 04:09:25,287 - INFO - HTTP Request: POST http://127.0.0.1:22447/v1/chat/completions "HTTP/1.1 200 OK"
2026-09-19 04:09:40,275 - INFO - HTTP Request: POST http://127.0.0.1:22447/v1/chat/completions "HTTP/1.1 200 OK"
 82%|████████▏ | 41/50 [7:58:14<1:43:02, 686.94s/it]Renderer: NVIDIA GeForce RTX 4090/PCIe/SSE2 by NVIDIA Corporation
OpenGL version: 4.6.0 NVIDIA 590.48.01
Using optional features:
    GL_ARB_vertex_array_object
    GL_ARB_separate_shader_objects
    GL_ARB_robustness
    GL_ARB_texture_storage
    GL_ARB_texture_view
    GL_ARB_framebuffer_no_attachments
    GL_ARB_invalidate_subdata
    GL_ARB_texture_storage_multisample
    GL_ARB_multi_bind
    GL_ARB_direct_state_access
    GL_ARB_get_texture_sub_image
    GL_ARB_texture_filter_anisotropic
    GL_KHR_debug
    GL_KHR_parallel_shader_compile
    GL_NV_depth_buffer_float
Using driver workarounds:
    no-forward-compatible-core-context
    nv-egl-incorrect-gl11-function-pointers
    no-layout-qualifiers-on-old-glsl
    nv-zero-context-profile-mask
    nv-implementation-color-read-format-dsa-broken
    nv-cubemap-inconsistent-compressed-image-size
    nv-cubemap-broken-full-compressed-image-query
    nv-compressed-block-size-in-bits
[04:09:42:670602]:[Warning]:[Metadata] SceneDatasetAttributes.cpp(107)::addNewSceneInstanceToDataset : Dataset : 'default' : Lighting Layout Attributes 'no_lights' specified in Scene Attributes but does not exist in dataset, so creating default.
2026-09-19 04:09:52,561 - INFO - Simulator initialized!
2026-09-19 04:10:23,076 - INFO - HTTP Request: POST http://127.0.0.1:22447/v1/chat/completions "HTTP/1.1 200 OK"
2026-09-19 04:10:23,752 - INFO - --- Episode 91, Step 1/100 ---
2026-09-19 04:13:44,570 - INFO - HTTP Request: POST http://127.0.0.1:22447/v1/chat/completions "HTTP/1.1 200 OK"
2026-09-19 04:14:38,654 - INFO - HTTP Request: POST http://127.0.0.1:22447/v1/chat/completions "HTTP/1.1 200 OK"
```json
{
"movement": "Moving from the landing area towards the bedroom entrance on the left.",
"observation": {
    "front view": "I see a wall labeled 'B' and a railing overlooking the stairs. To the left, there is an opening into a room with a bed.",
    "left view": "A bedroom is visible through a doorway. There is a black console table against the wall on the left and a large mirror above it. A bed is visible inside the room.",
    "right view": "A hallway with white closet doors and another doorway further down is visible to the right.",
    "map": "I am at the 'START' position near the top of the stairs. Waypoint 2 is located inside the bedroom with the bed."
},
"thought": "I am at the top of the stairs on the landing. The instruction is to 'enter bedroom'. The bedroom is clearly visible to my left (Left View). To enter it, I need to move towards the doorway seen in the Left View and on the far left of the Front View. Waypoint 2 is located inside the bedroom, which aligns with the path towards the bedroom entrance.",
"stuck": false,
"plan": "Move towards waypoint 2 to enter the bedroom.",
"curr_step": "Move towards waypoint 2.",
"action": 2
}
```
Action: turn
--- Height change stabilized. Height diff: -0.14, On platform: True, Metrics: {'inlier_count': 11638, 'local_count': 27257, 'support_ratio': 0.42697288768290814, 'vertical_score': 1.0, 'plane_height_mean': -1.3484853506088257, 'agent_z': -1.3359121799468994, 'vertical_diff': 0.012573170661926314, 'area_xy': 6.048, 'radius_est': 1.387493492467466, 'z_std': 0.01050339825451374, 'occupied_cells': 420, 'bottom_height_tolerance': 0.1}
--- No significant floor change. Height diff: -0.14, On platform: True, Metrics: {'inlier_count': 11638, 'local_count': 27257, 'support_ratio': 0.42697288768290814, 'vertical_score': 1.0, 'plane_height_mean': -1.3484853506088257, 'agent_z': -1.3359121799468994, 'vertical_diff': 0.012573170661926314, 'area_xy': 6.048, 'radius_est': 1.387493492467466, 'z_std': 0.01050339825451374, 'occupied_cells': 420, 'bottom_height_tolerance': 0.1}
Updated floor height: -1.14, ceiling height: 0.66
Action: move_forward
Action: turn
Action: move_forward
Action: turn
Action: move_forward
Action: null
Action: turn
waypoints: 13
skipped waypoints: edge 1,  distance 2,  no_path 0,  occlusion 3

```json
{
"movement": "Moving from the middle of the bedroom towards the far end near the windows and the chair.",
"observation": {
    "front view": "I see the foot of the bed on the left, a long black dresser on the right, and glass doors leading to a balcony straight ahead. There is a white chair in the corner near the window.",
    "left view": "The side of the bed and a nightstand with a lamp are visible. A door leading back to the hallway is visible further back.",
    "right view": "The black dresser continues along the wall. A mirror is mounted above it. The entrance door is visible in the distance.",
    "map": "I am in the blue bedroom area. Waypoints 2, 14, and 7 are located near the far end of the room, close to the 'chair' and 'desk' labels on the map."
},
"thought": "I have entered the bedroom and am now positioned between the bed and the dresser. The next instruction is to 'proceed into bathroom'. Looking at the map, there appears to be a room or area near waypoints 2/14/7 which likely contains the bathroom or leads to it. I need to move towards that area to find the bathroom entrance.",
"stuck": false,
"plan": "Move forward towards the chair and window area at the far end of the bedroom to locate the bathroom entrance.",
"curr_step": "Move forward towards the far end of the room.",
"action": 3
}
```
--- Height change stabilized. Height diff: -0.03, On platform: True, Metrics: {'inlier_count': 898, 'local_count': 40300, 'support_ratio': 0.022282878411357745, 'vertical_score': 1.0, 'plane_height_mean': -1.1974647045135498, 'agent_z': -1.226698350906372, 'vertical_diff': 0.02923364639282222, 'area_xy': 0.8496, 'radius_est': 0.5200346904791531, 'z_std': 0.03816481679677963, 'occupied_cells': 59, 'bottom_height_tolerance': 0.1}
--- No significant floor change. Height diff: -0.03, On platform: True, Metrics: {'inlier_count': 898, 'local_count': 40300, 'support_ratio': 0.022282878411357745, 'vertical_score': 1.0, 'plane_height_mean': -1.1974647045135498, 'agent_z': -1.226698350906372, 'vertical_diff': 0.02923364639282222, 'area_xy': 0.8496, 'radius_est': 0.5200346904791531, 'z_std': 0.03816481679677963, 'occupied_cells': 59, 'bottom_height_tolerance': 0.1}
Updated floor height: -1.03, ceiling height: 0.77
Action: move_forward
Action: null
waypoints: 12
skipped waypoints: edge 2,  distance 0,  no_path 0,  occlusion 4
```json
{
"movement": "Moving from the middle of the bedroom towards the foot of the bed and the left side of the room.",
"observation": {
    "front view": "I see the foot of the bed on the left, a long black dresser on the right, and glass doors leading to a balcony straight ahead. There is a white chair in the corner near the window.",
    "left view": "The side of the bed and a nightstand with a lamp are visible. A door leading to another room (likely the bathroom) is visible on the far left wall.",
    "right view": "The black dresser continues along the wall. A mirror is mounted above it. The entrance door is visible in the distance.",
    "map": "I am in the blue bedroom area. Waypoint 6 is located near the foot of the bed, which is on the path towards the door seen in the left view."
},
"thought": "I have entered the bedroom and am now positioned between the bed and the dresser. The next instruction is to 'proceed into bathroom'. Looking at the Left View, there is a door on the far left wall which likely leads to the bathroom. To reach it, I need to move towards the left side of the room. Waypoint 6 is near the foot of the bed, which aligns with the path towards that door.",
"stuck": false,
"plan": "Move towards waypoint 6 to get closer to the bathroom entrance on the left wall.",
"curr_step": "Move towards waypoint 6.",
"action": 6
}
```
Action: turn
--- Height change stabilized. Height diff: 0.05, On platform: True, Metrics: {'inlier_count': 1398, 'local_count': 37588, 'support_ratio': 0.037192721080206645, 'vertical_score': 1.0, 'plane_height_mean': -1.1375876665115356, 'agent_z': -1.1518380165100097, 'vertical_diff': 0.014250349998474077, 'area_xy': 0.9503999999999999, 'radius_est': 0.5500197413085048, 'z_std': 0.04042927548289299, 'occupied_cells': 66, 'bottom_height_tolerance': 0.1}
--- No significant floor change. Height diff: 0.05, On platform: True, Metrics: {'inlier_count': 1398, 'local_count': 37588, 'support_ratio': 0.037192721080206645, 'vertical_score': 1.0, 'plane_height_mean': -1.1375876665115356, 'agent_z': -1.1518380165100097, 'vertical_diff': 0.014250349998474077, 'area_xy': 0.9503999999999999, 'radius_est': 0.5500197413085048, 'z_std': 0.04042927548289299, 'occupied_cells': 66, 'bottom_height_tolerance': 0.1}
Updated floor height: -0.95, ceiling height: 0.85
Action: move_forward
Action: turn
Action: move_forward
Action: null
Action: turn
waypoints: 10
skipped waypoints: edge 0,  distance 0,  no_path 0,  occlusion 1



Action: stop
waypoints: 10
skipped waypoints: edge 0,  distance 0,  no_path 0,  occlusion 1



Action: stop
['Walk down the hallway past the vases, enter the bedroom', 'walk to the foot of the bed, walk toward the bathroom on the left, wait in the doorway to the bathroom.']
Initialized data for new floor level: 0
Switching pcds to floor level: 0
Initialized data for new floor level: 0
Switching pcds to floor level: 0
Initialized data for new floor level: 0
Switching pcds to floor level: 0
[StairDetect] normals=0.0039s, cpu=0.0003s, cluster=0.0316s, loop=0.0315s, total=0.0760s
waypoints: 21
skipped waypoints: edge 3,  distance 7,  no_path 0,  occlusion 3

2026-09-19 04:14:39,303 - INFO - --- Episode 91, Step 2/100 ---
2026-09-19 04:14:39,982 - INFO - --- Episode 91, Step 3/100 ---
2026-09-19 04:14:40,677 - INFO - --- Episode 91, Step 4/100 ---
2026-09-19 04:14:41,576 - INFO - --- Episode 91, Step 5/100 ---
2026-09-19 04:14:42,176 - INFO - --- Episode 91, Step 6/100 ---
2026-09-19 04:17:12,988 - INFO - HTTP Request: POST http://127.0.0.1:22447/v1/chat/completions "HTTP/1.1 200 OK"
2026-09-19 04:19:26,479 - INFO - HTTP Request: POST http://127.0.0.1:22447/v1/chat/completions "HTTP/1.1 200 OK"
2026-09-19 04:19:53,401 - INFO - HTTP Request: POST http://127.0.0.1:22447/v1/chat/completions "HTTP/1.1 200 OK"
2026-09-19 04:19:54,295 - INFO - --- Episode 91, Step 7/100 ---
2026-09-19 04:19:55,160 - INFO - --- Episode 91, Step 8/100 ---
2026-09-19 04:19:56,079 - INFO - --- Episode 91, Step 9/100 ---
2026-09-19 04:19:57,194 - INFO - --- Episode 91, Step 10/100 ---
2026-09-19 04:19:58,244 - INFO - --- Episode 91, Step 11/100 ---
2026-09-19 04:19:59,075 - INFO - --- Episode 91, Step 12/100 ---
2026-09-19 04:19:59,927 - INFO - --- Episode 91, Step 13/100 ---
2026-09-19 04:20:00,884 - INFO - --- Episode 91, Step 14/100 ---
2026-09-19 04:20:47,768 - INFO - HTTP Request: POST http://127.0.0.1:22447/v1/chat/completions "HTTP/1.1 200 OK"
2026-09-19 04:20:48,917 - INFO - --- Episode 91, Step 15/100 ---
2026-09-19 04:22:10,335 - INFO - HTTP Request: POST http://127.0.0.1:22447/v1/chat/completions "HTTP/1.1 200 OK"
2026-09-19 04:22:45,873 - INFO - HTTP Request: POST http://127.0.0.1:22447/v1/chat/completions "HTTP/1.1 200 OK"
```json
{
"movement": "I am currently at the top of the stairs/landing area. I have not moved yet.",
"observation": {
    "front view": "I see the landing with decorative plates on the wall (waypoint 3) and a hallway leading to the right (waypoint 1). To the left, there is an opening towards a room.",
    "left view": "I see a black console table with a large green sculpture/vase on top. Beyond it, there is a bedroom with a white bed visible through a doorway.",
    "right view": "I see a long hallway extending to the right with white closet doors.",
    "map": "I am at the START point near the stairs. Waypoint 2 is to my left near the radiator/black table area. Waypoint 1 is down the hallway to the right."
},
"thought": "The instruction is to 'Walk down the hallway past the vases, enter the bedroom'. Looking at the Left View, there is a black console table with a large object (likely a vase or sculpture) on it, and immediately beyond it is a bedroom. This matches the sequence 'past the vases, enter the bedroom' perfectly. The space to the left acts as a short hallway/landing leading to the bedroom. Therefore, I should move towards the left side of the landing, past the black table (vases), towards the bedroom.",
"stuck": false,
"plan": "Move towards the left side of the landing (towards waypoint 2) to pass the 'vases' on the black console table and then proceed into the bedroom visible in the Left View.",
"curr_step": "I need to move towards the area with the black table and the bedroom entrance. Waypoint 2 is located near the radiator and the black table, which aligns with the path 'past the vases'.",
"action": 2
}
```
Calculated floor height difference: 2.97m
Action: turn
Action: move_forward
Action: turn
--- Height change stabilized. Height diff: -0.06, On platform: True, Metrics: {'inlier_count': 1070, 'local_count': 17782, 'support_ratio': 0.06017320885951112, 'vertical_score': 1.0, 'plane_height_mean': -1.2794272899627686, 'agent_z': -1.2638792514801025, 'vertical_diff': 0.01554803848266606, 'area_xy': 0.7488, 'radius_est': 0.48821147341538634, 'z_std': 0.04804949834942818, 'occupied_cells': 52, 'bottom_height_tolerance': 0.1}
--- No significant floor change. Height diff: -0.06, On platform: True, Metrics: {'inlier_count': 1070, 'local_count': 17782, 'support_ratio': 0.06017320885951112, 'vertical_score': 1.0, 'plane_height_mean': -1.2794272899627686, 'agent_z': -1.2638792514801025, 'vertical_diff': 0.01554803848266606, 'area_xy': 0.7488, 'radius_est': 0.48821147341538634, 'z_std': 0.04804949834942818, 'occupied_cells': 52, 'bottom_height_tolerance': 0.1}
Updated floor height: -1.06, ceiling height: 0.74
Action: move_forward
Action: null
waypoints: 20
skipped waypoints: edge 1,  distance 13,  no_path 1,  occlusion 0


```json
{
"movement": "I have moved from the top of the stairs onto the landing. I am currently facing the railing and the wall with decorative plates. To my left, there is an entrance to a bedroom with a bed visible.",
"observation": {
    "front view": "I see the top of the staircase railing and a wall with three leaf-shaped decorations. To the left, there is an opening into a bedroom.",
    "left view": "I see the entrance to a bedroom with a large bed, glass doors leading to a balcony, and a black console table with decorative items (vases) against the wall.",
    "right view": "I see the hallway extending to the right with white closet doors.",
    "map": "I am at waypoint 5 on the landing. Waypoint 4 is located inside the bedroom to the left, near the bed."
},
"thought": "The instruction is to 'Walk down the hallway past the vases, enter the bedroom'. I am currently on the landing near the top of the stairs. The black console table with items (likely the 'vases') is visible in the Left View, positioned near the bedroom entrance. To follow the instruction, I need to move towards and into the bedroom. Waypoint 4 is located inside the bedroom near the bed, which aligns with the goal of entering the bedroom.",
"stuck": false,
"plan": "Move from the landing (waypoint 5) into the bedroom towards the bed (waypoint 4). This will involve passing the black console table with the vases.",
"curr_step": "I need to enter the bedroom. Waypoint 4 is inside the bedroom. I should move towards it.",
"action": 4
}
```
Action: turn
--- Height change stabilized. Height diff: -0.14, On platform: True, Metrics: {'inlier_count': 11640, 'local_count': 27253, 'support_ratio': 0.42710894211913886, 'vertical_score': 1.0, 'plane_height_mean': -1.348487377166748, 'agent_z': -1.3359121799468994, 'vertical_diff': 0.012575197219848677, 'area_xy': 6.048, 'radius_est': 1.387493492467466, 'z_std': 0.010501407086849213, 'occupied_cells': 420, 'bottom_height_tolerance': 0.1}
--- No significant floor change. Height diff: -0.14, On platform: True, Metrics: {'inlier_count': 11640, 'local_count': 27253, 'support_ratio': 0.42710894211913886, 'vertical_score': 1.0, 'plane_height_mean': -1.348487377166748, 'agent_z': -1.3359121799468994, 'vertical_diff': 0.012575197219848677, 'area_xy': 6.048, 'radius_est': 1.387493492467466, 'z_std': 0.010501407086849213, 'occupied_cells': 420, 'bottom_height_tolerance': 0.1}
Updated floor height: -1.14, ceiling height: 0.66
Action: move_forward
Action: turn
Action: move_forward
Action: turn
Action: move_forward
Action: null
Action: turn
waypoints: 13
skipped waypoints: edge 1,  distance 2,  no_path 0,  occlusion 3
```json
{
"movement": "I have entered the bedroom and walked past the foot of the bed towards the dresser with vases. I am now facing the dresser, with the bed to my left.",
"observation": {
    "front view": "I see a black dresser with decorative items (vases) on it. To the left is the foot of the bed. In the background are glass doors leading to a balcony.",
    "left view": "I see the side of the bed and a white door, which is likely the bathroom or a closet.",
    "right view": "I see the dresser and a mirror on the wall.",
    "map": "I am near the foot of the bed (blue area). The target bathroom door is to the left of the bed, near the 'lamp' label."
},
"thought": "I have completed P1 by entering the bedroom. Now I need to complete P2: 'walk to the foot of the bed, walk toward the bathroom on the left, wait in the doorway to the bathroom.' I am currently near the foot of the bed. The bathroom door is visible in the Left View, located to the left of the bed. Therefore, I need to turn left to face it and then move towards it.",
"stuck": false,
"plan": "Turn left to face the bathroom door seen in the left view, then move forward towards it to wait in the doorway.",
"curr_step": "I am at the foot of the bed. The bathroom is on the left. I need to turn left to align with the bathroom door.",
"action": "L"
}
```
Action: turn
waypoints: 17
skipped waypoints: edge 0,  distance 4,  no_path 0,  occlusion 6

2026-09-19 04:22:46,916 - INFO - --- Episode 91, Step 16/100 ---
2026-09-19 04:22:47,562 - INFO - --- Episode 91, Step 17/100 ---
2026-09-19 04:22:48,215 - INFO - --- Episode 91, Step 18/100 ---
2026-09-19 04:22:48,901 - INFO - --- Episode 91, Step 19/100 ---
2026-09-19 04:22:49,709 - INFO - --- Episode 91, Step 20/100 ---
2026-09-19 04:22:50,331 - INFO - --- Episode 91, Step 21/100 ---
2026-09-19 04:22:51,205 - INFO - --- Episode 91, Step 22/100 ---
2026-09-19 04:22:52,054 - INFO - --- Episode 91, Step 23/100 ---
2026-09-19 04:22:52,738 - INFO - --- Episode 91, Step 24/100 ---
2026-09-19 04:23:20,313 - INFO - HTTP Request: POST http://127.0.0.1:22447/v1/chat/completions "HTTP/1.1 200 OK"
2026-09-19 04:23:36,747 - INFO - HTTP Request: POST http://127.0.0.1:22447/v1/chat/completions "HTTP/1.1 200 OK"
2026-09-19 04:23:38,862 - INFO - HTTP Request: POST http://127.0.0.1:22447/v1/chat/completions "HTTP/1.1 400 Bad Request"
2026-09-19 04:23:39,690 - INFO - --- Episode 91, Step 25/100 ---
2026-09-19 04:24:00,238 - INFO - HTTP Request: POST http://127.0.0.1:22447/v1/chat/completions "HTTP/1.1 200 OK"
2026-09-19 04:24:01,366 - INFO - --- Episode 91, Step 26/100 ---
2026-09-19 04:24:02,190 - INFO - --- Episode 91, Step 27/100 ---
2026-09-19 04:24:02,935 - INFO - --- Episode 91, Step 28/100 ---
2026-09-19 04:24:03,595 - INFO - --- Episode 91, Step 29/100 ---
2026-09-19 04:24:04,320 - INFO - --- Episode 91, Step 30/100 ---
2026-09-19 04:24:04,949 - INFO - --- Episode 91, Step 31/100 ---
2026-09-19 04:24:05,577 - INFO - --- Episode 91, Step 32/100 ---
2026-09-19 04:24:06,514 - INFO - --- Episode 91, Step 33/100 ---
2026-09-19 04:24:07,684 - INFO - --- Episode 91, Step 34/100 ---
2026-09-19 04:24:14,568 - INFO - HTTP Request: POST http://127.0.0.1:22447/v1/chat/completions "HTTP/1.1 400 Bad Request"
2026-09-19 04:24:15,958 - INFO - HTTP Request: POST http://127.0.0.1:22447/v1/chat/completions "HTTP/1.1 400 Bad Request"
2026-09-19 04:24:17,472 - INFO - HTTP Request: POST http://127.0.0.1:22447/v1/chat/completions "HTTP/1.1 400 Bad Request"
 84%|████████▍ | 42/50 [8:12:53<1:39:17, 744.64s/it]Renderer: NVIDIA GeForce RTX 4090/PCIe/SSE2 by NVIDIA Corporation
OpenGL version: 4.6.0 NVIDIA 590.48.01
Using optional features:
    GL_ARB_vertex_array_object
    GL_ARB_separate_shader_objects
    GL_ARB_robustness
    GL_ARB_texture_storage
    GL_ARB_texture_view
    GL_ARB_framebuffer_no_attachments
    GL_ARB_invalidate_subdata
    GL_ARB_texture_storage_multisample
    GL_ARB_multi_bind
    GL_ARB_direct_state_access
    GL_ARB_get_texture_sub_image
    GL_ARB_texture_filter_anisotropic
    GL_KHR_debug
    GL_KHR_parallel_shader_compile
    GL_NV_depth_buffer_float
Using driver workarounds:
    no-forward-compatible-core-context
    nv-egl-incorrect-gl11-function-pointers
    no-layout-qualifiers-on-old-glsl
    nv-zero-context-profile-mask
    nv-implementation-color-read-format-dsa-broken
    nv-cubemap-inconsistent-compressed-image-size
    nv-cubemap-broken-full-compressed-image-query
    nv-compressed-block-size-in-bits
[04:24:21:934476]:[Warning]:[Metadata] SceneDatasetAttributes.cpp(107)::addNewSceneInstanceToDataset : Dataset : 'default' : Lighting Layout Attributes 'no_lights' specified in Scene Attributes but does not exist in dataset, so creating default.
2026-09-19 04:24:31,832 - INFO - Simulator initialized!
2026-09-19 04:24:53,107 - INFO - HTTP Request: POST http://127.0.0.1:22447/v1/chat/completions "HTTP/1.1 200 OK"
2026-09-19 04:24:53,765 - INFO - --- Episode 92, Step 1/100 ---
2026-09-19 04:28:23,207 - INFO - HTTP Request: POST http://127.0.0.1:22447/v1/chat/completions "HTTP/1.1 200 OK"
2026-09-19 04:31:31,615 - INFO - HTTP Request: POST http://127.0.0.1:22447/v1/chat/completions "HTTP/1.1 200 OK"
2026-09-19 04:34:23,663 - INFO - HTTP Request: POST http://127.0.0.1:22447/v1/chat/completions "HTTP/1.1 200 OK"
2026-09-19 04:34:24,221 - INFO - --- Episode 92, Step 2/100 ---
2026-09-19 04:37:01,380 - INFO - HTTP Request: POST http://127.0.0.1:22447/v1/chat/completions "HTTP/1.1 200 OK"
2026-09-19 04:39:16,891 - INFO - HTTP Request: POST http://127.0.0.1:22447/v1/chat/completions "HTTP/1.1 200 OK"
2026-09-19 04:41:10,643 - INFO - HTTP Request: POST http://127.0.0.1:22447/v1/chat/completions "HTTP/1.1 200 OK"
 86%|████████▌ | 43/50 [8:29:43<1:36:09, 824.27s/it]Renderer: NVIDIA GeForce RTX 4090/PCIe/SSE2 by NVIDIA Corporation
OpenGL version: 4.6.0 NVIDIA 590.48.01
Using optional features:
    GL_ARB_vertex_array_object
    GL_ARB_separate_shader_objects
    GL_ARB_robustness
    GL_ARB_texture_storage
    GL_ARB_texture_view
    GL_ARB_framebuffer_no_attachments
    GL_ARB_invalidate_subdata
    GL_ARB_texture_storage_multisample
    GL_ARB_multi_bind
    GL_ARB_direct_state_access
    GL_ARB_get_texture_sub_image
    GL_ARB_texture_filter_anisotropic
    GL_KHR_debug
    GL_KHR_parallel_shader_compile
    GL_NV_depth_buffer_float
Using driver workarounds:
    no-forward-compatible-core-context
    nv-egl-incorrect-gl11-function-pointers
    no-layout-qualifiers-on-old-glsl
    nv-zero-context-profile-mask
    nv-implementation-color-read-format-dsa-broken
    nv-cubemap-inconsistent-compressed-image-size
    nv-cubemap-broken-full-compressed-image-query
    nv-compressed-block-size-in-bits
[04:41:11:999238]:[Warning]:[Metadata] SceneDatasetAttributes.cpp(107)::addNewSceneInstanceToDataset : Dataset : 'default' : Lighting Layout Attributes 'no_lights' specified in Scene Attributes but does not exist in dataset, so creating default.
2026-09-19 04:41:24,812 - INFO - Simulator initialized!
2026-09-19 04:41:49,296 - INFO - HTTP Request: POST http://127.0.0.1:22447/v1/chat/completions "HTTP/1.1 200 OK"
2026-09-19 04:41:49,967 - INFO - --- Episode 93, Step 1/100 ---
2026-09-19 04:45:15,534 - INFO - HTTP Request: POST http://127.0.0.1:22447/v1/chat/completions "HTTP/1.1 200 OK"
2026-09-19 04:45:55,728 - INFO - HTTP Request: POST http://127.0.0.1:22447/v1/chat/completions "HTTP/1.1 200 OK"
```json
{
"movement": "I have entered the bedroom and am currently standing near the foot of the bed, facing the bed. The dresser with vases is to my right (visible in Right View). The open door to the bathroom is visible in the Front View on the left side of the bed.",
"observation": {
    "front view": "I see the bed directly ahead. To the left of the bed, there is an open white door leading to a hallway/bathroom area. A nightstand with a lamp is next to the bed.",
    "left view": "I see the hallway leading away from the bedroom and another room further down.",
    "right view": "I see a long black dresser with decorative items (vases) on top, and glass doors leading to a balcony.",
    "map": "I am in the blue area (bedroom). The pink area is the bathroom. The door connecting them is visible in the Front View."
},
"thought": "I have completed entering the bedroom (P1). Now I need to follow P2: 'walk to the foot of the bed, walk toward the bathroom on the left, wait in the doorway to the bathroom.' I am currently at the foot of the bed. The bathroom door is to my left/front-left. I need to move towards that doorway.",
"stuck": false,
"plan": "Move from my current position near the foot of the bed towards the open door on the left (waypoint 4) which leads to the bathroom.",
"curr_step": "I am at the foot of the bed. The bathroom is through the door on the left. I need to move towards waypoint 4.",
"action": 4
}
```
Action: turn
Action: move_forward
Action: turn
Action: move_forward
Action: turn
--- Height change stabilized. Height diff: 0.06, On platform: True, Metrics: {'inlier_count': 2149, 'local_count': 38183, 'support_ratio': 0.056281591282605306, 'vertical_score': 1.0, 'plane_height_mean': -1.1381609439849854, 'agent_z': -1.1394593238830566, 'vertical_diff': 0.0012983798980712447, 'area_xy': 0.9216, 'radius_est': 0.541622000205846, 'z_std': 0.04387849569320679, 'occupied_cells': 64, 'bottom_height_tolerance': 0.1}
--- No significant floor change. Height diff: 0.06, On platform: True, Metrics: {'inlier_count': 2149, 'local_count': 38183, 'support_ratio': 0.056281591282605306, 'vertical_score': 1.0, 'plane_height_mean': -1.1381609439849854, 'agent_z': -1.1394593238830566, 'vertical_diff': 0.0012983798980712447, 'area_xy': 0.9216, 'radius_est': 0.541622000205846, 'z_std': 0.04387849569320679, 'occupied_cells': 64, 'bottom_height_tolerance': 0.1}
Updated floor height: -0.94, ceiling height: 0.86
Action: move_forward
--- Height change stabilized. Height diff: -0.01, On platform: True, Metrics: {'inlier_count': 1259, 'local_count': 30604, 'support_ratio': 0.04113841327796568, 'vertical_score': 1.0, 'plane_height_mean': -1.1811151504516602, 'agent_z': -1.2110840797424316, 'vertical_diff': 0.02996892929077144, 'area_xy': 0.6048, 'radius_est': 0.4387639674858871, 'z_std': 0.04363127425312996, 'occupied_cells': 42, 'bottom_height_tolerance': 0.1}
--- No significant floor change. Height diff: -0.01, On platform: True, Metrics: {'inlier_count': 1259, 'local_count': 30604, 'support_ratio': 0.04113841327796568, 'vertical_score': 1.0, 'plane_height_mean': -1.1811151504516602, 'agent_z': -1.2110840797424316, 'vertical_diff': 0.02996892929077144, 'area_xy': 0.6048, 'radius_est': 0.4387639674858871, 'z_std': 0.04363127425312996, 'occupied_cells': 42, 'bottom_height_tolerance': 0.1}
Updated floor height: -1.01, ceiling height: 0.79
Action: move_forward
Action: null
Action: turn
waypoints: 32
skipped waypoints: edge 1,  distance 16,  no_path 0,  occlusion 1


Action: stop
waypoints: 32
skipped waypoints: edge 1,  distance 16,  no_path 0,  occlusion 1
```json
{
"movement": "I have moved from the foot of the bed towards the hallway/closet area. I am now facing the closet doors and the bathroom entrance is visible to the left.",
"observation": {
    "front view": "I see a white closet/dresser unit straight ahead. To the left of it, there is an open doorway leading into a bathroom with a window and tub visible.",
    "left view": "I see the side of the white dresser and the entrance to the bathroom more clearly.",
    "right view": "I see the bed and the rest of the bedroom.",
    "map": "I am near the foot of the bed. The pink area (bathroom) is to my left-front."
},
"thought": "I have completed walking to the foot of the bed. Now I need to walk toward the bathroom on the left and wait in its doorway. The bathroom is visible through the opening to the left of the closet in the Front View. Waypoint 14 is located near this entrance.",
"stuck": false,
"plan": "Move towards the bathroom doorway which is to the left-front of my current position. I will aim for waypoint 14 which is near the threshold of that room.",
"curr_step": "I am facing the closet. The bathroom is to the left. I need to move forward and slightly left to reach the bathroom doorway.",
"action": 14
}
```
Action: turn
Action: move_forward
Action: move_forward
Action: turn
--- Height change stabilized. Height diff: 0.06, On platform: True, Metrics: {'inlier_count': 1507, 'local_count': 41592, 'support_ratio': 0.036232929408630675, 'vertical_score': 1.0, 'plane_height_mean': -1.1308212280273438, 'agent_z': -1.1359123706817627, 'vertical_diff': 0.005091142654418901, 'area_xy': 0.6623999999999999, 'radius_est': 0.4591823914395487, 'z_std': 0.042828064411878586, 'occupied_cells': 46, 'bottom_height_tolerance': 0.1}
--- No significant floor change. Height diff: 0.06, On platform: True, Metrics: {'inlier_count': 1507, 'local_count': 41592, 'support_ratio': 0.036232929408630675, 'vertical_score': 1.0, 'plane_height_mean': -1.1308212280273438, 'agent_z': -1.1359123706817627, 'vertical_diff': 0.005091142654418901, 'area_xy': 0.6623999999999999, 'radius_est': 0.4591823914395487, 'z_std': 0.042828064411878586, 'occupied_cells': 46, 'bottom_height_tolerance': 0.1}
Updated floor height: -0.94, ceiling height: 0.86
Action: move_forward
Action: turn
Action: move_forward
Action: null
Action: turn
waypoints: 26
skipped waypoints: edge 1,  distance 14,  no_path 0,  occlusion 0
Action: stop
['Enter the first bedroom on the right and wait in the en suite bathroom.']
Initialized data for new floor level: 0
Switching pcds to floor level: 0
Initialized data for new floor level: 0
Switching pcds to floor level: 0
Initialized data for new floor level: 0
Switching pcds to floor level: 0
[StairDetect] normals=0.0038s, cpu=0.0003s, cluster=0.0318s, loop=0.0317s, total=0.0763s
waypoints: 21
skipped waypoints: edge 3,  distance 7,  no_path 0,  occlusion 3



Calculated floor height difference: 2.97m
Action: stop
waypoints: 18
skipped waypoints: edge 2,  distance 7,  no_path 0,  occlusion 4



Action: stop
['Walk forward, take a left around the corner and walk all the way to the end of the hallway', 'stop at the door before the bedroom.']
Initialized data for new floor level: 0
Switching pcds to floor level: 0
Initialized data for new floor level: 0
Switching pcds to floor level: 0
Initialized data for new floor level: 0
Switching pcds to floor level: 0
[StairDetect] normals=0.0028s, cpu=0.0003s, cluster=0.0193s, loop=0.0144s, total=0.0471s
waypoints: 23
skipped waypoints: edge 0,  distance 14,  no_path 0,  occlusion 3

2026-09-19 04:45:56,367 - INFO - --- Episode 93, Step 2/100 ---
2026-09-19 04:45:56,889 - INFO - --- Episode 93, Step 3/100 ---
2026-09-19 04:45:57,575 - INFO - --- Episode 93, Step 4/100 ---
2026-09-19 04:45:58,507 - INFO - --- Episode 93, Step 5/100 ---
2026-09-19 04:48:31,583 - INFO - HTTP Request: POST http://127.0.0.1:22447/v1/chat/completions "HTTP/1.1 200 OK"
2026-09-19 04:48:52,391 - INFO - HTTP Request: POST http://127.0.0.1:22447/v1/chat/completions "HTTP/1.1 200 OK"
2026-09-19 04:48:53,140 - INFO - --- Episode 93, Step 6/100 ---
2026-09-19 04:48:53,729 - INFO - --- Episode 93, Step 7/100 ---
2026-09-19 04:48:54,336 - INFO - --- Episode 93, Step 8/100 ---
2026-09-19 04:48:55,129 - INFO - --- Episode 93, Step 9/100 ---
2026-09-19 04:48:56,207 - INFO - --- Episode 93, Step 10/100 ---
2026-09-19 04:48:57,050 - INFO - --- Episode 93, Step 11/100 ---
2026-09-19 04:48:57,996 - INFO - --- Episode 93, Step 12/100 ---
2026-09-19 04:49:33,889 - INFO - HTTP Request: POST http://127.0.0.1:22447/v1/chat/completions "HTTP/1.1 200 OK"
2026-09-19 04:49:34,861 - INFO - --- Episode 93, Step 13/100 ---
2026-09-19 04:49:35,786 - INFO - --- Episode 93, Step 14/100 ---
2026-09-19 04:49:36,557 - INFO - --- Episode 93, Step 15/100 ---
2026-09-19 04:49:37,452 - INFO - --- Episode 93, Step 16/100 ---
2026-09-19 04:49:38,327 - INFO - --- Episode 93, Step 17/100 ---
2026-09-19 04:49:38,961 - INFO - --- Episode 93, Step 18/100 ---
2026-09-19 04:49:39,828 - INFO - --- Episode 93, Step 19/100 ---
2026-09-19 04:50:00,329 - INFO - HTTP Request: POST http://127.0.0.1:22447/v1/chat/completions "HTTP/1.1 200 OK"
```json
{
"movement": "Moving forward from the starting position towards the tiled area and the archway ahead.",
"observation": {
    "front view": "A tiled floor leads straight ahead towards an archway labeled 'B'. To the left is an opening into a living room with a fireplace and TV. To the right is a wall with a framed picture. Waypoint 1 is visible on the floor ahead.",
    "left view": "A large painting hangs on the wall to the left, bordering the entrance to the living room.",
    "right view": "Glass doors leading outside and a console table with flowers are visible to the right.",
    "map": "The map shows the current position near 'START' (waypoint 4). The path forward leads through waypoints 1 and 3. From waypoint 3, there appears to be a path turning left towards waypoints 2 and 5."
},
"thought": "I am at the beginning of task P1. The instruction is to 'Walk forward, take a left around the corner and walk all the way to the end of the hallway'. Currently, I am facing the direction of the archway (labeled B in the first image). To follow the instruction, I must first walk forward into this area. Waypoint 1 is directly ahead on the path towards the archway. After reaching the area near waypoint 3, I will likely need to turn left as indicated by the map and the instruction 'take a left around the corner'.",
"stuck": false,
"plan": "Move forward through the tiled area towards the archway (towards waypoints 1 and 3). Once near the corner/archway, prepare to turn left into the next hallway section (towards waypoints 2 and 5) as per the instruction.",
"curr_step": "I need to start walking forward. Waypoint 1 is the immediate next step in the forward direction.",
"action": 1
}
```
Calculated floor height difference: 2.97m
Action: turn
--- Height change stabilized. Height diff: -0.08, On platform: True, Metrics: {'inlier_count': 9868, 'local_count': 21517, 'support_ratio': 0.45861411904732935, 'vertical_score': 1.0, 'plane_height_mean': -1.3041679859161377, 'agent_z': -1.275116030871868, 'vertical_diff': 0.029051955044269606, 'area_xy': 6.1488, 'radius_est': 1.3990081587206316, 'z_std': 0.016143636777997017, 'occupied_cells': 427, 'bottom_height_tolerance': 0.1}
--- No significant floor change. Height diff: -0.08, On platform: True, Metrics: {'inlier_count': 9868, 'local_count': 21517, 'support_ratio': 0.45861411904732935, 'vertical_score': 1.0, 'plane_height_mean': -1.3041679859161377, 'agent_z': -1.275116030871868, 'vertical_diff': 0.029051955044269606, 'area_xy': 6.1488, 'radius_est': 1.3990081587206316, 'z_std': 0.016143636777997017, 'occupied_cells': 427, 'bottom_height_tolerance': 0.1}
Updated floor height: -1.08, ceiling height: 0.72
Action: move_forward
Action: move_forward
Action: null
waypoints: 53
skipped waypoints: edge 9,  distance 19,  no_path 0,  occlusion 15

```json
{
"movement": "Moving forward along the tiled floor towards the archway and the living room entrance.",
"observation": {
    "front view": "The tiled path continues straight ahead towards an archway labeled 'B'. To the left is an opening into a living room with a fireplace. Waypoints 1, 2, and 3 are visible on the floor/path ahead.",
    "left view": "A dining area with a table and chairs is visible to the left, through an opening.",
    "right view": "A kitchen counter and cabinetry are visible to the right.",
    "map": "The map shows the path from START going through waypoints 6, 1, 2, and 3. From waypoint 3, there appears to be a path leading left towards waypoints 5 and 8."
},
"thought": "I am currently walking forward as instructed ('Walk forward'). I need to reach the corner before taking a left. Based on the map and front view, the path leads through waypoints 1, 2, and 3. The 'corner' where I will turn left is likely near waypoint 3 or just past it, leading into the hallway towards waypoints 5 and 8. Therefore, my immediate goal is to continue moving forward along this tiled path.",
"stuck": false,
"plan": "Continue walking forward along the tiled path towards waypoints 1, 2, and 3. Once I reach the area near waypoint 3 (the corner), I will prepare to turn left into the next hallway section as per the instruction 'take a left around the corner'.",
"curr_step": "I am currently approaching waypoint 1. I need to continue moving forward to reach the corner.",
"action": 1
}
```
Action: turn
Action: move_forward
Action: move_forward
Action: turn
--- Height change stabilized. Height diff: -0.01, On platform: True, Metrics: {'inlier_count': 155, 'local_count': 15869, 'support_ratio': 0.009767471169590555, 'vertical_score': 1.0, 'plane_height_mean': -1.1632435321807861, 'agent_z': -1.2051191002130508, 'vertical_diff': 0.041875568032264665, 'area_xy': 0.072, 'radius_est': 0.1513879513212096, 'z_std': 0.04191957414150238, 'occupied_cells': 5, 'bottom_height_tolerance': 0.1}
--- No significant floor change. Height diff: -0.01, On platform: True, Metrics: {'inlier_count': 155, 'local_count': 15869, 'support_ratio': 0.009767471169590555, 'vertical_score': 1.0, 'plane_height_mean': -1.1632435321807861, 'agent_z': -1.2051191002130508, 'vertical_diff': 0.041875568032264665, 'area_xy': 0.072, 'radius_est': 0.1513879513212096, 'z_std': 0.04191957414150238, 'occupied_cells': 5, 'bottom_height_tolerance': 0.1}
Updated floor height: -1.01, ceiling height: 0.79
Action: move_forward
Action: null
Action: turn
waypoints: 32
skipped waypoints: edge 0,  distance 11,  no_path 0,  occlusion 3
```json
{
"movement": "Moving forward and slightly left towards the entrance of the hallway on the left, passing the dining table area.",
"observation": {
    "front view": "I see a pillar/wall section directly ahead. To the left is an opening leading into a room with a dining table. Straight ahead is a living room with a desk and fireplace.",
    "left view": "A long hallway or large room with a dining table on the right side and a doorway at the far end is visible.",
    "right view": "A kitchen area with an island and cabinets is visible to the right.",
    "map": "The map shows my current position near waypoint 4/15. To the left, there is a path towards waypoints 2, 17, 9, and 8 which leads into a hallway-like area."
},
"thought": "I have walked forward to the junction. The instruction says 'take a left around the corner'. The corner is the wall/pillar ahead. To the left of this corner is a hallway (visible in the Left View and on the map towards waypoint 8). I need to enter this hallway. Moving towards waypoint 2 will take me into this hallway.",
"stuck": false,
"plan": "Move towards waypoint 2 to enter the hallway on the left. Then continue walking down this hallway towards its end (towards waypoint 8) as per the instruction 'walk all the way to the end of the hallway'.",
"curr_step": "I am at the junction. I need to turn left into the hallway. Waypoint 2 is the immediate path into that hallway.",
"action": 2
}
```
Action: turn
Action: move_forward
--- Height change stabilized. Height diff: 0.10, On platform: True, Metrics: {'inlier_count': 553, 'local_count': 24509, 'support_ratio': 0.022563140070073723, 'vertical_score': 1.0, 'plane_height_mean': -1.0627222061157227, 'agent_z': -1.0990128338336944, 'vertical_diff': 0.03629062771797176, 'area_xy': 0.43199999999999994, 'radius_est': 0.370823233942262, 'z_std': 0.04370339214801788, 'occupied_cells': 30, 'bottom_height_tolerance': 0.1}
--- No significant floor change. Height diff: 0.10, On platform: True, Metrics: {'inlier_count': 553, 'local_count': 24509, 'support_ratio': 0.022563140070073723, 'vertical_score': 1.0, 'plane_height_mean': -1.0627222061157227, 'agent_z': -1.0990128338336944, 'vertical_diff': 0.03629062771797176, 'area_xy': 0.43199999999999994, 'radius_est': 0.370823233942262, 'z_std': 0.04370339214801788, 'occupied_cells': 30, 'bottom_height_tolerance': 0.1}
Updated floor height: -0.90, ceiling height: 0.90
Action: move_forward
Action: turn
Action: move_forward
Action: null
Action: turn
waypoints: 28
skipped waypoints: edge 2,  distance 14,  no_path 1,  occlusion 1
2026-09-19 04:50:01,557 - INFO - --- Episode 93, Step 20/100 ---
2026-09-19 04:50:02,354 - INFO - --- Episode 93, Step 21/100 ---
2026-09-19 04:50:03,322 - INFO - --- Episode 93, Step 22/100 ---
2026-09-19 04:50:20,806 - INFO - HTTP Request: POST http://127.0.0.1:22447/v1/chat/completions "HTTP/1.1 200 OK"
2026-09-19 04:50:22,547 - INFO - --- Episode 93, Step 23/100 ---
2026-09-19 04:50:23,870 - INFO - --- Episode 93, Step 24/100 ---
2026-09-19 04:50:25,296 - INFO - --- Episode 93, Step 25/100 ---
2026-09-19 04:50:26,269 - INFO - --- Episode 93, Step 26/100 ---
2026-09-19 04:50:26,951 - INFO - --- Episode 93, Step 27/100 ---
2026-09-19 04:50:27,720 - INFO - --- Episode 93, Step 28/100 ---
2026-09-19 04:51:08,950 - INFO - HTTP Request: POST http://127.0.0.1:22447/v1/chat/completions "HTTP/1.1 200 OK"
2026-09-19 04:51:41,343 - INFO - HTTP Request: POST http://127.0.0.1:22447/v1/chat/completions "HTTP/1.1 200 OK"
2026-09-19 04:52:07,723 - INFO - HTTP Request: POST http://127.0.0.1:22447/v1/chat/completions "HTTP/1.1 200 OK"
2026-09-19 04:52:08,349 - INFO - --- Episode 93, Step 29/100 ---
2026-09-19 04:52:32,400 - INFO - HTTP Request: POST http://127.0.0.1:22447/v1/chat/completions "HTTP/1.1 200 OK"
2026-09-19 04:52:33,222 - INFO - --- Episode 93, Step 30/100 ---
2026-09-19 04:53:03,824 - INFO - HTTP Request: POST http://127.0.0.1:22447/v1/chat/completions "HTTP/1.1 200 OK"
2026-09-19 04:53:20,999 - INFO - HTTP Request: POST http://127.0.0.1:22447/v1/chat/completions "HTTP/1.1 200 OK"
2026-09-19 04:53:22,299 - INFO - --- Episode 93, Step 31/100 ---
2026-09-19 04:53:23,216 - INFO - --- Episode 93, Step 32/100 ---
2026-09-19 04:53:24,007 - INFO - --- Episode 93, Step 33/100 ---
2026-09-19 04:53:25,188 - INFO - --- Episode 93, Step 34/100 ---
2026-09-19 04:53:26,378 - INFO - --- Episode 93, Step 35/100 ---
2026-09-19 04:53:27,244 - INFO - --- Episode 93, Step 36/100 ---
2026-09-19 04:53:28,182 - INFO - --- Episode 93, Step 37/100 ---
2026-09-19 04:53:29,486 - INFO - --- Episode 93, Step 38/100 ---
2026-09-19 04:53:31,056 - INFO - --- Episode 93, Step 39/100 ---
2026-09-19 04:53:44,824 - INFO - HTTP Request: POST http://127.0.0.1:22447/v1/chat/completions "HTTP/1.1 400 Bad Request"
2026-09-19 04:53:46,372 - INFO - HTTP Request: POST http://127.0.0.1:22447/v1/chat/completions "HTTP/1.1 400 Bad Request"
2026-09-19 04:53:47,689 - INFO - HTTP Request: POST http://127.0.0.1:22447/v1/chat/completions "HTTP/1.1 400 Bad Request"
 88%|████████▊ | 44/50 [8:42:24<1:20:30, 805.08s/it]Renderer: NVIDIA GeForce RTX 4090/PCIe/SSE2 by NVIDIA Corporation
OpenGL version: 4.6.0 NVIDIA 590.48.01
Using optional features:
    GL_ARB_vertex_array_object
    GL_ARB_separate_shader_objects
    GL_ARB_robustness
    GL_ARB_texture_storage
    GL_ARB_texture_view
    GL_ARB_framebuffer_no_attachments
    GL_ARB_invalidate_subdata
    GL_ARB_texture_storage_multisample
    GL_ARB_multi_bind
    GL_ARB_direct_state_access
    GL_ARB_get_texture_sub_image
    GL_ARB_texture_filter_anisotropic
    GL_KHR_debug
    GL_KHR_parallel_shader_compile
    GL_NV_depth_buffer_float
Using driver workarounds:
    no-forward-compatible-core-context
    nv-egl-incorrect-gl11-function-pointers
    no-layout-qualifiers-on-old-glsl
    nv-zero-context-profile-mask
    nv-implementation-color-read-format-dsa-broken
    nv-cubemap-inconsistent-compressed-image-size
    nv-cubemap-broken-full-compressed-image-query
    nv-compressed-block-size-in-bits
[04:53:52:302735]:[Warning]:[Metadata] SceneDatasetAttributes.cpp(107)::addNewSceneInstanceToDataset : Dataset : 'default' : Lighting Layout Attributes 'no_lights' specified in Scene Attributes but does not exist in dataset, so creating default.
2026-09-19 04:54:04,325 - INFO - Simulator initialized!
2026-09-19 04:54:36,242 - INFO - HTTP Request: POST http://127.0.0.1:22447/v1/chat/completions "HTTP/1.1 200 OK"
2026-09-19 04:54:36,893 - INFO - --- Episode 94, Step 1/100 ---
2026-09-19 04:57:59,547 - INFO - HTTP Request: POST http://127.0.0.1:22447/v1/chat/completions "HTTP/1.1 200 OK"
2026-09-19 05:01:02,409 - INFO - HTTP Request: POST http://127.0.0.1:22447/v1/chat/completions "HTTP/1.1 200 OK"
2026-09-19 05:03:47,513 - INFO - HTTP Request: POST http://127.0.0.1:22447/v1/chat/completions "HTTP/1.1 200 OK"
2026-09-19 05:03:48,098 - INFO - --- Episode 94, Step 2/100 ---
2026-09-19 05:06:14,925 - INFO - HTTP Request: POST http://127.0.0.1:22447/v1/chat/completions "HTTP/1.1 200 OK"
2026-09-19 05:08:24,196 - INFO - HTTP Request: POST http://127.0.0.1:22447/v1/chat/completions "HTTP/1.1 200 OK"
2026-09-19 05:10:14,053 - INFO - HTTP Request: POST http://127.0.0.1:22447/v1/chat/completions "HTTP/1.1 200 OK"
 90%|█████████ | 45/50 [8:58:47<1:11:32, 858.45s/it]Renderer: NVIDIA GeForce RTX 4090/PCIe/SSE2 by NVIDIA Corporation
OpenGL version: 4.6.0 NVIDIA 590.48.01
Using optional features:
    GL_ARB_vertex_array_object
    GL_ARB_separate_shader_objects
    GL_ARB_robustness
    GL_ARB_texture_storage
    GL_ARB_texture_view
    GL_ARB_framebuffer_no_attachments
    GL_ARB_invalidate_subdata
    GL_ARB_texture_storage_multisample
    GL_ARB_multi_bind
    GL_ARB_direct_state_access
    GL_ARB_get_texture_sub_image
    GL_ARB_texture_filter_anisotropic
    GL_KHR_debug
    GL_KHR_parallel_shader_compile
    GL_NV_depth_buffer_float
Using driver workarounds:
    no-forward-compatible-core-context
    nv-egl-incorrect-gl11-function-pointers
    no-layout-qualifiers-on-old-glsl
    nv-zero-context-profile-mask
    nv-implementation-color-read-format-dsa-broken
    nv-cubemap-inconsistent-compressed-image-size
    nv-cubemap-broken-full-compressed-image-query
    nv-compressed-block-size-in-bits
[05:10:15:281558]:[Warning]:[Metadata] SceneDatasetAttributes.cpp(107)::addNewSceneInstanceToDataset : Dataset : 'default' : Lighting Layout Attributes 'no_lights' specified in Scene Attributes but does not exist in dataset, so creating default.
2026-09-19 05:10:27,075 - INFO - Simulator initialized!
2026-09-19 05:10:52,735 - INFO - HTTP Request: POST http://127.0.0.1:22447/v1/chat/completions "HTTP/1.1 200 OK"
2026-09-19 05:10:53,409 - INFO - --- Episode 95, Step 1/100 ---
2026-09-19 05:14:14,248 - INFO - HTTP Request: POST http://127.0.0.1:22447/v1/chat/completions "HTTP/1.1 200 OK"
2026-09-19 05:17:16,346 - INFO - HTTP Request: POST http://127.0.0.1:22447/v1/chat/completions "HTTP/1.1 200 OK"
2026-09-19 05:17:37,240 - INFO - HTTP Request: POST http://127.0.0.1:22447/v1/chat/completions "HTTP/1.1 200 OK"
```json
{
"movement": "Moving forward from the rug area towards the hallway entrance visible ahead.",
"observation": {
    "front view": "I see a hallway entrance straight ahead, slightly to the right of the wall with the picture. To the left is a sofa and large windows. Waypoint 3 is on the floor leading into that hallway.",
    "left view": "A dining area with a table and chairs is visible further back to the left.",
    "right view": "A kitchen island and cabinets are visible to the right.",
    "map": "The map shows my current position near waypoint 8/9. The path forward leads through waypoint 3 towards waypoint 4 (near the desk/lamp), which appears to be a hallway."
},
"thought": "I have completed the 'take a left around the corner' part by entering this room. Now I need to 'walk all the way to the end of the hallway'. The hallway is directly ahead through the opening. I need to move forward into it.",
"stuck": false,
"plan": "Move forward into the hallway towards waypoint 3 and then continue down the hallway towards the end (towards waypoint 4 and beyond).",
"curr_step": "I am at the entrance of the hallway area. I need to proceed forward into it.",
"action": 3
}
```
Action: turn
Action: move_forward
Action: null
waypoints: 54
skipped waypoints: edge 0,  distance 31,  no_path 0,  occlusion 20
```json
{
"movement": "Moving forward from the dining/living area towards the narrow passage between the wall and the curtains.",
"observation": {
    "front view": "A narrow hallway or passage is visible straight ahead, situated between a wall/pillar on the left and long curtains on the right. Waypoints 2 and 3 are located in this passage.",
    "left view": "A dining table with chairs is visible to the left.",
    "right view": "The living room area with a sofa and fireplace is visible to the right.",
    "map": "The map shows the path continuing 'upwards' from my current position near the mirror/carpet towards waypoint 3, which aligns with the hallway seen in the front view."
},
"thought": "I have completed the initial 'walk forward' and 'take a left' parts of the instruction by entering this room. Now I need to 'walk all the way to the end of the hallway'. The passage straight ahead (towards waypoints 2 and 3) is clearly the hallway mentioned. I need to enter it and proceed down it.",
"stuck": false,
"plan": "Move forward into the hallway towards waypoint 2 and continue towards the end of the hallway (waypoint 3 and beyond).",
"curr_step": "I am at the entrance of the hallway. Waypoint 2 is the immediate next step to enter it.",
"action": 2
}
```
Action: turn
Action: move_forward
Action: move_forward
Action: turn
Action: move_forward
Action: null
waypoints: 28
skipped waypoints: edge 5,  distance 14,  no_path 0,  occlusion 4



Action: stop
waypoints: 28
skipped waypoints: edge 5,  distance 14,  no_path 0,  occlusion 4
```json
{
"movement": "I have moved forward into the living area near the window and curtains. I am now positioned to enter the hallway visible in my left view.",
"observation": {
    "front view": "A large window with wooden frames is directly ahead, with long brown curtains hanging next to it. To the right of the curtains is the living room area.",
    "left view": "A long hallway with wooden floors stretches out to the left, leading away from the current room.",
    "right view": "The living room with sofas, a coffee table, and a fireplace is visible to the right.",
    "map": "The map shows my path coming from the start area towards the 'mirror' and 'carpet' zone. Waypoints 3, 4, and 5 are nearby in this transition area."
},
"thought": "I have completed the 'walk forward' part of the instruction. I am now at the corner near the window/curtains. The instruction says to 'take a left around the corner'. The hallway is clearly visible to my left. I need to turn left to face down this hallway and then walk all the way to the end.",
"stuck": false,
"plan": "Turn left to face the hallway seen in the left view. Then walk forward down the length of this hallway until I reach the end or a door before a bedroom.",
"curr_step": "I am at the corner. I need to turn left to align with the hallway.",
"action": "L"
}
```
Action: turn
waypoints: 36
skipped waypoints: edge 1,  distance 27,  no_path 0,  occlusion 4

```json
{
"movement": "I have reached the corner near the window and curtains. I am now facing the window, with the hallway visible to my left.",
"observation": {
    "front view": "A large window with wooden frames is directly ahead, with long brown curtains hanging next to it. To the left of the curtains is an opening into a long hallway.",
    "left view": "A long hallway with wooden floors stretches out to the left, leading away from the current room.",
    "right view": "The living room area with sofas and a fireplace is visible to the right.",
    "map": "The map shows my path coming from the start area towards the 'mirror' and 'carpet' zone. Waypoint 3 is located further down the path that leads into the hallway."
},
"thought": "I have completed the 'walk forward' part of the instruction. I am now at the corner near the window/curtains. The instruction says to 'take a left around the corner'. The hallway is clearly visible to my left. I need to move into that hallway and walk all the way to the end.",
"stuck": false,
"plan": "Move forward and slightly left to enter the hallway (towards waypoint 3). Then continue walking down the length of this hallway until I reach the end or a door before a bedroom.",
"curr_step": "I am at the corner. I need to move into the hallway.",
"action": 3
}
```
Action: turn
Action: move_forward
Action: turn
Action: move_forward
Action: move_forward
Action: turn
Action: move_forward
Action: null
Action: turn
waypoints: 56
skipped waypoints: edge 0,  distance 33,  no_path 0,  occlusion 5
Action: stop
['Walk toward the big wall of windows.', 'Turn hard left and continue passed the kitchen. Stop when you reach the room in front of you.']
Initialized data for new floor level: 0
Switching pcds to floor level: 0
Initialized data for new floor level: 0
Switching pcds to floor level: 0
Initialized data for new floor level: 0
Switching pcds to floor level: 0
[StairDetect] normals=0.0029s, cpu=0.0002s, cluster=0.0194s, loop=0.0137s, total=0.0463s
waypoints: 23
skipped waypoints: edge 0,  distance 14,  no_path 0,  occlusion 3



Calculated floor height difference: 2.97m
Action: stop
waypoints: 23
skipped waypoints: edge 0,  distance 14,  no_path 0,  occlusion 3



Action: stop
['Walk towards the french doors and turn left.', 'Walk past the kitchen area.', 'Go to the end of the hallway and wait in the archway near the painting.']
Initialized data for new floor level: 0
Switching pcds to floor level: 0
Initialized data for new floor level: 0
Switching pcds to floor level: 0
Initialized data for new floor level: 0
Switching pcds to floor level: 0
[StairDetect] normals=0.0029s, cpu=0.0003s, cluster=0.0196s, loop=0.0142s, total=0.0471s
waypoints: 23
skipped waypoints: edge 0,  distance 14,  no_path 0,  occlusion 3


2026-09-19 05:17:37,870 - INFO - --- Episode 95, Step 2/100 ---
2026-09-19 05:17:38,390 - INFO - --- Episode 95, Step 3/100 ---
2026-09-19 05:17:38,966 - INFO - --- Episode 95, Step 4/100 ---
2026-09-19 05:17:39,753 - INFO - --- Episode 95, Step 5/100 ---
2026-09-19 05:17:40,325 - INFO - --- Episode 95, Step 6/100 ---
2026-09-19 05:17:41,028 - INFO - --- Episode 95, Step 7/100 ---
2026-09-19 05:17:41,675 - INFO - --- Episode 95, Step 8/100 ---
2026-09-19 05:17:42,386 - INFO - --- Episode 95, Step 9/100 ---
2026-09-19 05:19:43,924 - INFO - HTTP Request: POST http://127.0.0.1:22447/v1/chat/completions "HTTP/1.1 200 OK"
2026-09-19 05:21:24,238 - INFO - HTTP Request: POST http://127.0.0.1:22447/v1/chat/completions "HTTP/1.1 200 OK"
2026-09-19 05:22:44,269 - INFO - HTTP Request: POST http://127.0.0.1:22447/v1/chat/completions "HTTP/1.1 200 OK"
2026-09-19 05:22:45,125 - INFO - --- Episode 95, Step 10/100 ---
2026-09-19 05:24:11,623 - INFO - HTTP Request: POST http://127.0.0.1:22447/v1/chat/completions "HTTP/1.1 200 OK"
2026-09-19 05:24:30,980 - INFO - HTTP Request: POST http://127.0.0.1:22447/v1/chat/completions "HTTP/1.1 200 OK"
2026-09-19 05:24:32,003 - INFO - --- Episode 95, Step 11/100 ---
2026-09-19 05:24:32,758 - INFO - --- Episode 95, Step 12/100 ---
2026-09-19 05:24:33,617 - INFO - --- Episode 95, Step 13/100 ---
2026-09-19 05:24:34,299 - INFO - --- Episode 95, Step 14/100 ---
2026-09-19 05:24:35,236 - INFO - --- Episode 95, Step 15/100 ---
2026-09-19 05:24:36,099 - INFO - --- Episode 95, Step 16/100 ---
2026-09-19 05:24:36,931 - INFO - --- Episode 95, Step 17/100 ---
2026-09-19 05:24:37,848 - INFO - --- Episode 95, Step 18/100 ---
2026-09-19 05:25:03,382 - INFO - HTTP Request: POST http://127.0.0.1:22447/v1/chat/completions "HTTP/1.1 200 OK"
2026-09-19 05:25:04,440 - INFO - --- Episode 95, Step 19/100 ---
2026-09-19 05:25:05,529 - INFO - --- Episode 95, Step 20/100 ---
2026-09-19 05:25:07,084 - INFO - --- Episode 95, Step 21/100 ---
2026-09-19 05:25:08,322 - INFO - --- Episode 95, Step 22/100 ---
```json
{
"movement": "I have just started my journey and am currently standing in the foyer/hallway area. I am facing down a tiled hallway with an archway ahead (labeled B) and a living room opening to the left.",
"observation": {
    "front view": "I see a tiled hallway leading straight ahead towards an archway labeled 'B'. To the left is a large opening into a living room with a fireplace and TV. To the right is a wall with a picture.",
    "left view": "I see a large painting on the wall and an opening into a living room area with a fireplace and television.",
    "right view": "I see french doors leading outside, along with a console table against the wall.",
    "map": "The map shows my starting position near waypoint 1. Waypoint 6 is straight ahead down the hallway. Waypoints 2, 3, 5 are to the left in the living room area."
},
"thought": "The instruction is to 'Walk towards the french doors and turn left'. Looking at the right view, the french doors are located along the right wall of the current hallway. Therefore, I need to walk down this hallway to get closer to them. Waypoint 6 is straight ahead in this hallway, which will bring me alongside the french doors. After reaching that area, I will need to turn left into the living room area as per the instruction.",
"stuck": false,
"plan": "Move forward down the hallway towards waypoint 6 to get closer to the french doors visible on the right. Once near them, I will prepare to turn left into the living room area for the next part of the instruction.",
"curr_step": "I am at the start. To follow the instruction 'Walk towards the french doors', I need to proceed down the hallway where they are located on the right. Waypoint 6 is the most logical next step to advance along this path.",
"action": 6
}
```
Calculated floor height difference: 2.97m
Action: turn
--- Height change stabilized. Height diff: -0.08, On platform: True, Metrics: {'inlier_count': 9869, 'local_count': 21518, 'support_ratio': 0.4586392787220634, 'vertical_score': 1.0, 'plane_height_mean': -1.3041651248931885, 'agent_z': -1.275116030871868, 'vertical_diff': 0.029049094021320387, 'area_xy': 6.1488, 'radius_est': 1.3990081587206316, 'z_std': 0.016143931075930595, 'occupied_cells': 427, 'bottom_height_tolerance': 0.1}
--- No significant floor change. Height diff: -0.08, On platform: True, Metrics: {'inlier_count': 9869, 'local_count': 21518, 'support_ratio': 0.4586392787220634, 'vertical_score': 1.0, 'plane_height_mean': -1.3041651248931885, 'agent_z': -1.275116030871868, 'vertical_diff': 0.029049094021320387, 'area_xy': 6.1488, 'radius_est': 1.3990081587206316, 'z_std': 0.016143931075930595, 'occupied_cells': 427, 'bottom_height_tolerance': 0.1}
Updated floor height: -1.08, ceiling height: 0.72
Action: move_forward
Action: turn
Action: move_forward
Action: move_forward
Action: turn
Action: move_forward
Action: null
waypoints: 47
skipped waypoints: edge 1,  distance 20,  no_path 0,  occlusion 15



Action: stop
waypoints: 47
skipped waypoints: edge 1,  distance 20,  no_path 0,  occlusion 15

```json
{
"movement": "I have moved forward from the starting position into the tiled hallway area, approaching the junction between the living room on the left and the kitchen on the right.",
"observation": {
    "front view": "I see a central pillar with an archway labeled 'B' straight ahead. To the left of the pillar is an opening into a dining/living area with a table and chairs, and large windows/doors in the background. To the right is the kitchen area.",
    "left view": "I see the dining area more clearly with a table, chairs, and large glass doors/windows (french doors) at the far end.",
    "right view": "I see the kitchen island and cabinetry.",
    "map": "The map shows my current position near waypoint 5. Waypoint 6 is located just past the central pillar on the left side, leading towards the room with the french doors."
},
"thought": "The instruction is to 'Walk towards the french doors and turn left'. The french doors are visible in the dining area to the left/front-left. To approach them, I need to move forward into that space. Waypoint 6 is positioned perfectly to lead me towards the entrance of that room where the french doors are located.",
"stuck": false,
"plan": "Move forward towards waypoint 6 to get closer to the french doors in the dining area. Once there, I will be in a position to turn left as instructed.",
"curr_step": "I am currently near waypoint 5. To follow the instruction 'Walk towards the french doors', I need to advance into the room on the left. Waypoint 6 is the logical next step to approach that area.",
"action": 6
}
```
Action: turn
Action: move_forward
Action: turn
--- Height change stabilized. Height diff: 0.02, On platform: True, Metrics: {'inlier_count': 722, 'local_count': 26661, 'support_ratio': 0.027080754659349584, 'vertical_score': 1.0, 'plane_height_mean': -1.1870614290237427, 'agent_z': -1.1767889827489852, 'vertical_diff': 0.01027244627475743, 'area_xy': 0.3888, 'radius_est': 0.35179380857010234, 'z_std': 0.0433352030813694, 'occupied_cells': 27, 'bottom_height_tolerance': 0.1}
--- No significant floor change. Height diff: 0.02, On platform: True, Metrics: {'inlier_count': 722, 'local_count': 26661, 'support_ratio': 0.027080754659349584, 'vertical_score': 1.0, 'plane_height_mean': -1.1870614290237427, 'agent_z': -1.1767889827489852, 'vertical_diff': 0.01027244627475743, 'area_xy': 0.3888, 'radius_est': 0.35179380857010234, 'z_std': 0.0433352030813694, 'occupied_cells': 27, 'bottom_height_tolerance': 0.1}
Updated floor height: -0.98, ceiling height: 0.82
Action: move_forward
Action: turn
--- Height change stabilized. Height diff: 0.14, On platform: True, Metrics: {'inlier_count': 1212, 'local_count': 29958, 'support_ratio': 0.04045663929366257, 'vertical_score': 1.0, 'plane_height_mean': -1.0600967407226562, 'agent_z': -1.057053056359291, 'vertical_diff': 0.0030436843633652177, 'area_xy': 0.7343999999999999, 'radius_est': 0.4834943437242838, 'z_std': 0.04146537929773331, 'occupied_cells': 51, 'bottom_height_tolerance': 0.1}
--- No significant floor change. Height diff: 0.14, On platform: True, Metrics: {'inlier_count': 1212, 'local_count': 29958, 'support_ratio': 0.04045663929366257, 'vertical_score': 1.0, 'plane_height_mean': -1.0600967407226562, 'agent_z': -1.057053056359291, 'vertical_diff': 0.0030436843633652177, 'area_xy': 0.7343999999999999, 'radius_est': 0.4834943437242838, 'z_std': 0.04146537929773331, 'occupied_cells': 51, 'bottom_height_tolerance': 0.1}
Updated floor height: -0.86, ceiling height: 0.94
Action: move_forward
Action: null
Action: turn
waypoints: 43
skipped waypoints: edge 1,  distance 10,  no_path 0,  occlusion 23
```json
{
"movement": "I have moved forward from the workbench area towards the corner of the room where the french doors/windows are located.",
"observation": {
    "front view": "I am facing a large wooden table (workbench) with a sofa behind it. To the left, there are tall windows/doors with curtains. Waypoints 1, 6, 7 are visible near the wall on the left.",
    "left view": "I see an archway leading to a dining room with a long table and chairs.",
    "right view": "I see the kitchen area with an island.",
    "map": "The map shows my current position near the workbench. Waypoint 1 is located in the corner near the windows/french doors."
},
"thought": "The instruction is to 'Walk towards the french doors and turn left'. The french doors are visible on the left wall in the front view. I need to get closer to them before turning left into the dining area seen in the left view. Waypoint 1 is located right next to the corner where these doors are, making it the ideal target to approach.",
"stuck": false,
"plan": "Move towards waypoint 1 to get close to the french doors. Once there, I will be ready to turn left into the dining area as instructed.",
"curr_step": "I am currently near the workbench. To follow the instruction 'Walk towards the french doors', I need to advance towards the wall on the left. Waypoint 1 is the closest point to the french doors.",
"action": 1
}
```
Action: turn
Action: move_forward
Action: turn
Action: move_forward
Action: 2026-09-19 05:25:09,011 - INFO - --- Episode 95, Step 23/100 ---
2026-09-19 05:25:09,748 - INFO - --- Episode 95, Step 24/100 ---
2026-09-19 05:25:11,099 - INFO - --- Episode 95, Step 25/100 ---
2026-09-19 05:25:11,887 - INFO - --- Episode 95, Step 26/100 ---
2026-09-19 05:25:12,981 - INFO - --- Episode 95, Step 27/100 ---
2026-09-19 05:25:34,928 - INFO - HTTP Request: POST http://127.0.0.1:22447/v1/chat/completions "HTTP/1.1 200 OK"
2026-09-19 05:25:45,907 - INFO - HTTP Request: POST http://127.0.0.1:22447/v1/chat/completions "HTTP/1.1 200 OK"
2026-09-19 05:25:47,781 - INFO - HTTP Request: POST http://127.0.0.1:22447/v1/chat/completions "HTTP/1.1 400 Bad Request"
 92%|█████████▏| 46/50 [9:14:22<58:46, 881.56s/it]  Renderer: NVIDIA GeForce RTX 4090/PCIe/SSE2 by NVIDIA Corporation
OpenGL version: 4.6.0 NVIDIA 590.48.01
Using optional features:
    GL_ARB_vertex_array_object
    GL_ARB_separate_shader_objects
    GL_ARB_robustness
    GL_ARB_texture_storage
    GL_ARB_texture_view
    GL_ARB_framebuffer_no_attachments
    GL_ARB_invalidate_subdata
    GL_ARB_texture_storage_multisample
    GL_ARB_multi_bind
    GL_ARB_direct_state_access
    GL_ARB_get_texture_sub_image
    GL_ARB_texture_filter_anisotropic
    GL_KHR_debug
    GL_KHR_parallel_shader_compile
    GL_NV_depth_buffer_float
Using driver workarounds:
    no-forward-compatible-core-context
    nv-egl-incorrect-gl11-function-pointers
    no-layout-qualifiers-on-old-glsl
    nv-zero-context-profile-mask
    nv-implementation-color-read-format-dsa-broken
    nv-cubemap-inconsistent-compressed-image-size
    nv-cubemap-broken-full-compressed-image-query
    nv-compressed-block-size-in-bits
[05:25:50:776771]:[Warning]:[Metadata] SceneDatasetAttributes.cpp(107)::addNewSceneInstanceToDataset : Dataset : 'default' : Lighting Layout Attributes 'no_lights' specified in Scene Attributes but does not exist in dataset, so creating default.
2026-09-19 05:26:02,639 - INFO - Simulator initialized!
2026-09-19 05:26:22,228 - INFO - HTTP Request: POST http://127.0.0.1:22447/v1/chat/completions "HTTP/1.1 200 OK"
2026-09-19 05:26:22,967 - INFO - --- Episode 96, Step 1/100 ---
2026-09-19 05:29:42,225 - INFO - HTTP Request: POST http://127.0.0.1:22447/v1/chat/completions "HTTP/1.1 200 OK"
2026-09-19 05:30:33,509 - INFO - HTTP Request: POST http://127.0.0.1:22447/v1/chat/completions "HTTP/1.1 200 OK"
2026-09-19 05:30:34,120 - INFO - --- Episode 96, Step 2/100 ---
2026-09-19 05:30:52,549 - INFO - HTTP Request: POST http://127.0.0.1:22447/v1/chat/completions "HTTP/1.1 200 OK"
2026-09-19 05:30:53,121 - INFO - --- Episode 96, Step 3/100 ---
2026-09-19 05:30:53,758 - INFO - --- Episode 96, Step 4/100 ---
2026-09-19 05:30:54,716 - INFO - --- Episode 96, Step 5/100 ---
2026-09-19 05:30:55,348 - INFO - --- Episode 96, Step 6/100 ---
2026-09-19 05:30:56,022 - INFO - --- Episode 96, Step 7/100 ---
2026-09-19 05:30:56,716 - INFO - --- Episode 96, Step 8/100 ---
2026-09-19 05:30:57,408 - INFO - --- Episode 96, Step 9/100 ---
2026-09-19 05:30:58,267 - INFO - --- Episode 96, Step 10/100 ---
2026-09-19 05:30:58,896 - INFO - --- Episode 96, Step 11/100 ---
2026-09-19 05:32:52,466 - INFO - HTTP Request: POST http://127.0.0.1:22447/v1/chat/completions "HTTP/1.1 200 OK"
2026-09-19 05:33:10,511 - INFO - HTTP Request: POST http://127.0.0.1:22447/v1/chat/completions "HTTP/1.1 200 OK"
2026-09-19 05:33:11,133 - INFO - --- Episode 96, Step 12/100 ---
2026-09-19 05:34:51,536 - INFO - HTTP Request: POST http://127.0.0.1:22447/v1/chat/completions "HTTP/1.1 200 OK"
2026-09-19 05:35:07,263 - INFO - HTTP Request: POST http://127.0.0.1:22447/v1/chat/completions "HTTP/1.1 200 OK"
2026-09-19 05:35:08,479 - INFO - --- Episode 96, Step 13/100 ---
2026-09-19 05:35:09,138 - INFO - --- Episode 96, Step 14/100 ---
2026-09-19 05:35:10,356 - INFO - --- Episode 96, Step 15/100 ---
2026-09-19 05:35:11,297 - INFO - --- Episode 96, Step 16/100 ---
2026-09-19 05:35:12,224 - INFO - --- Episode 96, Step 17/100 ---
2026-09-19 05:35:13,034 - INFO - --- Episode 96, Step 18/100 ---
2026-09-19 05:35:13,939 - INFO - --- Episode 96, Step 19/100 ---
2026-09-19 05:35:14,903 - INFO - --- Episode 96, Step 20/100 ---
2026-09-19 05:35:15,684 - INFO - --- Episode 96, Step 21/100 ---
2026-09-19 05:35:16,426 - INFO - --- Episode 96, Step 22/100 ---
2026-09-19 05:35:17,367 - INFO - --- Episode 96, Step 23/100 ---
2026-09-19 05:35:18,181 - INFO - --- Episode 96, Step 24/100 ---
2026-09-19 05:35:34,628 - INFO - HTTP Request: POST http://127.0.0.1:22447/v1/chat/completions "HTTP/1.1 200 OK"
turn
Action: move_forward
Action: turn
Action: move_forward
Action: null
waypoints: 29
skipped waypoints: edge 1,  distance 16,  no_path 0,  occlusion 5


Action: stop
['Walk towards the hallway to the left of the refrigerator.', 'Keep walking straight and wait by the wooden table with some white appliances to the right.']
Initialized data for new floor level: 0
Switching pcds to floor level: 0
Initialized data for new floor level: 0
Switching pcds to floor level: 0
Initialized data for new floor level: 0
Switching pcds to floor level: 0
[StairDetect] normals=0.0036s, cpu=0.0003s, cluster=0.0450s, loop=0.0125s, total=0.0700s
waypoints: 17
skipped waypoints: edge 2,  distance 0,  no_path 1,  occlusion 10

```json
{
"movement": "I am currently facing a kitchen island with a wooden countertop. To my left, there is a large stainless steel refrigerator and an archway leading to a hallway. To my right, there is a sink and stove area.",
"observation": {
    "front view": "A wooden kitchen island with a sink and a plate of fruit on it. Behind the island are cabinets and a window.",
    "left view": "A stainless steel refrigerator on the left wall, followed by a counter and an archway leading to a hallway/room with a picture on the wall.",
    "right view": "A kitchen counter with a sink and a large stove range hood. A window is visible in the background.",
    "map": "The map shows my current position (START) near the island (workbench). There is a path leading towards the top-left of the map, which corresponds to the direction of the hallway seen in the left view."
},
"thought": "The instruction is to walk towards the hallway to the left of the refrigerator. The Left View clearly shows the refrigerator and an archway/hallway in that direction. Currently, I am facing the island. To head towards the hallway, I need to turn left to face the refrigerator and the archway beyond it.",
"stuck": false,
"plan": "Turn left to face the refrigerator and the hallway. Then move forward towards the archway leading to the hallway.",
"curr_step": "I am not at the hallway yet. The hallway is visible in the Left View, which is 90 degrees to my left. I need to turn left to align myself with the path towards that hallway.",
"action": "L"
}
```
Calculated floor height difference: 2.99m
Action: turn
waypoints: 14
skipped waypoints: edge 1,  distance 7,  no_path 0,  occlusion 3
```json
{
"movement": "I turned left and am now facing the kitchen island with the sink. The large stainless steel refrigerator is visible on the far left. Straight ahead, slightly to the right of the center, is an archway labeled 'B' which leads to a hallway.",
"observation": {
    "front view": "The kitchen island with a farmhouse sink is directly in front. To the left is the large stainless steel refrigerator. Straight ahead is an archway (labeled B) leading to a hallway. To the right are glass doors/windows.",
    "left view": "A view along the side of the kitchen island towards the refrigerator and the archway seen in the front view.",
    "right view": "The other side of the kitchen island and windows looking outside.",
    "map": "The map shows my position near the 'workbench' (island). Waypoints 1, 2, and 3 are visible ahead. Waypoint 3 is closest to the archway area labeled B."
},
"thought": "I have oriented myself towards the hallway/archway labeled 'B'. The instruction asks to walk towards the hallway to the left of the refrigerator. In my current view (Front View), the refrigerator is on the left, and the hallway is straight ahead/slightly right. This matches the visual evidence from the Left View where the hallway was to the left of the fridge. I need to move forward towards this archway. Waypoint 3 is a good target as it is near the cabinets just before the hallway entrance.",
"stuck": false,
"plan": "Move forward towards the archway labeled B, passing the kitchen island on my right and the refrigerator/cabinets on my left. I will aim for waypoint 3 which is close to the hallway entrance.",
"curr_step": "I am currently facing the correct direction. The target hallway (archway B) is ahead. Waypoint 3 is a strategic point near the cabinets just before the hallway. I should move towards it.",
"action": 3
}
```
Action: turn
Action: move_forward
Action: turn
Action: move_forward
Action: turn
Action: move_forward
Action: turn
Action: move_forward
Action: null
waypoints: 10
skipped waypoints: edge 1,  distance 1,  no_path 1,  occlusion 6

```json
{
"movement": "I have moved past the kitchen island and am now facing a counter with a microwave and coffee maker. The refrigerator is to my left.",
"observation": {
    "front view": "A counter with a microwave and coffee maker. To the right is a wall corner leading to another room.",
    "left view": "The path between the kitchen island and the large stainless steel refrigerator, leading towards a stone archway.",
    "right view": "A dining area with a wooden table and chairs visible through an opening.",
    "map": "I am near the 'microwave' label on the map. The path to the hallway is towards the top-left of the current map orientation."
},
"thought": "The instruction is to walk towards the hallway to the left of the refrigerator. In my Left View, I can clearly see this hallway/path between the island and the fridge leading to a stone archway. Currently, I am facing the microwave counter. To enter this hallway, I need to turn left.",
"stuck": false,
"plan": "Turn left to face the hallway between the refrigerator and the kitchen island. Then move forward into that hallway.",
"curr_step": "I am currently facing the microwave counter. The target hallway is to my left. I need to turn left to align with it.",
"action": "L"
}
```
Action: turn
waypoints: 17
skipped waypoints: edge 0,  distance 3,  no_path 1,  occlusion 8

```json
{
"movement": "I have turned left and am now facing a narrow passage between the kitchen island and the refrigerator unit. Straight ahead is an arched doorway leading to a hallway with stone walls.",
"observation": {
    "front view": "A narrow corridor between a wooden kitchen island (left) and a stainless steel refrigerator/microwave unit (right). At the end of this passage is a stone archway leading to a hallway.",
    "left view": "The side of the kitchen island with towels hanging from it.",
    "right view": "The side of the refrigerator and microwave unit.",
    "map": "I am near the 'microwave' label. The path leads forward towards waypoints 1, 2, 4, 5 which are clustered near the archway."
},
"thought": "I am currently facing the hallway mentioned in the instruction ('hallway to the left of the refrigerator'). The refrigerator is on my right, so the hallway is effectively to its left. I need to walk straight down this passage to reach it.",
"stuck": false,
"plan": "Move forward through the narrow passage between the island and the fridge towards the stone archway/hallway.",
"curr_step": "I am facing the correct direction. The target is the hallway ahead. Waypoint 1 is the closest point in that direction.",
"action": 1
}
```
Action: turn
Action: move_forward
Action: turn
Action: move_forward
Action: move_forward
Action: move_forward
Action: turn
Action: move_forward
Action: turn
Action: move_forward
Action: null
Action: turn
waypoints: 14
skipped waypoints: edge 3,  distance 4,  no_path 0,  occlusion 4
2026-09-19 05:35:35,870 - INFO - --- Episode 96, Step 25/100 ---
2026-09-19 05:35:36,720 - INFO - --- Episode 96, Step 26/100 ---
2026-09-19 05:35:37,729 - INFO - --- Episode 96, Step 27/100 ---
2026-09-19 05:35:38,734 - INFO - --- Episode 96, Step 28/100 ---
2026-09-19 05:35:39,638 - INFO - --- Episode 96, Step 29/100 ---
2026-09-19 05:36:15,404 - INFO - HTTP Request: POST http://127.0.0.1:22447/v1/chat/completions "HTTP/1.1 200 OK"
2026-09-19 05:36:38,123 - INFO - HTTP Request: POST http://127.0.0.1:22447/v1/chat/completions "HTTP/1.1 200 OK"
2026-09-19 05:36:39,506 - INFO - --- Episode 96, Step 30/100 ---
2026-09-19 05:36:41,184 - INFO - --- Episode 96, Step 31/100 ---
2026-09-19 05:36:41,986 - INFO - --- Episode 96, Step 32/100 ---
2026-09-19 05:36:43,257 - INFO - --- Episode 96, Step 33/100 ---
2026-09-19 05:36:44,761 - INFO - --- Episode 96, Step 34/100 ---
2026-09-19 05:36:46,224 - INFO - --- Episode 96, Step 35/100 ---
2026-09-19 05:37:03,007 - INFO - HTTP Request: POST http://127.0.0.1:22447/v1/chat/completions "HTTP/1.1 200 OK"
2026-09-19 05:37:04,747 - INFO - HTTP Request: POST http://127.0.0.1:22447/v1/chat/completions "HTTP/1.1 400 Bad Request"
2026-09-19 05:37:05,963 - INFO - HTTP Request: POST http://127.0.0.1:22447/v1/chat/completions "HTTP/1.1 400 Bad Request"
2026-09-19 05:37:07,392 - INFO - --- Episode 96, Step 36/100 ---
2026-09-19 05:37:33,773 - INFO - HTTP Request: POST http://127.0.0.1:22447/v1/chat/completions "HTTP/1.1 200 OK"
2026-09-19 05:37:51,236 - INFO - HTTP Request: POST http://127.0.0.1:22447/v1/chat/completions "HTTP/1.1 200 OK"
2026-09-19 05:38:00,898 - INFO - HTTP Request: POST http://127.0.0.1:22447/v1/chat/completions "HTTP/1.1 200 OK"
 94%|█████████▍| 47/50 [9:26:36<41:52, 837.34s/it]Renderer: NVIDIA GeForce RTX 4090/PCIe/SSE2 by NVIDIA Corporation
OpenGL version: 4.6.0 NVIDIA 590.48.01
Using optional features:
    GL_ARB_vertex_array_object
    GL_ARB_separate_shader_objects
    GL_ARB_robustness
    GL_ARB_texture_storage
    GL_ARB_texture_view
    GL_ARB_framebuffer_no_attachments
    GL_ARB_invalidate_subdata
    GL_ARB_texture_storage_multisample
    GL_ARB_multi_bind
    GL_ARB_direct_state_access
    GL_ARB_get_texture_sub_image
    GL_ARB_texture_filter_anisotropic
    GL_KHR_debug
    GL_KHR_parallel_shader_compile
    GL_NV_depth_buffer_float
Using driver workarounds:
    no-forward-compatible-core-context
    nv-egl-incorrect-gl11-function-pointers
    no-layout-qualifiers-on-old-glsl
    nv-zero-context-profile-mask
    nv-implementation-color-read-format-dsa-broken
    nv-cubemap-inconsistent-compressed-image-size
    nv-cubemap-broken-full-compressed-image-query
    nv-compressed-block-size-in-bits
[05:38:04:944292]:[Warning]:[Metadata] SceneDatasetAttributes.cpp(107)::addNewSceneInstanceToDataset : Dataset : 'default' : Lighting Layout Attributes 'no_lights' specified in Scene Attributes but does not exist in dataset, so creating default.
2026-09-19 05:38:17,001 - INFO - Simulator initialized!
2026-09-19 05:38:38,393 - INFO - HTTP Request: POST http://127.0.0.1:22447/v1/chat/completions "HTTP/1.1 200 OK"
2026-09-19 05:38:39,169 - INFO - --- Episode 97, Step 1/100 ---
2026-09-19 05:38:50,393 - INFO - HTTP Request: POST http://127.0.0.1:22447/v1/chat/completions "HTTP/1.1 200 OK"
2026-09-19 05:38:51,085 - INFO - --- Episode 97, Step 2/100 ---
2026-09-19 05:38:51,716 - INFO - --- Episode 97, Step 3/100 ---
2026-09-19 05:38:52,504 - INFO - --- Episode 97, Step 4/100 ---
2026-09-19 05:38:53,389 - INFO - --- Episode 97, Step 5/100 ---
2026-09-19 05:38:54,169 - INFO - --- Episode 97, Step 6/100 ---
2026-09-19 05:38:54,769 - INFO - --- Episode 97, Step 7/100 ---
2026-09-19 05:39:05,658 - INFO - HTTP Request: POST http://127.0.0.1:22447/v1/chat/completions "HTTP/1.1 200 OK"
2026-09-19 05:39:06,390 - INFO - --- Episode 97, Step 8/100 ---
2026-09-19 05:39:07,169 - INFO - --- Episode 97, Step 9/100 ---
2026-09-19 05:39:08,156 - INFO - --- Episode 97, Step 10/100 ---
2026-09-19 05:39:08,926 - INFO - --- Episode 97, Step 11/100 ---
2026-09-19 05:39:09,780 - INFO - --- Episode 97, Step 12/100 ---
2026-09-19 05:39:10,593 - INFO - --- Episode 97, Step 13/100 ---
2026-09-19 05:39:11,345 - INFO - --- Episode 97, Step 14/100 ---
2026-09-19 05:39:12,539 - INFO - --- Episode 97, Step 15/100 ---
2026-09-19 05:39:35,361 - INFO - HTTP Request: POST http://127.0.0.1:22447/v1/chat/completions "HTTP/1.1 200 OK"
```json
{
"movement": "I have moved past the stone pillar and am now standing at the entrance of a hallway/opening leading to a room with a desk. The refrigerator is behind me to the right.",
"observation": {
    "front view": "A hallway opening leading into a room with a wooden desk, windows, and white appliances on the desk. Waypoints 1, 2, and 3 are visible in this area.",
    "left view": "The stone pillar and the wooden gate structure I just passed.",
    "right view": "A wooden cabinet and the kitchen area behind me.",
    "map": "I am near the 'carpet' label. The path leads forward towards the 'desk' area."
},
"thought": "I have reached the hallway to the left of the refrigerator as instructed in P1. The next step is to keep walking straight towards the wooden table with white appliances (P2). Waypoint 1 is directly ahead on the path into that room.",
"stuck": false,
"plan": "Move forward into the hallway/room towards the desk area to complete P1 and approach the target for P2.",
"curr_step": "I am at the entrance of the hallway. I need to move forward to fully enter it.",
"action": 1
}
```
Action: turn
Action: move_forward
Action: turn
Action: move_forward
Action: null
waypoints: 5
skipped waypoints: edge 1,  distance 1,  no_path 0,  occlusion 1

```json
{
"movement": "I have moved past the stone pillar and am now standing at the entrance of a hallway/opening leading to a room with a desk. The refrigerator is behind me to the right.",
"observation": {
    "front view": "An opening leading into a room with a large wooden table (desk) and windows. A white refrigerator is visible on the right side of this view.",
    "left view": "A wooden cabinet with a phone on it, and a stone archway further left.",
    "right view": "A long hallway extending away, with the refrigerator on the left wall.",
    "map": "I am near the 'carpet' label. The path leads forward into the room labeled 'desk'."
},
"thought": "The instruction is to walk towards the hallway/opening to the left of the refrigerator and then wait by a wooden table with white appliances. In my Front View, there is an opening to the left of the refrigerator leading to a room with a large wooden table that has white items on it. This matches the description for P2 perfectly. Therefore, I need to enter this room.",
"stuck": false,
"plan": "Move forward into the room labeled B through the opening to reach the wooden table.",
"curr_step": "I am facing the correct direction. Waypoint 1 is directly ahead on the path into the room.",
"action": 1
}
```
Action: turn
Action: move_forward
Action: turn
Action: move_forward
Action: null
Action: turn
waypoints: 17
skipped waypoints: edge 0,  distance 12,  no_path 1,  occlusion 2

Action: stop
waypoints: 17
skipped waypoints: edge 0,  distance 12,  no_path 1,  occlusion 2



Action: stop
['Walk to the oven', 'turn left, walk to the lattice gate', 'turn right, enter the office', 'wait at the desk']
Initialized data for new floor level: 0
Switching pcds to floor level: 0
Initialized data for new floor level: 0
Switching pcds to floor level: 0
Initialized data for new floor level: 0
Switching pcds to floor level: 0
[StairDetect] normals=0.0038s, cpu=0.0002s, cluster=0.0452s, loop=0.0126s, total=0.0707s
waypoints: 17
skipped waypoints: edge 2,  distance 0,  no_path 1,  occlusion 10
```json
{
"movement": "I am currently standing in the kitchen near the island. The oven is visible in the right view, located along the wall to my right. I need to move towards that area.",
"observation": {
    "front view": "I see a large wooden kitchen island with a sink and a plate of fruit on it. To the right of the island are wooden cabinets.",
    "left view": "I see a stainless steel refrigerator and more cabinetry.",
    "right view": "I see a large professional-grade stainless steel oven/range built into the wall cabinetry, along with a range hood above it.",
    "map": "The map shows my starting position near the island. The target area (oven) is likely to the right/front-right based on the views."
},
"thought": "The oven is clearly visible in the right view. To reach it, I need to move from my current position towards the wall where the oven is located. Moving forward and slightly right will bring me closer to the cooking area. Waypoint 2 appears to be a good intermediate step on the floor that moves me into the open space of the kitchen, closer to the oven wall.",
"stuck": false,
"plan": "Move towards the oven which is located on the wall to the right. I will navigate around the island towards the cooking area.",
"curr_step": "I need to advance into the kitchen space to get closer to the oven. Waypoint 2 is positioned on the floor in a way that moves me forward and slightly right, towards the oven's location.",
"action": 2
}
```
Calculated floor height difference: 2.99m
Action: turn
Action: move_forward
Action: turn
Action: move_forward
Action: null
Action: turn
waypoints: 25
skipped waypoints: edge 1,  distance 10,  no_path 0,  occlusion 11
```json
{
"movement": "I have moved forward and turned left, positioning myself near the kitchen island. The oven is visible in the right view along the wall.",
"observation": {
    "front view": "I see the kitchen island with wooden cabinets and a countertop. To the right is an archway leading to a living area.",
    "left view": "I see the side of the kitchen island and a doorway/window area.",
    "right view": "I see the main cooking area with a large stainless steel range hood and a professional-grade stove/oven unit built into the cabinetry.",
    "map": "The map shows my position near the island. The oven is located along the wall to the right."
},
"thought": "The oven is clearly visible in the right view. To reach it, I need to move towards the cooking area on the right side of the kitchen. Waypoint 1 is positioned on the floor in a way that moves me forward and slightly right, towards the oven wall.",
"stuck": false,
"plan": "Move towards the oven which is located on the wall to the right. I will navigate into the space between the island and the right wall.",
"curr_step": "I need to advance into the kitchen workspace. Waypoint 1 is the closest waypoint that moves me towards the cooking area.",
"action": 1
}
```
Action: turn
Action: move_forward
Action: turn
Action: move_forward
Action: turn
--- Height change stabilized. Height diff: -0.18, On platform: True, Metrics: {'inlier_count': 10390, 'local_count': 26341, 'support_ratio': 0.3944421244298074, 'vertical_score': 1.0, 'plane_height_mean': -1.4008550643920898, 'agent_z': -1.382709440588951, 'vertical_diff': 0.018145623803138777, 'area_xy': 5.7456, 'radius_est': 1.3523613725841135, 'z_std': 0.011546315625309944, 'occupied_cells': 399, 'bottom_height_tolerance': 0.1}
--- No significant floor change. Height diff: -0.18, On platform: True, Metrics: {'inlier_count': 10390, 'local_count': 26341, 'support_ratio': 0.3944421244298074, 'vertical_score': 1.0, 'plane_height_mean': -1.4008550643920898, 'agent_z': -1.382709440588951, 'vertical_diff': 0.018145623803138777, 'area_xy': 5.7456, 'radius_est': 1.3523613725841135, 'z_std': 0.011546315625309944, 'occupied_cells': 399, 'bottom_height_tolerance': 0.1}
Updated floor height: -1.18, ceiling height: 0.62
Action: move_forward
Action: null
Action: turn
waypoints: 46
skipped waypoints: edge 4,  distance 18,  no_path 0,  occlusion 17
2026-09-19 05:39:36,283 - INFO - --- Episode 97, Step 16/100 ---
2026-09-19 05:39:37,281 - INFO - --- Episode 97, Step 17/100 ---
2026-09-19 05:39:38,379 - INFO - --- Episode 97, Step 18/100 ---
2026-09-19 05:39:39,102 - INFO - --- Episode 97, Step 19/100 ---
2026-09-19 05:39:40,124 - INFO - --- Episode 97, Step 20/100 ---
2026-09-19 05:39:41,025 - INFO - --- Episode 97, Step 21/100 ---
2026-09-19 05:39:41,989 - INFO - --- Episode 97, Step 22/100 ---
2026-09-19 05:39:42,919 - INFO - --- Episode 97, Step 23/100 ---
2026-09-19 05:39:43,966 - INFO - --- Episode 97, Step 24/100 ---
2026-09-19 05:40:23,348 - INFO - HTTP Request: POST http://127.0.0.1:22447/v1/chat/completions "HTTP/1.1 200 OK"
2026-09-19 05:40:25,017 - INFO - --- Episode 97, Step 25/100 ---
2026-09-19 05:40:25,839 - INFO - --- Episode 97, Step 26/100 ---
2026-09-19 05:40:26,718 - INFO - --- Episode 97, Step 27/100 ---
2026-09-19 05:40:27,568 - INFO - --- Episode 97, Step 28/100 ---
2026-09-19 05:40:28,464 - INFO - --- Episode 97, Step 29/100 ---
2026-09-19 05:40:29,579 - INFO - --- Episode 97, Step 30/100 ---
2026-09-19 05:40:30,849 - INFO - --- Episode 97, Step 31/100 ---
2026-09-19 05:40:31,895 - INFO - --- Episode 97, Step 32/100 ---
2026-09-19 05:40:49,574 - INFO - HTTP Request: POST http://127.0.0.1:22447/v1/chat/completions "HTTP/1.1 200 OK"
```json
{
"movement": "I have moved forward and turned left, positioning myself near the kitchen island facing the dining area. The oven is located along the wall to my right, behind the stone pillar.",
"observation": {
    "front view": "I see a dining area with a table and chairs through an archway. To my right is a large stone pillar.",
    "left view": "I see the side of the kitchen island and a painting on the wall.",
    "right view": "I see the stone pillar and the kitchen counter area behind it where the oven is located.",
    "map": "The map shows my position near the center of the room. The oven is likely along the wall to the right, near the 'workbench' area."
},
"thought": "The oven is visible in the right view from the previous step, located along the kitchen wall behind the stone pillar. I am currently facing away from it towards the dining room. To reach the oven, I need to move towards the kitchen area on the right. Waypoint 2 is positioned near the base of the pillar on the right side, which will bring me closer to the oven. From there, I can turn right to face the oven directly.",
"stuck": false,
"plan": "Move towards the oven located along the wall to the right. I will navigate towards the stone pillar and then approach the oven.",
"curr_step": "I need to advance towards the kitchen area. Waypoint 2 is the closest waypoint that moves me in the direction of the oven (to the right of the current path).",
"action": 2
}
```
Action: turn
Action: move_forward
Action: turn
--- Height change stabilized. Height diff: -0.12, On platform: True, Metrics: {'inlier_count': 11127, 'local_count': 23367, 'support_ratio': 0.47618436254220975, 'vertical_score': 1.0, 'plane_height_mean': -1.4048678874969482, 'agent_z': -1.3191724464297294, 'vertical_diff': 0.08569544106721882, 'area_xy': 6.7968, 'radius_est': 1.470880224360226, 'z_std': 0.018009396269917488, 'occupied_cells': 472, 'bottom_height_tolerance': 0.1}
--- No significant floor change. Height diff: -0.12, On platform: True, Metrics: {'inlier_count': 11127, 'local_count': 23367, 'support_ratio': 0.47618436254220975, 'vertical_score': 1.0, 'plane_height_mean': -1.4048678874969482, 'agent_z': -1.3191724464297294, 'vertical_diff': 0.08569544106721882, 'area_xy': 6.7968, 'radius_est': 1.470880224360226, 'z_std': 0.018009396269917488, 'occupied_cells': 472, 'bottom_height_tolerance': 0.1}
Updated floor height: -1.12, ceiling height: 0.68
Action: move_forward
--- Height change stabilized. Height diff: -0.18, On platform: True, Metrics: {'inlier_count': 11599, 'local_count': 22289, 'support_ratio': 0.5203912243474184, 'vertical_score': 1.0, 'plane_height_mean': -1.4046108722686768, 'agent_z': -1.3786454766988754, 'vertical_diff': 0.025965395569801375, 'area_xy': 7.199999999999999, 'radius_est': 1.513879513212096, 'z_std': 0.01049228385090828, 'occupied_cells': 500, 'bottom_height_tolerance': 0.1}
--- No significant floor change. Height diff: -0.18, On platform: True, Metrics: {'inlier_count': 11599, 'local_count': 22289, 'support_ratio': 0.5203912243474184, 'vertical_score': 1.0, 'plane_height_mean': -1.4046108722686768, 'agent_z': -1.3786454766988754, 'vertical_diff': 0.025965395569801375, 'area_xy': 7.199999999999999, 'radius_est': 1.513879513212096, 'z_std': 0.01049228385090828, 'occupied_cells': 500, 'bottom_height_tolerance': 0.1}
Updated floor height: -1.18, ceiling height: 0.62
Action: move_forward
Action: turn
--- Height change stabilized. Height diff: -0.10, On platform: True, Metrics: {'inlier_count': 1443, 'local_count': 33349, 'support_ratio': 0.04326966325697113, 'vertical_score': 1.0, 'plane_height_mean': -1.2658745050430298, 'agent_z': -1.3041460782289505, 'vertical_diff': 0.03827157318592067, 'area_xy': 0.7631999999999999, 'radius_est': 0.4928834599938093, 'z_std': 0.048699963837862015, 'occupied_cells': 53, 'bottom_height_tolerance': 0.1}
--- No significant floor change. Height diff: -0.10, On platform: True, Metrics: {'inlier_count': 1443, 'local_count': 33349, 'support_ratio': 0.04326966325697113, 'vertical_score': 1.0, 'plane_height_mean': -1.2658745050430298, 'agent_z': -1.3041460782289505, 'vertical_diff': 0.03827157318592067, 'area_xy': 0.7631999999999999, 'radius_est': 0.4928834599938093, 'z_std': 0.048699963837862015, 'occupied_cells': 53, 'bottom_height_tolerance': 0.1}
Updated floor height: -1.10, ceiling height: 0.70
Action: move_forward
Action: null
Action: turn
waypoints: 37
skipped waypoints: edge 0,  distance 18,  no_path 0,  occlusion 12
```json
{
"movement": "I have moved into the living room area and am currently facing a console table with a lamp. The kitchen area with the oven is behind me and to the left.",
"observation": {
    "front view": "I see a long wooden console table with a large lamp on it. Behind it is a fireplace and a seating area.",
    "left view": "I see a tiled floor path leading back towards the kitchen island and dining area.",
    "right view": "I see a wall with a painting and an archway.",
    "map": "The map shows my current position in the living room area, having moved away from the kitchen (workbench). The oven is located near the workbench in the kitchen."
},
"thought": "The oven is located in the kitchen area, which is behind me and to the left. I need to return to the kitchen to complete the subtask 'Walk to the oven'. The tiled floor path leads back to the kitchen island. Waypoint 3 is on this path.",
"stuck": false,
"plan": "Turn left and move towards the kitchen area via the tiled floor path to reach the oven near the island.",
"curr_step": "I need to move towards the kitchen. Waypoint 3 is located on the tiled floor path leading back to the kitchen island where the oven is located.",
"action": 3
}
```
Action: turn
Action: move_forward
Action: turn
Action: move_forward
Action: turn
--- Height change stabilized. Height diff: 0.00, On platform: True, Metrics: {'inlier_count': 617, 'local_count': 27781, 'support_ratio': 0.022209423706050557, 'vertical_score': 1.0, 'plane_height_mean': -1.1699495315551758, 'agent_z': -1.2, 'vertical_diff': 0.030050468444824174, 'area_xy': 0.34559999999999996, 'radius_est': 0.33167438349248207, 'z_std': 0.0436638668179512, 'occupied_cells': 24, 'bottom_height_tolerance': 0.1}
--- No significant floor change. Height diff: 0.00, On platform: True, Metrics: {'inlier_count': 617, 'local_count': 27781, 'support_ratio': 0.022209423706050557, 'vertical_score': 1.0, 'plane_height_mean': -1.1699495315551758, 'agent_z': -1.2, 'vertical_diff': 0.030050468444824174, 'area_xy': 0.34559999999999996, 'radius_est': 0.33167438349248207, 'z_std': 0.0436638668179512, 'occupied_cells': 24, 'bottom_height_tolerance': 0.1}
Updated floor height: -1.00, ceiling height: 0.80
Action: move_forward
Action: null
Action: turn
waypoints: 34
skipped waypoints: edge 6,  distance 8,  no_path 0,  occlusion 11
2026-09-19 05:40:51,124 - INFO - --- Episode 97, Step 33/100 ---
2026-09-19 05:40:51,907 - INFO - --- Episode 97, Step 34/100 ---
2026-09-19 05:40:52,887 - INFO - --- Episode 97, Step 35/100 ---
2026-09-19 05:40:53,671 - INFO - --- Episode 97, Step 36/100 ---
2026-09-19 05:40:54,588 - INFO - --- Episode 97, Step 37/100 ---
2026-09-19 05:40:55,373 - INFO - --- Episode 97, Step 38/100 ---
2026-09-19 05:41:36,542 - INFO - HTTP Request: POST http://127.0.0.1:22447/v1/chat/completions "HTTP/1.1 200 OK"
2026-09-19 05:41:38,461 - INFO - --- Episode 97, Step 39/100 ---
2026-09-19 05:41:39,701 - INFO - --- Episode 97, Step 40/100 ---
2026-09-19 05:41:40,806 - INFO - --- Episode 97, Step 41/100 ---
2026-09-19 05:41:41,645 - INFO - --- Episode 97, Step 42/100 ---
2026-09-19 05:41:57,057 - INFO - HTTP Request: POST http://127.0.0.1:22447/v1/chat/completions "HTTP/1.1 200 OK"
2026-09-19 05:41:58,643 - INFO - --- Episode 97, Step 43/100 ---
2026-09-19 05:41:59,574 - INFO - --- Episode 97, Step 44/100 ---
2026-09-19 05:42:00,542 - INFO - --- Episode 97, Step 45/100 ---
2026-09-19 05:42:01,430 - INFO - --- Episode 97, Step 46/100 ---
2026-09-19 05:42:02,367 - INFO - --- Episode 97, Step 47/100 ---
2026-09-19 05:42:03,219 - INFO - --- Episode 97, Step 48/100 ---
2026-09-19 05:42:04,053 - INFO - --- Episode 97, Step 49/100 ---
2026-09-19 05:42:31,119 - INFO - HTTP Request: POST http://127.0.0.1:22447/v1/chat/completions "HTTP/1.1 200 OK"
2026-09-19 05:42:33,078 - INFO - --- Episode 97, Step 50/100 ---
2026-09-19 05:42:33,896 - INFO - --- Episode 97, Step 51/100 ---
2026-09-19 05:42:34,781 - INFO - --- Episode 97, Step 52/100 ---
2026-09-19 05:42:35,580 - INFO - --- Episode 97, Step 53/100 ---
2026-09-19 05:42:36,409 - INFO - --- Episode 97, Step 54/100 ---
2026-09-19 05:42:46,166 - INFO - HTTP Request: POST http://127.0.0.1:22447/v1/chat/completions "HTTP/1.1 500 Internal Server Error"
2026-09-19 05:42:46,167 - INFO - Retrying request to /chat/completions in 0.431962 seconds
2026-09-19 05:43:10,608 - INFO - HTTP Request: POST http://127.0.0.1:22447/v1/chat/completions "HTTP/1.1 200 OK"
2026-09-19 05:43:13,743 - INFO - --- Episode 97, Step 55/100 ---
2026-09-19 05:43:14,713 - INFO - --- Episode 97, Step 56/100 ---
2026-09-19 05:43:15,711 - INFO - --- Episode 97, Step 57/100 ---
2026-09-19 05:43:16,731 - INFO - --- Episode 97, Step 58/100 ---
2026-09-19 05:43:18,053 - INFO - --- Episode 97, Step 59/100 ---
2026-09-19 05:43:19,226 - INFO - --- Episode 97, Step 60/100 ---
2026-09-19 05:43:20,719 - INFO - --- Episode 97, Step 61/100 ---
2026-09-19 05:43:21,947 - INFO - --- Episode 97, Step 62/100 ---
2026-09-19 05:43:23,516 - INFO - --- Episode 97, Step 63/100 ---
2026-09-19 05:43:25,522 - INFO - --- Episode 97, Step 64/100 ---
2026-09-19 05:43:42,790 - INFO - HTTP Request: POST http://127.0.0.1:22447/v1/chat/completions "HTTP/1.1 400 Bad Request"
2026-09-19 05:43:44,146 - INFO - HTTP Request: POST http://127.0.0.1:22447/v1/chat/completions "HTTP/1.1 400 Bad Request"
2026-09-19 05:43:45,488 - INFO - HTTP Request: POST http://127.0.0.1:22447/v1/chat/completions "HTTP/1.1 400 Bad Request"
2026-09-19 05:43:47,947 - INFO - --- Episode 97, Step 65/100 ---
2026-09-19 05:44:22,654 - INFO - HTTP Request: POST http://127.0.0.1:22447/v1/chat/completions "HTTP/1.1 200 OK"
```json
{
"movement": "I have moved into the living room area near the sofa and chairs. I am now facing towards the dining area and the hallway leading back to the kitchen.",
"observation": {
    "front view": "I see a dining table with chairs in the distance through an archway. To my left is a wooden cabinet/counter.",
    "left view": "I see the side of a large wooden cabinet or island structure.",
    "right view": "I see a wall with a painting and a hallway leading further into the house.",
    "map": "The map shows my current position near the sofa. The kitchen (workbench) is to the south/southwest. I need to head back towards that area."
},
"thought": "The oven is located in the kitchen, which is behind me and to the left relative to my previous orientation, but now it's generally 'back' towards the start of the map. Looking at the front view, the wooden cabinet on the left suggests I am near the kitchen entrance. Waypoint 3 is positioned in the open floor space that leads towards the kitchen area/hallway. Moving there will put me on the path back to the oven.",
"stuck": false,
"plan": "Move back towards the kitchen area where the oven is located. I will navigate through the open floor space towards the hallway/kitchen entrance.",
"curr_step": "I need to move away from the living room furniture and towards the kitchen. Waypoint 3 is the closest waypoint that leads in the direction of the kitchen/hallway.",
"action": 3
}
```
Action: turn
Action: move_forward
Action: turn
Action: move_forward
Action: null
Action: turn
waypoints: 32
skipped waypoints: edge 5,  distance 21,  no_path 0,  occlusion 3
```json
{
"movement": "I have moved from the living room area towards a wall with a picture (B). The kitchen/dining area is visible to my left through an opening.",
"observation": {
    "front view": "I see a wall with a framed picture (B) and a hallway leading to the right. To the left of the wall is an opening to another room.",
    "left view": "I see a dining area with a table and chairs, and further back, the kitchen island where the oven is located.",
    "right view": "I see the living room with a sofa and fireplace.",
    "map": "The map shows my current position near a wall corner. The path back to the kitchen (workbench) is through the opening to the left."
},
"thought": "The oven is located in the kitchen area, which is visible to my left. I am currently facing a wall corner. To reach the oven, I need to go around this corner and enter the dining/kitchen area. Waypoint 2 is positioned on the floor near this corner, allowing me to move forward and then turn left into the target area.",
"stuck": false,
"plan": "Move towards the corner (waypoint 2) to clear the wall, then turn left and walk into the kitchen/dining area to reach the oven.",
"curr_step": "I need to move forward along the wall to get around the corner. Waypoint 2 is the next logical step on this path.",
"action": 2
}
```
Action: turn
Action: move_forward
Action: null
Action: turn
waypoints: 46
skipped waypoints: edge 2,  distance 30,  no_path 0,  occlusion 10
```json
{
"movement": "I have moved along the wall with the window curtains (B) and am now positioned near the corner of the living room, facing towards the dining area.",
"observation": {
    "front view": "I see a path leading forward between the window wall on the left and the sofa on the right. Further ahead is the dining area.",
    "left view": "I see a dining table and chairs through an opening, which leads towards the kitchen.",
    "right view": "I see the living room sofa and fireplace.",
    "map": "The map shows my current position near the window wall. The path to the kitchen (workbench) is ahead and slightly left."
},
"thought": "The oven is located in the kitchen area, which is accessible through the dining area to my left. I am currently facing a path that leads towards this opening. Moving forward will bring me closer to the dining table and the entrance to the kitchen.",
"stuck": false,
"plan": "Move forward along the path between the window wall and the sofa to reach the dining area, then turn left into the kitchen to find the oven.",
"curr_step": "I need to advance towards the opening. Waypoint 2 is on the path leading directly to the dining/kitchen entrance.",
"action": 2
}
```
Action: turn
Action: move_forward
Action: turn
Action: move_forward
Action: turn
Action: move_forward
Action: null
waypoints: 37
skipped waypoints: edge 0,  distance 19,  no_path 1,  occlusion 7
```json
{
"movement": "I have moved along the window wall and am now facing a corner with curtains. The living room is to my right. I need to head back towards the kitchen area.",
"observation": {
    "front view": "I see a wall with curtains on the left and a path leading forward along the wall. Further ahead is a dining table and chairs.",
    "left view": "I see the window and curtains close up.",
    "right view": "I see the living room with sofas, a coffee table, and an archway leading to another room (possibly the office or back to kitchen).",
    "map": "The map shows my current position near the top left of the living room. The kitchen (workbench) is located further down and to the right on the map, near the start point."
},
"thought": "The oven is in the kitchen, which is back towards the start area. I am currently in a corner of the living room. To get back to the kitchen, I need to move forward along the wall towards the dining area, which connects to the kitchen. Waypoint 3 is on this path.",
"stuck": false,
"plan": "Move forward along the wall towards the dining area to find the path back to the kitchen and the oven.",
"curr_step": "I need to advance along the current path. Waypoint 3 is the next logical step forward along the wall.",
"action": 3
}
```
Action: turn
Action: move_forward
Action: turn
Action: move_forward
Action: null
waypoints: 39
skipped waypoints: edge 7,  distance 18,  no_path 0,  occlusion 8
```json
{
"movement": "I have moved along the window wall and turned slightly right to face into the living room. I am now positioned near a wicker side table, facing the main living area.",
"observation": {
    "front view": "I see the living room with a large white sofa, a coffee table, and an archway leading to another room (likely the dining/kitchen area). To my left is a fireplace and a window with curtains.",
    "left view": "I see the window and curtains close up.",
    "right view": "I see the rest of the living room and an archway leading to a hallway or another room.",
    "map": "The map shows my current position near the top left corner of the living room. The kitchen (workbench) is located further down and to the right on the map."
},
"thought": "The oven is in the kitchen, which is accessible through the archway ahead/right. I need to cross the living room to get there. Waypoint 1 is in the open space of the living room, leading towards that archway.",
"stuck": false,
"plan": "Move across the living room towards the archway that leads to the kitchen/dining area where the oven is located.",
"curr_step": "I need to advance into the living room. Waypoint 1 is the closest waypoint on the path towards the kitchen entrance.",
"action": 1
}
```
Action: turn
Action: move_forward
Action: turn
Action: move_forward
Action: move_forward
Action: move_forward
Action: turn
Action: move_forward
Action: null
Action: turn
waypoints: 49
skipped waypoints: edge 11,  distance 22,  no_path 2,  occlusion 3
Action: stop
waypoints: 49
skipped waypoints: edge 11,  distance 22,  no_path 2,  occlusion 3
2026-09-19 05:44:24,614 - INFO - --- Episode 97, Step 66/100 ---
2026-09-19 05:44:25,657 - INFO - --- Episode 97, Step 67/100 ---
2026-09-19 05:44:26,737 - INFO - --- Episode 97, Step 68/100 ---
2026-09-19 05:44:27,697 - INFO - --- Episode 97, Step 69/100 ---
2026-09-19 05:44:28,791 - INFO - --- Episode 97, Step 70/100 ---
2026-09-19 05:44:37,850 - INFO - HTTP Request: POST http://127.0.0.1:22447/v1/chat/completions "HTTP/1.1 400 Bad Request"
2026-09-19 05:44:39,392 - INFO - HTTP Request: POST http://127.0.0.1:22447/v1/chat/completions "HTTP/1.1 400 Bad Request"
2026-09-19 05:44:40,809 - INFO - HTTP Request: POST http://127.0.0.1:22447/v1/chat/completions "HTTP/1.1 400 Bad Request"
 96%|█████████▌| 48/50 [9:33:17<23:32, 706.48s/it]Renderer: NVIDIA GeForce RTX 4090/PCIe/SSE2 by NVIDIA Corporation
OpenGL version: 4.6.0 NVIDIA 590.48.01
Using optional features:
    GL_ARB_vertex_array_object
    GL_ARB_separate_shader_objects
    GL_ARB_robustness
    GL_ARB_texture_storage
    GL_ARB_texture_view
    GL_ARB_framebuffer_no_attachments
    GL_ARB_invalidate_subdata
    GL_ARB_texture_storage_multisample
    GL_ARB_multi_bind
    GL_ARB_direct_state_access
    GL_ARB_get_texture_sub_image
    GL_ARB_texture_filter_anisotropic
    GL_KHR_debug
    GL_KHR_parallel_shader_compile
    GL_NV_depth_buffer_float
Using driver workarounds:
    no-forward-compatible-core-context
    nv-egl-incorrect-gl11-function-pointers
    no-layout-qualifiers-on-old-glsl
    nv-zero-context-profile-mask
    nv-implementation-color-read-format-dsa-broken
    nv-cubemap-inconsistent-compressed-image-size
    nv-cubemap-broken-full-compressed-image-query
    nv-compressed-block-size-in-bits
[05:44:46:080300]:[Warning]:[Metadata] SceneDatasetAttributes.cpp(107)::addNewSceneInstanceToDataset : Dataset : 'default' : Lighting Layout Attributes 'no_lights' specified in Scene Attributes but does not exist in dataset, so creating default.
2026-09-19 05:44:58,754 - INFO - Simulator initialized!
2026-09-19 05:45:27,660 - INFO - HTTP Request: POST http://127.0.0.1:22447/v1/chat/completions "HTTP/1.1 200 OK"
2026-09-19 05:45:28,479 - INFO - --- Episode 98, Step 1/100 ---
2026-09-19 05:46:28,676 - INFO - HTTP Request: POST http://127.0.0.1:22447/v1/chat/completions "HTTP/1.1 200 OK"
2026-09-19 05:46:29,493 - INFO - --- Episode 98, Step 2/100 ---
2026-09-19 05:46:30,196 - INFO - --- Episode 98, Step 3/100 ---
2026-09-19 05:46:30,845 - INFO - --- Episode 98, Step 4/100 ---
2026-09-19 05:46:31,761 - INFO - --- Episode 98, Step 5/100 ---
2026-09-19 05:49:24,509 - INFO - HTTP Request: POST http://127.0.0.1:22447/v1/chat/completions "HTTP/1.1 200 OK"
2026-09-19 05:51:57,375 - INFO - HTTP Request: POST http://127.0.0.1:22447/v1/chat/completions "HTTP/1.1 200 OK"
2026-09-19 05:52:17,227 - INFO - HTTP Request: POST http://127.0.0.1:22447/v1/chat/completions "HTTP/1.1 200 OK"
2026-09-19 05:52:18,056 - INFO - --- Episode 98, Step 6/100 ---
2026-09-19 05:52:18,832 - INFO - --- Episode 98, Step 7/100 ---
2026-09-19 05:52:19,472 - INFO - --- Episode 98, Step 8/100 ---
2026-09-19 05:52:20,205 - INFO - --- Episode 98, Step 9/100 ---
2026-09-19 05:52:21,386 - INFO - --- Episode 98, Step 10/100 ---
2026-09-19 05:52:22,164 - INFO - --- Episode 98, Step 11/100 ---
2026-09-19 05:52:23,033 - INFO - --- Episode 98, Step 12/100 ---
2026-09-19 05:52:23,953 - INFO - --- Episode 98, Step 13/100 ---
2026-09-19 05:52:24,699 - INFO - --- Episode 98, Step 14/100 ---
2026-09-19 05:52:25,990 - INFO - --- Episode 98, Step 15/100 ---
2026-09-19 05:54:02,089 - INFO - HTTP Request: POST http://127.0.0.1:22447/v1/chat/completions "HTTP/1.1 200 OK"
2026-09-19 05:54:14,947 - INFO - HTTP Request: POST http://127.0.0.1:22447/v1/chat/completions "HTTP/1.1 200 OK"
2026-09-19 05:54:17,620 - INFO - --- Episode 98, Step 16/100 ---
2026-09-19 05:54:18,861 - INFO - --- Episode 98, Step 17/100 ---
2026-09-19 05:54:19,712 - INFO - --- Episode 98, Step 18/100 ---
2026-09-19 05:54:20,798 - INFO - --- Episode 98, Step 19/100 ---
2026-09-19 05:54:21,918 - INFO - --- Episode 98, Step 20/100 ---
2026-09-19 05:54:22,850 - INFO - --- Episode 98, Step 21/100 ---
2026-09-19 05:54:24,511 - INFO - --- Episode 98, Step 22/100 ---
2026-09-19 05:54:25,371 - INFO - --- Episode 98, Step 23/100 ---
2026-09-19 05:55:30,024 - INFO - HTTP Request: POST http://127.0.0.1:22447/v1/chat/completions "HTTP/1.1 200 OK"
2026-09-19 05:55:43,038 - INFO - HTTP Request: POST http://127.0.0.1:22447/v1/chat/completions "HTTP/1.1 200 OK"
```json
{
"movement": "I have moved into the living room area near the sofa and fireplace. I am currently facing the fireplace wall with the sofa to my right.",
"observation": {
    "front view": "I see a large stone fireplace on the left and a potted plant in the corner. To the right is a beige sofa. Further right is an archway leading to another room.",
    "left view": "I see the side of the fireplace and a dark wooden cabinet.",
    "right view": "I see the living room seating area with sofas and coffee tables, and an archway leading to a dining/kitchen area in the distance.",
    "map": "The map shows my current position near the center of the living room. The 'workbench' (likely containing the oven) is located to the north-west, near waypoint 9 and 10, along the wall."
},
"thought": "The oven is located in the kitchen area, which corresponds to the 'workbench' on the map near waypoint 9. I am currently facing the fireplace wall. To reach the workbench/oven, I need to move towards that corner of the room. Waypoint 10 is positioned in the open floor space leading directly towards that area.",
"stuck": false,
"plan": "Move forward and slightly left towards the fireplace wall where the workbench/oven is located.",
"curr_step": "I need to advance towards the workbench area. Waypoint 10 is the closest waypoint on the path to the workbench.",
"action": 10
}
```
Action: turn
Action: move_forward
Action: turn
Action: move_forward
Action: null
waypoints: 5
skipped waypoints: edge 0,  distance 0,  no_path 2,  occlusion 0
Action: stop
['Walk through the kitchen and into the hallway on the left by the refrigerator.', 'And wait in the room across the hall.']
Initialized data for new floor level: 0
Switching pcds to floor level: 0
Initialized data for new floor level: 0
Switching pcds to floor level: 0
Initialized data for new floor level: 0
Switching pcds to floor level: 0
[StairDetect] normals=0.0049s, cpu=0.0003s, cluster=0.0517s, loop=0.0148s, total=0.0813s
waypoints: 17
skipped waypoints: edge 2,  distance 0,  no_path 1,  occlusion 10
```json
{
"movement": "Move forward and slightly left towards the area near the refrigerator.",
"observation": {
    "front view": "The kitchen island with a sink and fruit plate is directly in front. Wooden cabinets are on the right.",
    "left view": "A large stainless steel refrigerator is visible on the left wall, with a hallway extending past it.",
    "right view": "A stove and oven range are visible on the right wall, with an archway leading further into the house.",
    "map": "The map shows the current position near the 'workbench' (island). Waypoint 1 is located near the top-left corner of the workbench, close to the refrigerator area."
},
"thought": "The instruction is to walk through the kitchen and into the hallway on the left by the refrigerator. The refrigerator is visible in the left view, and the hallway is just past it. On the map, waypoint 1 is positioned near the refrigerator side of the island (top-left relative to the start). Moving towards waypoint 1 will take me along the left side of the island, directly towards the refrigerator and the entrance to the hallway.",
"stuck": false,
"plan": "Navigate towards waypoint 1 to reach the area by the refrigerator. From there, I will be able to enter the hallway as instructed.",
"curr_step": "Move towards waypoint 1 which is located near the refrigerator on the left side of the kitchen island.",
"action": 1
}
```
Calculated floor height difference: 2.99m
Action: turn
Action: move_forward
Action: null
Action: turn
waypoints: 27
skipped waypoints: edge 2,  distance 7,  no_path 0,  occlusion 16


```json
{
"movement": "Move forward and slightly right towards the archway leading out of the kitchen.",
"observation": {
    "front view": "I see the kitchen island on the left and a counter straight ahead. To the right of the counter is an archway leading to another room.",
    "left view": "The other side of the kitchen island with a sink is visible.",
    "right view": "The stove and sink area are visible, and through an archway in the distance, a hallway with a TV can be seen.",
    "map": "I am near the 'workbench' (island). Waypoint 1 is located just ahead and slightly right, near the archway exit."
},
"thought": "The instruction asks to walk into the hallway. The map and views show an archway to the right of the kitchen counter that leads towards a hallway area (visible in the right view). Waypoint 1 is positioned near this archway. Moving to waypoint 1 will take me through the kitchen and towards the hallway entrance.",
"stuck": false,
"plan": "Navigate towards waypoint 1 to pass through the archway and enter the hallway area as instructed.",
"curr_step": "Move towards waypoint 1 which is located near the archway exit of the kitchen.",
"action": 1
}
```
Action: turn
Action: move_forward
Action: turn
Action: move_forward
Action: turn
Action: move_forward
Action: turn
--- Height change stabilized. Height diff: -0.18, On platform: True, Metrics: {'inlier_count': 10420, 'local_count': 26361, 'support_ratio': 0.39528090738609, 'vertical_score': 1.0, 'plane_height_mean': -1.4011086225509644, 'agent_z': -1.3822802871465683, 'vertical_diff': 0.0188283354043961, 'area_xy': 5.659199999999999, 'radius_est': 1.3421547257642497, 'z_std': 0.01197297964245081, 'occupied_cells': 393, 'bottom_height_tolerance': 0.1}
--- No significant floor change. Height diff: -0.18, On platform: True, Metrics: {'inlier_count': 10420, 'local_count': 26361, 'support_ratio': 0.39528090738609, 'vertical_score': 1.0, 'plane_height_mean': -1.4011086225509644, 'agent_z': -1.3822802871465683, 'vertical_diff': 0.0188283354043961, 'area_xy': 5.659199999999999, 'radius_est': 1.3421547257642497, 'z_std': 0.01197297964245081, 'occupied_cells': 393, 'bottom_height_tolerance': 0.1}
Updated floor height: -1.18, ceiling height: 0.62
Action: move_forward
Action: null
Action: turn
waypoints: 47
skipped waypoints: edge 4,  distance 19,  no_path 0,  occlusion 17

```json
{
"movement": "Move forward onto the tiled floor area.",
"observation": {
    "front view": "I see a tiled floor area leading towards an archway into a dining room with a table and chairs. To the right is a stone pillar and another opening.",
    "left view": "The kitchen island is to my left, and further back is a hallway/passage.",
    "right view": "A stone pillar and the stove area are visible.",
    "map": "I am near the 'workbench' label. Waypoint 1 is on the tiled floor ahead."
},
"thought": "I have walked through the kitchen and am now approaching the transition to the next area. The instruction mentions a hallway on the left by the refrigerator. Moving forward onto the tiled floor (towards waypoint 1) will bring me closer to that hallway entrance.",
"stuck": false,
"plan": "Move forward towards the tiled area and the archway to reach the hallway mentioned in the instructions.",
"curr_step": "Move towards waypoint 1 which is located on the tiled floor ahead.",
"action": 1
}
```
Action: turn
Action: move_forward
Action: turn
Action: move_forward
Action: turn
--- Height change stabilized. Height diff: -0.09, On platform: True, Metrics: {'inlier_count': 126, 'local_count': 19185, 'support_ratio': 0.006567630961346487, 'vertical_score': 1.0, 'plane_height_mean': -1.262829303741455, 'agent_z': -1.2937112271785736, 'vertical_diff': 0.030881923437118486, 'area_xy': 0.08639999999999999, 'radius_est': 0.16583719174624104, 'z_std': 0.03777315840125084, 'occupied_cells': 6, 'bottom_height_tolerance': 0.1}
--- No significant floor change. Height diff: -0.09, On platform: True, Metrics: {'inlier_count': 126, 'local_count': 19185, 'support_ratio': 0.006567630961346487, 'vertical_score': 1.0, 'plane_height_mean': -1.262829303741455, 'agent_z': -1.2937112271785736, 'vertical_diff': 0.030881923437118486, 'area_xy': 0.08639999999999999, 'radius_est': 0.16583719174624104, 'z_std': 0.03777315840125084, 'occupied_cells': 6, 'bottom_height_tolerance': 0.1}
Updated floor height: -1.09, ceiling height: 0.71
Action: move_forward
Action: null
Action: turn
waypoints: 37
skipped waypoints: edge 1,  distance 21,  no_path 0,  occlusion 4

2026-09-19 05:55:44,296 - INFO - --- Episode 98, Step 24/100 ---
2026-09-19 05:55:45,887 - INFO - --- Episode 98, Step 25/100 ---
2026-09-19 05:55:46,893 - INFO - --- Episode 98, Step 26/100 ---
2026-09-19 05:55:48,460 - INFO - --- Episode 98, Step 27/100 ---
2026-09-19 05:55:49,842 - INFO - --- Episode 98, Step 28/100 ---
2026-09-19 05:55:51,401 - INFO - --- Episode 98, Step 29/100 ---
2026-09-19 05:55:52,691 - INFO - --- Episode 98, Step 30/100 ---
2026-09-19 05:56:15,756 - INFO - HTTP Request: POST http://127.0.0.1:22447/v1/chat/completions "HTTP/1.1 200 OK"
2026-09-19 05:56:17,098 - INFO - --- Episode 98, Step 31/100 ---
2026-09-19 05:56:17,903 - INFO - --- Episode 98, Step 32/100 ---
2026-09-19 05:56:19,084 - INFO - --- Episode 98, Step 33/100 ---
2026-09-19 05:56:20,285 - INFO - --- Episode 98, Step 34/100 ---
2026-09-19 05:56:21,545 - INFO - --- Episode 98, Step 35/100 ---
2026-09-19 05:56:22,721 - INFO - --- Episode 98, Step 36/100 ---
2026-09-19 05:56:24,115 - INFO - --- Episode 98, Step 37/100 ---
2026-09-19 05:56:25,122 - INFO - --- Episode 98, Step 38/100 ---
2026-09-19 05:56:25,972 - INFO - --- Episode 98, Step 39/100 ---
2026-09-19 05:56:27,436 - INFO - --- Episode 98, Step 40/100 ---
2026-09-19 05:56:50,714 - INFO - HTTP Request: POST http://127.0.0.1:22447/v1/chat/completions "HTTP/1.1 200 OK"
2026-09-19 05:57:03,767 - INFO - HTTP Request: POST http://127.0.0.1:22447/v1/chat/completions "HTTP/1.1 200 OK"
2026-09-19 05:57:05,951 - INFO - HTTP Request: POST http://127.0.0.1:22447/v1/chat/completions "HTTP/1.1 400 Bad Request"
2026-09-19 05:57:06,670 - INFO - --- Episode 98, Step 41/100 ---
2026-09-19 05:57:31,954 - INFO - HTTP Request: POST http://127.0.0.1:22447/v1/chat/completions "HTTP/1.1 200 OK"
2026-09-19 05:57:33,631 - INFO - --- Episode 98, Step 42/100 ---
2026-09-19 05:57:34,461 - INFO - --- Episode 98, Step 43/100 ---
2026-09-19 05:57:35,428 - INFO - --- Episode 98, Step 44/100 ---
2026-09-19 05:57:37,865 - INFO - --- Episode 98, Step 45/100 ---
2026-09-19 05:58:01,325 - INFO - HTTP Request: POST http://127.0.0.1:22447/v1/chat/completions "HTTP/1.1 200 OK"
2026-09-19 05:58:14,276 - INFO - HTTP Request: POST http://127.0.0.1:22447/v1/chat/completions "HTTP/1.1 200 OK"
2026-09-19 05:58:15,947 - INFO - HTTP Request: POST http://127.0.0.1:22447/v1/chat/completions "HTTP/1.1 400 Bad Request"
 98%|█████████▊| 49/50 [9:46:51<12:18, 738.72s/it]Renderer: NVIDIA GeForce RTX 4090/PCIe/SSE2 by NVIDIA Corporation
OpenGL version: 4.6.0 NVIDIA 590.48.01
Using optional features:
    GL_ARB_vertex_array_object
    GL_ARB_separate_shader_objects
    GL_ARB_robustness
    GL_ARB_texture_storage
    GL_ARB_texture_view
    GL_ARB_framebuffer_no_attachments
    GL_ARB_invalidate_subdata
    GL_ARB_texture_storage_multisample
    GL_ARB_multi_bind
    GL_ARB_direct_state_access
    GL_ARB_get_texture_sub_image
    GL_ARB_texture_filter_anisotropic
    GL_KHR_debug
    GL_KHR_parallel_shader_compile
    GL_NV_depth_buffer_float
Using driver workarounds:
    no-forward-compatible-core-context
    nv-egl-incorrect-gl11-function-pointers
    no-layout-qualifiers-on-old-glsl
    nv-zero-context-profile-mask
    nv-implementation-color-read-format-dsa-broken
    nv-cubemap-inconsistent-compressed-image-size
    nv-cubemap-broken-full-compressed-image-query
    nv-compressed-block-size-in-bits
[05:58:20:031448]:[Warning]:[Metadata] SceneDatasetAttributes.cpp(107)::addNewSceneInstanceToDataset : Dataset : 'default' : Lighting Layout Attributes 'no_lights' specified in Scene Attributes but does not exist in dataset, so creating default.
2026-09-19 05:58:22,763 - INFO - Simulator initialized!
2026-09-19 05:58:50,280 - INFO - HTTP Request: POST http://127.0.0.1:22447/v1/chat/completions "HTTP/1.1 200 OK"
2026-09-19 05:58:50,836 - INFO - --- Episode 99, Step 1/100 ---
2026-09-19 05:59:49,371 - INFO - HTTP Request: POST http://127.0.0.1:22447/v1/chat/completions "HTTP/1.1 200 OK"
```json
{
"movement": "Move forward and slightly left towards the hallway entrance.",
"observation": {
    "front view": "I see a dining area with a table and chairs ahead. To the left of the dining area, there is an opening leading into a hallway.",
    "left view": "A long hallway extends to the left with a console table at the end.",
    "right view": "A living room area with a fireplace and TV is visible to the right.",
    "map": "I am near the center of the map. Waypoint 10 is located in the hallway to the left, past the dining area."
},
"thought": "The instruction asks me to walk into the hallway on the left by the refrigerator. I have moved through the kitchen and am now positioned to enter that hallway. Waypoint 10 is directly in that hallway.",
"stuck": false,
"plan": "Move towards waypoint 10 to enter the hallway as instructed.",
"curr_step": "Move towards waypoint 10 which is located in the hallway to the left.",
"action": 10
}
```
Action: turn
--- Height change stabilized. Height diff: -0.15, On platform: True, Metrics: {'inlier_count': 12490, 'local_count': 25400, 'support_ratio': 0.49173228344520736, 'vertical_score': 1.0, 'plane_height_mean': -1.4058059453964233, 'agent_z': -1.3529443264007568, 'vertical_diff': 0.05286161899566655, 'area_xy': 7.271999999999999, 'radius_est': 1.5214300813144603, 'z_std': 0.019669173285365105, 'occupied_cells': 505, 'bottom_height_tolerance': 0.1}
--- No significant floor change. Height diff: -0.15, On platform: True, Metrics: {'inlier_count': 12490, 'local_count': 25400, 'support_ratio': 0.49173228344520736, 'vertical_score': 1.0, 'plane_height_mean': -1.4058059453964233, 'agent_z': -1.3529443264007568, 'vertical_diff': 0.05286161899566655, 'area_xy': 7.271999999999999, 'radius_est': 1.5214300813144603, 'z_std': 0.019669173285365105, 'occupied_cells': 505, 'bottom_height_tolerance': 0.1}
Updated floor height: -1.15, ceiling height: 0.65
Action: move_forward
--- Height change stabilized. Height diff: -0.03, On platform: True, Metrics: {'inlier_count': 644, 'local_count': 27200, 'support_ratio': 0.023676470587364835, 'vertical_score': 1.0, 'plane_height_mean': -1.23891019821167, 'agent_z': -1.2301923900842666, 'vertical_diff': 0.008717808127403304, 'area_xy': 0.40319999999999995, 'radius_est': 0.3582492792865108, 'z_std': 0.043813712894916534, 'occupied_cells': 28, 'bottom_height_tolerance': 0.1}
--- No significant floor change. Height diff: -0.03, On platform: True, Metrics: {'inlier_count': 644, 'local_count': 27200, 'support_ratio': 0.023676470587364835, 'vertical_score': 1.0, 'plane_height_mean': -1.23891019821167, 'agent_z': -1.2301923900842666, 'vertical_diff': 0.008717808127403304, 'area_xy': 0.40319999999999995, 'radius_est': 0.3582492792865108, 'z_std': 0.043813712894916534, 'occupied_cells': 28, 'bottom_height_tolerance': 0.1}
Updated floor height: -1.03, ceiling height: 0.77
Action: move_forward
Action: turn
Action: move_forward
Action: move_forward
Action: null
waypoints: 25
skipped waypoints: edge 0,  distance 9,  no_path 0,  occlusion 6
```json
{
"movement": "Move forward and slightly left towards the hallway entrance.",
"observation": {
    "front view": "I see a dining table with chairs ahead. To the left is a wall with a painting and an opening leading to a hallway.",
    "left view": "A long hallway extends to the left with a console table at the end.",
    "right view": "A living area with a sofa and large windows is visible.",
    "map": "I am near the center of the map. Waypoint 2 is located at the entrance to the hallway on the left."
},
"thought": "The instruction asks me to walk into the hallway on the left by the refrigerator. I have passed the kitchen and am now in the dining area. The hallway is visible to my left. I need to move towards the entrance of this hallway.",
"stuck": false,
"plan": "Move towards waypoint 2 to enter the hallway as instructed.",
"curr_step": "Move towards waypoint 2 which is located at the entrance to the hallway on the left.",
"action": 2
}
```
Action: turn
Action: move_forward
Action: turn
Action: move_forward
Action: turn
Action: move_forward
Action: turn
Action: move_forward
Action: null
Action: turn
waypoints: 12
skipped waypoints: edge 0,  distance 2,  no_path 0,  occlusion 4


Action: stop
waypoints: 12
skipped waypoints: edge 0,  distance 2,  no_path 0,  occlusion 4
```json
{
"movement": "Move forward and slightly left towards the corner near the wall with the flowers.",
"observation": {
    "front view": "I see a dining table with chairs on the right and a wall with a console table and flowers on the left. Straight ahead is an opening leading to a hallway.",
    "left view": "A long hallway extends to the left with glass doors/windows on one side.",
    "right view": "The dining table and a living area are visible.",
    "map": "I am near the dining table. Waypoint 1 is located near the corner of the wall on the left, marking the entrance to the hallway."
},
"thought": "I have walked through the kitchen and am now in the dining area. The instruction asks me to go into the hallway on the left. The hallway is visible to my left. Waypoint 1 is positioned near the corner of the wall that separates the dining area from the hallway, effectively marking the entrance. Moving to waypoint 1 will place me at the threshold of the hallway.",
"stuck": false,
"plan": "Move towards waypoint 1 to reach the entrance of the hallway.",
"curr_step": "Move towards waypoint 1 which is located near the wall corner leading into the hallway.",
"action": 1
}
```
Action: turn
--- Height change stabilized. Height diff: -0.15, On platform: True, Metrics: {'inlier_count': 11557, 'local_count': 42315, 'support_ratio': 0.27311827956343804, 'vertical_score': 1.0, 'plane_height_mean': -1.3994035720825195, 'agent_z': -1.3488647758960723, 'vertical_diff': 0.05053879618644719, 'area_xy': 6.465599999999999, 'radius_est': 1.434595552798738, 'z_std': 0.02652386762201786, 'occupied_cells': 449, 'bottom_height_tolerance': 0.1}
--- No significant floor change. Height diff: -0.15, On platform: True, Metrics: {'inlier_count': 11557, 'local_count': 42315, 'support_ratio': 0.27311827956343804, 'vertical_score': 1.0, 'plane_height_mean': -1.3994035720825195, 'agent_z': -1.3488647758960723, 'vertical_diff': 0.05053879618644719, 'area_xy': 6.465599999999999, 'radius_est': 1.434595552798738, 'z_std': 0.02652386762201786, 'occupied_cells': 449, 'bottom_height_tolerance': 0.1}
Updated floor height: -1.15, ceiling height: 0.65
Action: move_forward
Action: null
Action: turn
waypoints: 5
skipped waypoints: edge 1,  distance 0,  no_path 0,  occlusion 0


Action: stop
['Exit massage room, turn left, go down the steps', 'walk to the pool, climb up to steps and stop beside the plants.']
Initialized data for new floor level: 0
Switching pcds to floor level: 0
Initialized data for new floor level: 0
Switching pcds to floor level: 0
Initialized data for new floor level: 0
Switching pcds to floor level: 0
[StairDetect] normals=0.0028s, cpu=0.0002s, cluster=0.0179s, loop=0.0018s, total=0.0276s
waypoints: 7
skipped waypoints: edge 0,  distance 2,  no_path 4,  occlusion 0
2026-09-19 05:59:50,027 - INFO - --- Episode 99, Step 2/100 ---
2026-09-19 06:00:00,651 - INFO - HTTP Request: POST http://127.0.0.1:22447/v1/chat/completions "HTTP/1.1 200 OK"
2026-09-19 06:00:01,221 - INFO - --- Episode 99, Step 3/100 ---
2026-09-19 06:00:12,092 - INFO - HTTP Request: POST http://127.0.0.1:22447/v1/chat/completions "HTTP/1.1 200 OK"
2026-09-19 06:00:12,723 - INFO - --- Episode 99, Step 4/100 ---
2026-09-19 06:00:13,476 - INFO - --- Episode 99, Step 5/100 ---
2026-09-19 06:01:08,436 - INFO - HTTP Request: POST http://127.0.0.1:22447/v1/chat/completions "HTTP/1.1 200 OK"
2026-09-19 06:01:09,144 - INFO - --- Episode 99, Step 6/100 ---
2026-09-19 06:01:26,798 - INFO - HTTP Request: POST http://127.0.0.1:22447/v1/chat/completions "HTTP/1.1 200 OK"
2026-09-19 06:01:27,461 - INFO - --- Episode 99, Step 7/100 ---
2026-09-19 06:01:28,133 - INFO - --- Episode 99, Step 8/100 ---
2026-09-19 06:01:28,860 - INFO - --- Episode 99, Step 9/100 ---
2026-09-19 06:01:29,856 - INFO - --- Episode 99, Step 10/100 ---
2026-09-19 06:01:30,598 - INFO - --- Episode 99, Step 11/100 ---
2026-09-19 06:01:31,349 - INFO - --- Episode 99, Step 12/100 ---
2026-09-19 06:01:32,033 - INFO - --- Episode 99, Step 13/100 ---
2026-09-19 06:01:57,744 - INFO - HTTP Request: POST http://127.0.0.1:22447/v1/chat/completions "HTTP/1.1 200 OK"
```json
{
"movement": "I am currently facing a wall corner near the door frame B. The exit opening is visible to my left, leading into a hallway with a plant.",
"observation": {
    "front view": "I see a wooden door frame labeled 'B' to my right and an opening to its left leading out of the room. To the far left, there is a wall labeled 'L'.",
    "left view": "The left view shows a hallway with a plant in the distance, which matches the view through the opening in the front view.",
    "right view": "I see a wooden cabinet and a door to my right.",
    "map": "The map shows my current position (blue dot) inside the massage room. The path out is through the gap in the wall to the 'south-west' (bottom-left on the map), leading towards the steps (zig-zag line)."
},
"thought": "My current task is to exit the massage room. The exit is through the opening visible in the front view, which is to my left. I am currently facing somewhat towards the door frame B on the right. To align myself with the exit path and move through the opening, I need to turn left.",
"stuck": false,
"plan": "Turn left to face the exit opening, then move forward to exit the room and proceed towards the steps visible in the distance.",
"curr_step": "I need to orient myself towards the exit. The opening is to the left of my current heading. Turning left will align me with the hallway seen in the left view.",
"action": "L"
}
```
Calculated floor height difference: 2.40m
[StairDetect] normals=0.0029s, cpu=0.0004s, cluster=0.0172s, loop=0.0014s, total=0.0270s
Action: turn
waypoints: 28
skipped waypoints: edge 0,  distance 9,  no_path 6,  occlusion 13
```json
{
"movement": "I turned left previously and am now facing the massage table inside the room. The exit doorway with the plant is visible to my right.",
"observation": {
    "front view": "I see a massage table in the center of the room. To the right, there is an open doorway leading to a hallway with a plant. To the left, there is a closet area with robes.",
    "left view": "A closet with white robes hanging inside.",
    "right view": "The exit doorway leading out to a tiled hallway with a plant in the corner.",
    "map": "The map shows my position (blue dot) near the bed. The path out is through the wall on the right side of the room (relative to the map orientation), leading towards the steps."
},
"thought": "I am currently facing the massage table. The instruction requires me to exit the massage room. The exit is clearly visible through the doorway to my right, which leads to a hallway with a plant. I need to turn towards this exit to proceed.",
"stuck": false,
"plan": "Turn right to face the exit doorway, then move forward to leave the room and head towards the steps.",
"curr_step": "I need to orient myself towards the exit. The doorway is to my right. Turning right will align me with the path out of the room.",
"action": "R"
}
```
[StairDetect] normals=0.0029s, cpu=0.0002s, cluster=0.0175s, loop=0.0013s, total=0.0270s
Action: turn
waypoints: 7
skipped waypoints: edge 0,  distance 2,  no_path 4,  occlusion 0
```json
{
"observation": {
    "front view": "I see an open doorway leading out of the massage room into a hallway with a plant. To the right of the doorway is a wooden wall/cabinet section labeled 'B'. Waypoint 1 is on the floor near the base of this structure.",
    "left view": "I see the massage table and robes hanging in a closet area.",
    "right view": "I see a tall wooden cabinet and a closed door.",
    "map": "The map shows my current position inside the room. The exit path leads out through the opening visible in the front view."
},
"thought": "My current task is to exit the massage room. The exit is clearly visible in the front view as an opening to the left of the wooden structure labeled 'B'. Waypoint 1 is located on the floor near the base of this structure, which is right next to the exit path. Moving towards waypoint 1 will bring me close to the doorway so I can step out into the hallway.",
"stuck": false,
"plan": "Move forward towards waypoint 1 to reach the threshold of the massage room exit.",
"curr_step": "I need to move towards the exit. Waypoint 1 is the closest navigable point near the door frame B, which marks the edge of the exit opening.",
"action": 1
}
```
Action: move_forward
Action: null
waypoints: 8
skipped waypoints: edge 0,  distance 2,  no_path 6,  occlusion 0
```json
{
"movement": "I am currently standing at the threshold of the massage room, facing the wooden door frame labeled 'B'. The exit opening is visible to the left of this frame in the front view.",
"observation": {
    "front view": "I see the wooden door frame 'B' on the right and an opening to its left leading to a hallway with a plant. Waypoint 1 was near the base of 'B'.",
    "left view": "I see the massage table in the center of the room and a sink area to the left.",
    "right view": "I see a tiled wall and the side of the wooden cabinet/door frame 'B'.",
    "map": "The map shows my position near the bed. The exit path is towards the top-left, visible in the front view."
},
"thought": "My current task is to exit the massage room. The exit is the gap visible in the front view, located to the left of the wooden frame 'B'. Since there are no available waypoints and I am facing the frame, I need to adjust my orientation to better align with the exit path or move towards it. Turning left will face me towards the massage table and the area where the exit is located (between the table and frame B). This will allow me to then move forward into the hallway.",
"stuck": false,
"plan": "Turn left to face the massage table and the exit gap area, then proceed to exit the room through the opening.",
"curr_step": "I need to orient myself towards the exit. The exit is to the left of my current heading (facing frame B). Turning left will bring the exit area into my field of view more centrally (to the right of the massage table).",
"action": "L"
}
```
Action: turn
waypoints: 19
skipped waypoints: edge 0,  distance 9,  no_path 5,  occlusion 2
```json
{
"movement": "I am currently facing the massage table and the wall corner labeled 'B'. The exit doorway is visible to the right of this wall section.",
"observation": {
    "front view": "I see the massage table on the left. In the center-right, there is a wall corner labeled 'B' with waypoints 1, 2, and 3 near it. To the right of 'B', there is an opening leading to a hallway with a plant.",
    "left view": "I see the sink area and the side of the massage table.",
    "right view": "I see the wooden door frame and the opening to the hallway clearly.",
    "map": "The map shows my position near the bed. The exit path is through the gap near 'B' on the map, leading towards the stairs (black zig-zag line)."
},
"thought": "My task is to exit the massage room. The exit is the doorway visible in the front view to the right of wall 'B'. Waypoint 2 is located on the floor near the base of this wall corner, which is the path towards the exit. Moving towards waypoint 2 will bring me closer to the doorway so I can step out into the hallway.",
"stuck": false,
"plan": "Move forward towards waypoint 2 to approach the exit doorway near wall 'B'.",
"curr_step": "I need to move towards the exit. Waypoint 2 is the closest navigable point on the floor near the wall corner 'B', which marks the path out of the room.",
"action": 2
}
```
Action: turn
[StairDetect] normals=0.0048s, cpu=0.0006s, cluster=0.0344s, loop=0.0401s, total=0.0909s
Action: move_forward
[StairDetect] normals=0.0055s, cpu=0.0005s, cluster=0.0544s, loop=0.0394s, total=0.1114s
Action: turn
[StairDetect] normals=0.0061s, cpu=0.0004s, cluster=0.0569s, loop=0.0371s, total=0.1124s
Action: move_forward
[StairDetect] normals=0.0062s, cpu=0.0003s, cluster=0.0367s, loop=0.0375s, total=0.0924s
Action: turn
[StairDetect] normals=0.0060s, cpu=0.0004s, cluster=0.0364s, loop=0.0378s, total=0.0926s
Action: move_forward
[StairDetect] normals=0.0061s, cpu=0.0003s, cluster=0.0362s, loop=0.0376s, total=0.0919s
Action: null
waypoints: 14
skipped waypoints: edge 1,  distance 2,  no_path 0,  occlusion 3
2026-09-19 06:01:58,498 - INFO - --- Episode 99, Step 14/100 ---
2026-09-19 06:02:15,692 - INFO - HTTP Request: POST http://127.0.0.1:22447/v1/chat/completions "HTTP/1.1 200 OK"
2026-09-19 06:02:16,916 - INFO - --- Episode 99, Step 15/100 ---
2026-09-19 06:02:17,853 - INFO - --- Episode 99, Step 16/100 ---
2026-09-19 06:02:18,726 - INFO - --- Episode 99, Step 17/100 ---
2026-09-19 06:02:19,594 - INFO - --- Episode 99, Step 18/100 ---
2026-09-19 06:02:20,284 - INFO - --- Episode 99, Step 19/100 ---
2026-09-19 06:02:21,210 - INFO - --- Episode 99, Step 20/100 ---
2026-09-19 06:02:21,928 - INFO - --- Episode 99, Step 21/100 ---
2026-09-19 06:02:22,646 - INFO - --- Episode 99, Step 22/100 ---
2026-09-19 06:02:44,242 - INFO - HTTP Request: POST http://127.0.0.1:22447/v1/chat/completions "HTTP/1.1 200 OK"
2026-09-19 06:02:57,730 - INFO - HTTP Request: POST http://127.0.0.1:22447/v1/chat/completions "HTTP/1.1 200 OK"
2026-09-19 06:02:58,693 - INFO - --- Episode 99, Step 23/100 ---
2026-09-19 06:02:59,407 - INFO - --- Episode 99, Step 24/100 ---
2026-09-19 06:03:00,307 - INFO - --- Episode 99, Step 25/100 ---
2026-09-19 06:03:00,970 - INFO - --- Episode 99, Step 26/100 ---
2026-09-19 06:03:01,629 - INFO - --- Episode 99, Step 27/100 ---
2026-09-19 06:03:02,312 - INFO - --- Episode 99, Step 28/100 ---
2026-09-19 06:03:03,045 - INFO - --- Episode 99, Step 29/100 ---
2026-09-19 06:03:03,946 - INFO - --- Episode 99, Step 30/100 ---
2026-09-19 06:03:04,616 - INFO - --- Episode 99, Step 31/100 ---
2026-09-19 06:03:05,252 - INFO - --- Episode 99, Step 32/100 ---
2026-09-19 06:03:05,921 - INFO - --- Episode 99, Step 33/100 ---
2026-09-19 06:03:06,640 - INFO - --- Episode 99, Step 34/100 ---
2026-09-19 06:03:07,523 - INFO - --- Episode 99, Step 35/100 ---
2026-09-19 06:03:08,168 - INFO - --- Episode 99, Step 36/100 ---
2026-09-19 06:03:08,915 - INFO - --- Episode 99, Step 37/100 ---
2026-09-19 06:03:12,061 - INFO - HTTP Request: POST http://127.0.0.1:22447/v1/chat/completions "HTTP/1.1 400 Bad Request"
2026-09-19 06:03:13,524 - INFO - HTTP Request: POST http://127.0.0.1:22447/v1/chat/completions "HTTP/1.1 400 Bad Request"
2026-09-19 06:03:14,923 - INFO - HTTP Request: POST http://127.0.0.1:22447/v1/chat/completions "HTTP/1.1 400 Bad Request"
2026-09-19 06:03:16,489 - INFO - --- Episode 99, Step 38/100 ---
2026-09-19 06:03:29,749 - INFO - HTTP Request: POST http://127.0.0.1:22447/v1/chat/completions "HTTP/1.1 200 OK"
```json
{
"movement": "I have moved forward and turned slightly right, but I am still facing a wall corner near the sink. The exit path is visible on the map as the gap at the top of the room (North). Currently, I am facing East (Right on the map). To face the exit (North), I need to turn Left.",
"observation": {
    "front view": "I see a tiled wall corner and the sink area to the left. Waypoints 1, 3, 4, 5, 6, 7, 8 are visible on the floor/wall.",
    "left view": "I see a door with a white robe hanging on it, and a cabinet.",
    "right view": "I see a tiled wall.",
    "map": "The map shows my position near the bed (blue rectangle). The exit path is towards the top of the room (North), past the sink area."
},
"thought": "My current task is to exit the massage room. The map indicates the exit is to the North (top of the screen). I am currently facing East (Right on the map, towards the wall). To align myself with the exit path, I need to turn Left (counter-clockwise) to face North.",
"stuck": false,
"plan": "Turn Left to face the exit direction (North), then move forward out of the room.",
"curr_step": "I need to orient myself towards the exit. The exit is to my Left relative to my current heading.",
"action": "L"
}
```
[StairDetect] normals=0.0056s, cpu=0.0004s, cluster=0.0376s, loop=0.0377s, total=0.0933s
Action: turn
waypoints: 16
skipped waypoints: edge 1,  distance 2,  no_path 0,  occlusion 5
```json
{
"movement": "I have turned to face the exit doorway labeled 'B'. I am now positioned to move out of the massage room.",
"observation": {
    "front view": "I see the exit doorway labeled 'B' with a white robe hanging on it. To the right of the door is a sink area with waypoints 6 and 8 nearby. Waypoint 7 is on the floor near the bed.",
    "left view": "A large wooden cabinet/door is to my left.",
    "right view": "A tiled wall is to my right.",
    "map": "The map shows the exit path is through the gap near the sink (labeled 'sink') leading to the stairs."
},
"thought": "My task is to exit the massage room. The exit is the doorway labeled 'B' visible in the front view. Waypoint 8 is located near the sink, just to the right of this doorway, which is the path towards the exit and the subsequent steps. Moving towards waypoint 8 will bring me to the threshold of the room.",
"stuck": false,
"plan": "Move forward towards waypoint 8 to reach the exit doorway 'B' and leave the massage room.",
"curr_step": "I need to move towards the exit. Waypoint 8 is the closest navigable point near the door frame B.",
"action": 8
}
```
[StairDetect] normals=0.0058s, cpu=0.0004s, cluster=0.0365s, loop=0.0379s, total=0.0929s
Action: turn
[StairDetect] normals=0.0061s, cpu=0.0004s, cluster=0.0372s, loop=0.0393s, total=0.0953s
Action: move_forward
[StairDetect] normals=0.0061s, cpu=0.0004s, cluster=0.0376s, loop=0.0395s, total=0.0961s
Action: turn
[StairDetect] normals=0.0063s, cpu=0.0004s, cluster=0.0376s, loop=0.0390s, total=0.0951s
Action: move_forward
[StairDetect] normals=0.0059s, cpu=0.0003s, cluster=0.0381s, loop=0.0395s, total=0.0956s
Action: move_forward
[StairDetect] normals=0.0060s, cpu=0.0003s, cluster=0.0383s, loop=0.0397s, total=0.0967s
Action: turn
[StairDetect] normals=0.0059s, cpu=0.0003s, cluster=0.0415s, loop=0.0397s, total=0.0982s
Action: move_forward
[StairDetect] normals=0.0057s, cpu=0.0003s, cluster=0.0411s, loop=0.0397s, total=0.0977s
Action: null
waypoints: 3
skipped waypoints: edge 0,  distance 0,  no_path 0,  occlusion 1
```json
{
"movement": "I have moved forward and am now standing very close to the cabinet and wall corner B. The exit doorway with the white robe is visible to my left.",
"observation": {
    "front view": "I see a wooden cabinet on the right and a wall corner labeled 'B' in the center
```json
{
"movement": "I have moved closer to the sink and cabinet, facing a wall corner labeled 'B'. The exit doorway is visible to my left.",
"observation": {
    "front view": "I see a wooden cabinet on the right and a wall corner labeled 'B' in the center. To the left, there is an opening/doorway leading out of the room.",
    "left view": "The exit doorway with a white robe hanging on it is visible.",
    "right view": "A sink and more of the wooden cabinet are visible.",
    "map": "The map shows my position near the sink. The exit path is through the gap to the left of the sink area."
},
"thought": "My task is to exit the massage room. The exit is the doorway visible in the front view to the left of the wall corner 'B'. Waypoint 1 is located on the floor near the door frame, which is the path towards the exit. Moving towards waypoint 1 will bring me to the threshold of the room.",
"stuck": false,
"plan": "Move forward towards waypoint 1 to reach the exit doorway and leave the massage room.",
"curr_step": "I need to move towards the exit. Waypoint 1 is the closest navigable point near the door frame B.",
"action": 1
}
```
[StairDetect] normals=0.0086s, cpu=0.0004s, cluster=0.0493s, loop=0.0399s, total=0.1090s
Action: turn
[StairDetect] normals=0.0055s, cpu=0.0004s, cluster=0.0405s, loop=0.0709s, total=0.1277s
Action: move_forward
[StairDetect] normals=0.0060s, cpu=0.0004s, cluster=0.0404s, loop=0.0709s, total=0.1281s
Action: turn
[StairDetect] normals=0.0059s, cpu=0.0004s, cluster=0.0425s, loop=0.0400s, total=0.0992s
Action: move_forward
[StairDetect] normals=0.0059s, cpu=0.0003s, cluster=0.0429s, loop=0.0403s, total=0.0998s
Action: turn
[StairDetect] normals=0.0059s, cpu=0.0004s, cluster=0.0429s, loop=0.0697s, total=0.1296s
Action: move_forward
[StairDetect] normals=0.0062s, cpu=0.0003s, cluster=0.0432s, loop=0.0696s, total=0.1302s
Action: turn
[StairDetect] normals=0.0061s, cpu=0.0003s, cluster=0.0433s, loop=0.0693s, total=0.1297s
Action: move_forward
[StairDetect] normals=0.0062s, cpu=0.0003s, cluster=0.0429s, loop=0.0698s, total=0.1298s
Action: move_forward
[StairDetect] normals=0.0061s, cpu=0.0003s, cluster=0.0430s, loop=0.0690s, total=0.1290s
Action: move_forward
[StairDetect] normals=0.0061s, cpu=0.0003s, cluster=0.0429s, loop=0.0689s, total=0.1289s
Action: move_forward
[StairDetect] normals=0.0061s, cpu=0.0003s, cluster=0.0430s, loop=0.0691s, total=0.1291s
Action: move_forward
[StairDetect] normals=0.0062s, cpu=0.0003s, cluster=0.0431s, loop=0.0695s, total=0.1298s
Action: move_forward
[StairDetect] normals=0.0065s, cpu=0.0003s, cluster=0.0427s, loop=0.0700s, total=0.1302s
Action: move_forward
detected agent stuck, last8 steps position changes: [0.0, 0.0, 0.0, 0.0, 0.0, 0.0, 0.0, 0.0]
[StairDetect] normals=0.0062s, cpu=0.0003s, cluster=0.0431s, loop=0.0694s, total=0.1297s
Action: turn
detected agent stuck, last8 steps position changes: [0.0, 0.0, 0.0, 0.0, 0.0, 0.0, 0.0, 0.0]
waypoints: 11
skipped waypoints: edge 0,  distance 6,  no_path 3,  occlusion 1
[StairDetect] normals=0.0062s, cpu=0.0003s, cluster=0.0430s, loop=0.0692s, total=0.1295s
Action: stop
waypoints: 11
skipped waypoints: edge 0,  distance 6,  no_path 3,  occlusion 1
2026-09-19 06:03:30,709 - INFO - --- Episode 99, Step 39/100 ---
2026-09-19 06:03:31,880 - INFO - --- Episode 99, Step 40/100 ---
2026-09-19 06:03:33,481 - INFO - --- Episode 99, Step 41/100 ---
2026-09-19 06:03:34,436 - INFO - --- Episode 99, Step 42/100 ---
2026-09-19 06:03:35,374 - INFO - --- Episode 99, Step 43/100 ---
2026-09-19 06:03:36,460 - INFO - --- Episode 99, Step 44/100 ---
2026-09-19 06:03:37,618 - INFO - --- Episode 99, Step 45/100 ---
2026-09-19 06:03:40,737 - INFO - HTTP Request: POST http://127.0.0.1:22447/v1/chat/completions "HTTP/1.1 400 Bad Request"
2026-09-19 06:03:41,940 - INFO - HTTP Request: POST http://127.0.0.1:22447/v1/chat/completions "HTTP/1.1 400 Bad Request"
2026-09-19 06:03:43,131 - INFO - HTTP Request: POST http://127.0.0.1:22447/v1/chat/completions "HTTP/1.1 400 Bad Request"
100%|██████████| 50/50 [9:52:19<00:00, 615.39s/it]100%|██████████| 50/50 [9:52:19<00:00, 710.79s/it]
2026-09-19 06:03:47,647 - INFO - distance_to_goal: 9.7432
2026-09-19 06:03:47,647 - INFO - spl: 0.1781
2026-09-19 06:03:47,647 - INFO - goal_reached: 0.2000
2026-09-19 06:03:47,647 - INFO - traveled_distance: 6.5550
2026-09-19 06:03:47,647 - INFO - done: 1.0000
2026-09-19 06:03:47,647 - INFO - oracle_navigation_error: 7.6665
2026-09-19 06:03:47,647 - INFO - oracle_success: 0.2200
2026-09-19 06:03:47,647 - INFO - oracle_spl: 0.2119
2026-09-19 06:03:47,647 - INFO - ndtw: 0.2710
2026-09-19 06:03:47,647 - INFO - sdtw: 0.0999
```json
{
"movement": "I have moved to the threshold of the massage room exit. I am facing a hallway with white tiled walls and a wall labeled 'B'. Waypoint 1 is on the floor just outside the door.",
"observation": {
    "front view": "I see the hallway floor and a wall labeled 'B' straight ahead. Waypoint 1 is visible on the floor just outside the doorway.",
    "left view": "I see the massage table inside the room to my left.",
    "right view": "I see the sink area inside the room to my right.",
    "map": "The map shows my position (red triangle) at the exit of the massage room. The path out leads towards the hallway and then to the stairs."
},
"thought": "My current task is to exit the massage room. I am standing at the doorway. Waypoint 1 is located on the floor just outside the door, which is the immediate next step to fully exit the room. Moving towards waypoint 1 will place me in the hallway where I can then turn left towards the steps.",
"stuck": false,
"plan": "Move forward through the doorway towards waypoint 1 to exit the massage room.",
"curr_step": "I need to move forward to clear the doorway and reach the hallway. Waypoint 1 is the closest point outside the door.",
"action": 1
}
```
[StairDetect] normals=0.0058s, cpu=0.0003s, cluster=0.0436s, loop=0.0682s, total=0.1288s
Action: move_forward
[StairDetect] normals=0.0060s, cpu=0.0004s, cluster=0.0429s, loop=0.0683s, total=0.1284s
Action: turn
[StairDetect] normals=0.0062s, cpu=0.0004s, cluster=0.0432s, loop=0.0685s, total=0.1292s
Action: move_forward
[StairDetect] normals=0.0063s, cpu=0.0004s, cluster=0.0429s, loop=0.0679s, total=0.1283s
Action: move_forward
[StairDetect] normals=0.0064s, cpu=0.0003s, cluster=0.0430s, loop=0.0676s, total=0.1280s
Action: move_forward
[StairDetect] normals=0.0062s, cpu=0.0004s, cluster=0.0432s, loop=0.0682s, total=0.1288s
Action: move_forward
[StairDetect] normals=0.0063s, cpu=0.0003s, cluster=0.0429s, loop=0.0681s, total=0.1284s
Action: move_forward
detected agent stuck, last8 steps position changes: [0.0, 0.111328274, 0.0, 0.011564319, 0.011567306, 0.011564319, 0.011569643, 0.011577358]
waypoints: 13
skipped waypoints: edge 1,  distance 5,  no_path 2,  occlusion 1
[StairDetect] normals=0.0063s, cpu=0.0004s, cluster=0.0431s, loop=0.0694s, total=0.1302s
Action: stop
[2026-09-19T06:03:53.344] error: Detected 4 oom_kill events in StepId=2447.batch. Some of the step tasks have been OOM Killed.
