[INFO] Starting Ollama at 127.0.0.1:22446
[INFO] Ollama inference preflight passed
============================================================
 HSGM paired diagnostic job
   variant      : paso
   episodes     : [0, 50)
   model        : qwen3.6:35b
   max steps    : 100
   conda env    : hsgm_slurm
   ollama host  : 127.0.0.1:22446
   project      : /home/lixiaohai/qjx_code/HSGM_PASO_v1
============================================================
============================================================
 HSGM Batch Test
   task        : r2r
   episodes    : [0, 50)
   model       : qwen3.6:35b
   max steps   : 100
   comment     : paired_diag_100_v2_paso
   config      : ../config/vlnce_test.yaml
   base_url    : http://127.0.0.1:22446/v1
============================================================
  0%|          | 0/50 [00:00<?, ?it/s]Renderer: NVIDIA GeForce RTX 4090/PCIe/SSE2 by NVIDIA Corporation
OpenGL version: 4.6.0 NVIDIA 590.48.01
Using optional features:
    GL_ARB_vertex_array_object
    GL_ARB_separate_shader_objects
    GL_ARB_robustness
    GL_ARB_texture_storage
    GL_ARB_texture_view
    GL_ARB_framebuffer_no_attachments
    GL_ARB_invalidate_subdata
    GL_ARB_texture_storage_multisample
    GL_ARB_multi_bind
    GL_ARB_direct_state_access
    GL_ARB_get_texture_sub_image
    GL_ARB_texture_filter_anisotropic
    GL_KHR_debug
    GL_KHR_parallel_shader_compile
    GL_NV_depth_buffer_float
Using driver workarounds:
    no-forward-compatible-core-context
    nv-egl-incorrect-gl11-function-pointers
    no-layout-qualifiers-on-old-glsl
    nv-zero-context-profile-mask
    nv-implementation-color-read-format-dsa-broken
    nv-cubemap-inconsistent-compressed-image-size
    nv-cubemap-broken-full-compressed-image-query
    nv-compressed-block-size-in-bits
[11:36:28:308157]:[Warning]:[Metadata] SceneDatasetAttributes.cpp(107)::addNewSceneInstanceToDataset : Dataset : 'default' : Lighting Layout Attributes 'no_lights' specified in Scene Attributes but does not exist in dataset, so creating default.
2026-09-18 11:36:33,745 - INFO - Simulator initialized!
2026-09-18 11:37:03,524 - INFO - HTTP Request: POST http://127.0.0.1:22446/v1/chat/completions "HTTP/1.1 200 OK"
2026-09-18 11:37:12,449 - INFO - --- Episode 0, Step 1/100 ---
2026-09-18 11:38:19,098 - INFO - HTTP Request: POST http://127.0.0.1:22446/v1/chat/completions "HTTP/1.1 200 OK"
2026-09-18 11:38:19,833 - INFO - --- Episode 0, Step 2/100 ---
2026-09-18 11:38:21,467 - INFO - --- Episode 0, Step 3/100 ---
2026-09-18 11:38:22,494 - INFO - --- Episode 0, Step 4/100 ---
2026-09-18 11:38:24,410 - INFO - --- Episode 0, Step 5/100 ---
2026-09-18 11:38:26,714 - INFO - --- Episode 0, Step 6/100 ---
2026-09-18 11:38:28,471 - INFO - --- Episode 0, Step 7/100 ---
2026-09-18 11:41:48,407 - INFO - HTTP Request: POST http://127.0.0.1:22446/v1/chat/completions "HTTP/1.1 200 OK"
2026-09-18 11:44:40,037 - INFO - HTTP Request: POST http://127.0.0.1:22446/v1/chat/completions "HTTP/1.1 200 OK"
2026-09-18 11:47:03,646 - INFO - HTTP Request: POST http://127.0.0.1:22446/v1/chat/completions "HTTP/1.1 200 OK"
2026-09-18 11:47:04,666 - INFO - --- Episode 0, Step 8/100 ---
2026-09-18 11:49:30,421 - INFO - HTTP Request: POST http://127.0.0.1:22446/v1/chat/completions "HTTP/1.1 200 OK"
2026-09-18 11:50:17,983 - INFO - HTTP Request: POST http://127.0.0.1:22446/v1/chat/completions "HTTP/1.1 200 OK"
2026-09-18 11:50:19,757 - INFO - --- Episode 0, Step 9/100 ---
2026-09-18 11:51:10,125 - INFO - HTTP Request: POST http://127.0.0.1:22446/v1/chat/completions "HTTP/1.1 200 OK"
2026-09-18 11:51:13,863 - INFO - --- Episode 0, Step 10/100 ---
2026-09-18 11:52:14,901 - INFO - HTTP Request: POST http://127.0.0.1:22446/v1/chat/completions "HTTP/1.1 200 OK"
2026-09-18 11:53:02,725 - INFO - HTTP Request: POST http://127.0.0.1:22446/v1/chat/completions "HTTP/1.1 200 OK"
2026-09-18 11:53:43,750 - INFO - HTTP Request: POST http://127.0.0.1:22446/v1/chat/completions "HTTP/1.1 200 OK"
  2%|▏         | 1/50 [17:18<14:08:08, 1038.53s/it]Renderer: NVIDIA GeForce RTX 4090/PCIe/SSE2 by NVIDIA Corporation
OpenGL version: 4.6.0 NVIDIA 590.48.01
Using optional features:
    GL_ARB_vertex_array_object
    GL_ARB_separate_shader_objects
    GL_ARB_robustness
    GL_ARB_texture_storage
    GL_ARB_texture_view
    GL_ARB_framebuffer_no_attachments
    GL_ARB_invalidate_subdata
    GL_ARB_texture_storage_multisample
    GL_ARB_multi_bind
    GL_ARB_direct_state_access
    GL_ARB_get_texture_sub_image
    GL_ARB_texture_filter_anisotropic
    GL_KHR_debug
    GL_KHR_parallel_shader_compile
    GL_NV_depth_buffer_float
Using driver workarounds:
    no-forward-compatible-core-context
    nv-egl-incorrect-gl11-function-pointers
    no-layout-qualifiers-on-old-glsl
    nv-zero-context-profile-mask
    nv-implementation-color-read-format-dsa-broken
    nv-cubemap-inconsistent-compressed-image-size
    nv-cubemap-broken-full-compressed-image-query
    nv-compressed-block-size-in-bits
[11:53:46:621437]:[Warning]:[Metadata] SceneDatasetAttributes.cpp(107)::addNewSceneInstanceToDataset : Dataset : 'default' : Lighting Layout Attributes 'no_lights' specified in Scene Attributes but does not exist in dataset, so creating default.
2026-09-18 11:53:53,119 - INFO - Simulator initialized!
2026-09-18 11:54:26,319 - INFO - HTTP Request: POST http://127.0.0.1:22446/v1/chat/completions "HTTP/1.1 200 OK"
2026-09-18 11:54:27,548 - INFO - --- Episode 1, Step 1/100 ---
2026-09-18 11:58:03,427 - INFO - HTTP Request: POST http://127.0.0.1:22446/v1/chat/completions "HTTP/1.1 200 OK"
2026-09-18 12:01:30,733 - INFO - HTTP Request: POST http://127.0.0.1:22446/v1/chat/completions "HTTP/1.1 200 OK"
2026-09-18 12:02:28,009 - INFO - HTTP Request: POST http://127.0.0.1:22446/v1/chat/completions "HTTP/1.1 200 OK"
['Exit the bedroom and turn left.', 'Walk straight passing the gray couch and stop near the rug.']
Initialized data for new floor level: 0
Switching pcds to floor level: 0
Initialized data for new floor level: 0
Switching pcds to floor level: 0
Initialized data for new floor level: 0
Switching pcds to floor level: 0
[StairDetect] normals=0.0118s, cpu=0.0011s, cluster=0.0309s, loop=0.0690s, total=0.1230s
waypoints: 16
skipped waypoints: edge 1,  distance 6,  no_path 2,  occlusion 0
```json
{
"movement": "I am currently standing at the threshold of a room (likely the bedroom or closet) looking down a hallway towards a window and a chair. To my right is a mirrored wall reflecting a bed, indicating the bedroom is to my right/behind. The instruction 'Exit the bedroom and turn left' implies that exiting the room on the right and turning left aligns me with this hallway. Since I am already facing down this hallway, I need to move forward to fully exit the doorway and proceed.",
"observation": {
    "front view": "A hallway leading towards a window with sheer curtains. There is a dark chair with an orange pillow near waypoint 3/4. To the right is a large mirrored wall reflecting the bedroom. To the left is a wall/closet entrance.",
    "left view": "A walk-in closet or storage nook with hanging white clothes and shelves.",
    "right view": "A hallway extending to the right, with a door on the right side and a glimpse into a bedroom with a bed.",
    "map": "I am at the START position. Waypoints 1-6 are ahead in the hallway. Waypoint 1 is straight ahead near the right wall. Waypoint 6 is to the left."
},
"thought": "The instruction 'Exit the bedroom and turn left' describes the action of leaving the room behind/right and orienting towards the hallway. My current Front View shows I am already facing down the hallway (which would be the 'left' direction relative to the bedroom door). Therefore, I just need to move forward to complete the exit and position myself for the next subtask ('Walk straight passing the gray couch'). Moving towards waypoint 1 will take me out of the doorway and into the main path of the hallway.",
"stuck": false,
"plan": "Move forward towards waypoint 1 to exit the current area and align with the hallway path. This completes P1. Then I will proceed towards the gray couch (likely the chair near waypoint 3/4) as per P2.",
"curr_step": "I am at the start of P1. I need to move forward to exit the doorway. Waypoint 1 is the immediate next step forward.",
"action": 1
}
```
Calculated floor height difference: 2.66m
Action: turn
Action: move_forward
Action: turn
Action: move_forward
Action: move_forward
Action: null
waypoints: 8
skipped waypoints: edge 2,  distance 0,  no_path 0,  occlusion 1



Action: stop
waypoints: 8
skipped waypoints: edge 2,  distance 0,  no_path 0,  occlusion 1

```json
{
"movement": "I am currently standing in the bedroom facing a gray couch with an orange pillow and a window with sheer curtains. To my left is a bed, and to my right is a mirrored closet. The exit of the bedroom appears to be towards the left side of the room, near the foot of the bed, as seen in the Left View.",
"observation": {
    "front view": "A gray couch with an orange pillow is directly ahead against a wall with a window. To the left is the foot of the bed. To the right is a mirrored closet door.",
    "left view": "The side of the bed and a doorway leading out of the bedroom are visible. This doorway leads to a hallway/stairs area.",
    "right view": "A large mirrored closet door reflecting the bed and the room.",
    "map": "I am in the bedroom (START). The exit/hallway is to the South (bottom of the map). I am currently facing North (towards the window/couch)."
},
"thought": "The instruction is to 'Exit the bedroom and turn left.' I am currently inside the bedroom. The exit is visible in the Left View, located near the foot of the bed/to the left side of the room. To face this exit and proceed towards it, I need to turn towards the left. Once I exit, I will then turn left as instructed.",
"stuck": false,
"plan": "Turn left to face the exit doorway seen in the Left View. Then move forward to exit the bedroom into the hallway where the gray couch and rug are located (as per P2).",
"curr_step": "I need to orient myself towards the exit. The exit is to my left. So I should turn left.",
"action": "L"
}
```
Action: turn
waypoints: 9
skipped waypoints: edge 2,  distance 0,  no_path 0,  occlusion 2
```json
{
"movement": "I am currently standing in the bedroom facing the bed and window. The exit to the hallway is visible to my left. To follow the instruction 'Exit the bedroom and turn left', I first need to orient myself towards the exit doorway.",
"observation": {
    "front view": "A bed with white linens and a dark runner is directly ahead. To the right is a window with sheer curtains and a gray couch with an orange pillow. To the far left, a doorway leading out of the room is visible.",
    "left view": "The exit doorway leads into a hallway. Stairs are visible further down the hallway on the right side.",
    "right view": "A large mirrored closet door reflecting the bed and the room.",
    "map": "I am in the bedroom (START). The hallway is to the West (left on map). The stairs are South of the hallway."
},
"thought": "The instruction is to 'Exit the bedroom and turn left'. I am currently facing the bed (North). The exit is to the West (Left). To proceed, I must first turn towards the exit. Turning Left will align me with the hallway seen in the Left View. After exiting, I will need to turn Left again to face South down the hallway (as 'turn left' from West faces South).",
"stuck": false,
"plan": "Turn Left to face the exit doorway. Then move forward to exit the bedroom into the hallway. Finally, turn Left to face down the hallway towards the stairs and the gray couch mentioned in P2.",
"curr_step": "I need to face the exit to proceed with exiting. The exit is to my left. So I should turn Left.",
"action": "L"
}
```
Action: turn
waypoints: 10
skipped waypoints: edge 0,  distance 6,  no_path 0,  occlusion 0



Action: stop
['Walk out of the bedroom through the open door into the hallway.', 'Turn the corner and walk into the dining area.', 'Pass the dining table and walk  into the living room area towards the television.', 'Stop near the chair and open sliding doors to outside.']
Initialized data for new floor level: 0
Switching pcds to floor level: 0
Initialized data for new floor level: 0
Switching pcds to floor level: 0
Initialized data for new floor level: 0
Switching pcds to floor level: 0
[StairDetect] normals=0.0029s, cpu=0.0004s, cluster=0.0219s, loop=0.0495s, total=0.0819s
waypoints: 16
skipped waypoints: edge 1,  distance 6,  no_path 2,  occlusion 0


2026-09-18 12:02:28,575 - INFO - --- Episode 1, Step 2/100 ---
2026-09-18 12:02:29,171 - INFO - --- Episode 1, Step 3/100 ---
2026-09-18 12:02:29,773 - INFO - --- Episode 1, Step 4/100 ---
2026-09-18 12:02:30,647 - INFO - --- Episode 1, Step 5/100 ---
2026-09-18 12:02:31,456 - INFO - --- Episode 1, Step 6/100 ---
2026-09-18 12:02:32,069 - INFO - --- Episode 1, Step 7/100 ---
2026-09-18 12:02:32,858 - INFO - --- Episode 1, Step 8/100 ---
2026-09-18 12:02:33,671 - INFO - --- Episode 1, Step 9/100 ---
2026-09-18 12:02:34,909 - INFO - --- Episode 1, Step 10/100 ---
2026-09-18 12:04:51,865 - INFO - HTTP Request: POST http://127.0.0.1:22446/v1/chat/completions "HTTP/1.1 200 OK"
2026-09-18 12:05:20,691 - INFO - HTTP Request: POST http://127.0.0.1:22446/v1/chat/completions "HTTP/1.1 200 OK"
2026-09-18 12:05:21,755 - INFO - --- Episode 1, Step 11/100 ---
2026-09-18 12:05:23,255 - INFO - --- Episode 1, Step 12/100 ---
2026-09-18 12:05:24,534 - INFO - --- Episode 1, Step 13/100 ---
2026-09-18 12:05:25,341 - INFO - --- Episode 1, Step 14/100 ---
2026-09-18 12:05:26,333 - INFO - --- Episode 1, Step 15/100 ---
2026-09-18 12:05:27,053 - INFO - --- Episode 1, Step 16/100 ---
2026-09-18 12:05:27,837 - INFO - --- Episode 1, Step 17/100 ---
2026-09-18 12:05:28,619 - INFO - --- Episode 1, Step 18/100 ---
2026-09-18 12:05:29,343 - INFO - --- Episode 1, Step 19/100 ---
2026-09-18 12:05:54,321 - INFO - HTTP Request: POST http://127.0.0.1:22446/v1/chat/completions "HTTP/1.1 200 OK"
2026-09-18 12:05:55,108 - INFO - --- Episode 1, Step 20/100 ---
2026-09-18 12:06:21,275 - INFO - HTTP Request: POST http://127.0.0.1:22446/v1/chat/completions "HTTP/1.1 200 OK"
2026-09-18 12:06:22,168 - INFO - --- Episode 1, Step 21/100 ---
2026-09-18 12:06:45,830 - INFO - HTTP Request: POST http://127.0.0.1:22446/v1/chat/completions "HTTP/1.1 200 OK"
2026-09-18 12:06:46,745 - INFO - --- Episode 1, Step 22/100 ---
2026-09-18 12:06:47,526 - INFO - --- Episode 1, Step 23/100 ---
2026-09-18 12:06:48,340 - INFO - --- Episode 1, Step 24/100 ---
2026-09-18 12:06:49,420 - INFO - --- Episode 1, Step 25/100 ---
2026-09-18 12:06:50,256 - INFO - --- Episode 1, Step 26/100 ---
2026-09-18 12:06:50,972 - INFO - --- Episode 1, Step 27/100 ---
2026-09-18 12:06:51,720 - INFO - --- Episode 1, Step 28/100 ---
2026-09-18 12:06:52,519 - INFO - --- Episode 1, Step 29/100 ---
2026-09-18 12:06:53,397 - INFO - --- Episode 1, Step 30/100 ---
```json
{
"movement": "I am currently standing inside a walk-in closet or bedroom suite, looking out through an open doorway. To my left is a closet with clothes, and to my right is a wall/door. Straight ahead, through the doorway, I see a hallway or landing area with a black chair and orange pillow near a window with curtains.",
"observation": {
    "front view": "I see an open doorway leading into a hallway/landing area. In that area, there is a black armchair with an orange pillow near a window with sheer curtains. To the right of the doorway is a large mirror reflecting a bed. Waypoints 4, 5, and 6 are visible on the floor in that area.",
    "left view": "I see the interior of a walk-in closet with clothes hanging on a rack.",
    "right view": "I see a wall with artwork and a door frame, likely part of the bedroom suite or hallway entrance.",
    "map": "The map shows my current position (START) near waypoint 7 at the bottom of a corridor. The corridor extends upwards towards waypoints 4, 5, and 6, which are in the area with the chair."
},
"thought": "I am currently inside the bedroom/closet area. The instruction is to 'Walk out of the bedroom through the open door into the hallway.' The open door is directly in front of me. The hallway is the area with the chair (near waypoints 4, 5, 6). Therefore, I need to move forward through the doorway towards that area. Waypoint 4 is a good target as it is in the hallway area near the chair.",
"stuck": false,
"plan": "Walk forward through the open door into the hallway/landing area where the chair is located. This corresponds to moving from my current position near waypoint 7 towards waypoint 4.",
"curr_step": "I am at the start of the task. I need to exit the current room (bedroom/closet) and enter the hallway. The path is straight ahead through the doorway. Waypoint 4 is located in the hallway area near the chair, which matches the description of the destination for this subtask.",
"action": 4
}
```
Calculated floor height difference: 2.66m
Action: turn
Action: move_forward
Action: turn
Action: move_forward
Action: turn
Action: move_forward
Action: turn
Action: move_forward
Action: null
waypoints: 6
skipped waypoints: edge 2,  distance 0,  no_path 0,  occlusion 0

```json
{
"movement": "I have moved into the bedroom and am now facing the window with the bed on my left and a chair on my right. I need to exit through the door which is located to the left of the bed.",
"observation": {
    "front view": "I see large windows with sheer curtains straight ahead. To the left is the foot/side of a bed with white linens and a black runner. To the right is a black armchair with an orange pillow.",
    "left view": "I see the side of the bed and a doorway leading out of the bedroom into a hallway/bathroom area.",
    "right view": "I see a large mirror reflecting the room and the chair.",
    "map": "The map shows my current position near the center/right of the bedroom. The exit is the gap on the left side of the bedroom area, near waypoint 4."
},
"thought": "I am currently in the bedroom facing the window. The instruction is to walk out of the bedroom through the open door into the hallway. Based on the 'Left View', the exit door is to the left of the bed. On the map, this corresponds to the area near waypoint 4. Therefore, I need to move towards waypoint 4 to reach the exit.",
"stuck": false,
"plan": "Move towards waypoint 4, which is located near the head of the bed and the exit door.",
"curr_step": "I am in the bedroom. The exit is to the left. Waypoint 4 is the closest path to the exit.",
"action": 4
}
```
Action: turn
Action: move_forward
Action: turn
Action: move_forward
Action: move_forward
Action: turn
Action: move_forward
Action: null
Action: turn
waypoints: 2
skipped waypoints: edge 1,  distance 0,  no_path 0,  occlusion 0
```json
{
"movement": "I have moved close to the nightstand and wall corner. I am currently facing a wall with a plant on the nightstand and curtains to the right. The exit door is visible in my left view, located past the bed.",
"observation": {
    "front view": "I am facing a dark grey wall next to a wooden nightstand with a plant on it. To the right are white sheer curtains.",
    "left view": "I see the side of the bed and an open doorway leading out to a hallway with grey flooring.",
    "right view": "I see the white sheer curtains covering a large window or sliding door, and further right, a mirror on the wall and a chair.",
    "map": "The map shows my current position near the top of the bedroom. The exit is the opening to the left of the bed area."
},
"thought": "I am currently facing a wall corner next to the nightstand. The instruction is to walk out of the bedroom through the open door into the hallway. The open door is visible in my left view, past the bed. I need to turn left to face the exit and then move towards it.",
"stuck": false,
"plan": "Turn left to face the exit door seen in the left view, then move forward out of the bedroom into the hallway.",
"curr_step": "I am facing the wrong way (towards the wall). I need to turn left to align with the exit door.",
"action": "L"
}
```
Action: turn
waypoints: 8
skipped waypoints: edge 2,  distance 5,  no_path 0,  occlusion 1
```json
{
"movement": "I have moved into the bedroom and am currently facing the bed and nightstand. The exit door is visible to the left of the bed in my current view.",
"observation": {
    "front view": "I see the bed with white linens and a black runner, and a wooden nightstand with a plant on it. To the far left, there is an open doorway leading out of the room.",
    "left view": "I see the open doorway leading to a hallway with grey flooring. There is also a black chair with an orange pillow near the window in the distance.",
    "right view": "I see white sheer curtains covering a large window or sliding door.",
    "map": "The map shows my current position near the bed. The exit is the opening to the left of the bedroom area."
},
"thought": "I am currently facing the bed and nightstand. The instruction is to walk out of the bedroom through the open door into the hallway. The open door is visible in my front view on the left side, and clearly in my left view. I need to orient myself towards this exit.",
"stuck": false,
"plan": "Turn left to face the exit door directly, then move forward out of the bedroom into the hallway.",
"curr_step": "I am facing the bed. The exit is to my left. I need to turn left to align with the doorway.",
"action": "L"
}
```
Action: turn
waypoints: 14
skipped waypoints: edge 1,  distance 8,  no_path 0,  occlusion 1
```json
{
"movement": "I have turned around from facing the bed/nightstand to face the exit of the bedroom. I am now looking towards the open doorway leading to the hallway, with the bed on my right and curtains on my left.",
"observation": {
    "front view": "I see the foot of the bed on the right and a large opening/doorway straight ahead leading to a hallway/landing area. There is a black chair with an orange pillow near the window in that area. Waypoints 1, 2, 3, and 4 are visible on the floor.",
    "left view": "I see white sheer curtains covering a large window or sliding door.",
    "right view": "I see the bed with white linens and a black runner, and a wooden nightstand with a plant.",
    "map": "The map shows my current position near the foot of the bed. The exit is the opening at the top left of the bedroom area."
},
"thought": "I am currently facing the exit door which leads to the hallway. The instruction is to walk out of the bedroom through this open door. Waypoint 1 is located on the floor directly in front of me, leading towards the exit. Moving to waypoint 1 will bring me closer to the hallway.",
"stuck": false,
"plan": "Move forward towards the exit door, passing the foot of the bed. Target waypoint 1 as it is on the path to the hallway.",
"curr_step": "I am facing the exit. Waypoint 1 is the next logical step towards the door.",
"action": 1
}
```
Action: turn
Action: move_forward
Action: turn
Action: move_forward
Action: turn
Action: move_forward
Action: turn
Action: move_forward
Action: null
waypoints: 8
2026-09-18 12:07:09,240 - INFO - HTTP Request: POST http://127.0.0.1:22446/v1/chat/completions "HTTP/1.1 200 OK"
2026-09-18 12:07:11,747 - INFO - HTTP Request: POST http://127.0.0.1:22446/v1/chat/completions "HTTP/1.1 400 Bad Request"
2026-09-18 12:07:13,656 - INFO - HTTP Request: POST http://127.0.0.1:22446/v1/chat/completions "HTTP/1.1 400 Bad Request"
2026-09-18 12:07:14,378 - INFO - --- Episode 1, Step 31/100 ---
2026-09-18 12:07:30,720 - INFO - HTTP Request: POST http://127.0.0.1:22446/v1/chat/completions "HTTP/1.1 200 OK"
2026-09-18 12:07:31,599 - INFO - --- Episode 1, Step 32/100 ---
2026-09-18 12:07:32,298 - INFO - --- Episode 1, Step 33/100 ---
2026-09-18 12:07:33,019 - INFO - --- Episode 1, Step 34/100 ---
2026-09-18 12:07:33,812 - INFO - --- Episode 1, Step 35/100 ---
2026-09-18 12:07:34,232 - INFO - --- Episode 1, Step 36/100 ---
2026-09-18 12:07:38,903 - INFO - HTTP Request: POST http://127.0.0.1:22446/v1/chat/completions "HTTP/1.1 400 Bad Request"
2026-09-18 12:07:40,318 - INFO - HTTP Request: POST http://127.0.0.1:22446/v1/chat/completions "HTTP/1.1 400 Bad Request"
2026-09-18 12:07:41,495 - INFO - HTTP Request: POST http://127.0.0.1:22446/v1/chat/completions "HTTP/1.1 400 Bad Request"
  4%|▍         | 2/50 [31:16<12:16:26, 920.55s/it] Renderer: NVIDIA GeForce RTX 4090/PCIe/SSE2 by NVIDIA Corporation
OpenGL version: 4.6.0 NVIDIA 590.48.01
Using optional features:
    GL_ARB_vertex_array_object
    GL_ARB_separate_shader_objects
    GL_ARB_robustness
    GL_ARB_texture_storage
    GL_ARB_texture_view
    GL_ARB_framebuffer_no_attachments
    GL_ARB_invalidate_subdata
    GL_ARB_texture_storage_multisample
    GL_ARB_multi_bind
    GL_ARB_direct_state_access
    GL_ARB_get_texture_sub_image
    GL_ARB_texture_filter_anisotropic
    GL_KHR_debug
    GL_KHR_parallel_shader_compile
    GL_NV_depth_buffer_float
Using driver workarounds:
    no-forward-compatible-core-context
    nv-egl-incorrect-gl11-function-pointers
    no-layout-qualifiers-on-old-glsl
    nv-zero-context-profile-mask
    nv-implementation-color-read-format-dsa-broken
    nv-cubemap-inconsistent-compressed-image-size
    nv-cubemap-broken-full-compressed-image-query
    nv-compressed-block-size-in-bits
[12:07:44:596155]:[Warning]:[Metadata] SceneDatasetAttributes.cpp(107)::addNewSceneInstanceToDataset : Dataset : 'default' : Lighting Layout Attributes 'no_lights' specified in Scene Attributes but does not exist in dataset, so creating default.
2026-09-18 12:07:50,524 - INFO - Simulator initialized!
2026-09-18 12:08:29,543 - INFO - HTTP Request: POST http://127.0.0.1:22446/v1/chat/completions "HTTP/1.1 200 OK"
2026-09-18 12:08:30,114 - INFO - --- Episode 2, Step 1/100 ---
2026-09-18 12:12:19,686 - INFO - HTTP Request: POST http://127.0.0.1:22446/v1/chat/completions "HTTP/1.1 200 OK"
2026-09-18 12:12:56,330 - INFO - HTTP Request: POST http://127.0.0.1:22446/v1/chat/completions "HTTP/1.1 200 OK"
2026-09-18 12:12:56,896 - INFO - --- Episode 2, Step 2/100 ---
2026-09-18 12:12:57,694 - INFO - --- Episode 2, Step 3/100 ---
2026-09-18 12:12:58,338 - INFO - --- Episode 2, Step 4/100 ---
2026-09-18 12:12:59,420 - INFO - --- Episode 2, Step 5/100 ---
2026-09-18 12:15:48,285 - INFO - HTTP Request: POST http://127.0.0.1:22446/v1/chat/completions "HTTP/1.1 200 OK"
2026-09-18 12:16:41,305 - INFO - HTTP Request: POST http://127.0.0.1:22446/v1/chat/completions "HTTP/1.1 200 OK"
2026-09-18 12:17:59,918 - INFO - HTTP Request: POST http://127.0.0.1:22446/v1/chat/completions "HTTP/1.1 200 OK"
2026-09-18 12:18:00,995 - INFO - --- Episode 2, Step 6/100 ---
2026-09-18 12:18:26,148 - INFO - HTTP Request: POST http://127.0.0.1:22446/v1/chat/completions "HTTP/1.1 200 OK"
2026-09-18 12:18:49,804 - INFO - HTTP Request: POST http://127.0.0.1:22446/v1/chat/completions "HTTP/1.1 200 OK"
skipped waypoints: edge 1,  distance 3,  no_path 0,  occlusion 0

Action: stop
waypoints: 8
skipped waypoints: edge 1,  distance 3,  no_path 0,  occlusion 0
```json
{
"movement": "I have moved from the foot of the bed towards the exit door. I am now positioned just inside the doorway, looking out into the hallway.",
"observation": {
    "front view": "I see the open doorway leading to a hallway. Through the door, I can see a black chair with an orange pillow near a window. Waypoints 1 and 2 are visible on the floor in the hallway area.",
    "left view": "I see the black armchair with the orange pillow and the sunburst mirror on the wall inside the bedroom/hallway transition area.",
    "right view": "I see the bed and the bathroom entrance behind me.",
    "map": "The map shows my current position near the exit of the bedroom. Waypoint 1 is just outside the door in the hallway."
},
"thought": "I am at the threshold of the bedroom. The instruction is to walk out into the hallway. Waypoint 1 is directly ahead and slightly left, leading out of the room. Moving to waypoint 1 will complete the first part of the task (walking out of the bedroom).",
"stuck": false,
"plan": "Move forward through the doorway towards waypoint 1 to enter the hallway.",
"curr_step": "I am at the exit of the bedroom. Waypoint 1 is the next logical step to fully enter the hallway.",
"action": 1
}
```
Action: move_forward
Action: move_forward
Action: turn
Action: move_forward
Action: null
waypoints: 11
skipped waypoints: edge 2,  distance 4,  no_path 0,  occlusion 0
Action: stop
["Go out of the room you're in.  Turn left.  Go poast the dining room and into the living room.", 'Wait right by the coffee table.']
Initialized data for new floor level: 0
Switching pcds to floor level: 0
Initialized data for new floor level: 0
Switching pcds to floor level: 0
Initialized data for new floor level: 0
Switching pcds to floor level: 0
[StairDetect] normals=0.0034s, cpu=0.0002s, cluster=0.0182s, loop=0.0465s, total=0.0749s
waypoints: 16
skipped waypoints: edge 1,  distance 6,  no_path 2,  occlusion 0

```json
{
"movement": "I have just exited the room (likely the bedroom seen in the right view) and oriented myself down the hallway. I am currently facing down the corridor towards the window area labeled 'B'.",
"observation": {
    "front view": "I see a hallway leading towards a window with curtains (labeled B). There is a black chair near the window. On the floor, there are numbered waypoints: 7 is closest, followed by 2, 6, 4, 5, 3, 1 further up.",
    "left view": "I see the interior of a closet or small room with hanging clothes and shelves.",
    "right view": "I see the doorway I just came through, looking back into a bedroom with a bed.",
    "map": "The map shows my current position (blue arrow) at the start of a corridor. To the left is a large open area. Straight ahead is the end of the corridor near 'B'. To the right is the bedroom."
},
"thought": "I have completed the 'Go out of the room' and 'Turn left' parts of the instruction by exiting the bedroom and facing down the hallway. The next part is 'Go past the dining room and into the living room'. The path forward leads towards 'B'. I need to proceed down this hallway. Waypoint 7 is the immediate next step.",
"stuck": false,
"plan": "Move forward down the hallway towards waypoint 7 and then continue towards the area near 'B' to find the dining/living room transition.",
"curr_step": "I am at the start of the hallway. I need to move forward to waypoint 7 to progress down the corridor.",
"action": 7
}
```
Calculated floor height difference: 2.66m
Action: turn
Action: move_forward
Action: null
Action: turn
waypoints: 10
skipped waypoints: edge 1,  distance 2,  no_path 0,  occlusion 1

```json
{
"movement": "I have just exited the room (likely the bedroom seen in the right view) and oriented myself down the hallway. I am currently facing down the corridor towards the window area labeled 'B'.",
"observation": {
    "front view": "I see a hallway leading towards a window with curtains (labeled B). There is a black chair near the window. On the floor, there are numbered waypoints: 7 is closest, followed by 2, 6, 4, 5, 3, 1 further up.",
    "left view": "I see the interior of a closet or small room with hanging clothes and shelves.",
    "right view": "I see the doorway I just came through, looking back into a bedroom with a bed.",
    "map": "The map shows my current position (blue arrow) at the start of a corridor. To the left is a large open area. Straight ahead is the end of the corridor near 'B'. To the right is the bedroom."
},
"thought": "I have completed the 'Go out of the room' and 'Turn left' parts of the instruction by exiting the bedroom and facing down the hallway. The next part is 'Go past the dining room and into the living room'. The path forward leads towards 'B'. I need to proceed down this hallway. Waypoint 7 is the immediate next step.",
"stuck": false,
"plan": "Move forward down the hallway towards waypoint 7 and then continue towards the area near 'B' to find the dining/living room transition.",
"curr_step": "I am at the start of the hallway. I need to move forward to waypoint 7 to progress down the corridor.",
"action": 7
}
```
```json
{
"movement": "I have entered the bedroom and am currently facing towards the window B with the bed on my left. The exit to the hallway is visible in the right view.",
"observation": {
    "front view": "I see the interior of a bedroom with a bed on the left and a window with curtains (labeled B) straight ahead. There are waypoints 1, 2, 3, 4, 5 inside the room.",
    "left view": "I see a closet with white clothes hanging.",
    "right view": "I see a hallway/doorway leading out of the room.",
    "map": "The map shows my current position (blue triangle) facing North-East inside the room. The 'START' point (exit) is to my South-East."
},
"thought": "I am currently inside the bedroom facing the window. The instruction requires me to 'Go out of the room'. The exit is visible in the right view and corresponds to the 'START' point on the map, which is to my right (South-East). Therefore, I need to turn Right to face the exit.",
"stuck": false,
"plan": "Turn Right to face the exit/hallway. Then move forward out of the room. After exiting, I will need to turn left as per the instruction 'Go out of the room you're in. Turn left.'",
"curr_step": "I am facing the window. The exit is to my right. I need to turn Right to face it.",
"action": "R"
}
```
Action: turn
waypoints: 5
skipped waypoints: edge 2,  distance 0,  no_path 0,  occlusion 0
```json
{
"movement": "I have just exited the room (likely the bedroom seen in the right view) and oriented myself down the hallway. I am currently facing down the corridor towards the window area labeled 'B'.",
"observation": {
    "front view": "I see a hallway leading towards a window with curtains (labeled B). There is a black chair near the window. On the floor, there are numbered waypoints: 7 is closest, followed by 2, 6, 4, 5, 3, 1 further up.",
    "left view": "I see the interior of a closet or small room with hanging clothes and shelves.",
    "right view": "I see the doorway I just came through, looking back into a bedroom with a bed.",
    "map": "The map shows my current position (blue arrow) at the start of a corridor. To the left is a large open area. Straight ahead is the end of the corridor near 'B'. To the right is the bedroom."
},
"thought": "I have completed the 'Go out of the room' and 'Turn left' parts of the instruction by exiting the bedroom and facing down the hallway. The next part is 'Go past the dining room and into the living room'. The path forward leads towards 'B'. I need to proceed down this hallway. Waypoint 7 is the immediate next step.",
"stuck": false,
"plan": "Move forward down the hallway towards waypoint 7 and then continue towards the area near 'B' to find the dining/living room transition.",
"curr_step": "I am at the start of the hallway. I need to move forward to waypoint 7 to progress down the corridor.",
"action": 7
}
```
2026-09-18 12:19:22,802 - INFO - HTTP Request: POST http://127.0.0.1:22446/v1/chat/completions "HTTP/1.1 200 OK"
2026-09-18 12:19:23,531 - INFO - --- Episode 2, Step 7/100 ---
2026-09-18 12:19:41,401 - INFO - HTTP Request: POST http://127.0.0.1:22446/v1/chat/completions "HTTP/1.1 200 OK"
2026-09-18 12:19:42,846 - INFO - --- Episode 2, Step 8/100 ---
2026-09-18 12:20:01,444 - INFO - HTTP Request: POST http://127.0.0.1:22446/v1/chat/completions "HTTP/1.1 200 OK"
2026-09-18 12:20:02,176 - INFO - --- Episode 2, Step 9/100 ---
2026-09-18 12:20:03,120 - INFO - --- Episode 2, Step 10/100 ---
2026-09-18 12:20:03,941 - INFO - --- Episode 2, Step 11/100 ---
2026-09-18 12:20:04,847 - INFO - --- Episode 2, Step 12/100 ---
2026-09-18 12:20:05,558 - INFO - --- Episode 2, Step 13/100 ---
2026-09-18 12:20:06,351 - INFO - --- Episode 2, Step 14/100 ---
2026-09-18 12:20:07,477 - INFO - --- Episode 2, Step 15/100 ---
2026-09-18 12:20:10,296 - INFO - HTTP Request: POST http://127.0.0.1:22446/v1/chat/completions "HTTP/1.1 400 Bad Request"
2026-09-18 12:20:11,588 - INFO - HTTP Request: POST http://127.0.0.1:22446/v1/chat/completions "HTTP/1.1 400 Bad Request"
2026-09-18 12:20:12,739 - INFO - HTTP Request: POST http://127.0.0.1:22446/v1/chat/completions "HTTP/1.1 400 Bad Request"
  6%|▌         | 3/50 [43:46<11:00:10, 842.78s/it]Renderer: NVIDIA GeForce RTX 4090/PCIe/SSE2 by NVIDIA Corporation
OpenGL version: 4.6.0 NVIDIA 590.48.01
Using optional features:
    GL_ARB_vertex_array_object
    GL_ARB_separate_shader_objects
    GL_ARB_robustness
    GL_ARB_texture_storage
    GL_ARB_texture_view
    GL_ARB_framebuffer_no_attachments
    GL_ARB_invalidate_subdata
    GL_ARB_texture_storage_multisample
    GL_ARB_multi_bind
    GL_ARB_direct_state_access
    GL_ARB_get_texture_sub_image
    GL_ARB_texture_filter_anisotropic
    GL_KHR_debug
    GL_KHR_parallel_shader_compile
    GL_NV_depth_buffer_float
Using driver workarounds:
    no-forward-compatible-core-context
    nv-egl-incorrect-gl11-function-pointers
    no-layout-qualifiers-on-old-glsl
    nv-zero-context-profile-mask
    nv-implementation-color-read-format-dsa-broken
    nv-cubemap-inconsistent-compressed-image-size
    nv-cubemap-broken-full-compressed-image-query
    nv-compressed-block-size-in-bits
[12:20:14:815798]:[Warning]:[Metadata] SceneDatasetAttributes.cpp(107)::addNewSceneInstanceToDataset : Dataset : 'default' : Lighting Layout Attributes 'no_lights' specified in Scene Attributes but does not exist in dataset, so creating default.
2026-09-18 12:20:24,674 - INFO - Simulator initialized!
2026-09-18 12:21:14,367 - INFO - HTTP Request: POST http://127.0.0.1:22446/v1/chat/completions "HTTP/1.1 200 OK"
2026-09-18 12:21:15,480 - INFO - --- Episode 3, Step 1/100 ---
2026-09-18 12:24:42,792 - INFO - HTTP Request: POST http://127.0.0.1:22446/v1/chat/completions "HTTP/1.1 200 OK"
2026-09-18 12:27:45,316 - INFO - HTTP Request: POST http://127.0.0.1:22446/v1/chat/completions "HTTP/1.1 200 OK"
2026-09-18 12:28:24,305 - INFO - HTTP Request: POST http://127.0.0.1:22446/v1/chat/completions "HTTP/1.1 200 OK"
2026-09-18 12:28:25,167 - INFO - --- Episode 3, Step 2/100 ---
2026-09-18 12:28:26,297 - INFO - --- Episode 3, Step 3/100 ---
```json
{
"movement": "I have just exited the room (likely the bedroom seen in the right view) and oriented myself down the hallway. I am currently facing down the corridor towards the window area labeled 'B'.",
"observation": {
    "front view": "I see a hallway leading towards a window with curtains (labeled B). There is a black chair near the window. On the floor, there are numbered waypoints: 7 is closest, followed by 2, 6, 4, 5, 3, 1 further up.",
    "left view": "I see the interior of a closet or small room with hanging clothes and shelves.",
    "right view": "I see the doorway I just came through, looking back into a bedroom with a bed.",
    "map": "The map shows my current position (blue arrow) at the start of a corridor. To the left is a large open area. Straight ahead is the end of the corridor near 'B'. To the right is the bedroom."
},
"thought": "I have completed the 'Go out of the room' and 'Turn left' parts of the instruction by exiting the bedroom and facing down the hallway. The next part is 'Go past the dining room and into the living room'. The path forward leads towards 'B'. I need to proceed down this hallway. Waypoint 7 is the immediate next step.",
"stuck": false,
"plan": "Move forward down the hallway towards waypoint 7 and then continue towards the area near 'B' to find the dining/living room transition.",
"curr_step": "I am at the start of the hallway. I need to move forward to waypoint 7 to progress down the corridor.",
"action": 7
}
```
```json
{
"movement": "I have just exited the room (likely the bedroom seen in the right view) and oriented myself down the hallway. I am currently facing down the corridor towards the window area labeled 'B'.",
"observation": {
    "front view": "I see a hallway leading towards a window with curtains (labeled B). There is a black chair near the window. On the floor, there are numbered waypoints: 7 is closest, followed by 2, 6, 4, 5, 3, 1 further up.",
    "left view": "I see the interior of a closet or small room with hanging clothes and shelves.",
    "right view": "I see the doorway I just came through, looking back into a bedroom with a bed.",
    "map": "The map shows my current position (blue arrow) at the start of a corridor. To the left is a large open area. Straight ahead is the end of the corridor near 'B'. To the right is the bedroom."
},
"thought": "I have completed the 'Go out of the room' and 'Turn left' parts of the instruction by exiting the bedroom and facing down the hallway. The next part is 'Go past the dining room and into the living room'. The path forward leads towards 'B'. I need to proceed down this hallway. Waypoint 7 is the immediate next step.",
"stuck": false,
"plan": "Move forward down the hallway towards waypoint 7 and then continue towards the area near 'B' to find the dining/living room transition.",
"curr_step": "I am at the start of the hallway. I need to move forward to waypoint 7 to progress down the corridor.",
"action": 7
}
```
Action: stop
waypoints: 5
skipped waypoints: edge 2,  distance 0,  no_path 0,  occlusion 0
```json
{
"movement": "I am currently inside a bedroom facing a wall/closet area. The exit to the hallway is visible in the right view and on the right side of the front view.",
"observation": {
    "front view": "I see a wall/closet directly ahead and a doorway leading to a hallway on the right.",
    "left view": "I see the bed and window of the bedroom I am currently in.",
    "right view": "I see a hallway with a closet on the right side and a door at the far end.",
    "map": "The map shows my current position inside the room. The hallway is to the right (East). Waypoints 1 and 2 are in the hallway."
},
"thought": "I am still inside the bedroom. The instruction says 'Go out of the room you're in'. The exit is to my right. I need to turn Right to face the hallway/exit.",
"stuck": false,
"plan": "Turn Right to face the hallway. Then move forward out of the room. After exiting, I will follow the instruction to 'Turn left' and go past the dining room.",
"curr_step": "I am facing the wall/closet. The exit is to my right. I need to turn Right to face it.",
"action": "R"
}
```
Action: turn
waypoints: 9
skipped waypoints: edge 1,  distance 3,  no_path 0,  occlusion 0
```json
{
"movement": "I have moved from inside the bedroom into the hallway/closet area. I am now facing down the corridor towards the window area labeled 'B'.",
"observation": {
    "front view": "I see a hallway leading straight ahead. There are waypoints 1 and 2 on the floor further down. To the right is a closet area with clothes (waypoints 4, 5).",
    "left view": "I see a wall and a door frame to my left.",
    "right view": "I see the interior of a walk-in closet with white clothes hanging.",
    "map": "The map shows my current position (red triangle) facing down a corridor. Waypoints 1 and 2 are ahead of me in the hallway. The bedroom is behind/to the right."
},
"thought": "I have exited the room and turned left (relative to the exit) to face down the hallway. The instruction is to 'Go past the dining room and into the living room'. The path forward leads towards B. I need to proceed down this hallway. Waypoint 1 is the next step.",
"stuck": false,
"plan": "Move forward down the hallway towards waypoint 1 and then continue towards waypoint 2 and B to find the dining/living room area.",
"curr_step": "I am at the start of the hallway section. I need to move forward to waypoint 1.",
"action": 1
}
```
Action: move_forward
Action: turn
Action: move_forward
Action: turn
Action: move_forward
Action: null
Action: turn
waypoints: 7
skipped waypoints: edge 1,  distance 0,  no_path 0,  occlusion 0
Action: stop
['Walk up the flight of stairs to the top. Turn and follow the railing into the bedroom area. Walk towards the closet.']
Initialized data for new floor level: 0
Switching pcds to floor level: 0
Initialized data for new floor level: 0
Switching pcds to floor level: 0
Initialized data for new floor level: 0
Switching pcds to floor level: 0
[StairDetect] normals=0.0026s, cpu=0.0002s, cluster=0.0525s, loop=0.0065s, total=0.0672s
waypoints: 39
skipped waypoints: edge 1,  distance 16,  no_path 1,  occlusion 11


```json
{
    "movement": "I am standing at the bottom of the staircase area, near the start position. The wooden staircase is visible on the left side of my front view, ascending upwards.",
    "observation": {
        "front view": "The front view shows a wooden staircase going up on the left side, with a dark railing and a large plant at its base. To the right, there is a hallway leading to white double doors and a mirror on the wall.",
        "left view": "The left view shows the staircase ascending directly ahead and slightly to the left, confirming the direction of travel.",
        "right view": "The right view shows the open living area below and the side of the stairwell wall.",
        "map": "The map shows my current position (START) near waypoint 9. The stairs are represented by the dark grey area extending towards the top-left. Waypoint 6 is located at the base of the stairs, next to the plant."
    },
    "thought": "The instruction is to walk up the flight of stairs to the top. I am currently at the bottom near the start point. The stairs are to my left/front-left. To begin climbing, I need to move towards the base of the stairs. Waypoint 6 is located right at the base of the stairs near the plant, which is the logical first step to get onto the staircase.",
    "stuck": false,
    "plan": "Move towards waypoint 6 to reach the base of the stairs. Then, proceed up the stairs (towards waypoint 7 and beyond) to reach the top platform. Once at the top, I will turn and follow the railing into the bedroom area as instructed.",
    "curr_step": "I need to move towards the base of the stairs to start climbing. Waypoint 6 is positioned at the foot of the stairs.",
    "action": 6
}
```
Calculated floor height difference: 3.15m
[StairDetect] normals=0.0030s, cpu=0.0002s, cluster=0.0600s, loop=0.0064s, total=0.0761s
Action: move_forward
[StairDetect] normals=0.0033s, cpu=0.0002s, cluster=0.0607s, loop=0.0066s, total=0.0780s
Action: turn
2026-09-18 12:28:27,086 - INFO - --- Episode 3, Step 4/100 ---
2026-09-18 12:28:27,929 - INFO - --- Episode 3, Step 5/100 ---
2026-09-18 12:28:28,636 - INFO - --- Episode 3, Step 6/100 ---
2026-09-18 12:28:29,357 - INFO - --- Episode 3, Step 7/100 ---
2026-09-18 12:28:30,108 - INFO - --- Episode 3, Step 8/100 ---
2026-09-18 12:28:30,933 - INFO - --- Episode 3, Step 9/100 ---
2026-09-18 12:28:31,955 - INFO - --- Episode 3, Step 10/100 ---
2026-09-18 12:28:32,817 - INFO - --- Episode 3, Step 11/100 ---
2026-09-18 12:28:33,603 - INFO - --- Episode 3, Step 12/100 ---
2026-09-18 12:28:45,701 - INFO - HTTP Request: POST http://127.0.0.1:22446/v1/chat/completions "HTTP/1.1 200 OK"
2026-09-18 12:28:46,538 - INFO - --- Episode 3, Step 13/100 ---
2026-09-18 12:28:47,276 - INFO - --- Episode 3, Step 14/100 ---
2026-09-18 12:28:48,226 - INFO - --- Episode 3, Step 15/100 ---
2026-09-18 12:28:49,058 - INFO - --- Episode 3, Step 16/100 ---
2026-09-18 12:28:49,817 - INFO - --- Episode 3, Step 17/100 ---
2026-09-18 12:28:50,551 - INFO - --- Episode 3, Step 18/100 ---
2026-09-18 12:28:51,102 - INFO - --- Episode 3, Step 19/100 ---
2026-09-18 12:28:51,839 - INFO - --- Episode 3, Step 20/100 ---
2026-09-18 12:28:52,518 - INFO - --- Episode 3, Step 21/100 ---
2026-09-18 12:28:53,349 - INFO - --- Episode 3, Step 22/100 ---
2026-09-18 12:29:33,664 - INFO - HTTP Request: POST http://127.0.0.1:22446/v1/chat/completions "HTTP/1.1 200 OK"
2026-09-18 12:29:34,538 - INFO - --- Episode 3, Step 23/100 ---
2026-09-18 12:29:35,239 - INFO - --- Episode 3, Step 24/100 ---
2026-09-18 12:29:36,327 - INFO - --- Episode 3, Step 25/100 ---
2026-09-18 12:29:37,012 - INFO - --- Episode 3, Step 26/100 ---
--- Height change stabilized. Height diff: 0.33, On platform: True, Metrics: {'inlier_count': 2399, 'local_count': 26673, 'support_ratio': 0.08994113897612038, 'vertical_score': 1.0, 'plane_height_mean': -0.8611958026885986, 'agent_z': -0.8719589233398437, 'vertical_diff': 0.010763120651245073, 'area_xy': 1.5408, 'radius_est': 0.7003226917871394, 'z_std': 0.03901008144021034, 'occupied_cells': 107, 'bottom_height_tolerance': 0.1}
--- No significant floor change. Height diff: 0.33, On platform: True, Metrics: {'inlier_count': 2399, 'local_count': 26673, 'support_ratio': 0.08994113897612038, 'vertical_score': 1.0, 'plane_height_mean': -0.8611958026885986, 'agent_z': -0.8719589233398437, 'vertical_diff': 0.010763120651245073, 'area_xy': 1.5408, 'radius_est': 0.7003226917871394, 'z_std': 0.03901008144021034, 'occupied_cells': 107, 'bottom_height_tolerance': 0.1}
Updated floor height: -0.67, ceiling height: 1.13
[StairDetect] normals=0.0037s, cpu=0.0002s, cluster=0.0528s, loop=0.0059s, total=0.0691s
Action: move_forward
Action: turn
Action: move_forward
[StairDetect] normals=0.0038s, cpu=0.0004s, cluster=0.0540s, loop=0.0059s, total=0.0709s
Action: move_forward
[StairDetect] normals=0.0039s, cpu=0.0003s, cluster=0.0539s, loop=0.0060s, total=0.0710s
Action: move_forward
[StairDetect] normals=0.0040s, cpu=0.0002s, cluster=0.0539s, loop=0.0058s, total=0.0708s
Action: move_forward
[StairDetect] normals=0.0039s, cpu=0.0002s, cluster=0.0539s, loop=0.0058s, total=0.0708s
Action: move_forward
[StairDetect] normals=0.0040s, cpu=0.0002s, cluster=0.0544s, loop=0.0059s, total=0.0712s
Action: move_forward
[StairDetect] normals=0.0040s, cpu=0.0002s, cluster=0.0542s, loop=0.0058s, total=0.0709s
Action: move_forward
detected agent stuck, last8 steps position changes: [0.0, 2.3849307e-06, 2.3849307e-06, 2.3849307e-06, 2.3849307e-06, 2.3849307e-06, 2.3849307e-06, 2.3849307e-06]
waypoints: 38
skipped waypoints: edge 4,  distance 14,  no_path 4,  occlusion 8
```json
{
    "movement": "I have moved onto the staircase and am currently ascending. The stairs are directly in front of me, curving slightly or leading straight up towards the upper level.",
    "observation": {
        "front view": "The wooden stairs continue upwards ahead of me. At the top, there appears to be a landing or hallway area. To the right, I can see down into the lower level with the mirror and hallway.",
        "left view": "A white wall runs along the left side of the staircase.",
        "right view": "The open void of the stairwell is visible to the right, looking down at the living room and front door area below.",
        "map": "The map shows my current position on the stairs (red triangle). The path continues upwards towards the top section of the map."
    },
    "thought": "I am in the middle of climbing the stairs. The instruction is to walk up the flight of stairs to the top. I need to continue moving forward along the steps to reach the upper platform.",
    "stuck": false,
    "plan": "Continue moving forward up the stairs until I reach the top landing. Once there, I will look for the bedroom area and the closet as instructed.",
    "curr_step": "I am currently on the stairs. I need to keep going up. The next logical step is to move forward onto the next section of the staircase.",
    "action": 1
}
```
Action: turn
--- Height change stabilized. Height diff: 0.02, On platform: True, Metrics: {'inlier_count': 1601, 'local_count': 24882, 'support_ratio': 0.0643437022721508, 'vertical_score': 1.0, 'plane_height_mean': -1.2189764976501465, 'agent_z': -1.1812078475952148, 'vertical_diff': 0.037768650054931685, 'area_xy': 1.0943999999999998, 'radius_est': 0.5902188911239121, 'z_std': 0.039237212389707565, 'occupied_cells': 76, 'bottom_height_tolerance': 0.1}
--- No significant floor change. Height diff: 0.02, On platform: True, Metrics: {'inlier_count': 1601, 'local_count': 24882, 'support_ratio': 0.0643437022721508, 'vertical_score': 1.0, 'plane_height_mean': -1.2189764976501465, 'agent_z': -1.1812078475952148, 'vertical_diff': 0.037768650054931685, 'area_xy': 1.0943999999999998, 'radius_est': 0.5902188911239121, 'z_std': 0.039237212389707565, 'occupied_cells': 76, 'bottom_height_tolerance': 0.1}
Updated floor height: -0.98, ceiling height: 0.82
[StairDetect] normals=0.0037s, cpu=0.0003s, cluster=0.0650s, loop=0.0514s, total=0.1274s
Action: move_forward
[StairDetect] normals=0.0040s, cpu=0.0002s, cluster=0.0659s, loop=0.0041s, total=0.0809s
Action: turn
[StairDetect] normals=0.0041s, cpu=0.0003s, cluster=0.0662s, loop=0.0042s, total=0.0813s
Action: move_forward
[StairDetect] normals=0.0042s, cpu=0.0003s, cluster=0.0665s, loop=0.0041s, total=0.0818s
Action: move_forward
[StairDetect] normals=0.0041s, cpu=0.0003s, cluster=0.0662s, loop=0.0041s, total=0.0816s
Action: move_forward
[StairDetect] normals=0.0042s, cpu=0.0003s, cluster=0.0961s, loop=0.0042s, total=0.1118s
Action: move_forward
[StairDetect] normals=0.0044s, cpu=0.0003s, cluster=0.0952s, loop=0.0042s, total=0.1111s
Action: move_forward
[StairDetect] normals=0.0042s, cpu=0.0003s, cluster=0.0660s, loop=0.0042s, total=0.0814s
Action: move_forward
[StairDetect] normals=0.0041s, cpu=0.0003s, cluster=0.0665s, loop=0.0041s, total=0.0819s
Action: move_forward
detected agent stuck, last8 steps position changes: [0.0, 0.0, 0.0, 0.0, 0.0, 0.0, 0.0, 0.0]
waypoints: 34
skipped waypoints: edge 3,  distance 13,  no_path 0,  occlusion 6
```json
{
    "movement": "I have moved onto the staircase and am currently ascending. The stairs are directly in front of me, curving slightly or leading straight up towards the upper level.",
    "observation": {
        "front view": "The wooden stairs continue upwards ahead of me. At the top, there appears to be a landing or hallway area. To the right, I can see down into the lower level with the mirror and hallway.",
        "left view": "A white wall runs along the left side of the staircase.",
        "right view": "The open void of the stairwell is visible to the right, looking down at the living room and front door area below.",
        "map": "The map shows my current position on the stairs (red triangle). The path continues upwards towards the top section of the map."
    },
    "thought": "I am in the middle of climbing the stairs. The instruction is to walk up the flight of stairs to the top. I need to continue moving forward along the steps to reach the upper platform.",
    "stuck": false,
    "plan": "Continue moving forward up the stairs until I reach the top landing. Once there, I will look for the bedroom area and the closet as instructed.",
    "curr_step": "I am currently on the stairs. I need to keep going up. The next logical step is to move forward onto the next section of the staircase.",
    "action": 1
}
```
[StairDetect] normals=0.0040s, cpu=0.0002s, cluster=0.0676s, loop=0.0042s, total=0.0831s
Action: turn
--- Height change stabilized. Height diff: -0.08, On platform: True, Metrics: {'inlier_count': 728, 'local_count': 24650, 'support_ratio': 0.029533468558639614, 'vertical_score': 1.0, 'plane_height_mean': -1.2633981704711914, 'agent_z': -1.2822516679763794, 'vertical_diff': 0.018853497505187944, 'area_xy': 0.72, 'radius_est': 0.4787307364817192, 'z_std': 0.03983486071228981, 'occupied_cells': 50, 'bottom_height_tolerance': 0.1}
--- No significant floor change. Height diff: -0.08, On platform: True, Metrics: {'inlier_count': 728, 'local_count': 24650, 'support_ratio': 0.029533468558639614, 'vertical_score': 1.0, 'plane_height_mean': -1.2633981704711914, 'agent_z': -1.2822516679763794, 'vertical_diff': 0.018853497505187944, 'area_xy': 0.72, 'radius_est': 0.4787307364817192, 'z_std': 0.03983486071228981, 'occupied_cells': 50, 'bottom_height_tolerance': 0.1}
Updated floor height: -1.08, ceiling height: 0.72
[StairDetect] normals=0.0039s, cpu=0.0003s, cluster=0.0685s, loop=0.0087s, total=0.0897s
Action: move_forward
[StairDetect] normals=0.0044s, cpu=0.0003s, cluster=0.0736s, loop=0.0093s, total=0.0964s
Action: turn
[StairDetect] normals=0.0044s, cpu=0.0003s, cluster=0.0701s, loop=0.0093s, total=0.0928s
Action: move_forward
2026-09-18 12:29:37,854 - INFO - --- Episode 3, Step 27/100 ---
2026-09-18 12:29:38,863 - INFO - --- Episode 3, Step 28/100 ---
2026-09-18 12:29:39,743 - INFO - --- Episode 3, Step 29/100 ---
2026-09-18 12:29:40,683 - INFO - --- Episode 3, Step 30/100 ---
2026-09-18 12:31:02,833 - INFO - HTTP Request: POST http://127.0.0.1:22446/v1/chat/completions "HTTP/1.1 200 OK"
2026-09-18 12:31:14,953 - INFO - HTTP Request: POST http://127.0.0.1:22446/v1/chat/completions "HTTP/1.1 200 OK"
2026-09-18 12:31:15,933 - INFO - --- Episode 3, Step 31/100 ---
2026-09-18 12:31:16,687 - INFO - --- Episode 3, Step 32/100 ---
2026-09-18 12:31:17,681 - INFO - --- Episode 3, Step 33/100 ---
2026-09-18 12:31:18,459 - INFO - --- Episode 3, Step 34/100 ---
2026-09-18 12:31:19,411 - INFO - --- Episode 3, Step 35/100 ---
2026-09-18 12:31:20,128 - INFO - --- Episode 3, Step 36/100 ---
2026-09-18 12:31:20,946 - INFO - --- Episode 3, Step 37/100 ---
2026-09-18 12:31:21,725 - INFO - --- Episode 3, Step 38/100 ---
2026-09-18 12:31:44,054 - INFO - HTTP Request: POST http://127.0.0.1:22446/v1/chat/completions "HTTP/1.1 200 OK"
2026-09-18 12:31:44,957 - INFO - --- Episode 3, Step 39/100 ---
2026-09-18 12:31:45,944 - INFO - --- Episode 3, Step 40/100 ---
2026-09-18 12:31:46,727 - INFO - --- Episode 3, Step 41/100 ---
2026-09-18 12:31:47,446 - INFO - --- Episode 3, Step 42/100 ---
2026-09-18 12:31:48,242 - INFO - --- Episode 3, Step 43/100 ---
2026-09-18 12:31:49,122 - INFO - --- Episode 3, Step 44/100 ---
  8%|▊         | 4/50 [55:24<10:02:09, 785.43s/it]Renderer: NVIDIA GeForce RTX 4090/PCIe/SSE2 by NVIDIA Corporation
OpenGL version: 4.6.0 NVIDIA 590.48.01
Using optional features:
    GL_ARB_vertex_array_object
    GL_ARB_separate_shader_objects
    GL_ARB_robustness
    GL_ARB_texture_storage
    GL_ARB_texture_view
    GL_ARB_framebuffer_no_attachments
    GL_ARB_invalidate_subdata
    GL_ARB_texture_storage_multisample
    GL_ARB_multi_bind
    GL_ARB_direct_state_access
    GL_ARB_get_texture_sub_image
    GL_ARB_texture_filter_anisotropic
    GL_KHR_debug
    GL_KHR_parallel_shader_compile
    GL_NV_depth_buffer_float
Using driver workarounds:
    no-forward-compatible-core-context
    nv-egl-incorrect-gl11-function-pointers
    no-layout-qualifiers-on-old-glsl
    nv-zero-context-profile-mask
    nv-implementation-color-read-format-dsa-broken
    nv-cubemap-inconsistent-compressed-image-size
    nv-cubemap-broken-full-compressed-image-query
    nv-compressed-block-size-in-bits
[12:31:52:320679]:[Warning]:[Metadata] SceneDatasetAttributes.cpp(107)::addNewSceneInstanceToDataset : Dataset : 'default' : Lighting Layout Attributes 'no_lights' specified in Scene Attributes but does not exist in dataset, so creating default.
2026-09-18 12:32:01,851 - INFO - Simulator initialized!
2026-09-18 12:32:39,789 - INFO - HTTP Request: POST http://127.0.0.1:22446/v1/chat/completions "HTTP/1.1 200 OK"
2026-09-18 12:32:40,447 - INFO - --- Episode 4, Step 1/100 ---
2026-09-18 12:33:16,074 - INFO - HTTP Request: POST http://127.0.0.1:22446/v1/chat/completions "HTTP/1.1 200 OK"
2026-09-18 12:33:16,733 - INFO - --- Episode 4, Step 2/100 ---
2026-09-18 12:33:30,685 - INFO - HTTP Request: POST http://127.0.0.1:22446/v1/chat/completions "HTTP/1.1 200 OK"
[StairDetect] normals=0.0045s, cpu=0.0003s, cluster=0.0678s, loop=0.0088s, total=0.0897s
Action: move_forward
[StairDetect] normals=0.0044s, cpu=0.0004s, cluster=0.0695s, loop=0.0089s, total=0.0918s
Action: move_forward
[StairDetect] normals=0.0044s, cpu=0.0003s, cluster=0.0721s, loop=0.0094s, total=0.0952s
Action: move_forward
[StairDetect] normals=0.0044s, cpu=0.0004s, cluster=0.0736s, loop=0.0095s, total=0.0968s
Action: move_forward
detected agent stuck, last8 steps position changes: [0.0, 0.1263441, 0.0, 0.0, 0.0, 0.0, 0.0, 0.0]
waypoints: 29
skipped waypoints: edge 4,  distance 9,  no_path 0,  occlusion 4

```json
{
    "movement": "I have moved up the first section of the stairs and am now positioned on a landing or the next flight, looking towards the upper level.",
    "observation": {
        "front view": "The stairs continue upwards ahead of me. There is a hallway visible at the top of the stairs leading to other rooms. To the right, I can see down into the living room area with a large mirror and console table.",
        "left view": "A wall and the side of the staircase structure are visible to my left.",
        "right view": "The open space of the stairwell is to my right, overlooking the floor below.",
        "map": "The map shows my current position (red triangle) on the stairs. The path continues upwards towards the top section of the map."
    },
    "thought": "I am in the process of walking up the flight of stairs. I have not yet reached the top platform. The instruction requires me to walk up to the top, then turn and follow the railing into the bedroom area. I need to continue moving forward along the stairs.",
    "stuck": false,
    "plan": "Continue moving forward up the stairs towards the upper landing (waypoint 1/4 area). Once at the top, I will look for the bedroom area and closet as instructed.",
    "curr_step": "I am on the stairs. I need to keep going up. The next logical step is to move forward onto the next section of the staircase.",
    "action": 1
}
```
[StairDetect] normals=0.0041s, cpu=0.0003s, cluster=0.0684s, loop=0.0089s, total=0.0901s
Action: move_forward
[StairDetect] normals=0.0041s, cpu=0.0003s, cluster=0.0677s, loop=0.0089s, total=0.0895s
Action: move_forward
[StairDetect] normals=0.0043s, cpu=0.0003s, cluster=0.0680s, loop=0.0088s, total=0.0899s
Action: move_forward
[StairDetect] normals=0.0043s, cpu=0.0003s, cluster=0.0715s, loop=0.0088s, total=0.0935s
Action: move_forward
[StairDetect] normals=0.0043s, cpu=0.0003s, cluster=0.0798s, loop=0.0089s, total=0.1028s
Action: move_forward
[StairDetect] normals=0.0044s, cpu=0.0003s, cluster=0.0680s, loop=0.0089s, total=0.0898s
Action: move_forward
[StairDetect] normals=0.0044s, cpu=0.0003s, cluster=0.0705s, loop=0.0088s, total=0.0925s
Action: move_forward
[StairDetect] normals=0.0043s, cpu=0.0003s, cluster=0.0679s, loop=0.0088s, total=0.0896s
Action: move_forward
detected agent stuck, last8 steps position changes: [0.0, 0.0, 0.0, 0.0, 0.0, 0.0, 0.0, 0.0]
waypoints: 29
skipped waypoints: edge 4,  distance 9,  no_path 0,  occlusion 4
```json
{
    "movement": "I have moved onto the staircase and am currently ascending. The stairs are directly in front of me, curving slightly or leading straight up towards the upper level.",
    "observation": {
        "front view": "The wooden stairs continue upwards ahead of me. At the top, there appears to be a landing or hallway area. To the right, I can see down into the lower level with the mirror and hallway.",
        "left view": "A white wall runs along the left side of the staircase.",
        "right view": "The open void of the stairwell is visible to the right, looking down at the living room and front door area below.",
        "map": "The map shows my current position on the stairs (red triangle). The path continues upwards towards the top section of the map."
    },
    "thought": "I am in the middle of climbing the stairs. The instruction is to walk up the flight of stairs to the top. I need to continue moving forward along the steps to reach the upper platform.",
    "stuck": false,
    "plan": "Continue moving forward up the stairs until I reach the top landing. Once there, I will look for the bedroom area and the closet as instructed.",
    "curr_step": "I am currently on the stairs. I need to keep going up. The next logical step is to move forward onto the next section of the staircase.",
    "action": 1
}
```
[StairDetect] normals=0.0040s, cpu=0.0003s, cluster=0.0764s, loop=0.0088s, total=0.0981s
Action: move_forward
[StairDetect] normals=0.0040s, cpu=0.0003s, cluster=0.0681s, loop=0.0088s, total=0.0896s
Action: move_forward
[StairDetect] normals=0.0045s, cpu=0.0003s, cluster=0.0687s, loop=0.0087s, total=0.0906s
Action: move_forward
[StairDetect] normals=0.0044s, cpu=0.0003s, cluster=0.0680s, loop=0.0088s, total=0.0899s
Action: move_forward
[StairDetect] normals=0.0044s, cpu=0.0003s, cluster=0.0680s, loop=0.0088s, total=0.0899s
Action: move_forward
[StairDetect] normals=0.0044s, cpu=0.0003s, cluster=0.0676s, loop=0.0089s, total=0.0895s
Action: move_forward
[StairDetect] normals=0.0043s, cpu=0.0003s, cluster=0.0681s, loop=0.0088s, total=0.0900s
Action: stop
['Go up the stairs, and then turn around and go through the door past the stairs.', 'Walk up to the bed, then turn to the right and walk into the doorway. Stop there.']
Initialized data for new floor level: 0
Switching pcds to floor level: 0
Initialized data for new floor level: 0
Switching pcds to floor level: 0
Initialized data for new floor level: 0
Switching pcds to floor level: 0
[StairDetect] normals=0.0025s, cpu=0.0002s, cluster=0.0492s, loop=0.0059s, total=0.0626s
waypoints: 39
skipped waypoints: edge 1,  distance 16,  no_path 1,  occlusion 11
```json
{
    "movement": "I am currently standing at the start position near the bottom of the stairs and a large plant. The stairs are located to my left.",
    "observation": {
        "front view": "The front view shows a hallway leading to a white door with glass panels (waypoints 3, 4) and a mirror on the wall (waypoint 5). To the left, the wooden stairs are visible going upwards.",
        "left view": "The left view clearly shows the wooden staircase ascending. There is a large plant at the base of the stairs.",
        "right view": "The right view shows a living area with a sofa and a window.",
        "map": "The map shows my current position (START) at the bottom. The stairs are the dark grey area extending upwards to the left from my position."
    },
    "thought": "The first part of the instruction is 'Go up the stairs'. Currently, the stairs are to my left. I need to orient myself towards them to begin climbing. Therefore, I should turn left to face the staircase directly.",
    "stuck": false,
    "plan": "Turn left to face the stairs, then move forward to climb them. After reaching the top, I will need to turn around and find the door past the stairs as per the next part of the instruction.",
    "curr_step": "I am at the start position. The stairs are to my left. I need to turn left to face them.",
    "action": "L"
}
```
Calculated floor height difference: 3.15m
[StairDetect] normals=0.0026s, cpu=0.0002s, cluster=0.0517s, loop=0.0061s, total=0.0656s
Action: turn
waypoints: 26
skipped waypoints: edge 1,  distance 8,  no_path 2,  occlusion 10
2026-09-18 12:33:31,289 - INFO - --- Episode 4, Step 3/100 ---
2026-09-18 12:33:31,803 - INFO - --- Episode 4, Step 4/100 ---
2026-09-18 12:33:32,618 - INFO - --- Episode 4, Step 5/100 ---
2026-09-18 12:33:33,091 - INFO - --- Episode 4, Step 6/100 ---
2026-09-18 12:33:33,674 - INFO - --- Episode 4, Step 7/100 ---
2026-09-18 12:33:34,342 - INFO - --- Episode 4, Step 8/100 ---
2026-09-18 12:33:42,165 - INFO - HTTP Request: POST http://127.0.0.1:22446/v1/chat/completions "HTTP/1.1 200 OK"
2026-09-18 12:33:42,798 - INFO - --- Episode 4, Step 9/100 ---
2026-09-18 12:33:43,636 - INFO - --- Episode 4, Step 10/100 ---
2026-09-18 12:33:44,244 - INFO - --- Episode 4, Step 11/100 ---
2026-09-18 12:33:44,772 - INFO - --- Episode 4, Step 12/100 ---
2026-09-18 12:33:45,419 - INFO - --- Episode 4, Step 13/100 ---
2026-09-18 12:33:46,105 - INFO - --- Episode 4, Step 14/100 ---
2026-09-18 12:33:47,088 - INFO - --- Episode 4, Step 15/100 ---
2026-09-18 12:33:47,824 - INFO - --- Episode 4, Step 16/100 ---
2026-09-18 12:33:48,982 - INFO - --- Episode 4, Step 17/100 ---
2026-09-18 12:34:03,297 - INFO - HTTP Request: POST http://127.0.0.1:22446/v1/chat/completions "HTTP/1.1 200 OK"
```json
{
    "movement": "I turned left to face the stairs as planned. Now I am facing the staircase directly in my front view.",
    "observation": {
        "front view": "The wooden staircase is directly in front of me, ascending upwards. There is a large plant at the base of the stairs to the right. Waypoint 1 is on the first step.",
        "left view": "A white wall is to my left.",
        "right view": "The bottom of the stairs and the plant are visible to my right/front-right.",
        "map": "I am at the START position near the base of the stairs (dark grey area). Waypoints 1, 2, 3, 4, 5 are nearby."
    },
    "thought": "I have successfully oriented myself towards the stairs. The next part of the instruction is to 'Go up the stairs'. I need to move forward onto the staircase. Waypoint 1 is located on the first step, which is the logical next target.",
    "stuck": false,
    "plan": "Move forward onto the stairs towards waypoint 1. Continue climbing until I reach the top platform. Then turn around and find the door past the stairs.",
    "curr_step": "I am at the bottom of the stairs facing them. I need to move forward to start climbing. Waypoint 1 is on the first step.",
    "action": 1
}
```
[StairDetect] normals=0.0028s, cpu=0.0002s, cluster=0.0505s, loop=0.0065s, total=0.0655s
Action: turn
--- Height change stabilized. Height diff: 0.48, On platform: True, Metrics: {'inlier_count': 2362, 'local_count': 24155, 'support_ratio': 0.09778513764861167, 'vertical_score': 1.0, 'plane_height_mean': -0.6788011789321899, 'agent_z': -0.7158400535583496, 'vertical_diff': 0.037038874626159624, 'area_xy': 1.4544, 'radius_est': 0.6804042169664333, 'z_std': 0.042058199644088745, 'occupied_cells': 101, 'bottom_height_tolerance': 0.1}
--- No significant floor change. Height diff: 0.48, On platform: True, Metrics: {'inlier_count': 2362, 'local_count': 24155, 'support_ratio': 0.09778513764861167, 'vertical_score': 1.0, 'plane_height_mean': -0.6788011789321899, 'agent_z': -0.7158400535583496, 'vertical_diff': 0.037038874626159624, 'area_xy': 1.4544, 'radius_est': 0.6804042169664333, 'z_std': 0.042058199644088745, 'occupied_cells': 101, 'bottom_height_tolerance': 0.1}
Updated floor height: -0.52, ceiling height: 1.28
[StairDetect] normals=0.0031s, cpu=0.0002s, cluster=0.0471s, loop=0.0048s, total=0.0602s
Action: move_forward
[StairDetect] normals=0.0031s, cpu=0.0002s, cluster=0.0463s, loop=0.0050s, total=0.0599s
Action: turn
--- Height change stabilized. Height diff: 0.76, On platform: True, Metrics: {'inlier_count': 2542, 'local_count': 27457, 'support_ratio': 0.0925811268495254, 'vertical_score': 1.0, 'plane_height_mean': -0.4623863101005554, 'agent_z': -0.4431085109710693, 'vertical_diff': 0.01927779912948613, 'area_xy': 1.2096, 'radius_est': 0.6205059534991693, 'z_std': 0.03911616653203964, 'occupied_cells': 84, 'bottom_height_tolerance': 0.1}
---!Floor change detected. From level 0 to 1.
Saving data for floor level: 0
Initialized data for new floor level: 1
Switching pcds to floor level: 1
!Switched to floor level: 1
Updated floor height: -0.26, ceiling height: 1.54, height diff: 0.76
Action: move_forward
Action: null
[StairDetect] normals=0.0028s, cpu=0.0002s, cluster=0.0355s, loop=0.0049s, total=0.0462s
Action: turn
waypoints: 7
skipped waypoints: edge 1,  distance 0,  no_path 0,  occlusion 2
```json
{
    "movement": "I have climbed part of the stairs and am now on a landing/turn. I need to continue upwards.",
    "observation": {
        "front view": "The stairs continue upwards in front of me, curving slightly to the right. Waypoint 2 is visible on the next flight of steps.",
        "left view": "A wall and the railing are visible to my left.",
        "right view": "The staircase railing and the floor below are visible to my right.",
        "map": "I am near waypoint 1 on the map. Waypoint 2 is further up the stairs, indicating the path forward."
    },
    "thought": "I am currently on a landing of the staircase. The instruction is to 'Go up the stairs'. The path forward leads up the next flight of stairs towards waypoint 2. I need to continue my ascent.",
    "stuck": false,
    "plan": "Move forward onto the next flight of stairs towards waypoint 2 to continue climbing to the top.",
    "curr_step": "I am on a landing. The next step is to go up the stairs ahead. Waypoint 2 is the target on the next flight.",
    "action": 2
}
```
[StairDetect] normals=0.0027s, cpu=0.0002s, cluster=0.0368s, loop=0.0050s, total=0.0475s
Action: turn
--- Height change stabilized. Height diff: 0.18, On platform: True, Metrics: {'inlier_count': 1980, 'local_count': 24568, 'support_ratio': 0.0805926408303243, 'vertical_score': 1.0, 'plane_height_mean': -0.08331888914108276, 'agent_z': -0.08628816604614253, 'vertical_diff': 0.00296927690505977, 'area_xy': 1.008, 'radius_est': 0.5664418463295777, 'z_std': 0.03641732409596443, 'occupied_cells': 70, 'bottom_height_tolerance': 0.1}
--- No significant floor change. Height diff: 0.18, On platform: True, Metrics: {'inlier_count': 1980, 'local_count': 24568, 'support_ratio': 0.0805926408303243, 'vertical_score': 1.0, 'plane_height_mean': -0.08331888914108276, 'agent_z': -0.08628816604614253, 'vertical_diff': 0.00296927690505977, 'area_xy': 1.008, 'radius_est': 0.5664418463295777, 'z_std': 0.03641732409596443, 'occupied_cells': 70, 'bottom_height_tolerance': 0.1}
Updated floor height: 0.11, ceiling height: 1.91
Action: move_forward
Action: turn
--- Height change stabilized. Height diff: 0.24, On platform: True, Metrics: {'inlier_count': 1719, 'local_count': 26346, 'support_ratio': 0.0652470963309327, 'vertical_score': 1.0, 'plane_height_mean': -0.036838848143815994, 'agent_z': -0.0177254199981689, 'vertical_diff': 0.019113428145647093, 'area_xy': 0.8496, 'radius_est': 0.5200346904791531, 'z_std': 0.05070633441209793, 'occupied_cells': 59, 'bottom_height_tolerance': 0.1}
--- No significant floor change. Height diff: 0.24, On platform: True, Metrics: {'inlier_count': 1719, 'local_count': 26346, 'support_ratio': 0.0652470963309327, 'vertical_score': 1.0, 'plane_height_mean': -0.036838848143815994, 'agent_z': -0.0177254199981689, 'vertical_diff': 0.019113428145647093, 'area_xy': 0.8496, 'radius_est': 0.5200346904791531, 'z_std': 0.05070633441209793, 'occupied_cells': 59, 'bottom_height_tolerance': 0.1}
Updated floor height: 0.18, ceiling height: 1.98
Action: move_forward
Action: turn
--- Height change stabilized. Height diff: 0.62, On platform: True, Metrics: {'inlier_count': 1855, 'local_count': 24360, 'support_ratio': 0.07614942528423031, 'vertical_score': 1.0, 'plane_height_mean': 0.3222174048423767, 'agent_z': 0.35873060226440434, 'vertical_diff': 0.03651319742202763, 'area_xy': 0.9071999999999999, 'radius_est': 0.5373739189297662, 'z_std': 0.044471047818660736, 'occupied_cells': 63, 'bottom_height_tolerance': 0.1}
---!Floor change detected. From level 1 to 2.
Saving data for floor level: 1
Initialized data for new floor level: 2
Switching pcds to floor level: 2
!Switched to floor level: 2
Updated floor height: 0.52, ceiling height: 2.32, height diff: 0.62
[StairDetect] normals=0.0037s, cpu=0.0003s, cluster=0.0421s, loop=0.0422s, total=0.0958s
Action: move_forward
[StairDetect] normals=0.0041s, cpu=0.0002s, cluster=0.0390s, loop=0.0602s, total=0.1116s
Action: turn
[StairDetect] normals=0.0045s, cpu=0.0003s, cluster=0.0433s, loop=0.0419s, total=0.0989s
Action: move_forward
[StairDetect] normals=0.0044s, cpu=0.0002s, cluster=0.0407s, loop=0.0401s, total=0.0939s
Action: null
waypoints: 4
skipped waypoints: edge 3,  distance 0,  no_path 0,  occlusion 1
2026-09-18 12:34:29,653 - INFO - HTTP Request: POST http://127.0.0.1:22446/v1/chat/completions "HTTP/1.1 200 OK"
2026-09-18 12:35:01,284 - INFO - HTTP Request: POST http://127.0.0.1:22446/v1/chat/completions "HTTP/1.1 200 OK"
2026-09-18 12:35:01,939 - INFO - --- Episode 4, Step 18/100 ---
2026-09-18 12:36:18,181 - INFO - HTTP Request: POST http://127.0.0.1:22446/v1/chat/completions "HTTP/1.1 200 OK"
2026-09-18 12:36:38,967 - INFO - HTTP Request: POST http://127.0.0.1:22446/v1/chat/completions "HTTP/1.1 200 OK"
2026-09-18 12:36:39,682 - INFO - --- Episode 4, Step 19/100 ---
2026-09-18 12:37:25,452 - INFO - HTTP Request: POST http://127.0.0.1:22446/v1/chat/completions "HTTP/1.1 200 OK"
2026-09-18 12:38:02,454 - INFO - HTTP Request: POST http://127.0.0.1:22446/v1/chat/completions "HTTP/1.1 200 OK"
2026-09-18 12:38:30,879 - INFO - HTTP Request: POST http://127.0.0.1:22446/v1/chat/completions "HTTP/1.1 200 OK"
2026-09-18 12:38:31,748 - INFO - --- Episode 4, Step 20/100 ---
2026-09-18 12:38:53,903 - INFO - HTTP Request: POST http://127.0.0.1:22446/v1/chat/completions "HTTP/1.1 200 OK"
2026-09-18 12:39:05,836 - INFO - HTTP Request: POST http://127.0.0.1:22446/v1/chat/completions "HTTP/1.1 200 OK"
2026-09-18 12:39:07,358 - INFO - HTTP Request: POST http://127.0.0.1:22446/v1/chat/completions "HTTP/1.1 400 Bad Request"
 10%|█         | 5/50 [1:02:41<8:14:59, 659.99s/it]Renderer: NVIDIA GeForce RTX 4090/PCIe/SSE2 by NVIDIA Corporation
OpenGL version: 4.6.0 NVIDIA 590.48.01
Using optional features:
    GL_ARB_vertex_array_object
    GL_ARB_separate_shader_objects
    GL_ARB_robustness
    GL_ARB_texture_storage
    GL_ARB_texture_view
    GL_ARB_framebuffer_no_attachments
    GL_ARB_invalidate_subdata
    GL_ARB_texture_storage_multisample
    GL_ARB_multi_bind
    GL_ARB_direct_state_access
    GL_ARB_get_texture_sub_image
    GL_ARB_texture_filter_anisotropic
    GL_KHR_debug
    GL_KHR_parallel_shader_compile
    GL_NV_depth_buffer_float
Using driver workarounds:
    no-forward-compatible-core-context
    nv-egl-incorrect-gl11-function-pointers
    no-layout-qualifiers-on-old-glsl
    nv-zero-context-profile-mask
    nv-implementation-color-read-format-dsa-broken
    nv-cubemap-inconsistent-compressed-image-size
    nv-cubemap-broken-full-compressed-image-query
    nv-compressed-block-size-in-bits
[12:39:09:900008]:[Warning]:[Metadata] SceneDatasetAttributes.cpp(107)::addNewSceneInstanceToDataset : Dataset : 'default' : Lighting Layout Attributes 'no_lights' specified in Scene Attributes but does not exist in dataset, so creating default.
2026-09-18 12:39:19,877 - INFO - Simulator initialized!
2026-09-18 12:39:41,463 - INFO - HTTP Request: POST http://127.0.0.1:22446/v1/chat/completions "HTTP/1.1 200 OK"
2026-09-18 12:39:42,182 - INFO - --- Episode 5, Step 1/100 ---
2026-09-18 12:43:13,546 - INFO - HTTP Request: POST http://127.0.0.1:22446/v1/chat/completions "HTTP/1.1 200 OK"
2026-09-18 12:43:29,565 - INFO - HTTP Request: POST http://127.0.0.1:22446/v1/chat/completions "HTTP/1.1 200 OK"
2026-09-18 12:43:30,140 - INFO - --- Episode 5, Step 2/100 ---
2026-09-18 12:43:30,781 - INFO - --- Episode 5, Step 3/100 ---
```json
{
    "movement": "I have reached the top of the stairs and am standing on the landing. I am facing a doorway that leads into a bedroom where a bed is visible.",
    "observation": {
        "front view": "Directly ahead is an open doorway leading into a bedroom. Inside, a bed with white linens and a green throw is visible. To the left of the doorway are white double doors.",
        "left view": "To my left is the stairwell opening looking down to the lower floor, with decorative shell art on the wall.",
        "right view": "To my right is the railing of the staircase and the rest of the upper landing hallway.",
        "map": "I am at the top of the stairs (dark grey area). The bedroom is the white area straight ahead."
    },
    "thought": "I have completed 'Go up the stairs'. The next part is 'turn around and go through the door past the stairs'. I am currently facing the bedroom door which is past the stairs. I need to enter this room to reach the bed as per the next subtask.",
    "stuck": false,
    "plan": "Move forward through the doorway into the bedroom towards the bed.",
    "curr_step": "I am at the top of the stairs facing the bedroom door. I need to enter the room.",
    "action": 1
}
```
```json
{
    "movement": "I have reached the top of the stairs and am standing on the landing. I am facing a doorway that leads into a bedroom with a bed visible inside.",
    "observation": {
        "front view": "Directly ahead is an open doorway leading into a bedroom. Inside, a bed with white linens and a green throw is visible. To the left of the doorway are white double doors.",
        "left view": "To my left is the stairwell opening looking down to the lower floor, with decorative shell art on the wall.",
        "right view": "To my right is the railing of the staircase and the rest of the upper landing hallway.",
        "map": "I am at the top of the stairs (dark grey area). The bedroom is the white area straight ahead."
    },
    "thought": "I have completed 'Go up the stairs'. The next part is 'turn around and go through the door past the stairs'. I am currently facing the bedroom door which is past the stairs. I need to enter this room to reach the bed as per the next subtask.",
    "stuck": false,
    "plan": "Move forward through the doorway into the bedroom towards the bed.",
    "curr_step": "I am at the top of the stairs facing the bedroom door. I need to enter the room.",
    "action": 1
}
```
```json
{
    "movement": "I have reached the top of the stairs and am standing on the landing. I am currently facing slightly towards the wall between the white double doors and the bedroom entrance. The bedroom is visible straight ahead and slightly to the right.",
    "observation": {
        "front view": "I see a hallway/landing area. To the left are white double doors. Straight ahead and slightly right is an open doorway leading into a bedroom with a bed visible inside.",
        "left view": "To my left is the stairwell opening looking down to the lower floor, with decorative shell art on the wall.",
        "right view": "To my right is the railing of the staircase and the rest of the upper landing hallway.",
        "map": "I am at the top of the stairs (dark grey area). The bedroom is the white area straight ahead."
    },
    "thought": "I have completed 'Go up the stairs'. The next part is 'turn around and go through the door past the stairs'. I am currently facing slightly left towards the wall. The bedroom door is to my right. I need to turn right to face the bedroom door directly so I can enter it.",
    "stuck": false,
    "plan": "Turn right to face the bedroom door, then move forward into the room.",
    "curr_step": "I am at the top of the stairs facing slightly left. I need to turn right to align with the bedroom doorway.",
    "action": "R"
}
```
[StairDetect] normals=0.0041s, cpu=0.0003s, cluster=0.0415s, loop=0.0403s, total=0.0947s
Action: turn
waypoints: 21
skipped waypoints: edge 1,  distance 4,  no_path 3,  occlusion 8

```json
{
    "movement": "I have reached the top of the stairs and am standing on the landing facing a wall with a mirror. The bedroom door is visible to my right.",
    "observation": {
        "front view": "I see a wall with a mirror and a small table. To the right of this wall, there is an opening leading into a bedroom where a bed and a window are visible.",
        "left view": "To my left is the stairwell opening and a white door.",
        "right view": "To my right is the railing of the staircase going down.",
        "map": "I am at the top of the stairs (red triangle). The bedroom is the white area to the right."
    },
    "thought": "I have completed 'Go up the stairs'. The next part is 'turn around and go through the door past the stairs'. I am currently facing a wall. The bedroom door is to my right. I need to turn right to face it and then move forward into the room.",
    "stuck": false,
    "plan": "Turn right to face the bedroom door, then move forward into the room towards the bed.",
    "curr_step": "I am at the top of the stairs facing the wall. I need to turn right to align with the bedroom doorway.",
    "action": "R"
}
```
[StairDetect] normals=0.0041s, cpu=0.0002s, cluster=0.0436s, loop=0.0428s, total=0.0997s
Action: turn
waypoints: 22
skipped waypoints: edge 1,  distance 4,  no_path 4,  occlusion 6



[StairDetect] normals=0.0041s, cpu=0.0003s, cluster=0.0443s, loop=0.0419s, total=0.0996s
Action: stop
waypoints: 22
skipped waypoints: edge 1,  distance 4,  no_path 4,  occlusion 6


[StairDetect] normals=0.0045s, cpu=0.0003s, cluster=0.0455s, loop=0.0397s, total=0.0984s
Action: stop
['WALK UP THE STAIRS, TURN TO THE LEFT AND ENTER INTO THE SECOND OPEN DOOR ON THE LEFT', 'WALK TOWARDS THE FOOT OF THE BED, TURN RIGHT AND ENTER THE OPEN DOOR TO THE BATHROOM.']
Initialized data for new floor level: 0
Switching pcds to floor level: 0
Initialized data for new floor level: 0
Switching pcds to floor level: 0
Initialized data for new floor level: 0
Switching pcds to floor level: 0
[StairDetect] normals=0.0026s, cpu=0.0002s, cluster=0.0497s, loop=0.0059s, total=0.0633s
waypoints: 39
skipped waypoints: edge 1,  distance 16,  no_path 1,  occlusion 11

```json
{
"movement": "I am currently standing at the base of the staircase on the ground floor. The stairs ascend to my left. I have not yet started climbing.",
"observation": {
    "front view": "I see the wooden staircase ascending to the left, with a dark railing. To the right of the stairs is a wall and an opening leading to an upper hallway area (waypoints 1, 5).",
    "left view": "A clear view of the wooden steps going up.",
    "right view": "Looking down into the foyer/living area with a large mirror and front door.",
    "map": "My current position is marked as START near waypoint 9. The stairs are represented by the grey dashed path extending upwards to the left. Waypoint 6 is located at the very bottom of the stairs."
},
"thought": "The instruction is to 'WALK UP THE STAIRS'. I am currently at the bottom. To begin this, I need to move towards the base of the stairs. Waypoint 6 is positioned right at the foot of the staircase, making it the logical next step to start climbing.",
"stuck": false,
"plan": "Move towards waypoint 6 to get onto the first step of the stairs. Then continue up the stairs until I reach the top platform. Once at the top, I will turn left and look for the second open door on the left as per the instruction.",
"curr_step": "I am at the bottom of the stairs. The next logical step is to approach the first step. Waypoint 6 is located at the base of the stairs.",
"action": 6
}
```
Calculated floor height difference: 3.15m
[StairDetect] normals=0.0030s, cpu=0.0003s, cluster=0.0598s, loop=0.0065s, total=0.0761s
Action: move_forward
[StairDetect] normals=0.0034s, cpu=0.0003s, cluster=0.0694s, loop=0.0067s, total=0.0871s
Action: turn
2026-09-18 12:43:31,321 - INFO - --- Episode 5, Step 4/100 ---
2026-09-18 12:43:32,076 - INFO - --- Episode 5, Step 5/100 ---
2026-09-18 12:43:32,763 - INFO - --- Episode 5, Step 6/100 ---
2026-09-18 12:43:33,512 - INFO - --- Episode 5, Step 7/100 ---
2026-09-18 12:43:33,938 - INFO - --- Episode 5, Step 8/100 ---
2026-09-18 12:43:34,546 - INFO - --- Episode 5, Step 9/100 ---
2026-09-18 12:43:35,372 - INFO - --- Episode 5, Step 10/100 ---
2026-09-18 12:43:36,002 - INFO - --- Episode 5, Step 11/100 ---
2026-09-18 12:43:36,594 - INFO - --- Episode 5, Step 12/100 ---
2026-09-18 12:43:53,654 - INFO - HTTP Request: POST http://127.0.0.1:22446/v1/chat/completions "HTTP/1.1 200 OK"
2026-09-18 12:44:03,364 - INFO - HTTP Request: POST http://127.0.0.1:22446/v1/chat/completions "HTTP/1.1 200 OK"
2026-09-18 12:44:13,208 - INFO - HTTP Request: POST http://127.0.0.1:22446/v1/chat/completions "HTTP/1.1 200 OK"
2026-09-18 12:44:13,928 - INFO - --- Episode 5, Step 13/100 ---
2026-09-18 12:44:26,032 - INFO - HTTP Request: POST http://127.0.0.1:22446/v1/chat/completions "HTTP/1.1 200 OK"
2026-09-18 12:44:36,398 - INFO - HTTP Request: POST http://127.0.0.1:22446/v1/chat/completions "HTTP/1.1 200 OK"
2026-09-18 12:44:47,522 - INFO - HTTP Request: POST http://127.0.0.1:22446/v1/chat/completions "HTTP/1.1 200 OK"
--- Height change stabilized. Height diff: 0.33, On platform: True, Metrics: {'inlier_count': 2399, 'local_count': 26674, 'support_ratio': 0.0899377671106719, 'vertical_score': 1.0, 'plane_height_mean': -0.8611956834793091, 'agent_z': -0.8719589233398437, 'vertical_diff': 0.010763239860534624, 'area_xy': 1.5408, 'radius_est': 0.7003226917871394, 'z_std': 0.03900910168886185, 'occupied_cells': 107, 'bottom_height_tolerance': 0.1}
--- No significant floor change. Height diff: 0.33, On platform: True, Metrics: {'inlier_count': 2399, 'local_count': 26674, 'support_ratio': 0.0899377671106719, 'vertical_score': 1.0, 'plane_height_mean': -0.8611956834793091, 'agent_z': -0.8719589233398437, 'vertical_diff': 0.010763239860534624, 'area_xy': 1.5408, 'radius_est': 0.7003226917871394, 'z_std': 0.03900910168886185, 'occupied_cells': 107, 'bottom_height_tolerance': 0.1}
Updated floor height: -0.67, ceiling height: 1.13
[StairDetect] normals=0.0035s, cpu=0.0002s, cluster=0.0527s, loop=0.0059s, total=0.0687s
Action: move_forward
Action: turn
[StairDetect] normals=0.0037s, cpu=0.0003s, cluster=0.0541s, loop=0.0061s, total=0.0708s
Action: move_forward
[StairDetect] normals=0.0039s, cpu=0.0003s, cluster=0.0608s, loop=0.0060s, total=0.0780s
Action: move_forward
[StairDetect] normals=0.0038s, cpu=0.0003s, cluster=0.0952s, loop=0.0076s, total=0.1152s
Action: move_forward
[StairDetect] normals=0.0037s, cpu=0.0003s, cluster=0.0660s, loop=0.0062s, total=0.0832s
Action: move_forward
[StairDetect] normals=0.0040s, cpu=0.0004s, cluster=0.0620s, loop=0.0059s, total=0.0796s
Action: move_forward
[StairDetect] normals=0.0040s, cpu=0.0003s, cluster=0.0552s, loop=0.0059s, total=0.0719s
Action: move_forward
[StairDetect] normals=0.0040s, cpu=0.0003s, cluster=0.0561s, loop=0.0059s, total=0.0732s
Action: move_forward
detected agent stuck, last8 steps position changes: [0.0, 2.3849307e-06, 2.3849307e-06, 2.3849307e-06, 2.3849307e-06, 2.3849307e-06, 2.3849307e-06, 2.3849307e-06]
waypoints: 38
skipped waypoints: edge 4,  distance 14,  no_path 4,  occlusion 8
```json
{
"movement": "I have moved onto the staircase and am currently ascending. I am looking down into the foyer from the stairs.",
"observation": {
    "front view": "The stairs continue upwards in front of me, curving slightly. The railing is on my right. Ahead, there is a landing area at the top of this flight.",
    "left view": "A wall and the side of the staircase structure.",
    "right view": "Looking down into the living room/foyer area below.",
    "map": "My current position is on the stairs (red triangle). The path leads upwards towards the top left of the map."
},
"thought": "I am currently on the stairs, having started the ascent. The instruction is to 'WALK UP THE STAIRS'. I need to continue moving forward along the steps to reach the top platform. Once at the top, I will need to turn left and find the second open door.",
"stuck": false,
"plan": "Continue walking up the stairs until I reach the top landing. Then turn left and look for the second open door on the left side of the hallway.",
"curr_step": "I am mid-way up the first flight of stairs. I need to continue forward to reach the top.",
"action": "F"
}
```
```json
{
"movement": "I have moved further up the staircase, following the curve of the steps upwards.",
"observation": {
    "front view": "The stairs continue to ascend in front of me, curving slightly to the left. I am looking down into the foyer from a higher vantage point.",
    "left view": "A wall and the side of the staircase structure are visible to my left.",
    "right view": "Looking down into the living room/foyer area below, seeing the mirror and front door.",
    "map": "My current position is on the stairs (red triangle), moving towards the upper level. The path leads upwards."
},
"thought": "I am currently on the staircase, making progress towards the top. The instruction is to 'WALK UP THE STAIRS'. I need to continue moving forward along the steps to reach the top platform. Once at the top, I will need to turn left and find the second open door.",
"stuck": false,
"plan": "Continue walking up the stairs until I reach the top landing. Then turn left and look for the second open door on the left side of the hallway.",
"curr_step": "I am mid-way up the first flight of stairs. I need to continue forward to reach the top.",
"action": "F"
}
```
```json
{
"movement": "I have been climbing the stairs and am now positioned on a landing or a straight section of the staircase, looking down into the foyer. The stairs continue to ascend in front of me.",
"observation": {
    "front view": "The wooden stairs continue upwards directly in front of me. To the right, I can see the railing and the open space of the foyer below.",
    "left view": "A white wall runs along the left side of the staircase.",
    "right view": "Looking down into the living room/foyer area with a large mirror and front door visible far below.",
    "map": "My current position is on the stairs (red triangle). The path leads upwards towards the top left of the map, indicating I need to continue ascending."
},
"thought": "I am currently on the staircase. The instruction is to 'WALK UP THE STAIRS'. I have not yet reached the top platform. I need to continue moving forward along the steps to reach the top level where I will then turn left.",
"stuck": false,
"plan": "Continue walking up the stairs until I reach the top landing. Once at the top, I will turn left and look for the second open door on the left side of the hallway.",
"curr_step": "I am mid-way up the stairs. I need to continue forward to reach the top.",
"action": "F"
}
```
[StairDetect] normals=0.0037s, cpu=0.0002s, cluster=0.0545s, loop=0.0059s, total=0.0711s
Action: stop
waypoints: 38
skipped waypoints: edge 4,  distance 14,  no_path 4,  occlusion 8
```json
{
"movement": "I have continued climbing the staircase, moving further up towards the landing.",
"observation": {
    "front view": "The wooden stairs continue to ascend in front of me, curving slightly to the left. The railing is on my right.",
    "left view": "A white wall runs along the left side of the staircase.",
    "right view": "Looking down into the living room/foyer area below, seeing the mirror and front door.",
    "map": "My current position is on the stairs (red triangle), moving towards the upper level. The path leads upwards."
},
"thought": "I am currently on the staircase. The instruction is to 'WALK UP THE STAIRS'. I have not yet reached the top platform. I need to continue moving forward along the steps to reach the top level where I will then turn left.",
"stuck": false,
"plan": "Continue walking up the stairs until I reach the top landing. Once at the top, I will turn left and look for the second open door on the left side of the hallway.",
"curr_step": "I am mid-way up the stairs. I need to continue forward to reach the top.",
"action": "F"
}
```
```json
{
"movement": "I have continued climbing the staircase, moving further up towards the landing.",
"observation": {
    "front view": "The wooden stairs continue to ascend in front of me, curving slightly to the left. The railing is on my right.",
    "left view": "A white wall runs along the left side of the staircase.",
    "right view": "Looking down into the living room/foyer area below, seeing the mirror and front door.",
    "map": "My current position is on the stairs (red triangle), moving towards the upper level. The path leads upwards."
},
"thought": "I am currently on the staircase. The instruction is to 'WALK UP THE STAIRS'. I have not yet reached the top platform. I need to continue moving forward along the steps to reach the top level where I will then turn left.",
"stuck": false,
"plan": "Continue walking up the stairs until I reach the top landing. Once at the top, I will turn left and look for the second open door on the left side of the hallway.",
"curr_step": "I am mid-way up the stairs. I need to continue forward to reach the top.",
"action": "F"
}
```
 12%|█▏        | 6/50 [1:08:21<6:44:03, 550.99s/it]Renderer: NVIDIA GeForce RTX 4090/PCIe/SSE2 by NVIDIA Corporation
OpenGL version: 4.6.0 NVIDIA 590.48.01
Using optional features:
    GL_ARB_vertex_array_object
    GL_ARB_separate_shader_objects
    GL_ARB_robustness
    GL_ARB_texture_storage
    GL_ARB_texture_view
    GL_ARB_framebuffer_no_attachments
    GL_ARB_invalidate_subdata
    GL_ARB_texture_storage_multisample
    GL_ARB_multi_bind
    GL_ARB_direct_state_access
    GL_ARB_get_texture_sub_image
    GL_ARB_texture_filter_anisotropic
    GL_KHR_debug
    GL_KHR_parallel_shader_compile
    GL_NV_depth_buffer_float
Using driver workarounds:
    no-forward-compatible-core-context
    nv-egl-incorrect-gl11-function-pointers
    no-layout-qualifiers-on-old-glsl
    nv-zero-context-profile-mask
    nv-implementation-color-read-format-dsa-broken
    nv-cubemap-inconsistent-compressed-image-size
    nv-cubemap-broken-full-compressed-image-query
    nv-compressed-block-size-in-bits
[12:44:49:316398]:[Warning]:[Metadata] SceneDatasetAttributes.cpp(107)::addNewSceneInstanceToDataset : Dataset : 'default' : Lighting Layout Attributes 'no_lights' specified in Scene Attributes but does not exist in dataset, so creating default.
2026-09-18 12:44:52,505 - INFO - Simulator initialized!
2026-09-18 12:45:21,678 - INFO - HTTP Request: POST http://127.0.0.1:22446/v1/chat/completions "HTTP/1.1 200 OK"
2026-09-18 12:45:22,262 - INFO - --- Episode 6, Step 1/100 ---
2026-09-18 12:45:36,583 - INFO - HTTP Request: POST http://127.0.0.1:22446/v1/chat/completions "HTTP/1.1 200 OK"
2026-09-18 12:45:37,138 - INFO - --- Episode 6, Step 2/100 ---
2026-09-18 12:45:48,468 - INFO - HTTP Request: POST http://127.0.0.1:22446/v1/chat/completions "HTTP/1.1 200 OK"
2026-09-18 12:45:49,102 - INFO - --- Episode 6, Step 3/100 ---
2026-09-18 12:45:49,652 - INFO - --- Episode 6, Step 4/100 ---
2026-09-18 12:45:50,453 - INFO - --- Episode 6, Step 5/100 ---
2026-09-18 12:45:50,920 - INFO - --- Episode 6, Step 6/100 ---
2026-09-18 12:45:51,560 - INFO - --- Episode 6, Step 7/100 ---
2026-09-18 12:46:02,470 - INFO - HTTP Request: POST http://127.0.0.1:22446/v1/chat/completions "HTTP/1.1 200 OK"
2026-09-18 12:46:03,119 - INFO - --- Episode 6, Step 8/100 ---
2026-09-18 12:46:03,716 - INFO - --- Episode 6, Step 9/100 ---
2026-09-18 12:46:04,552 - INFO - --- Episode 6, Step 10/100 ---
2026-09-18 12:46:05,167 - INFO - --- Episode 6, Step 11/100 ---
2026-09-18 12:46:05,810 - INFO - --- Episode 6, Step 12/100 ---
2026-09-18 12:46:06,514 - INFO - --- Episode 6, Step 13/100 ---
2026-09-18 12:46:07,134 - INFO - --- Episode 6, Step 14/100 ---
2026-09-18 12:46:08,026 - INFO - --- Episode 6, Step 15/100 ---
2026-09-18 12:46:27,027 - INFO - HTTP Request: POST http://127.0.0.1:22446/v1/chat/completions "HTTP/1.1 200 OK"
2026-09-18 12:46:27,802 - INFO - --- Episode 6, Step 16/100 ---
2026-09-18 12:46:28,435 - INFO - --- Episode 6, Step 17/100 ---
2026-09-18 12:46:29,080 - INFO - --- Episode 6, Step 18/100 ---
2026-09-18 12:46:29,703 - INFO - --- Episode 6, Step 19/100 ---
```json
{
"movement": "I have continued climbing the staircase, moving further up towards the landing.",
"observation": {
    "front view": "The wooden stairs continue to ascend in front of me, curving slightly to the left. The railing is on my right.",
    "left view": "A white wall runs along the left side of the staircase.",
    "right view": "Looking down into the living room/foyer area below, seeing the mirror and front door.",
    "map": "My current position is on the stairs (red triangle), moving towards the upper level. The path leads upwards."
},
"thought": "I am currently on the staircase. The instruction is to 'WALK UP THE STAIRS'. I have not yet reached the top platform. I need to continue moving forward along the steps to reach the top level where I will then turn left.",
"stuck": false,
"plan": "Continue walking up the stairs until I reach the top landing. Once at the top, I will turn left and look for the second open door on the left side of the hallway.",
"curr_step": "I am mid-way up the stairs. I need to continue forward to reach the top.",
"action": "F"
}
```
[StairDetect] normals=0.0037s, cpu=0.0003s, cluster=0.0565s, loop=0.0060s, total=0.0734s
Action: stop
['Go straight past the pool. Walk between the bar and chairs. Stop when you get to the corner of the bar.']
Initialized data for new floor level: 0
Switching pcds to floor level: 0
Initialized data for new floor level: 0
Switching pcds to floor level: 0
Initialized data for new floor level: 0
Switching pcds to floor level: 0
waypoints: 2
skipped waypoints: edge 1,  distance 0,  no_path 0,  occlusion 0
```json
{
"movement": "I am currently facing a wooden slatted wall/ceiling structure. To my left, there is an open area with a pool and a bar counter. To my right, there is a blue-lit wall and stairs.",
"observation": {
    "front view": "A close-up of a wooden slatted wall or ceiling structure.",
    "left view": "An open room with a swimming pool on the right side and a long bar counter on the left side. Further back, there are chairs.",
    "right view": "A blue-lit wall and a staircase leading downwards.",
    "map": "The map shows my starting position near a dark shape (likely the pool edge) with a path extending forward into the room."
},
"thought": "The instruction is to go straight past the pool and walk between the bar and chairs. Currently, I am facing a wall/structure. The pool and the path between the bar and chairs are visible in my left view. To align myself with the path described in the instructions, I need to turn towards that area.",
"stuck": false,
"plan": "Turn left to face the pool and the bar area. Then move forward to walk between the bar and the chairs until reaching the corner of the bar.",
"curr_step": "I need to orient myself towards the path. Turning left will bring the pool and bar into my front view, allowing me to proceed as instructed.",
"action": "L"
}
```
Calculated floor height difference: 2.42m
Action: turn
waypoints: 32
skipped waypoints: edge 1,  distance 24,  no_path 2,  occlusion 2
```json
{
"movement": "I turned left previously and am now facing down the walkway alongside the pool. The pool is on my right, and a bar/counter area is visible further ahead on the left.",
"observation": {
    "front view": "A long walkway stretches ahead. To the right is the edge of the swimming pool. To the left, there is a counter (bar) and some chairs further down. Waypoints 1, 2, and 3 are visible along this path.",
    "left view": "The side of the building/wall and the start of the bar area.",
    "right view": "The pool water and the wooden slatted structure I was previously facing.",
    "map": "The map shows the path (blue area) leading past the pool towards a 'workbench' (bar) labeled near waypoint 3."
},
"thought": "I am currently aligned with the path described in the instructions. The pool is on my right, and the bar/chairs are on my left/ahead. I need to go straight past the pool and walk between the bar and chairs to reach the corner of the bar. Waypoint 1 is the next logical step forward along this path.",
"stuck": false,
"plan": "Move forward along the walkway next to the pool (towards waypoints 1, 2, 3) until I reach the corner of the bar/workbench area.",
"curr_step": "I need to advance towards the bar. Waypoint 1 is directly in front of me along the path.",
"action": 1
}
```
Action: turn
Action: move_forward
Action: move_forward
Action: null
Action: turn
waypoints: 31
skipped waypoints: edge 1,  distance 22,  no_path 1,  occlusion 3
```json
{
"movement": "I have moved forward along the walkway next to the pool. The chairs are now clearly visible on my left, and the bar is ahead.",
"observation": {
    "front view": "The path continues straight ahead towards a bar/workbench area. Waypoints 1 and 2 are visible on the ground.",
    "left view": "Lounge chairs are lined up against the wall.",
    "right view": "The swimming pool is to my right.",
    "map": "I am positioned near waypoint 3, heading towards the 'workbench' (bar) area. Waypoints 1 and 2 are ahead of me."
},
"thought": "I am following the instruction to go straight past the pool and walk between the bar and chairs. I am currently in the walkway. The next step is to continue forward towards the bar to reach its corner.",
"stuck": false,
"plan": "Continue moving forward along the path between the chairs and the pool/bar area until I reach the corner of the bar.",
"curr_step": "I need to advance further down the path. Waypoint 1 is directly ahead and leads towards the bar.",
"action": 1
}
```
Action: turn
Action: move_forward
Action: turn
Action: move_forward
Action: turn
Action: move_forward
Action: null
Action: turn
waypoints: 26
skipped waypoints: edge 1,  distance 15,  no_path 0,  occlusion 2
```json
{
"movement": "I have been walking straight along the poolside path. I passed a small table and chairs on my left. The main bar counter is visible ahead on the left side.",
"observation": {
    "front view": "The path continues straight ahead. On the left, there is a wooden shelving unit and then the start of a long bar counter. On the right is the pool edge. Waypoints 5, 2, 3 are visible ahead.",
    "left view": "A wooden shelving unit with towels and a chair next to it.",
    "right view": "The swimming pool with blue lighting.",
    "map": "I am positioned near the start of the bar area. The 'workbench' (bar) is ahead on the left. Waypoint 5 is located right next to the shelving unit/bar structure."
},
"thought": "I am following the instruction to go straight past the pool and walk towards the bar. I have reached the area where the bar begins. The instruction says to stop at the corner of the bar. Waypoint 5 is located right at the start/corner of this bar structure (the wooden shelving unit/counter). Moving to waypoint 5 will place me at the target location.",
"stuck": false,
"plan": "Move forward towards the bar structure on the left to reach its corner. Waypoint 5 is the closest point to the corner of the bar.",
"curr_step": "I am approaching the bar. Waypoint 5 is right next to the shelving unit which appears to be part of or adjacent to the bar counter. This is the target area.",
"action": 5
}
```
Action: turn
Action: move_forward
Action: turn
Action: move_forward
--- Height change stabilized. Height diff: 0.16, On platform: True, Metrics: {'inlier_count': 2417, 'local_count': 35578, 'support_ratio': 0.06793524087728553, 'vertical_score': 1.0, 'plane_height_mean': -1.0684876441955566, 'agent_z': -1.0435989916324615, 'vertical_diff': 0.024888652563095137, 'area_xy': 0.9503999999999999, 'radius_est': 0.5500197413085048, 'z_std': 0.033904384821653366, 'occupied_cells': 66, 'bottom_height_tolerance': 0.1}
--- No significant floor change. Height diff: 0.16, On platform: True, Metrics: {'inlier_count': 2417, 'local_count': 35578, 'support_ratio': 0.06793524087728553, 'vertical_score': 1.0, 'plane_height_mean': -1.0684876441955566, 'agent_z': -1.0435989916324615, 'vertical_diff': 0.024888652563095137, 'area_xy': 0.9503999999999999, 'radius_est': 0.5500197413085048, 'z_std': 0.033904384821653366, 'occupied_cells': 66, 'bottom_height_tolerance': 0.1}
2026-09-18 12:46:30,521 - INFO - --- Episode 6, Step 20/100 ---
2026-09-18 12:46:31,290 - INFO - --- Episode 6, Step 21/100 ---
2026-09-18 12:46:32,071 - INFO - --- Episode 6, Step 22/100 ---
2026-09-18 12:46:45,745 - INFO - HTTP Request: POST http://127.0.0.1:22446/v1/chat/completions "HTTP/1.1 200 OK"
2026-09-18 12:46:46,488 - INFO - --- Episode 6, Step 23/100 ---
2026-09-18 12:47:22,924 - INFO - HTTP Request: POST http://127.0.0.1:22446/v1/chat/completions "HTTP/1.1 200 OK"
2026-09-18 12:47:42,300 - INFO - HTTP Request: POST http://127.0.0.1:22446/v1/chat/completions "HTTP/1.1 200 OK"
 14%|█▍        | 7/50 [1:11:16<5:06:51, 428.16s/it]Renderer: NVIDIA GeForce RTX 4090/PCIe/SSE2 by NVIDIA Corporation
OpenGL version: 4.6.0 NVIDIA 590.48.01
Using optional features:
    GL_ARB_vertex_array_object
    GL_ARB_separate_shader_objects
    GL_ARB_robustness
    GL_ARB_texture_storage
    GL_ARB_texture_view
    GL_ARB_framebuffer_no_attachments
    GL_ARB_invalidate_subdata
    GL_ARB_texture_storage_multisample
    GL_ARB_multi_bind
    GL_ARB_direct_state_access
    GL_ARB_get_texture_sub_image
    GL_ARB_texture_filter_anisotropic
    GL_KHR_debug
    GL_KHR_parallel_shader_compile
    GL_NV_depth_buffer_float
Using driver workarounds:
    no-forward-compatible-core-context
    nv-egl-incorrect-gl11-function-pointers
    no-layout-qualifiers-on-old-glsl
    nv-zero-context-profile-mask
    nv-implementation-color-read-format-dsa-broken
    nv-cubemap-inconsistent-compressed-image-size
    nv-cubemap-broken-full-compressed-image-query
    nv-compressed-block-size-in-bits
[12:47:44:595647]:[Warning]:[Metadata] SceneDatasetAttributes.cpp(107)::addNewSceneInstanceToDataset : Dataset : 'default' : Lighting Layout Attributes 'no_lights' specified in Scene Attributes but does not exist in dataset, so creating default.
2026-09-18 12:47:47,242 - INFO - Simulator initialized!
2026-09-18 12:48:08,202 - INFO - HTTP Request: POST http://127.0.0.1:22446/v1/chat/completions "HTTP/1.1 200 OK"
2026-09-18 12:48:08,808 - INFO - --- Episode 7, Step 1/100 ---
2026-09-18 12:48:16,499 - INFO - HTTP Request: POST http://127.0.0.1:22446/v1/chat/completions "HTTP/1.1 200 OK"
2026-09-18 12:48:17,021 - INFO - --- Episode 7, Step 2/100 ---
2026-09-18 12:48:23,780 - INFO - HTTP Request: POST http://127.0.0.1:22446/v1/chat/completions "HTTP/1.1 200 OK"
2026-09-18 12:48:24,312 - INFO - --- Episode 7, Step 3/100 ---
2026-09-18 12:48:24,886 - INFO - --- Episode 7, Step 4/100 ---
2026-09-18 12:48:25,586 - INFO - --- Episode 7, Step 5/100 ---
2026-09-18 12:48:26,131 - INFO - --- Episode 7, Step 6/100 ---
2026-09-18 12:48:26,664 - INFO - --- Episode 7, Step 7/100 ---
2026-09-18 12:48:42,617 - INFO - HTTP Request: POST http://127.0.0.1:22446/v1/chat/completions "HTTP/1.1 200 OK"
Updated floor height: -0.84, ceiling height: 0.96
Action: move_forward
--- Height change stabilized. Height diff: 0.21, On platform: True, Metrics: {'inlier_count': 2348, 'local_count': 37577, 'support_ratio': 0.06248503073522407, 'vertical_score': 1.0, 'plane_height_mean': -1.0587986707687378, 'agent_z': -0.9934838533401489, 'vertical_diff': 0.06531481742858891, 'area_xy': 0.9216, 'radius_est': 0.541622000205846, 'z_std': 0.047614213079214096, 'occupied_cells': 64, 'bottom_height_tolerance': 0.1}
--- No significant floor change. Height diff: 0.21, On platform: True, Metrics: {'inlier_count': 2348, 'local_count': 37577, 'support_ratio': 0.06248503073522407, 'vertical_score': 1.0, 'plane_height_mean': -1.0587986707687378, 'agent_z': -0.9934838533401489, 'vertical_diff': 0.06531481742858891, 'area_xy': 0.9216, 'radius_est': 0.541622000205846, 'z_std': 0.047614213079214096, 'occupied_cells': 64, 'bottom_height_tolerance': 0.1}
Updated floor height: -0.79, ceiling height: 1.01
Action: move_forward
Action: null
waypoints: 53
skipped waypoints: edge 6,  distance 21,  no_path 0,  occlusion 25
```json
{
"movement": "I walked straight along the poolside path, passing the lounge chairs on my right and approaching the bar area on my left. I have now reached the corner of the bar counter.",
"observation": {
    "front view": "I am facing the side of a stone-clad bar counter with a dark countertop. To the left are stairs leading up. To the right are lounge chairs.",
    "left view": "A hallway or passage next to the bar, with stairs going up.",
    "right view": "The pool area and lounge chairs further back.",
    "map": "I am at the end of the path near the 'workbench' (bar) label."
},
"thought": "I have followed the instructions to go straight past the pool and walk towards the bar. I am now standing right at the corner of the bar as requested. The instruction says to stop here and wait.",
"stuck": false,
"plan": "The task is complete. I have reached the corner of the bar.",
"curr_step": "I have reached the target location: the corner of the bar.",
"action": -1
}
```
Action: stop
waypoints: 53
skipped waypoints: edge 6,  distance 21,  no_path 0,  occlusion 25
```json
{
"movement": "I have walked along the poolside path and reached the area near the bar counter and stairs. I am currently facing the side of the bar counter with the stairs to my left.",
"observation": {
    "front view": "I see the side of a stone-clad bar counter directly in front of me. To the left are stairs leading up. To the right is the pool area. A blue arc indicates proximity to a target.",
    "left view": "A hallway with stairs going up, adjacent to the bar counter.",
    "right view": "The swimming pool and lounge chairs.",
    "map": "My path (red line) leads directly to the 'workbench' (bar) area. I am positioned right next to it."
},
"thought": "The instruction is to stop at the corner of the bar. I am currently very close to the bar counter, but the task status is still 'ongoing', suggesting I need to get slightly closer to the specific corner point. The blue arc indicates I am within 1m, but likely not *at* the point yet. The corner is near the stairs on the left. I should move forward to be right at that corner.",
"stuck": false,
"plan": "Move forward towards the corner of the bar counter near the stairs to reach the exact stopping point.",
"curr_step": "I am close but need to advance slightly to be exactly at the corner of the bar as instructed.",
"action": 0
}
```
```json
{
"movement": "I walked straight along the poolside path, passing the lounge chairs on my right and approaching the bar area on my left. I have now reached the corner of the bar counter near the stairs.",
"observation": {
    "front view": "I am facing the side of a stone-clad bar counter with a dark countertop. To the left are stairs leading up. To the right is the pool area. A blue arc indicates proximity to a target.",
    "left view": "A hallway with stairs going up, adjacent to the bar counter.",
    "right view": "The swimming pool and lounge chairs.",
    "map": "My path (red line) leads directly to the 'workbench' (bar) area. I am positioned right next to it."
},
"thought": "I have followed the instructions to go straight past the pool and walk towards the bar. I am now standing right at the corner of the bar as requested, near the stairs. The blue arc indicates I am within 1 meter of the target location. Since I have reached the specified stopping point (the corner of the bar), the task is complete.",
"stuck": false,
"plan": "The task is complete. I have reached the corner of the bar.",
"curr_step": "I have reached the target location: the corner of the bar.",
"action": -1
}
```
Action: stop
['Walk across the room', 'wait at the far end of the bar.']
Initialized data for new floor level: 0
Switching pcds to floor level: 0
Initialized data for new floor level: 0
Switching pcds to floor level: 0
Initialized data for new floor level: 0
Switching pcds to floor level: 0
waypoints: 2
skipped waypoints: edge 1,  distance 0,  no_path 0,  occlusion 0
```json
{
"movement": "I am currently facing a wooden slatted structure/ceiling feature. To my left, there is an open room with a pool and a bar counter visible in the distance.",
"observation": {
"front view": "A close-up of a wooden slatted wall or ceiling structure directly ahead.",
"left view": "An open room with blue lighting, a pool, lounge chairs, and a long white bar counter on the far left side.",
"right view": "A stone wall and what appears to be stairs leading down.",
"map": "The map shows my starting position near a dark object. The open area is to the left/front-left of my current orientation."
},
"thought": "The instruction is to 'Walk across the room'. Looking at the Left View, I can see the bar and the open space of the room. Currently, I am facing a wall/ceiling structure (Front View). To walk across the room towards the bar, I need to orient myself towards that open space. Therefore, I should turn left.",
"stuck": false,
"plan": "Turn left to face the open room and the bar area visible in the left view. Then proceed forward across the room.",
"curr_step": "I need to turn left to align with the path across the room towards the bar.",
"action": "L"
}
```
Calculated floor height difference: 2.42m
Action: turn
waypoints: 32
skipped waypoints: edge 1,  distance 24,  no_path 2,  occlusion 2
```json
{
"movement": "I turned left and am now facing the open room with the pool on my right and the bar in the distance. I am standing near the start point.",
"observation": {
"front view": "I see a tiled floor leading towards a pool area. There are waypoints 1, 2, and 3 visible on the ground. The bar is visible further ahead on the left side of the room.",
"left view": "A stone wall and some lounge chairs are visible to the left.",
"right view": "The edge of the pool and a wooden slatted structure are to my right.",
"map": "The map shows the path forward along the pool edge towards the 'workbench' (bar)."
},
"thought": "I have oriented myself towards the room. The instruction is to walk across the room to the far end of the bar. Waypoint 1 is directly in front of me and leads into the open space towards the pool and bar. I should move forward towards it.",
"stuck": false,
"plan": "Move forward through the room, following the path along the pool edge towards the bar area.",
"curr_step": "I need to advance into the room. Waypoint 1 is the closest logical step forward.",
"action": 1
}
```
Action: turn
Action: move_forward
Action: move_forward
Action: null
Action: turn
waypoints: 31
skipped waypoints: edge 1,  distance 22,  no_path 1,  occlusion 3
2026-09-18 12:48:43,255 - INFO - --- Episode 7, Step 8/100 ---
2026-09-18 12:48:43,836 - INFO - --- Episode 7, Step 9/100 ---
2026-09-18 12:48:44,661 - INFO - --- Episode 7, Step 10/100 ---
2026-09-18 12:48:45,235 - INFO - --- Episode 7, Step 11/100 ---
2026-09-18 12:48:45,831 - INFO - --- Episode 7, Step 12/100 ---
2026-09-18 12:48:46,495 - INFO - --- Episode 7, Step 13/100 ---
2026-09-18 12:48:47,108 - INFO - --- Episode 7, Step 14/100 ---
2026-09-18 12:48:47,927 - INFO - --- Episode 7, Step 15/100 ---
2026-09-18 12:48:48,524 - INFO - --- Episode 7, Step 16/100 ---
2026-09-18 12:49:00,451 - INFO - HTTP Request: POST http://127.0.0.1:22446/v1/chat/completions "HTTP/1.1 200 OK"
2026-09-18 12:49:01,179 - INFO - --- Episode 7, Step 17/100 ---
2026-09-18 12:49:01,978 - INFO - --- Episode 7, Step 18/100 ---
2026-09-18 12:49:02,752 - INFO - --- Episode 7, Step 19/100 ---
2026-09-18 12:49:03,768 - INFO - --- Episode 7, Step 20/100 ---
2026-09-18 12:49:04,577 - INFO - --- Episode 7, Step 21/100 ---
2026-09-18 12:49:05,457 - INFO - --- Episode 7, Step 22/100 ---
2026-09-18 12:49:06,423 - INFO - --- Episode 7, Step 23/100 ---
2026-09-18 12:49:34,131 - INFO - HTTP Request: POST http://127.0.0.1:22446/v1/chat/completions "HTTP/1.1 200 OK"
2026-09-18 12:49:35,074 - INFO - --- Episode 7, Step 24/100 ---
2026-09-18 12:49:35,919 - INFO - --- Episode 7, Step 25/100 ---
2026-09-18 12:49:36,655 - INFO - --- Episode 7, Step 26/100 ---
2026-09-18 12:49:37,395 - INFO - --- Episode 7, Step 27/100 ---
2026-09-18 12:49:38,060 - INFO - --- Episode 7, Step 28/100 ---
2026-09-18 12:49:38,729 - INFO - --- Episode 7, Step 29/100 ---
2026-09-18 12:49:39,536 - INFO - --- Episode 7, Step 30/100 ---
2026-09-18 12:49:40,065 - INFO - --- Episode 7, Step 31/100 ---
2026-09-18 12:49:58,557 - INFO - HTTP Request: POST http://127.0.0.1:22446/v1/chat/completions "HTTP/1.1 200 OK"
2026-09-18 12:49:59,527 - INFO - --- Episode 7, Step 32/100 ---
2026-09-18 12:50:00,150 - INFO - --- Episode 7, Step 33/100 ---
2026-09-18 12:50:00,792 - INFO - --- Episode 7, Step 34/100 ---
2026-09-18 12:50:01,889 - INFO - --- Episode 7, Step 35/100 ---
2026-09-18 12:50:02,895 - INFO - --- Episode 7, Step 36/100 ---
2026-09-18 12:50:03,747 - INFO - --- Episode 7, Step 37/100 ---
2026-09-18 12:50:04,624 - INFO - --- Episode 7, Step 38/100 ---
2026-09-18 12:50:25,547 - INFO - HTTP Request: POST http://127.0.0.1:22446/v1/chat/completions "HTTP/1.1 200 OK"
2026-09-18 12:50:26,306 - INFO - --- Episode 7, Step 39/100 ---
2026-09-18 12:50:44,639 - INFO - HTTP Request: POST http://127.0.0.1:22446/v1/chat/completions "HTTP/1.1 200 OK"
2026-09-18 12:50:45,599 - INFO - --- Episode 7, Step 40/100 ---
2026-09-18 12:51:04,940 - INFO - HTTP Request: POST http://127.0.0.1:22446/v1/chat/completions "HTTP/1.1 200 OK"
```json
{
"movement": "I have moved forward along the pool edge and turned slightly right. I am now facing down the length of the room with the pool on my right and lounge chairs on my left. The bar is visible in the distance.",
"observation": {
"front view": "The path continues straight ahead between the lounge chairs on the left and the pool on the right. Waypoints 1, 2, and 3 are visible on the floor. The bar/workbench is visible in the far distance on the left side.",
"left view": "Lounge chairs and a doorway/staircase area are to the left.",
"right view": "The pool edge and blue tiled wall are to the right.",
"map": "The map shows the path leading towards the 'workbench' (bar). I am currently near the start of this path."
},
"thought": "I need to continue walking across the room to reach the far end of the bar. The path is clear ahead between the chairs and the pool. Waypoint 2 is further along this path towards the destination than waypoint 1, so it is the logical next step.",
"stuck": false,
"plan": "Move forward along the path between the chairs and the pool, heading towards waypoint 2 to get closer to the bar.",
"curr_step": "I am currently facing the correct direction. Waypoint 2 is ahead on the path.",
"action": 2
}
```
Action: turn
Action: move_forward
Action: turn
Action: move_forward
Action: turn
Action: move_forward
Action: turn
Action: move_forward
Action: null
waypoints: 37
skipped waypoints: edge 1,  distance 23,  no_path 0,  occlusion 5
```json
{
"movement": "I have moved forward along the pool edge and turned slightly right. I am now facing down the length of the room with the pool on my right and lounge chairs on my left. The bar is visible in the distance.",
"observation": {
"front view": "The path continues straight ahead between the lounge chairs on the left and the pool on the right. Waypoints 1, 2, 3, 5, 6, 7 are visible on the floor. The bar/workbench is visible in the far distance on the left side.",
"left view": "Lounge chairs and a doorway/staircase area are to the left.",
"right view": "The pool edge and blue tiled wall are to the right.",
"map": "The map shows the path leading towards the 'workbench' (bar). I am currently near the start of this path."
},
"thought": "I need to continue walking across the room to reach the far end of the bar. The path is clear ahead between the chairs and the pool. Waypoint 3 is further along this path towards the destination than waypoint 1, so it is the logical next step.",
"stuck": false,
"plan": "Move forward along the path between the chairs and the pool, heading towards waypoint 3 to get closer to the bar.",
"curr_step": "I am currently facing the correct direction. Waypoint 3 is ahead on the path.",
"action": 3
}
```
Action: turn
Action: move_forward
Action: turn
Action: move_forward
Action: turn
Action: move_forward
Action: null
waypoints: 24
skipped waypoints: edge 1,  distance 7,  no_path 0,  occlusion 9
```json
{
"movement": "I have moved forward along the pool edge and turned slightly right. I am now facing down the length of the room with the pool on my right and lounge chairs on my left. The bar is visible in the distance.",
"observation": {
"front view": "The path continues straight ahead between the lounge chairs on the left and the pool on the right. Waypoints 1, 2, 3, 5 are visible on the floor. The bar/workbench is visible in the far distance on the left side.",
"left view": "Lounge chairs and a doorway/staircase area are to the left.",
"right view": "The pool edge and blue tiled wall are to the right.",
"map": "The map shows the path leading towards the 'workbench' (bar). I am currently near the start of this path."
},
"thought": "I need to continue walking across the room to reach the far end of the bar. The path is clear ahead between the chairs and the pool. Waypoint 3 is further along this path towards the destination than waypoint 1, so it is the logical next step.",
"stuck": false,
"plan": "Move forward along the path between the chairs and the pool, heading towards waypoint 3 to get closer to the bar.",
"curr_step": "I am currently facing the correct direction. Waypoint 3 is ahead on the path.",
"action": 3
}
```
Action: turn
Action: move_forward
Action: turn
Action: move_forward
Action: turn
Action: move_forward
Action: null
Action: turn
waypoints: 20
skipped waypoints: edge 1,  distance 11,  no_path 0,  occlusion 3
```json
{
"movement": "I have moved along the side of the pool and turned towards the bar area. I am now facing down the length of the room with the bar on my left and a seating area on my right.",
"observation": {
"front view": "I see the long bar counter on the left and a table with chairs on the right. There is a clear path forward between them leading towards a doorway at the far end of the room.",
"left view": "The bar counter is immediately to my left, extending forward.",
"right view": "A seating area with green armchairs and a wooden table is to my right.",
"map": "The map shows I have arrived near the 'bar' label. The path ahead leads towards the end of the bar structure."
},
"thought": "I am currently walking alongside the bar. The instruction is to wait at the far end of the bar. The bar extends forward towards the doorway. Waypoint 1 is directly in front of me along this path. I need to continue moving forward to reach the end of the bar.",
"stuck": false,
"plan": "Move forward along the path between the bar and the seating area to reach the far end of the bar near the doorway.",
"curr_step": "Waypoint 1 is directly ahead on the path towards the end of the bar.",
"action": 1
}
```
Action: turn
Action: move_forward
Action: turn
Action: move_forward
Action: turn
Action: move_forward
Action: null
waypoints: 14
skipped waypoints: edge 1,  distance 5,  no_path 0,  occlusion 1
```json
{
"movement": "I have walked along the length of the bar counter, keeping it on my left. I have now reached the very end of the bar counter where a wooden partition stands.",
"observation": {
"front view": "I see the end of the black bar counter on the left and a tall wooden partition/wall directly ahead. There is an opening to the right of the partition leading to another area.",
"left view": "The surface of the bar counter with items on it is visible.",
"right view": "A seating area with green chairs and a table is visible, along with the pool area further back.",
"map": "The map shows I have reached the 'workbench' (bar) label at the end of the red path."
},
"thought": "I have successfully walked across the room and arrived at the far end of the bar. The instruction for subtask P1 is complete. I am now positioned exactly where the instruction says to wait.",
"stuck": false,
"plan": "Complete subtask P1 as I have reached the destination.",
"curr_step": "I have reached the far end of the bar.",
"action": -1
}
```
Action: pause
waypoints: 14
skipped waypoints: edge 1,  distance 5,  no_path 0,  occlusion 1
```json
{
"movement": "I have arrived at the far end of the bar counter as instructed.",
"observation": {
"front view": "I see the end of the bar counter on my left and a wooden partition ahead. There is an opening to the right.",
"left view": "The bar counter surface with items on it is visible.",
"right view": "A seating area with green chairs and a table is visible, along with the pool area further back.",
"map": "The map shows I am at the 'workbench' (bar) label, which is the target location."
},
"thought": "I have successfully walked across the room and reached the far end of the bar. The instruction for subtask P2 is to wait here. Since I am already at the specified location, I can complete the task.",
"stuck": false,
"plan": "Complete subtask P2 as I am already at the waiting location.",
"curr_step": "I am at the far end of the bar.",
"action": -1
}
```
Action: stop
waypoints: 14
skipped waypoints: edge 1,  distance 5,  no_path 0,  occlusion 1
 16%|█▌        | 8/50 [1:14:40<4:09:46, 356.82s/it]Renderer: NVIDIA GeForce RTX 4090/PCIe/SSE2 by NVIDIA Corporation
OpenGL version: 4.6.0 NVIDIA 590.48.01
Using optional features:
    GL_ARB_vertex_array_object
    GL_ARB_separate_shader_objects
    GL_ARB_robustness
    GL_ARB_texture_storage
    GL_ARB_texture_view
    GL_ARB_framebuffer_no_attachments
    GL_ARB_invalidate_subdata
    GL_ARB_texture_storage_multisample
    GL_ARB_multi_bind
    GL_ARB_direct_state_access
    GL_ARB_get_texture_sub_image
    GL_ARB_texture_filter_anisotropic
    GL_KHR_debug
    GL_KHR_parallel_shader_compile
    GL_NV_depth_buffer_float
Using driver workarounds:
    no-forward-compatible-core-context
    nv-egl-incorrect-gl11-function-pointers
    no-layout-qualifiers-on-old-glsl
    nv-zero-context-profile-mask
    nv-implementation-color-read-format-dsa-broken
    nv-cubemap-inconsistent-compressed-image-size
    nv-cubemap-broken-full-compressed-image-query
    nv-compressed-block-size-in-bits
[12:51:08:659349]:[Warning]:[Metadata] SceneDatasetAttributes.cpp(107)::addNewSceneInstanceToDataset : Dataset : 'default' : Lighting Layout Attributes 'no_lights' specified in Scene Attributes but does not exist in dataset, so creating default.
2026-09-18 12:51:11,463 - INFO - Simulator initialized!
2026-09-18 12:51:37,596 - INFO - HTTP Request: POST http://127.0.0.1:22446/v1/chat/completions "HTTP/1.1 200 OK"
2026-09-18 12:51:38,185 - INFO - --- Episode 8, Step 1/100 ---
2026-09-18 12:51:55,298 - INFO - HTTP Request: POST http://127.0.0.1:22446/v1/chat/completions "HTTP/1.1 200 OK"
2026-09-18 12:51:55,886 - INFO - --- Episode 8, Step 2/100 ---
2026-09-18 12:52:09,104 - INFO - HTTP Request: POST http://127.0.0.1:22446/v1/chat/completions "HTTP/1.1 200 OK"
2026-09-18 12:52:09,755 - INFO - --- Episode 8, Step 3/100 ---
2026-09-18 12:52:10,441 - INFO - --- Episode 8, Step 4/100 ---
2026-09-18 12:52:11,248 - INFO - --- Episode 8, Step 5/100 ---
2026-09-18 12:52:11,893 - INFO - --- Episode 8, Step 6/100 ---
2026-09-18 12:52:12,534 - INFO - --- Episode 8, Step 7/100 ---
2026-09-18 12:52:13,130 - INFO - --- Episode 8, Step 8/100 ---
2026-09-18 12:52:13,842 - INFO - --- Episode 8, Step 9/100 ---
2026-09-18 12:52:14,828 - INFO - --- Episode 8, Step 10/100 ---
2026-09-18 12:52:15,834 - INFO - --- Episode 8, Step 11/100 ---
2026-09-18 12:52:16,571 - INFO - --- Episode 8, Step 12/100 ---
2026-09-18 12:54:33,346 - INFO - HTTP Request: POST http://127.0.0.1:22446/v1/chat/completions "HTTP/1.1 200 OK"
2026-09-18 12:55:33,569 - INFO - HTTP Request: POST http://127.0.0.1:22446/v1/chat/completions "HTTP/1.1 200 OK"
2026-09-18 12:55:34,279 - INFO - --- Episode 8, Step 13/100 ---
2026-09-18 12:57:45,446 - INFO - HTTP Request: POST http://127.0.0.1:22446/v1/chat/completions "HTTP/1.1 200 OK"
2026-09-18 12:58:00,014 - INFO - HTTP Request: POST http://127.0.0.1:22446/v1/chat/completions "HTTP/1.1 200 OK"
2026-09-18 12:58:00,822 - INFO - --- Episode 8, Step 14/100 ---
2026-09-18 12:58:01,731 - INFO - --- Episode 8, Step 15/100 ---
2026-09-18 12:58:02,402 - INFO - --- Episode 8, Step 16/100 ---
2026-09-18 12:58:03,179 - INFO - --- Episode 8, Step 17/100 ---
2026-09-18 12:58:03,989 - INFO - --- Episode 8, Step 18/100 ---
2026-09-18 12:58:04,804 - INFO - --- Episode 8, Step 19/100 ---
2026-09-18 12:58:05,885 - INFO - --- Episode 8, Step 20/100 ---
2026-09-18 12:58:06,884 - INFO - --- Episode 8, Step 21/100 ---
2026-09-18 12:58:39,405 - INFO - HTTP Request: POST http://127.0.0.1:22446/v1/chat/completions "HTTP/1.1 200 OK"
```json
{
"movement": "I have arrived at the far end of the bar counter as instructed.",
"observation": {
"front view": "I see the end of the bar counter on my left and a wooden partition ahead. There is an opening to the right.",
"left view": "The bar counter surface with items on it is visible.",
"right view": "A seating area with green chairs and a table is visible, along with the pool area further back.",
"map": "The map shows I am at the 'workbench' (bar) label, which is the target location."
},
"thought": "I have successfully walked across the room and reached the far end of the bar. The instruction for subtask P2 is to wait here. Since I am already at the specified location within the 1-meter range indicated by the blue arc, I can complete the task.",
"stuck": false,
"plan": "Complete subtask P2 as I am already at the waiting location.",
"curr_step": "I am at the far end of the bar.",
"action": -1
}
```
Action: stop
['Go forward one meter Go to the chairs Go to the steps', 'Go to the endtable Go to the tan door.']
Initialized data for new floor level: 0
Switching pcds to floor level: 0
Initialized data for new floor level: 0
Switching pcds to floor level: 0
Initialized data for new floor level: 0
Switching pcds to floor level: 0
waypoints: 2
skipped waypoints: edge 1,  distance 0,  no_path 0,  occlusion 0
```json
{
"movement": "I am currently facing a wooden slat wall which blocks forward movement. To my left, I can see a pool area with chairs and open floor space.",
"observation": {
    "front view": "A close-up of a vertical wooden slat wall/structure is directly in front of me, blocking the path.",
    "left view": "I see a swimming pool with blue lighting and several lounge chairs further back along the poolside.",
    "right view": "I see a blue textured wall and what appears to be stairs leading downwards or a lower level.",
    "map": "The map shows my starting position (blue circle) near a dark object. The open path leads towards the top-left of the map, which corresponds to the direction of the pool and chairs seen in the left view."
},
"thought": "The first part of the instruction is 'Go forward one meter'. However, I am currently facing a wall (Front View), so I cannot move forward directly. The next subtask is 'Go to the chairs', which are visible in the Left View. Therefore, I need to turn left to face the open area and the chairs before I can proceed forward.",
"stuck": false,
"plan": "Turn left to face the pool area and chairs. Then move forward towards the chairs as instructed.",
"curr_step": "I need to orient myself towards the chairs. The chairs are in the direction of the Left View. So I will turn left.",
"action": "L"
}
```
Calculated floor height difference: 2.42m
Action: turn
waypoints: 32
skipped waypoints: edge 1,  distance 24,  no_path 2,  occlusion 2
```json
{
"movement": "I turned left from the wooden slat wall and am now facing the pool area and the walkway leading towards the chairs.",
"observation": {
    "front view": "I see a tiled floor leading towards a seating area with chairs in the distance. To my right is the edge of a swimming pool. There are waypoints 1, 2, and 3 visible on the ground.",
    "left view": "A white wall runs along the left side.",
    "right view": "The wooden slat wall structure is now to my right, and the pool is further right.",
    "map": "My current position is near the start. Waypoint 3 is located further ahead and slightly left, near a table/workbench area."
},
"thought": "I have oriented myself towards the chairs as planned. The instruction is 'Go forward one meter' then 'Go to the chairs'. Waypoint 3 is located in the direction of the chairs and the workbench/table area. Moving towards it will satisfy the 'go forward' part and bring me closer to the chairs.",
"stuck": false,
"plan": "Move forward towards waypoint 3 to approach the chairs and the workbench area.",
"curr_step": "I need to move towards the chairs. Waypoint 3 is the closest landmark in that direction.",
"action": 3
}
```
[StairDetect] normals=0.0023s, cpu=0.0001s, cluster=0.0178s, loop=0.0092s, total=0.0359s
Action: turn
[StairDetect] normals=0.0028s, cpu=0.0002s, cluster=0.0291s, loop=0.0274s, total=0.0669s
Action: move_forward
[StairDetect] normals=0.0031s, cpu=0.0002s, cluster=0.0300s, loop=0.0247s, total=0.0652s
Action: turn
[StairDetect] normals=0.0036s, cpu=0.0002s, cluster=0.0330s, loop=0.0277s, total=0.0738s
Action: move_forward
[StairDetect] normals=0.0037s, cpu=0.0003s, cluster=0.0357s, loop=0.0279s, total=0.0773s
Action: turn
[StairDetect] normals=0.0043s, cpu=0.0003s, cluster=0.0436s, loop=0.0146s, total=0.0769s
Action: move_forward
[StairDetect] normals=0.0043s, cpu=0.0003s, cluster=0.0401s, loop=0.0298s, total=0.0867s
Action: turn
[StairDetect] normals=0.0050s, cpu=0.0003s, cluster=0.0484s, loop=0.0308s, total=0.0990s
Action: move_forward
[StairDetect] normals=0.0052s, cpu=0.0004s, cluster=0.0490s, loop=0.0304s, total=0.0997s
Action: null
[StairDetect] normals=0.0053s, cpu=0.0004s, cluster=0.0516s, loop=0.0326s, total=0.1049s
Action: turn
waypoints: 40
skipped waypoints: edge 3,  distance 17,  no_path 0,  occlusion 7

```json
{
"movement": "I have moved forward along the poolside and reached the area with the chairs. The stairs (steps) are visible to my left, right next to the chairs.",
"observation": {
    "front view": "I see the path continuing forward along the pool edge. To my left is a wooden pillar/wall structure where the stairs are located. Further ahead, there is a counter/table area.",
    "left view": "I see the chairs and the staircase going up right next to them.",
    "right view": "I see the swimming pool with blue lighting.",
    "map": "My current position is near waypoint 5/6 area. The path continues forward towards waypoint 4."
},
"thought": "I have successfully reached the chairs and am now at the base of the steps (stairs) which are visible to my left. The instruction 'Go to the steps' is satisfied as I am at their location. The next task is P2: 'Go to the endtable Go to the tan door.' Since I have completed all parts of P1, I should complete this subtask.",
"stuck": false,
"plan": "Complete subtask P1 as I have reached the steps. Then proceed to find the endtable and tan door for P2.",
"curr_step": "I am at the steps (base). The subtask P1 is completed.",
"action": -1
}
```
[StairDetect] normals=0.0050s, cpu=0.0004s, cluster=0.0518s, loop=0.0304s, total=0.1028s
Action: pause
waypoints: 40
skipped waypoints: edge 3,  distance 17,  no_path 0,  occlusion 7

```json
{
"movement": "I have completed P1 and am now at the base of the steps near the chairs. I am facing down the poolside walkway.",
"observation": {
    "front view": "I see a long tiled walkway along the edge of a blue-lit pool on the right. Ahead, there is a counter or workbench area (labeled 'workbench' on the map) and further back, some dark doorways.",
    "left view": "I see the chairs and steps I just passed, and a wooden pillar/wall structure.",
    "right view": "I see the pool edge and a wooden slat wall/door structure further down.",
    "map": "My current position is near P1. The path leads forward towards waypoint 4 (workbench) and waypoint 7."
},
"thought": "The next subtask is 'Go to the endtable Go to the tan door.' The 'endtable' likely refers to the workbench/counter area visible ahead in the front view and marked on the map. I need to move forward along the walkway to reach it.",
"stuck": false,
"plan": "Move forward along the poolside path towards the workbench/endtable (waypoint 4).",
"curr_step": "I need to reach the endtable. Waypoint 4 is located at the workbench area.",
"action": 4
}
```
[StairDetect] normals=0.0049s, cpu=0.0003s, cluster=0.0496s, loop=0.0311s, total=0.1011s
Action: turn
[StairDetect] normals=0.0051s, cpu=0.0003s, cluster=0.0522s, loop=0.0154s, total=0.0883s
Action: move_forward
Action: move_forward
Action: turn
[StairDetect] normals=0.0054s, cpu=0.0003s, cluster=0.0594s, loop=0.0090s, total=0.0912s
Action: move_forward
Action: move_forward
Action: move_forward
Action: null
waypoints: 33
skipped waypoints: edge 1,  distance 12,  no_path 2,  occlusion 10
2026-09-18 12:58:40,440 - INFO - --- Episode 8, Step 22/100 ---
2026-09-18 12:58:41,303 - INFO - --- Episode 8, Step 23/100 ---
2026-09-18 12:58:42,227 - INFO - --- Episode 8, Step 24/100 ---
2026-09-18 12:58:43,206 - INFO - --- Episode 8, Step 25/100 ---
2026-09-18 12:58:44,034 - INFO - --- Episode 8, Step 26/100 ---
2026-09-18 12:58:44,992 - INFO - --- Episode 8, Step 27/100 ---
2026-09-18 12:58:45,906 - INFO - --- Episode 8, Step 28/100 ---
2026-09-18 12:58:46,726 - INFO - --- Episode 8, Step 29/100 ---
2026-09-18 12:59:25,476 - INFO - HTTP Request: POST http://127.0.0.1:22446/v1/chat/completions "HTTP/1.1 200 OK"
2026-09-18 12:59:27,026 - INFO - --- Episode 8, Step 30/100 ---
2026-09-18 12:59:27,916 - INFO - --- Episode 8, Step 31/100 ---
2026-09-18 12:59:28,791 - INFO - --- Episode 8, Step 32/100 ---
2026-09-18 12:59:29,621 - INFO - --- Episode 8, Step 33/100 ---
2026-09-18 12:59:30,465 - INFO - --- Episode 8, Step 34/100 ---
2026-09-18 12:59:31,609 - INFO - --- Episode 8, Step 35/100 ---
2026-09-18 12:59:32,626 - INFO - --- Episode 8, Step 36/100 ---
2026-09-18 12:59:33,566 - INFO - --- Episode 8, Step 37/100 ---
2026-09-18 12:59:34,617 - INFO - --- Episode 8, Step 38/100 ---
2026-09-18 12:59:35,657 - INFO - --- Episode 8, Step 39/100 ---
2026-09-18 12:59:36,791 - INFO - --- Episode 8, Step 40/100 ---
2026-09-18 12:59:37,823 - INFO - --- Episode 8, Step 41/100 ---
2026-09-18 12:59:38,887 - INFO - --- Episode 8, Step 42/100 ---
2026-09-18 12:59:39,842 - INFO - --- Episode 8, Step 43/100 ---
2026-09-18 12:59:40,758 - INFO - --- Episode 8, Step 44/100 ---
2026-09-18 12:59:52,625 - INFO - HTTP Request: POST http://127.0.0.1:22446/v1/chat/completions "HTTP/1.1 400 Bad Request"
2026-09-18 12:59:54,133 - INFO - HTTP Request: POST http://127.0.0.1:22446/v1/chat/completions "HTTP/1.1 400 Bad Request"
2026-09-18 12:59:55,558 - INFO - HTTP Request: POST http://127.0.0.1:22446/v1/chat/completions "HTTP/1.1 400 Bad Request"
2026-09-18 12:59:56,623 - INFO - --- Episode 8, Step 45/100 ---
2026-09-18 13:00:23,883 - INFO - HTTP Request: POST http://127.0.0.1:22446/v1/chat/completions "HTTP/1.1 200 OK"
2026-09-18 13:00:25,183 - INFO - --- Episode 8, Step 46/100 ---
2026-09-18 13:00:26,128 - INFO - --- Episode 8, Step 47/100 ---
2026-09-18 13:00:27,037 - INFO - --- Episode 8, Step 48/100 ---
2026-09-18 13:00:27,970 - INFO - --- Episode 8, Step 49/100 ---
2026-09-18 13:00:28,919 - INFO - --- Episode 8, Step 50/100 ---
2026-09-18 13:00:51,155 - INFO - HTTP Request: POST http://127.0.0.1:22446/v1/chat/completions "HTTP/1.1 200 OK"
```json
{
"movement": "I have been walking along the poolside path. I am now approaching the area with the chairs and the counter/endtable on the left.",
"observation": {
    "front view": "I see a counter/endtable on the left with items on it. Further ahead are chairs and a tan door in the background.",
    "left view": "I see the side of the counter/endtable and the wall.",
    "right view": "I see the pool edge and the blue water.",
    "map": "My current position is near waypoint 5. Waypoint 4 is located to the left, near the counter area."
},
"thought": "The instruction is 'Go to the endtable Go to the tan door.' The counter on the left appears to be the endtable. The tan door is visible in the background past the chairs. I need to move towards the counter/endtable area first. Waypoint 4 is located near this counter.",
"stuck": false,
"plan": "Move towards waypoint 4 to reach the endtable/counter area, then proceed towards the tan door.",
"curr_step": "I am moving towards the endtable. Waypoint 4 is the closest target in that direction.",
"action": 4
}
```
Action: turn
[StairDetect] normals=0.0056s, cpu=0.0004s, cluster=0.0726s, loop=0.0410s, total=0.1397s
Action: move_forward
[StairDetect] normals=0.0064s, cpu=0.0004s, cluster=0.1014s, loop=0.0419s, total=0.1708s
Action: turn
[StairDetect] normals=0.0067s, cpu=0.0003s, cluster=0.0768s, loop=0.0439s, total=0.1483s
Action: move_forward
[StairDetect] normals=0.0066s, cpu=0.0004s, cluster=0.0771s, loop=0.0444s, total=0.1496s
Action: turn
[StairDetect] normals=0.0067s, cpu=0.0004s, cluster=0.1025s, loop=0.0454s, total=0.1769s
Action: move_forward
[StairDetect] normals=0.0066s, cpu=0.0004s, cluster=0.0763s, loop=0.0445s, total=0.1493s
Action: null
[StairDetect] normals=0.0066s, cpu=0.0003s, cluster=0.0774s, loop=0.0448s, total=0.1513s
Action: turn
waypoints: 29
skipped waypoints: edge 3,  distance 7,  no_path 0,  occlusion 7
```json
{
"movement": "I have moved forward along the poolside path and reached the area with the counter/endtable on my left and chairs/table in front of me. I am now positioned near the endtable.",
"observation": {
    "front view": "I see a hallway entrance straight ahead. To the left of this entrance is a tan-colored door/wall structure. Further back in the hallway, there are more doors/structures. To my right are lounge chairs and the pool.",
    "left view": "I see the side of the counter/endtable and the stairs I passed earlier.",
    "right view": "I see the pool area with blue lighting and lounge chairs.",
    "map": "My current position is near the 'workbench' label on the map. The path leads forward towards the chairs (labeled 'chair') and further towards the top of the map where the tan door is likely located."
},
"thought": "I have reached the endtable/counter area as instructed. The next part of the instruction is 'Go to the tan door.' Looking at the front view, there is a tan door visible slightly to the left of the center, near the hallway entrance. I need to move forward towards that area to reach it. Waypoint 3 is located near the chairs, which is on the path towards the hallway and the tan door.",
"stuck": false,
"plan": "Move forward towards waypoint 3 to approach the hallway area where the tan door is located.",
"curr_step": "I am at the endtable. I need to go to the tan door. Waypoint 3 is the next logical step towards that destination.",
"action": 3
}
```
[StairDetect] normals=0.0060s, cpu=0.0005s, cluster=0.0757s, loop=0.1331s, total=0.2387s
Action: move_forward
[StairDetect] normals=0.0069s, cpu=0.0005s, cluster=0.0751s, loop=0.0601s, total=0.1626s
Action: move_forward
[StairDetect] normals=0.0070s, cpu=0.0004s, cluster=0.0741s, loop=0.0592s, total=0.1622s
Action: turn
[StairDetect] normals=0.0071s, cpu=0.0004s, cluster=0.0718s, loop=0.0242s, total=0.1224s
Action: move_forward
[StairDetect] normals=0.0074s, cpu=0.0003s, cluster=0.0718s, loop=0.0237s, total=0.1221s
Action: turn
[StairDetect] normals=0.0071s, cpu=0.0004s, cluster=0.0730s, loop=0.0212s, total=0.1196s
Action: move_forward
[StairDetect] normals=0.0073s, cpu=0.0005s, cluster=0.0882s, loop=0.0216s, total=0.1360s
Action: turn
[StairDetect] normals=0.0072s, cpu=0.0005s, cluster=0.0690s, loop=0.0208s, total=0.1151s
Action: move_forward
[StairDetect] normals=0.0073s, cpu=0.0003s, cluster=0.0715s, loop=0.0208s, total=0.1175s
Action: turn
[StairDetect] normals=0.0073s, cpu=0.0005s, cluster=0.0692s, loop=0.0210s, total=0.1169s
Action: move_forward
[StairDetect] normals=0.0073s, cpu=0.0005s, cluster=0.0695s, loop=0.0209s, total=0.1159s
Action: move_forward
[StairDetect] normals=0.0073s, cpu=0.0004s, cluster=0.0690s, loop=0.0211s, total=0.1158s
Action: move_forward
[StairDetect] normals=0.0072s, cpu=0.0005s, cluster=0.0690s, loop=0.0206s, total=0.1150s
Action: move_forward
[StairDetect] normals=0.0073s, cpu=0.0005s, cluster=0.0711s, loop=0.0207s, total=0.1173s
Action: move_forward
detected agent stuck, last8 steps position changes: [0.0, 0.10029978, 0.0, 0.0, 0.0, 0.0, 0.0, 0.0]
[StairDetect] normals=0.0073s, cpu=0.0004s, cluster=0.0724s, loop=0.0216s, total=0.1200s
Action: turn
detected agent stuck, last8 steps position changes: [0.10029978, 0.0, 0.0, 0.0, 0.0, 0.0, 0.0, 0.0]
waypoints: 23
skipped waypoints: edge 3,  distance 8,  no_path 0,  occlusion 1
[StairDetect] normals=0.0072s, cpu=0.0004s, cluster=0.0692s, loop=0.0207s, total=0.1151s
Action: stop
waypoints: 23
skipped waypoints: edge 3,  distance 8,  no_path 0,  occlusion 1
```json
{
"movement": "I have moved from the poolside path towards the seating area with the coffee table and chairs. I am now positioned near the chairs, facing a hallway entrance and a large wooden door on the left wall.",
"observation": {
    "front view": "I see a hallway entrance straight ahead. To the left is a large tan/light wood door. To the right are lounge chairs and the pool area.",
    "left view": "I see the side of the workbench/counter and the large tan door next to it.",
    "right view": "I see the seating area with green armchairs and a coffee table, and further back, the pool area.",
    "map": "My current position is near the 'chair' label on the map. The tan door is located to the left, near waypoint 6."
},
"thought": "The instruction is 'Go to the endtable Go to the tan door.' I have reached the seating area (endtable/coffee table). Now I need to go to the tan door. The large wooden door on the left wall in the Front View and Left View appears to be the target. It is located near waypoint 6.",
"stuck": false,
"plan": "Move towards the tan door on the left. Waypoint 6 is located right next to it.",
"curr_step": "I am at the seating area. I need to go to the tan door. Waypoint 6 is the closest waypoint to the door.",
"action": 6
}
```
[StairDetect] normals=0.0067s, cpu=0.0004s, cluster=0.0733s, loop=0.0209s, total=0.1201s
Action: turn
Action: move_forward
[StairDetect] normals=0.0061s, cpu=0.0004s, cluster=0.0579s, loop=0.0236s, total=0.1029s
Action: move_forward
[StairDetect] normals=0.0062s, cpu=0.0003s, cluster=0.0564s, loop=0.0235s, total=0.1009s
Action: null
[StairDetect] normals=0.0063s, cpu=0.0004s, cluster=0.0570s, loop=0.0235s, total=0.1019s
Action: turn
waypoints: 12
skipped waypoints: edge 2,  distance 3,  no_path 0,  occlusion 2
 18%|█▊        | 9/50 [1:24:27<4:52:52, 428.61s/it]Renderer: NVIDIA GeForce RTX 4090/PCIe/SSE2 by NVIDIA Corporation
OpenGL version: 4.6.0 NVIDIA 590.48.01
Using optional features:
    GL_ARB_vertex_array_object
    GL_ARB_separate_shader_objects
    GL_ARB_robustness
    GL_ARB_texture_storage
    GL_ARB_texture_view
    GL_ARB_framebuffer_no_attachments
    GL_ARB_invalidate_subdata
    GL_ARB_texture_storage_multisample
    GL_ARB_multi_bind
    GL_ARB_direct_state_access
    GL_ARB_get_texture_sub_image
    GL_ARB_texture_filter_anisotropic
    GL_KHR_debug
    GL_KHR_parallel_shader_compile
    GL_NV_depth_buffer_float
Using driver workarounds:
    no-forward-compatible-core-context
    nv-egl-incorrect-gl11-function-pointers
    no-layout-qualifiers-on-old-glsl
    nv-zero-context-profile-mask
    nv-implementation-color-read-format-dsa-broken
    nv-cubemap-inconsistent-compressed-image-size
    nv-cubemap-broken-full-compressed-image-query
    nv-compressed-block-size-in-bits
[13:00:55:105538]:[Warning]:[Metadata] SceneDatasetAttributes.cpp(107)::addNewSceneInstanceToDataset : Dataset : 'default' : Lighting Layout Attributes 'no_lights' specified in Scene Attributes but does not exist in dataset, so creating default.
2026-09-18 13:01:06,735 - INFO - Simulator initialized!
2026-09-18 13:01:33,005 - INFO - HTTP Request: POST http://127.0.0.1:22446/v1/chat/completions "HTTP/1.1 200 OK"
2026-09-18 13:01:33,926 - INFO - --- Episode 9, Step 1/100 ---
2026-09-18 13:04:54,686 - INFO - HTTP Request: POST http://127.0.0.1:22446/v1/chat/completions "HTTP/1.1 200 OK"
2026-09-18 13:05:22,915 - INFO - HTTP Request: POST http://127.0.0.1:22446/v1/chat/completions "HTTP/1.1 200 OK"
2026-09-18 13:05:23,888 - INFO - --- Episode 9, Step 2/100 ---
2026-09-18 13:05:25,151 - INFO - --- Episode 9, Step 3/100 ---
2026-09-18 13:05:26,221 - INFO - --- Episode 9, Step 4/100 ---
2026-09-18 13:05:27,402 - INFO - --- Episode 9, Step 5/100 ---
2026-09-18 13:05:28,311 - INFO - --- Episode 9, Step 6/100 ---
2026-09-18 13:05:29,316 - INFO - --- Episode 9, Step 7/100 ---
2026-09-18 13:05:30,216 - INFO - --- Episode 9, Step 8/100 ---
2026-09-18 13:05:31,315 - INFO - --- Episode 9, Step 9/100 ---
2026-09-18 13:05:32,486 - INFO - --- Episode 9, Step 10/100 ---
2026-09-18 13:05:55,760 - INFO - HTTP Request: POST http://127.0.0.1:22446/v1/chat/completions "HTTP/1.1 200 OK"
2026-09-18 13:05:56,662 - INFO - --- Episode 9, Step 11/100 ---
2026-09-18 13:05:57,376 - INFO - --- Episode 9, Step 12/100 ---
2026-09-18 13:05:58,254 - INFO - --- Episode 9, Step 13/100 ---
2026-09-18 13:05:59,061 - INFO - --- Episode 9, Step 14/100 ---
2026-09-18 13:06:00,028 - INFO - --- Episode 9, Step 15/100 ---
2026-09-18 13:06:00,855 - INFO - --- Episode 9, Step 16/100 ---
2026-09-18 13:06:01,758 - INFO - --- Episode 9, Step 17/100 ---
2026-09-18 13:06:02,443 - INFO - --- Episode 9, Step 18/100 ---
2026-09-18 13:06:22,194 - INFO - HTTP Request: POST http://127.0.0.1:22446/v1/chat/completions "HTTP/1.1 200 OK"
2026-09-18 13:06:23,209 - INFO - --- Episode 9, Step 19/100 ---
2026-09-18 13:06:24,068 - INFO - --- Episode 9, Step 20/100 ---
2026-09-18 13:06:24,827 - INFO - --- Episode 9, Step 21/100 ---
2026-09-18 13:06:25,644 - INFO - --- Episode 9, Step 22/100 ---
2026-09-18 13:06:26,336 - INFO - --- Episode 9, Step 23/100 ---
2026-09-18 13:06:26,992 - INFO - --- Episode 9, Step 24/100 ---
2026-09-18 13:07:22,233 - INFO - HTTP Request: POST http://127.0.0.1:22446/v1/chat/completions "HTTP/1.1 200 OK"
2026-09-18 13:07:23,192 - INFO - --- Episode 9, Step 25/100 ---
```json
{
"movement": "I have moved forward and turned slightly to position myself directly next to the large tan wooden door/panel structure.",
"observation": {
    "front view": "I am facing a large tan wooden panel or door very closely. To the right is an opening into another room.",
    "left view": "I see the side of the counter and more of the tan wooden structure.",
    "right view": "I see the seating area with chairs and the pool in the background.",
    "map": "My current position is at waypoint 5, right next to the 'mirror' label and the tan door area."
},
"thought": "I have successfully reached the endtable (coffee table) and am now standing directly next to the tan door as instructed. The subtask P2 'Go to the endtable Go to the tan door' is complete.",
"stuck": false,
"plan": "Complete subtask P2 as the target destination has been reached.",
"curr_step": "I am at the tan door. The subtask is completed.",
"action": -1
}
```
[StairDetect] normals=0.0058s, cpu=0.0004s, cluster=0.0573s, loop=0.0236s, total=0.1018s
Action: stop
['Walk into the living room and keep walking straight past the living room.', 'Then walk into the entrance under the balcony.', 'Wait in the entrance to the other room.']
Initialized data for new floor level: 0
Switching pcds to floor level: 0
Initialized data for new floor level: 0
Switching pcds to floor level: 0
Initialized data for new floor level: 0
Switching pcds to floor level: 0
[StairDetect] normals=0.0033s, cpu=0.0003s, cluster=0.0307s, loop=0.0232s, total=0.0747s
waypoints: 26
skipped waypoints: edge 2,  distance 8,  no_path 0,  occlusion 5

```json
{
"movement": "I am currently standing on the tiled floor at the entrance of a large room with a pool table. I have not moved yet.",
"observation": {
    "front view": "I see a large room with a pool table in the center on a patterned rug. To the left is a dining area and to the right are windows/doors labeled B. There is open space on the rug to the left of the pool table.",
    "left view": "I see a fireplace and seating area, confirming this is a living room/family room.",
    "right view": "I see the side of the pool table and a passage/hallway to the right.",
    "map": "The map shows my starting position (START) on the tiles. The living room with the carpet is ahead. Waypoint 1 is on the carpet, slightly left of center. Waypoint 6 is further ahead near the windows."
},
"thought": "I need to walk into the living room and go straight past it. The pool table is in the middle. To go 'straight past', I should aim for the far side where the windows (balcony area) are located. Waypoint 1 is on the rug, providing a clear path into the room and towards the far side. It avoids the dining table on the left and keeps me on the main path through the room.",
"stuck": false,
"plan": "Move onto the rug towards waypoint 1 to enter the living room properly and align myself with the path across the room towards the windows/balcony area.",
"curr_step": "I am at the start. I need to move forward into the room. Waypoint 1 is the closest point on the rug that leads straight through the room.",
"action": 1
}
```
Calculated floor height difference: 3.43m
Action: turn
Action: move_forward
Action: move_forward
Action: turn
Action: move_forward
Action: turn
Action: move_forward
Action: null
Action: turn
waypoints: 13
skipped waypoints: edge 1,  distance 2,  no_path 0,  occlusion 1
```json
{
"movement": "I have moved into the living room, passing the pool table on my right and approaching a dining set on my left. I am currently positioned near the dining table.",
"observation": {
    "front view": "I see a round dining table with chairs ahead and slightly to the left. To the right of the dining table is a wall with large glass doors/windows (balcony). Straight ahead/slightly left is a dark doorway.",
    "left view": "I see the side of the dining table and a large wooden cabinet/wardrobe against the wall.",
    "right view": "I see the pool table and large glass windows/doors leading outside.",
    "map": "The map shows I am near the dining set (orange blob with chairs) on the left side of the room. The path forward goes towards waypoint 4, which is between the dining set and the pool table area, leading towards the far end of the room."
},
"thought": "I need to walk straight past the living room. I am currently near the dining table. To continue straight towards the far end of the room (where the entrance under the balcony likely is), I should move forward towards waypoint 4, which is just past the dining table area.",
"stuck": false,
"plan": "Move forward towards waypoint 4 to clear the dining table and continue towards the far end of the living room.",
"curr_step": "I am near the dining table. Waypoint 4 is the next logical step to move further into the room and towards the exit/entrance at the far end.",
"action": 4
}
```
Action: turn
Action: move_forward
Action: turn
Action: move_forward
Action: move_forward
Action: turn
Action: move_forward
Action: null
waypoints: 4
skipped waypoints: edge 0,  distance 0,  no_path 0,  occlusion 0
```json
{
"movement": "I have moved past the dining table and am now approaching the far end of the living room near the balcony windows. I am facing a wall with a light switch and glass doors, with a dark doorway to my left.",
"observation": {
    "front view": "I see a wall with a light switch and large glass doors/windows (balcony) to the right. To the left is a dark opening/doorway.",
    "left view": "I see a large wooden cabinet and a doorway leading out of the room.",
    "right view": "I see the glass doors leading to the balcony/patio area.",
    "map": "The map shows I am near the top edge of the living room, close to the dining table. Waypoints 1, 2, 3 are near the far wall/balcony area."
},
"thought": "I have walked straight past the living room as instructed. I am now at the far end near the balcony. The next part of the instruction is to 'walk into the entrance under the balcony'. The dark doorway in the front view (to the left of the glass doors) seems to be the target entrance. I need to move closer to it. Waypoint 3 is on the rug directly ahead, leading towards that area.",
"stuck": false,
"plan": "Move forward towards waypoint 3 to get closer to the far wall and the entrance under the balcony.",
"curr_step": "I am near the dining table. Waypoint 3 is the next logical step to move towards the far end of the room where the balcony and entrance are located.",
"action": 3
}
```
Action: turn
Action: move_forward
Action: turn
Action: move_forward
Action: null
Action: turn
waypoints: 3
skipped waypoints: edge 2,  distance 0,  no_path 0,  occlusion 0
```json
{
"movement": "I have moved from the start of the living room, past the pool table and dining table, and arrived at the far end of the room near the balcony windows and a dark doorway.",
"observation": {
    "front view": "I am facing a dark doorway/opening directly ahead. To the right are large glass doors leading to a balcony/patio area. To the left is a wall/corner.",
    "left view": "I see the dining table and the rest of the living room I just traversed.",
    "right view": "I see the glass doors and the balcony outside.",
    "map": "The map shows my path (red line) ending at waypoint 1, which is located at the far end of the living room near the wall/balcony area."
},
"thought": "I have successfully walked into and past the living room as instructed in P1. I am now at waypoint 1, which marks the end of the living room area near the balcony. The next subtask P2 is to 'walk into the entrance under the balcony'. The dark doorway directly ahead appears to be this entrance. Since I have reached the target location for P1 (the end of the living room), I should complete P1 now.",
"stuck": false,
"plan": "Complete subtask P1. Then, for subtask P2, move forward into the dark doorway which is the entrance under the balcony.",
"curr_step": "I am at waypoint 1, which is the end of the path through the living room. This completes the instruction 'Walk into the living room and keep walking straight past the living room'.",
"action": -1
}
```
Action: pause
waypoints: 3
2026-09-18 13:07:58,332 - INFO - HTTP Request: POST http://127.0.0.1:22446/v1/chat/completions "HTTP/1.1 200 OK"
2026-09-18 13:07:59,367 - INFO - --- Episode 9, Step 26/100 ---
2026-09-18 13:08:00,004 - INFO - --- Episode 9, Step 27/100 ---
2026-09-18 13:08:00,595 - INFO - --- Episode 9, Step 28/100 ---
2026-09-18 13:09:14,153 - INFO - HTTP Request: POST http://127.0.0.1:22446/v1/chat/completions "HTTP/1.1 200 OK"
2026-09-18 13:09:30,615 - INFO - HTTP Request: POST http://127.0.0.1:22446/v1/chat/completions "HTTP/1.1 200 OK"
2026-09-18 13:09:31,232 - INFO - --- Episode 9, Step 29/100 ---
2026-09-18 13:09:54,009 - INFO - HTTP Request: POST http://127.0.0.1:22446/v1/chat/completions "HTTP/1.1 200 OK"
2026-09-18 13:09:54,839 - INFO - --- Episode 9, Step 30/100 ---
2026-09-18 13:10:15,773 - INFO - HTTP Request: POST http://127.0.0.1:22446/v1/chat/completions "HTTP/1.1 200 OK"
 20%|██        | 10/50 [1:33:50<5:13:28, 470.22s/it]Renderer: NVIDIA GeForce RTX 4090/PCIe/SSE2 by NVIDIA Corporation
OpenGL version: 4.6.0 NVIDIA 590.48.01
Using optional features:
    GL_ARB_vertex_array_object
    GL_ARB_separate_shader_objects
    GL_ARB_robustness
    GL_ARB_texture_storage
    GL_ARB_texture_view
    GL_ARB_framebuffer_no_attachments
    GL_ARB_invalidate_subdata
    GL_ARB_texture_storage_multisample
    GL_ARB_multi_bind
    GL_ARB_direct_state_access
    GL_ARB_get_texture_sub_image
    GL_ARB_texture_filter_anisotropic
    GL_KHR_debug
    GL_KHR_parallel_shader_compile
    GL_NV_depth_buffer_float
Using driver workarounds:
    no-forward-compatible-core-context
    nv-egl-incorrect-gl11-function-pointers
    no-layout-qualifiers-on-old-glsl
    nv-zero-context-profile-mask
    nv-implementation-color-read-format-dsa-broken
    nv-cubemap-inconsistent-compressed-image-size
    nv-cubemap-broken-full-compressed-image-query
    nv-compressed-block-size-in-bits
[13:10:18:498689]:[Warning]:[Metadata] SceneDatasetAttributes.cpp(107)::addNewSceneInstanceToDataset : Dataset : 'default' : Lighting Layout Attributes 'no_lights' specified in Scene Attributes but does not exist in dataset, so creating default.
2026-09-18 13:10:29,613 - INFO - Simulator initialized!
2026-09-18 13:10:43,216 - INFO - HTTP Request: POST http://127.0.0.1:22446/v1/chat/completions "HTTP/1.1 200 OK"
2026-09-18 13:10:44,109 - INFO - --- Episode 10, Step 1/100 ---
2026-09-18 13:14:07,210 - INFO - HTTP Request: POST http://127.0.0.1:22446/v1/chat/completions "HTTP/1.1 200 OK"
2026-09-18 13:14:57,783 - INFO - HTTP Request: POST http://127.0.0.1:22446/v1/chat/completions "HTTP/1.1 200 OK"
2026-09-18 13:14:58,726 - INFO - --- Episode 10, Step 2/100 ---
2026-09-18 13:15:00,059 - INFO - --- Episode 10, Step 3/100 ---
2026-09-18 13:15:01,159 - INFO - --- Episode 10, Step 4/100 ---
2026-09-18 13:15:02,368 - INFO - --- Episode 10, Step 5/100 ---
2026-09-18 13:15:03,335 - INFO - --- Episode 10, Step 6/100 ---
2026-09-18 13:15:04,357 - INFO - --- Episode 10, Step 7/100 ---
2026-09-18 13:15:05,482 - INFO - --- Episode 10, Step 8/100 ---
2026-09-18 13:15:06,502 - INFO - --- Episode 10, Step 9/100 ---
2026-09-18 13:15:07,828 - INFO - --- Episode 10, Step 10/100 ---
2026-09-18 13:15:25,100 - INFO - HTTP Request: POST http://127.0.0.1:22446/v1/chat/completions "HTTP/1.1 200 OK"
skipped waypoints: edge 2,  distance 0,  no_path 0,  occlusion 0
```json
{
"movement": "I have moved past the dining table and am now standing near the far end of the living room, facing a dark doorway/opening. To my right are glass doors leading to a balcony.",
"observation": {
    "front view": "I see a dark doorway/opening directly ahead. There is a number '1' on the floor just inside the threshold of this opening. To the right are glass doors/windows (balcony).",
    "left view": "I see the dining table and chairs I just passed.",
    "right view": "I see large glass doors leading to an outdoor balcony area.",
    "map": "The map shows my path ending near waypoint 1 at the far end of the room. My current position (red triangle) is close to waypoint 1."
},
"thought": "I have completed P1 by walking past the living room. Now I need to complete P2: 'walk into the entrance under the balcony'. The dark doorway in front of me appears to be this entrance, located near the balcony doors. Waypoint 1 is visible on the floor just inside this entrance. Since my current position is near it but the task is ongoing, I need to move towards waypoint 1 to enter the space.",
"stuck": false,
"plan": "Move forward into the dark doorway towards waypoint 1 to complete the instruction of walking into the entrance under the balcony.",
"curr_step": "I am facing the entrance. Waypoint 1 is located just inside it. I need to move to waypoint 1.",
"action": 1
}
```
Action: turn
Action: move_forward
Action: null
waypoints: 18
skipped waypoints: edge 3,  distance 12,  no_path 2,  occlusion 0

```json
{
"movement": "I have moved forward from the living room area towards the far wall near the balcony doors. I am now standing directly in front of a dark doorway/opening which appears to be the entrance under the balcony.",
"observation": {
    "front view": "I am facing a dark, shadowed opening or doorway. It looks like an entrance to another space.",
    "left view": "I see the dining table and the living room area I just traversed.",
    "right view": "I see large glass doors leading out to a balcony/patio area.",
    "map": "My current position (red square) is at the far end of the living room, near the wall with the balcony doors."
},
"thought": "I have successfully walked past the living room and reached the entrance under the balcony as instructed in P2. The dark doorway in front of me corresponds to this entrance. Since I am now at the location described in P2, I should complete this subtask to proceed to P3 (Wait in the entrance to the other room).",
"stuck": false,
"plan": "Complete subtask P2 as I have reached the entrance under the balcony. Then proceed to P3.",
"curr_step": "I am at the entrance under the balcony. This completes the instruction for P2.",
"action": -1
}
```
Action: pause
waypoints: 18
skipped waypoints: edge 3,  distance 12,  no_path 2,  occlusion 0
```json
{
"movement": "I have moved from the living room, past the dining table, and arrived at the far end of the room near the balcony doors. I am standing in the entrance area under the balcony.",
"observation": {
    "front view": "I am facing a dark opening/doorway which leads out of this room. Above is a wooden beam/ceiling structure.",
    "left view": "I see the dining table and the living room area I just walked through.",
    "right view": "I see large glass doors leading to an outdoor balcony/patio area.",
    "map": "My current position (red square) is at P2, which is at the far end of the living room near the wall/balcony."
},
"thought": "I have completed P1 and P2. I am now at the entrance under the balcony. The instruction for P3 is to 'Wait in the entrance to the other room'. Since I am currently standing in this entrance area, I have reached the target location.",
"stuck": false,
"plan": "The task is to wait at this location. No further movement is required.",
"curr_step": "I am at the correct location (entrance under the balcony) to complete P3.",
"action": -1
}
```
Action: stop
waypoints: 18
skipped waypoints: edge 3,  distance 12,  no_path 2,  occlusion 0
```json
{
"movement": "I have moved from the living room, past the dining table, and arrived at the far end of the room near the balcony doors. I am standing in the entrance area under the balcony.",
"observation": {
    "front view": "I am facing a dark opening/doorway which leads out of this room. Above is a wooden beam/ceiling structure.",
    "left view": "I see the dining table and the living room area I just walked through.",
    "right view": "I see large glass doors leading to an outdoor balcony/patio area.",
    "map": "My current position (red square) is at P2, which is at the far end of the living room near the wall/balcony."
},
"thought": "I have completed P1 and P2. I am now at the entrance under the balcony. The instruction for P3 is to 'Wait in the entrance to the other room'. Since I am currently standing in this entrance area, I have reached the target location.",
"stuck": false,
"plan": "The task is to wait at this location. No further movement is required.",
"curr_step": "I am at the correct location (entrance under the balcony) to complete P3.",
"action": -1
}
```
Action: stop
['Walk across the floor and wait the archway.']
Initialized data for new floor level: 0
Switching pcds to floor level: 0
Initialized data for new floor level: 0
Switching pcds to floor level: 0
Initialized data for new floor level: 0
Switching pcds to floor level: 0
[StairDetect] normals=0.0033s, cpu=0.0003s, cluster=0.0335s, loop=0.0212s, total=0.0754s
waypoints: 26
skipped waypoints: edge 2,  distance 8,  no_path 0,  occlusion 5

```json
{
"movement": "I am currently standing on the tiled floor near the edge of a large patterned rug with a pool table in the center. I have not moved yet from my starting position.",
"observation": {
"front view": "I see a large room with a pool table on a patterned rug. To the left of the pool table, there is an archway leading to a dining area with a table and chairs. Further left, there are more arched windows/doorways. Directly ahead behind the pool table is a large wall of arched windows labeled 'B'.",
"left view": "I see a fireplace and seating area with wooden paneling on the walls.",
"right view": "I see the side of the pool table and a wooden floor area with chairs and a lamp.",
"map": "The map shows my current position (START) near the bottom center. There is a path leading towards the top left where there are chairs and an archway."
},
"thought": "The instruction is to 'Walk across the floor and wait the archway.' Looking at the front view, there is a clear archway to the left of the pool table (near waypoint 3) that leads into another room. This seems to be the target. I need to walk across the rug towards this archway. Waypoint 1 is a good intermediate step on the rug moving in that direction.",
"stuck": false,
"plan": "Walk across the patterned rug towards the archway located to the left of the pool table (near waypoint 3). I will first move towards waypoint 1 to get onto the main part of the rug and closer to the target.",
"curr_step": "I am at the start. The target is the archway near waypoint 3. Moving to waypoint 1 will take me across the floor towards the target.",
"action": 1
}
```
Calculated floor height difference: 3.43m
Action: turn
Action: move_forward
Action: move_forward
Action: turn
Action: move_forward
Action: turn
Action: move_forward
Action: null
Action: turn
waypoints: 13
skipped waypoints: edge 1,  distance 2,  no_path 0,  occlusion 1
2026-09-18 13:15:25,970 - INFO - --- Episode 10, Step 11/100 ---
2026-09-18 13:15:26,853 - INFO - --- Episode 10, Step 12/100 ---
2026-09-18 13:15:27,844 - INFO - --- Episode 10, Step 13/100 ---
2026-09-18 13:15:28,592 - INFO - --- Episode 10, Step 14/100 ---
2026-09-18 13:15:29,662 - INFO - --- Episode 10, Step 15/100 ---
2026-09-18 13:15:30,437 - INFO - --- Episode 10, Step 16/100 ---
2026-09-18 13:15:31,228 - INFO - --- Episode 10, Step 17/100 ---
2026-09-18 13:15:31,735 - INFO - --- Episode 10, Step 18/100 ---
2026-09-18 13:15:50,061 - INFO - HTTP Request: POST http://127.0.0.1:22446/v1/chat/completions "HTTP/1.1 200 OK"
2026-09-18 13:15:50,951 - INFO - --- Episode 10, Step 19/100 ---
2026-09-18 13:15:51,799 - INFO - --- Episode 10, Step 20/100 ---
2026-09-18 13:15:52,466 - INFO - --- Episode 10, Step 21/100 ---
2026-09-18 13:15:53,069 - INFO - --- Episode 10, Step 22/100 ---
2026-09-18 13:15:53,677 - INFO - --- Episode 10, Step 23/100 ---
2026-09-18 13:15:54,266 - INFO - --- Episode 10, Step 24/100 ---
2026-09-18 13:16:13,372 - INFO - HTTP Request: POST http://127.0.0.1:22446/v1/chat/completions "HTTP/1.1 200 OK"
2026-09-18 13:16:14,106 - INFO - --- Episode 10, Step 25/100 ---
2026-09-18 13:16:31,972 - INFO - HTTP Request: POST http://127.0.0.1:22446/v1/chat/completions "HTTP/1.1 200 OK"
 22%|██▏       | 11/50 [1:40:06<4:46:52, 441.35s/it]Renderer: NVIDIA GeForce RTX 4090/PCIe/SSE2 by NVIDIA Corporation
OpenGL version: 4.6.0 NVIDIA 590.48.01
Using optional features:
    GL_ARB_vertex_array_object
    GL_ARB_separate_shader_objects
    GL_ARB_robustness
    GL_ARB_texture_storage
    GL_ARB_texture_view
    GL_ARB_framebuffer_no_attachments
    GL_ARB_invalidate_subdata
    GL_ARB_texture_storage_multisample
    GL_ARB_multi_bind
    GL_ARB_direct_state_access
    GL_ARB_get_texture_sub_image
    GL_ARB_texture_filter_anisotropic
    GL_KHR_debug
    GL_KHR_parallel_shader_compile
    GL_NV_depth_buffer_float
Using driver workarounds:
    no-forward-compatible-core-context
    nv-egl-incorrect-gl11-function-pointers
    no-layout-qualifiers-on-old-glsl
    nv-zero-context-profile-mask
    nv-implementation-color-read-format-dsa-broken
    nv-cubemap-inconsistent-compressed-image-size
    nv-cubemap-broken-full-compressed-image-query
    nv-compressed-block-size-in-bits
[13:16:34:410577]:[Warning]:[Metadata] SceneDatasetAttributes.cpp(107)::addNewSceneInstanceToDataset : Dataset : 'default' : Lighting Layout Attributes 'no_lights' specified in Scene Attributes but does not exist in dataset, so creating default.
2026-09-18 13:16:45,344 - INFO - Simulator initialized!
2026-09-18 13:17:20,720 - INFO - HTTP Request: POST http://127.0.0.1:22446/v1/chat/completions "HTTP/1.1 200 OK"
2026-09-18 13:17:21,592 - INFO - --- Episode 11, Step 1/100 ---
2026-09-18 13:17:59,179 - INFO - HTTP Request: POST http://127.0.0.1:22446/v1/chat/completions "HTTP/1.1 200 OK"
2026-09-18 13:18:00,041 - INFO - --- Episode 11, Step 2/100 ---
2026-09-18 13:18:01,005 - INFO - --- Episode 11, Step 3/100 ---
2026-09-18 13:18:01,953 - INFO - --- Episode 11, Step 4/100 ---
2026-09-18 13:18:03,132 - INFO - --- Episode 11, Step 5/100 ---
2026-09-18 13:18:04,056 - INFO - --- Episode 11, Step 6/100 ---
2026-09-18 13:18:25,854 - INFO - HTTP Request: POST http://127.0.0.1:22446/v1/chat/completions "HTTP/1.1 200 OK"
```json
{
"movement": "I have moved across the patterned rug, passing the pool table on my right and approaching a dining area with a round table and chairs.",
"observation": {
"front view": "I see a round dining table with four chairs. To the right of the table, there is an arched doorway or archway leading to another area. To the left is a large wooden screen/cabinet.",
"left view": "A large wooden structure (screen or cabinet) and a chair are visible on the left.",
"right view": "The pool table is visible to my right, along with large windows looking outside.",
"map": "I am positioned on the rug near the dining table. Waypoint 4 is located near the archway to the right of the dining table."
},
"thought": "The instruction is to 'wait the archway'. Looking ahead, there is a clear arched opening (archway) to the right of the dining table. This seems to be the target destination. I need to move towards it.",
"stuck": false,
"plan": "Walk towards the archway located to the right of the dining table. I will aim for waypoint 4 which is near that archway.",
"curr_step": "I am currently facing the dining table. The target archway is slightly to the right. Moving to waypoint 4 will bring me directly to the archway.",
"action": 4
}
```
Action: turn
Action: move_forward
Action: turn
Action: move_forward
Action: move_forward
Action: turn
Action: move_forward
Action: null
waypoints: 5
skipped waypoints: edge 0,  distance 0,  no_path 0,  occlusion 1
```json
{
"movement": "I have moved from the pool table area across the rug towards the dining table. I am now facing a wall with a large glass door and an arched doorway to its left.",
"observation": {
"front view": "I see a dark arched doorway on the left and a tall glass door/window on the right. There is a light switch on the wall between them.",
"left view": "I see the round dining table and chairs I just passed.",
"right view": "I see the large windows/doors looking out to the patio/garden area.",
"map": "The map shows my current position near the dining table. Waypoints 1, 2, and 3 are located just ahead near the wall/opening corresponding to the front view."
},
"thought": "The instruction is to 'wait the archway'. In the front view, there is a clear arched doorway to the left of the glass door. This appears to be the target. Waypoint 1 is positioned right at the entrance of this dark arched doorway.",
"stuck": false,
"plan": "Move towards waypoint 1 to stand directly in front of/at the archway as instructed.",
"curr_step": "I am currently facing the wall with the glass door and the archway. Waypoint 1 is the closest point to the archway entrance.",
"action": 1
}
```
Action: turn
Action: move_forward
Action: turn
Action: move_forward
Action: null
Action: turn
waypoints: 17
skipped waypoints: edge 7,  distance 7,  no_path 2,  occlusion 0
```json
{
"movement": "I moved from the pool table area across the rug towards the dining table and then approached the wall with the glass door and the arched opening. I have now arrived at the location of the archway.",
"observation": {
"front view": "The view is mostly obscured by a dark structure or ceiling, indicating I am very close to a wall or corner.",
"left view": "I can see the round dining table and chairs that I just passed.",
"right view": "I see a glass door leading to an outdoor patio area.",
"map": "The map shows my current position at the top edge of the room, right next to the archway location indicated by the path."
},
"thought": "The instruction was to 'Walk across the floor and wait the archway.' I have successfully walked across the floor (rug) and reached the archway area near the glass door. Since I am now at the target destination, I should complete the subtask.",
"stuck": false,
"plan": "The task is to wait at the archway. I have reached this location. I will mark the task as complete.",
"curr_step": "I have reached the archway near the glass door. The condition 'wait the archway' is satisfied by being at this location.",
"action": -1
}
```
Action: stop
waypoints: 17
skipped waypoints: edge 7,  distance 7,  no_path 2,  occlusion 0
```json
{
"movement": "I have successfully walked across the patterned rug, passing the pool table and dining table, and arrived at the arched doorway located near the glass doors.",
"observation": {
"front view": "The view is mostly obscured by a dark structure or ceiling, indicating I am standing right next to the wall/archway structure.",
"left view": "I see the round dining table and chairs that I just passed.",
"right view": "I see a glass door leading to an outdoor patio area.",
"map": "The map shows my current position (red triangle) is at the very top edge of the room, directly adjacent to the archway/opening."
},
"thought": "The instruction was to 'Walk across the floor and wait the archway.' I have traversed the floor and am now standing right at the archway. The blue arc indicates I am within 1 meter of the target area. Since I have reached the destination, I should complete the task.",
"stuck": false,
"plan": "The task is to wait at the archway. I have reached this location and am within the required range. I will mark the task as complete.",
"curr_step": "I have reached the archway near the glass door. The condition 'wait the archway' is satisfied by being at this location.",
"action": -1
}
```
Action: stop
['Move forward to the doorway on the opposite side of the hall.', 'Stop in the archway.']
Initialized data for new floor level: 0
Switching pcds to floor level: 0
Initialized data for new floor level: 0
Switching pcds to floor level: 0
Initialized data for new floor level: 0
Switching pcds to floor level: 0
[StairDetect] normals=0.0032s, cpu=0.0003s, cluster=0.0305s, loop=0.0213s, total=0.0722s
waypoints: 26
skipped waypoints: edge 2,  distance 8,  no_path 0,  occlusion 5
```json
{
"movement": "I am currently standing on a tiled floor at the entrance of a large room with a pool table. I have not moved yet.",
"observation": {
    "front view": "I see a large room with a pool table in the center-right and a dining area to the left. In the distance, slightly left of center, there is an arched doorway/opening (near point 3). Straight ahead are large glass windows/doors (labeled B).",
    "left view": "I see a fireplace and wood-paneled walls.",
    "right view": "I see a partition wall and a room with a painting beyond it. The pool table is also visible to the left of this partition.",
    "map": "I am at the START position (blue circle) near the bottom center. The pool table (pink rectangle) is ahead. To the left of the pool table is an open area with a chair, which corresponds to the dining area seen in the front view."
},
"thought": "The instruction is to move forward to the doorway on the opposite side of the hall. Looking at the front view, there is an arched doorway visible in the distance, slightly to the left (near point 3), behind the dining table. This seems to be the target. To reach it, I need to move forward into the room and angle slightly towards the left side where the dining area is located. Waypoint 2 is on the tiled floor to the left, which provides a clear path towards that area without obstructing the pool table.",
"stuck": false,
"plan": "Move forward towards the arched doorway visible in the distance (near point 3). I will aim for waypoint 2 on the tiled floor to approach the left side of the room where the target doorway is located.",
"curr_step": "I need to move forward to get closer to the target doorway. Waypoint 2 is a suitable intermediate step on the left side of the path.",
"action": 2
}
```
Calculated floor height difference: 3.43m
Action: turn
Action: move_forward
Action: move_forward
Action: null
Action: turn
waypoints: 18
skipped waypoints: edge 2,  distance 10,  no_path 0,  occlusion 1
2026-09-18 13:18:27,046 - INFO - --- Episode 11, Step 7/100 ---
2026-09-18 13:18:28,167 - INFO - --- Episode 11, Step 8/100 ---
2026-09-18 13:18:29,163 - INFO - --- Episode 11, Step 9/100 ---
2026-09-18 13:18:30,367 - INFO - --- Episode 11, Step 10/100 ---
2026-09-18 13:18:31,265 - INFO - --- Episode 11, Step 11/100 ---
2026-09-18 13:18:32,353 - INFO - --- Episode 11, Step 12/100 ---
2026-09-18 13:20:56,626 - INFO - HTTP Request: POST http://127.0.0.1:22446/v1/chat/completions "HTTP/1.1 200 OK"
2026-09-18 13:22:59,739 - INFO - HTTP Request: POST http://127.0.0.1:22446/v1/chat/completions "HTTP/1.1 200 OK"
2026-09-18 13:23:24,147 - INFO - HTTP Request: POST http://127.0.0.1:22446/v1/chat/completions "HTTP/1.1 200 OK"
2026-09-18 13:23:25,386 - INFO - --- Episode 11, Step 13/100 ---
2026-09-18 13:23:42,673 - INFO - HTTP Request: POST http://127.0.0.1:22446/v1/chat/completions "HTTP/1.1 200 OK"
2026-09-18 13:24:57,479 - INFO - HTTP Request: POST http://127.0.0.1:22446/v1/chat/completions "HTTP/1.1 200 OK"
2026-09-18 13:25:16,684 - INFO - HTTP Request: POST http://127.0.0.1:22446/v1/chat/completions "HTTP/1.1 200 OK"
 24%|██▍       | 12/50 [1:48:51<4:55:36, 466.74s/it]Renderer: NVIDIA GeForce RTX 4090/PCIe/SSE2 by NVIDIA Corporation
OpenGL version: 4.6.0 NVIDIA 590.48.01
Using optional features:
    GL_ARB_vertex_array_object
    GL_ARB_separate_shader_objects
    GL_ARB_robustness
    GL_ARB_texture_storage
    GL_ARB_texture_view
    GL_ARB_framebuffer_no_attachments
    GL_ARB_invalidate_subdata
    GL_ARB_texture_storage_multisample
    GL_ARB_multi_bind
    GL_ARB_direct_state_access
    GL_ARB_get_texture_sub_image
    GL_ARB_texture_filter_anisotropic
    GL_KHR_debug
    GL_KHR_parallel_shader_compile
    GL_NV_depth_buffer_float
Using driver workarounds:
    no-forward-compatible-core-context
    nv-egl-incorrect-gl11-function-pointers
    no-layout-qualifiers-on-old-glsl
    nv-zero-context-profile-mask
    nv-implementation-color-read-format-dsa-broken
    nv-cubemap-inconsistent-compressed-image-size
    nv-cubemap-broken-full-compressed-image-query
    nv-compressed-block-size-in-bits
[13:25:19:224035]:[Warning]:[Metadata] SceneDatasetAttributes.cpp(107)::addNewSceneInstanceToDataset : Dataset : 'default' : Lighting Layout Attributes 'no_lights' specified in Scene Attributes but does not exist in dataset, so creating default.
2026-09-18 13:25:24,513 - INFO - Simulator initialized!
2026-09-18 13:25:47,643 - INFO - HTTP Request: POST http://127.0.0.1:22446/v1/chat/completions "HTTP/1.1 200 OK"
2026-09-18 13:25:48,278 - INFO - --- Episode 12, Step 1/100 ---
2026-09-18 13:25:58,798 - INFO - HTTP Request: POST http://127.0.0.1:22446/v1/chat/completions "HTTP/1.1 200 OK"
```json
{
"movement": "I have moved forward into the room and turned slightly right, then oriented myself towards the far wall where a dining table and arched doorways are visible. I am currently facing the dining area.",
"observation": {
    "front view": "I see a dining table with chairs in the middle distance. To the left of the table is a tall wooden cabinet and an arched doorway/window. To the right is another arched opening. Further right are large glass doors/windows leading outside. The pool table is to my right.",
    "left view": "I see a wooden structure (possibly a screen or part of a door frame) and a glimpse into another room with a rug.",
    "right view": "I see the pool table on a patterned carpet and large glass doors/windows leading outside.",
    "map": "I am positioned near the center of the room, slightly to the left. The pool table is to my right (orange rectangle). The dining area is ahead and slightly left. The target doorway is likely the arched opening near the dining table."
},
"thought": "The instruction is to move forward to the doorway on the opposite side of the hall. Looking at the front view, there is an arched doorway visible near the dining table. This seems to be the target. I need to continue moving forward towards it. Waypoint 1 is located on the carpet leading towards the dining table and that doorway.",
"stuck": false,
"plan": "Move forward towards the arched doorway near the dining table. I will aim for waypoint 1 to get closer to the target area.",
"curr_step": "I need to move forward to reach the doorway. Waypoint 1 is the closest waypoint on the path towards the dining area and the arched doorway.",
"action": 1
}
```
Action: turn
Action: move_forward
Action: move_forward
Action: turn
Action: move_forward
Action: null
waypoints: 7
skipped waypoints: edge 1,  distance 1,  no_path 0,  occlusion 1


```json
{
"movement": "I have moved forward into the room and oriented myself towards the far wall where a dining table and arched doorways are visible. I am currently facing the dining area and the archway labeled 'B' in previous frames.",
"observation": {
    "front view": "I see a dining table with chairs in the middle distance. Directly behind it is a dark arched doorway/opening (labeled B previously). To the left is a large wooden cabinet and an arched window/door. To the right are large glass doors/windows leading outside.",
    "left view": "I see a large wooden cabinet/wardrobe and a chair near a window.",
    "right view": "I see the pool table on a patterned carpet and large glass doors/windows leading outside.",
    "map": "I am positioned near the 'desk/chair' area (dining table). The path forward leads towards the opening at the top of the map, which corresponds to the archway seen in the front view."
},
"thought": "The instruction is to move forward to the doorway on the opposite side of the hall and stop in the archway. The target archway is visible directly ahead, slightly behind the dining table. I need to continue moving forward towards it. The path seems to be between the cabinet on the left and the dining table/chairs.",
"stuck": false,
"plan": "Move forward towards the arched doorway visible in the front view (labeled B). I will aim for the gap between the cabinet and the dining table to reach the archway.",
"curr_step": "I need to move forward to get closer to the target archway. The path is generally straight ahead, slightly left of the center of the room.",
"action": "F"
}
```
Action: stop
waypoints: 7
skipped waypoints: edge 1,  distance 1,  no_path 0,  occlusion 1
```json
{
"movement": "I have moved forward into the room and oriented myself towards the far wall where a dining table and arched doorways are visible. I am currently facing the dining area and the archway labeled 'B' in previous frames.",
"observation": {
    "front view": "I see a dining table with chairs in the middle distance. Directly behind it is a dark arched doorway/opening (labeled B previously). To the left is a large wooden cabinet and an arched window/door. To the right are large glass doors/windows leading outside.",
    "left view": "I see a large wooden cabinet/wardrobe and a chair near a window.",
    "right view": "I see the pool table on a patterned carpet and large glass doors/windows leading outside.",
    "map": "I am positioned near the 'desk/chair' area (dining table). The path forward leads towards the opening at the top of the map, which corresponds to the archway seen in the front view."
},
"thought": "The instruction is to move forward to the doorway on the opposite side of the hall and stop in the archway. The target archway is visible directly ahead, slightly behind the dining table. I need to continue moving forward towards it. The path seems to be between the cabinet on the left and the dining table/chairs.",
"stuck": false,
"plan": "Move forward towards the arched doorway visible in the front view (labeled B). I will aim for the gap between the cabinet and the dining table to reach the archway.",
"curr_step": "I need to move forward to get closer to the target archway. The path is generally straight ahead, slightly left of the center of the room.",
"action": "F"
}
```

```json
{
"movement": "I have moved forward into the room and oriented myself towards the far wall where a dining table and arched doorways are visible. I am currently facing the dining area and the archway labeled 'B' in previous frames.",
"observation": {
    "front view": "I see a dining table with chairs in the middle distance. Directly behind it is a dark arched doorway/opening (labeled B previously). To the left is a large wooden cabinet and an arched window/door. To the right are large glass doors/windows leading outside.",
    "left view": "I see a large wooden cabinet/wardrobe and a chair near a window.",
    "right view": "I see the pool table on a patterned carpet and large glass doors/windows leading outside.",
    "map": "I am positioned near the 'desk/chair' area (dining table). The path forward leads towards the opening at the top of the map, which corresponds to the archway seen in the front view."
},
"thought": "The instruction is to move forward to the doorway on the opposite side of the hall and stop in the archway. The target archway is visible directly ahead, slightly behind the dining table. I need to continue moving forward towards it. The path seems to be between the cabinet on the left and the dining table/chairs.",
"stuck": false,
"plan": "Move forward towards the arched doorway visible in the front view (labeled B). I will aim for the gap between the cabinet and the dining table to reach the archway.",
"curr_step": "I need to move forward to get closer to the target archway. The path is generally straight ahead, slightly left of the center of the room.",
"action": "F"
}
```
Action: stop
['Walk passed the dining table and continue towards the kitchen.', 'Walk through the kitchen passed the counters and stove and stop near the sink.']
Initialized data for new floor level: 0
Switching pcds to floor level: 0
Initialized data for new floor level: 0
Switching pcds to floor level: 0
Initialized data for new floor level: 0
Switching pcds to floor level: 0
[StairDetect] normals=0.0027s, cpu=0.0002s, cluster=0.0150s, loop=0.0533s, total=0.0784s
waypoints: 2
skipped waypoints: edge 0,  distance 0,  no_path 0,  occlusion 0
2026-09-18 13:25:59,358 - INFO - --- Episode 12, Step 2/100 ---
2026-09-18 13:26:17,345 - INFO - HTTP Request: POST http://127.0.0.1:22446/v1/chat/completions "HTTP/1.1 200 OK"
2026-09-18 13:26:17,925 - INFO - --- Episode 12, Step 3/100 ---
2026-09-18 13:26:18,633 - INFO - --- Episode 12, Step 4/100 ---
2026-09-18 13:26:19,511 - INFO - --- Episode 12, Step 5/100 ---
2026-09-18 13:26:20,210 - INFO - --- Episode 12, Step 6/100 ---
2026-09-18 13:26:20,937 - INFO - --- Episode 12, Step 7/100 ---
2026-09-18 13:26:29,179 - INFO - HTTP Request: POST http://127.0.0.1:22446/v1/chat/completions "HTTP/1.1 200 OK"
2026-09-18 13:26:29,979 - INFO - --- Episode 12, Step 8/100 ---
2026-09-18 13:26:30,600 - INFO - --- Episode 12, Step 9/100 ---
2026-09-18 13:26:31,322 - INFO - --- Episode 12, Step 10/100 ---
2026-09-18 13:26:31,921 - INFO - --- Episode 12, Step 11/100 ---
2026-09-18 13:26:32,460 - INFO - --- Episode 12, Step 12/100 ---
2026-09-18 13:26:32,882 - INFO - --- Episode 12, Step 13/100 ---
2026-09-18 13:26:33,444 - INFO - --- Episode 12, Step 14/100 ---
2026-09-18 13:26:51,277 - INFO - HTTP Request: POST http://127.0.0.1:22446/v1/chat/completions "HTTP/1.1 200 OK"
2026-09-18 13:26:52,213 - INFO - --- Episode 12, Step 15/100 ---
2026-09-18 13:26:52,799 - INFO - --- Episode 12, Step 16/100 ---
2026-09-18 13:26:53,390 - INFO - --- Episode 12, Step 17/100 ---
2026-09-18 13:26:54,006 - INFO - --- Episode 12, Step 18/100 ---
2026-09-18 13:26:54,689 - INFO - --- Episode 12, Step 19/100 ---
2026-09-18 13:26:55,680 - INFO - --- Episode 12, Step 20/100 ---
2026-09-18 13:27:10,316 - INFO - HTTP Request: POST http://127.0.0.1:22446/v1/chat/completions "HTTP/1.1 200 OK"
2026-09-18 13:27:11,139 - INFO - --- Episode 12, Step 21/100 ---
2026-09-18 13:27:11,739 - INFO - --- Episode 12, Step 22/100 ---
2026-09-18 13:27:12,305 - INFO - --- Episode 12, Step 23/100 ---
2026-09-18 13:27:12,924 - INFO - --- Episode 12, Step 24/100 ---
2026-09-18 13:27:30,096 - INFO - HTTP Request: POST http://127.0.0.1:22446/v1/chat/completions "HTTP/1.1 200 OK"
```json
{
    "movement": "I am currently facing a white wall corner. To my left is a large window looking outside. To my right, I can see a long dining table and a path leading towards a kitchen area in the distance.",
    "observation": {
        "front view": "A white wall corner directly in front of me.",
        "left view": "A large glass window or door with greenery visible outside. Part of a dining table is visible at the bottom left.",
        "right view": "A long wooden dining table with chairs on the right side. To the left of the table is a walkway leading towards a kitchen area with counters and cabinets in the background.",
        "map": "The map shows my starting position near a wall. The open space extends to the right, where the dining table and kitchen are located."
    },
    "thought": "My current task is to walk past the dining table towards the kitchen. I am currently facing a wall, which blocks my path. The dining table and the route to the kitchen are visible in the right view. Therefore, I need to turn right to face the correct direction and proceed along the path between the wall and the dining table.",
    "stuck": false,
    "plan": "Turn right to align with the walkway alongside the dining table. Then move forward past the table towards the kitchen area.",
    "curr_step": "I am at the beginning of the task. I need to orient myself towards the kitchen. The path is clearly to my right.",
    "action": "R"
}
```
Calculated floor height difference: 2.65m
Action: turn
waypoints: 29
skipped waypoints: edge 0,  distance 16,  no_path 0,  occlusion 10
```json
{
    "movement": "I turned right to face the dining area and kitchen. I am now positioned at the start of the walkway alongside the dining table.",
    "observation": {
        "front view": "A clear path leads straight ahead between a wall on the left and a long wooden dining table on the right. In the distance, the kitchen is visible with counters and cabinets. Waypoints 1, 2, and 3 are visible near the table legs/chairs.",
        "left view": "A white wall and the edge of a large window/glass door.",
        "right view": "The long wooden dining table with chairs and a plant on it.",
        "map": "The map shows my current position (blue dot) at the start of the path. The dining table is to my right. Waypoints 1 and 2 are located along the path next to the table."
    },
    "thought": "I have successfully oriented myself towards the kitchen. The instruction is to walk past the dining table. The path is clear directly in front of me. I need to move forward along this path. Waypoint 1 is the closest point along this route, situated near the first chair leg of the dining table.",
    "stuck": false,
    "plan": "Move forward along the path between the wall and the dining table, heading towards waypoint 1 and then continuing towards the kitchen.",
    "curr_step": "I am at the beginning of the path alongside the dining table. I need to advance past the first section of the table.",
    "action": "1"
}
```
Action: turn
Action: move_forward
Action: move_forward
Action: null
Action: turn
waypoints: 28
skipped waypoints: edge 2,  distance 18,  no_path 0,  occlusion 5
```json
{
    "movement": "I have moved forward alongside the dining table. I am now positioned near the middle of the table, facing the kitchen area in the distance.",
    "observation": {
        "front view": "The path continues straight ahead between the dining table on the right and a large window/wall on the left. The kitchen is visible further ahead with white counters and cabinets.",
        "left view": "A large glass door/window looking out onto a deck/patio area.",
        "right view": "The long wooden dining table with a plant centerpiece. Behind it is a wall with framed pictures.",
        "map": "The map shows my current position (blue dot) near the 'workbench' label, which seems to be the dining table. Waypoints 1 and 2 are ahead in the open corridor leading to the kitchen."
    },
    "thought": "I am currently walking alongside the dining table as instructed. The path is clear and leads directly towards the kitchen. I need to continue moving forward to pass the table and reach the kitchen area.",
    "stuck": false,
    "plan": "Continue moving forward along the path between the dining table and the wall/window until I reach the kitchen entrance.",
    "curr_step": "I am in the middle of passing the dining table. I need to keep going straight.",
    "action": "1"
}
```
Action: turn
Action: move_forward
Action: turn
Action: move_forward
Action: turn
Action: move_forward
Action: null
waypoints: 40
skipped waypoints: edge 2,  distance 21,  no_path 0,  occlusion 5
```json
{
    "movement": "I have walked past the dining table and am now in the open area between the living room and the kitchen. I am facing the kitchen island.",
    "observation": {
        "front view": "A white kitchen island is directly ahead. To the left is a living room with a dark sofa. To the right are kitchen counters and cabinets along the wall.",
        "left view": "The living room area with a large grey sectional sofa and a coffee table.",
        "right view": "The dining table I just passed and a wall with framed pictures.",
        "map": "I am positioned near the center of the open floor plan. The kitchen is ahead, marked by the island and back counters."
    },
    "thought": "I have completed the first part of the instruction by passing the dining table. I am now approaching the kitchen. My next goal is to walk through the kitchen, past the counters and stove, to find the sink. The white island is the first major landmark in the kitchen. I should move towards it.",
    "stuck": false,
    "plan": "Move forward into the kitchen area, approaching the white island. Then navigate around or past it to reach the back counters where the sink and stove are likely located.",
    "curr_step": "I am at the entrance of the kitchen area. I need to move closer to the island and counters.",
    "action": "4"
}
```
Action: move_forward
Action: turn
Action: move_forward
Action: turn
Action: move_forward
Action: null
waypoints: 26
skipped waypoints: edge 0,  distance 11,  no_path 0,  occlusion 13
```json
{
    "movement": "I have moved past the dining table and am now standing at the edge of the kitchen island, facing the main kitchen counters.",
    "observation": {
        "front view": "A long white kitchen island is on my left. Straight ahead are the back kitchen counters with dark upper cabinets and a stove/oven unit. There is a clear walkway between the island and the back counter.",
        "left view": "The living room area with a large grey sofa and glass doors leading outside.",
        "right view": "A white pillar and a wall with artwork, leading towards another part of the house.",
        "map": "I am positioned near the 'workbench' (island) on the map. Waypoint 1 is located in the open floor space just past the end of the island, leading towards the back counters."
    },
    "thought": "I have successfully reached the kitchen area. The next part of the instruction is to walk through the kitchen past the counters and stove to find the sink. The path forward between the island and the back counter is clear. Waypoint 1 is located in this path, leading towards the main kitchen workspace.",
    "stuck": false,
    "plan": "Move forward into the kitchen aisle between the island and the back counter. Continue past the stove area to locate the sink.",
    "curr_step": "I am at the entrance of the kitchen aisle. I need to proceed forward towards the back counters.",
    "action": "1"
}
```
Action: turn
Action: move_forward
Action: null
Action: turn
waypoints: 11
skipped waypoints: edge 1,  distance 5,  no_path 0,  occlusion 0
2026-09-18 13:27:31,443 - INFO - --- Episode 12, Step 25/100 ---
2026-09-18 13:27:32,235 - INFO - --- Episode 12, Step 26/100 ---
2026-09-18 13:27:33,114 - INFO - --- Episode 12, Step 27/100 ---
2026-09-18 13:27:33,900 - INFO - --- Episode 12, Step 28/100 ---
2026-09-18 13:27:35,239 - INFO - --- Episode 12, Step 29/100 ---
2026-09-18 13:27:36,080 - INFO - --- Episode 12, Step 30/100 ---
2026-09-18 13:27:36,790 - INFO - --- Episode 12, Step 31/100 ---
2026-09-18 13:27:37,805 - INFO - --- Episode 12, Step 32/100 ---
2026-09-18 13:28:21,901 - INFO - HTTP Request: POST http://127.0.0.1:22446/v1/chat/completions "HTTP/1.1 200 OK"
2026-09-18 13:28:22,691 - INFO - --- Episode 12, Step 33/100 ---
2026-09-18 13:28:46,016 - INFO - HTTP Request: POST http://127.0.0.1:22446/v1/chat/completions "HTTP/1.1 200 OK"
2026-09-18 13:28:46,786 - INFO - --- Episode 12, Step 34/100 ---
2026-09-18 13:29:06,159 - INFO - HTTP Request: POST http://127.0.0.1:22446/v1/chat/completions "HTTP/1.1 200 OK"
 26%|██▌       | 13/50 [1:52:41<4:03:35, 395.02s/it]Renderer: NVIDIA GeForce RTX 4090/PCIe/SSE2 by NVIDIA Corporation
OpenGL version: 4.6.0 NVIDIA 590.48.01
Using optional features:
    GL_ARB_vertex_array_object
    GL_ARB_separate_shader_objects
    GL_ARB_robustness
    GL_ARB_texture_storage
    GL_ARB_texture_view
    GL_ARB_framebuffer_no_attachments
    GL_ARB_invalidate_subdata
    GL_ARB_texture_storage_multisample
    GL_ARB_multi_bind
    GL_ARB_direct_state_access
    GL_ARB_get_texture_sub_image
    GL_ARB_texture_filter_anisotropic
    GL_KHR_debug
    GL_KHR_parallel_shader_compile
    GL_NV_depth_buffer_float
Using driver workarounds:
    no-forward-compatible-core-context
    nv-egl-incorrect-gl11-function-pointers
    no-layout-qualifiers-on-old-glsl
    nv-zero-context-profile-mask
    nv-implementation-color-read-format-dsa-broken
    nv-cubemap-inconsistent-compressed-image-size
    nv-cubemap-broken-full-compressed-image-query
    nv-compressed-block-size-in-bits
[13:29:09:219338]:[Warning]:[Metadata] SceneDatasetAttributes.cpp(107)::addNewSceneInstanceToDataset : Dataset : 'default' : Lighting Layout Attributes 'no_lights' specified in Scene Attributes but does not exist in dataset, so creating default.
2026-09-18 13:29:14,631 - INFO - Simulator initialized!
2026-09-18 13:29:55,105 - INFO - HTTP Request: POST http://127.0.0.1:22446/v1/chat/completions "HTTP/1.1 200 OK"
2026-09-18 13:29:55,711 - INFO - --- Episode 13, Step 1/100 ---
2026-09-18 13:30:57,894 - INFO - HTTP Request: POST http://127.0.0.1:22446/v1/chat/completions "HTTP/1.1 200 OK"
2026-09-18 13:30:58,404 - INFO - --- Episode 13, Step 2/100 ---
2026-09-18 13:31:08,110 - INFO - HTTP Request: POST http://127.0.0.1:22446/v1/chat/completions "HTTP/1.1 200 OK"
```json
{
    "movement": "I have moved into the kitchen aisle, passing the island on my left. I am now facing the main kitchen counters with the stove visible ahead.",
    "observation": {
        "front view": "The kitchen counter continues ahead with a black stovetop and oven. To the right is a wall corner. The path forward leads along this counter.",
        "left view": "The kitchen island I just passed, with stools tucked underneath.",
        "right view": "A hallway leading to other rooms and a large window/door in the distance.",
        "map": "I am positioned near the 'heater' label on the map. Waypoints 3 and 4 are along the counter ahead of me."
    },
    "thought": "I have completed the first part of the instruction. I am now walking through the kitchen. The stove is directly in front of me. I need to continue past it to find the sink. The path forward along the counter seems correct.",
    "stuck": false,
    "plan": "Continue moving forward along the kitchen counter, passing the stove, to locate the sink which should be nearby.",
    "curr_step": "I am approaching the stove area. I need to keep going forward.",
    "action": "3"
}
```
Action: turn
Action: move_forward
Action: turn
Action: move_forward
Action: turn
Action: move_forward
Action: null
Action: turn
waypoints: 18
skipped waypoints: edge 5,  distance 6,  no_path 0,  occlusion 3
```json
{
    "movement": "I have moved forward through the kitchen aisle, passing the stove on my right and approaching the sink area on my left.",
    "observation": {
        "front view": "The kitchen aisle continues forward. To the right are the main counters with a stove. To the left is the end of the island counter.",
        "left view": "A double sink is visible on the counter/island immediately to my left.",
        "right view": "The kitchen counter with the stove and oven is visible.",
        "map": "I am positioned near the 'oven' label. The sink (on the 'workbench') is to my left."
    },
    "thought": "I have successfully walked past the dining table and entered the kitchen. I have also passed the counters and stove as instructed in the subsequent task. I am now standing right next to the sink, which is visible in my left view. Since the current task P1 is 'Walk passed the dining table and continue towards the kitchen', and I am now well within the kitchen area near the final destination (the sink), I have completed the objective of reaching the kitchen.",
    "stuck": false,
    "plan": "Complete the current subtask P1 as I have reached the kitchen. The next subtask P2 involves stopping near the sink, which is where I am currently located.",
    "curr_step": "I am at the sink location. P1 is completed.",
    "action": -1
}
```
Action: pause
waypoints: 18
skipped waypoints: edge 5,  distance 6,  no_path 0,  occlusion 3
```json
{
    "movement": "I have moved through the kitchen aisle, passing the island on my left and the stove/oven unit on my right. I am now standing directly next to the double sink located on the counter to my left.",
    "observation": {
        "front view": "The kitchen aisle continues forward towards a doorway. To the right is the stove and oven. To the left is the end of the counter with the sink.",
        "left view": "A double stainless steel sink is clearly visible on the white countertop immediately to my left.",
        "right view": "The kitchen counter with the black stovetop and oven is visible along the wall.",
        "map": "I am positioned right next to the 'workbench' (sink area) on the map, having passed the 'oven' label."
    },
    "thought": "I have successfully walked past the dining table, entered the kitchen, and moved through it past the counters and stove. I am now standing directly next to the sink as requested by the instruction 'stop near the sink'. Therefore, the task is complete.",
    "stuck": false,
    "plan": "The current subtask P2 is to stop near the sink. Since I am already at the sink, I will complete this subtask.",
    "curr_step": "I am at the sink. The instruction 'stop near the sink' is satisfied.",
    "action": -1
}
```
Action: stop
waypoints: 18
skipped waypoints: edge 5,  distance 6,  no_path 0,  occlusion 3
```json
{
    "movement": "I have walked through the kitchen aisle, passing the stove on my right and approaching the counter with the double sink on my left. I am now standing directly next to the sink.",
    "observation": {
        "front view": "The kitchen aisle continues forward. To the left is the end of the counter with a double sink. To the right is the stove and oven unit.",
        "left view": "A clear view of the double stainless steel sink on the white countertop immediately to my left.",
        "right view": "The kitchen counter with the black stovetop and oven is visible along the wall.",
        "map": "I am positioned right next to the 'workbench' (sink) label on the map, having passed the 'oven' label."
    },
    "thought": "I have successfully walked past the dining table, entered the kitchen, and moved through it past the counters and stove. I am now standing directly next to the sink as requested by the instruction 'stop near the sink'. Therefore, the task is complete.",
    "stuck": false,
    "plan": "The current subtask P2 is to stop near the sink. Since I am already at the sink, I will complete this subtask.",
    "curr_step": "I am at the sink. The instruction 'stop near the sink' is satisfied.",
    "action": -1
}
```
Action: stop
['Move to the far left corner of the table', 'Proceed to the doorway to your right', 'walk into the kitchen with the stove on your right', 'proceed forward until the fridge is on your left', 'proceed forward once more until there is a small sink on your left and shelves on your right.']
Initialized data for new floor level: 0
Switching pcds to floor level: 0
Initialized data for new floor level: 0
Switching pcds to floor level: 0
Initialized data for new floor level: 0
Switching pcds to floor level: 0
[StairDetect] normals=0.0027s, cpu=0.0002s, cluster=0.0147s, loop=0.0526s, total=0.0771s
waypoints: 2
skipped waypoints: edge 0,  distance 0,  no_path 0,  occlusion 0
```json
{
"movement": "Turn right to face the dining table and the kitchen area.",
"observation": {
"front view": "A white wall is directly in front of me.",
"left view": "A window and a corner of the room are visible to the left.",
"right view": "A long dining table with chairs is visible on the right, extending towards a kitchen area in the distance.",
"map": "The map shows my starting position (START) near the top-left corner of a large rectangular table (dark grey). The kitchen area appears to be further to the right on the map."
},
"thought": "The instruction is to move to the far left corner of the table. Based on the Right View, the table extends from my current position towards the kitchen in the distance. I am currently facing a wall perpendicular to the table's length. To proceed along the table towards its far end (which corresponds to the 'far left corner' relative to the table's orientation), I need to turn right to align myself with the path alongside the table.",
"stuck": false,
"plan": "Turn right to face the table and the kitchen, then move forward along the side of the table towards the far end near the kitchen.",
"curr_step": "Turn right to face the direction of the table's length and the kitchen.",
"action": "R"
}
```
Calculated floor height difference: 2.65m
Action: turn
waypoints: 29
skipped waypoints: edge 0,  distance 16,  no_path 0,  occlusion 10
2026-09-18 13:31:08,741 - INFO - --- Episode 13, Step 3/100 ---
2026-09-18 13:31:09,277 - INFO - --- Episode 13, Step 4/100 ---
2026-09-18 13:31:09,983 - INFO - --- Episode 13, Step 5/100 ---
2026-09-18 13:31:10,556 - INFO - --- Episode 13, Step 6/100 ---
2026-09-18 13:31:25,394 - INFO - HTTP Request: POST http://127.0.0.1:22446/v1/chat/completions "HTTP/1.1 200 OK"
2026-09-18 13:31:26,121 - INFO - --- Episode 13, Step 7/100 ---
2026-09-18 13:31:26,662 - INFO - --- Episode 13, Step 8/100 ---
2026-09-18 13:31:27,327 - INFO - --- Episode 13, Step 9/100 ---
2026-09-18 13:31:28,042 - INFO - --- Episode 13, Step 10/100 ---
2026-09-18 13:31:28,579 - INFO - --- Episode 13, Step 11/100 ---
2026-09-18 13:31:29,143 - INFO - --- Episode 13, Step 12/100 ---
2026-09-18 13:31:29,653 - INFO - --- Episode 13, Step 13/100 ---
2026-09-18 13:31:30,274 - INFO - --- Episode 13, Step 14/100 ---
2026-09-18 13:32:04,374 - INFO - HTTP Request: POST http://127.0.0.1:22446/v1/chat/completions "HTTP/1.1 200 OK"
2026-09-18 13:32:05,151 - INFO - --- Episode 13, Step 15/100 ---
2026-09-18 13:32:21,479 - INFO - HTTP Request: POST http://127.0.0.1:22446/v1/chat/completions "HTTP/1.1 200 OK"
2026-09-18 13:32:22,180 - INFO - --- Episode 13, Step 16/100 ---
2026-09-18 13:32:22,785 - INFO - --- Episode 13, Step 17/100 ---
2026-09-18 13:32:23,386 - INFO - --- Episode 13, Step 18/100 ---
2026-09-18 13:32:23,996 - INFO - --- Episode 13, Step 19/100 ---
2026-09-18 13:32:24,749 - INFO - --- Episode 13, Step 20/100 ---
2026-09-18 13:32:25,370 - INFO - --- Episode 13, Step 21/100 ---
2026-09-18 13:32:25,979 - INFO - --- Episode 13, Step 22/100 ---
2026-09-18 13:33:39,854 - INFO - HTTP Request: POST http://127.0.0.1:22446/v1/chat/completions "HTTP/1.1 200 OK"
2026-09-18 13:34:08,783 - INFO - HTTP Request: POST http://127.0.0.1:22446/v1/chat/completions "HTTP/1.1 200 OK"
2026-09-18 13:34:09,673 - INFO - --- Episode 13, Step 23/100 ---
2026-09-18 13:34:10,291 - INFO - --- Episode 13, Step 24/100 ---
2026-09-18 13:34:11,194 - INFO - --- Episode 13, Step 25/100 ---
2026-09-18 13:34:11,867 - INFO - --- Episode 13, Step 26/100 ---
2026-09-18 13:34:49,441 - INFO - HTTP Request: POST http://127.0.0.1:22446/v1/chat/completions "HTTP/1.1 200 OK"
2026-09-18 13:34:50,423 - INFO - --- Episode 13, Step 27/100 ---
2026-09-18 13:34:51,289 - INFO - --- Episode 13, Step 28/100 ---
2026-09-18 13:34:52,131 - INFO - --- Episode 13, Step 29/100 ---
2026-09-18 13:34:53,194 - INFO - --- Episode 13, Step 30/100 ---
2026-09-18 13:34:53,831 - INFO - --- Episode 13, Step 31/100 ---
2026-09-18 13:34:54,562 - INFO - --- Episode 13, Step 32/100 ---
2026-09-18 13:34:55,301 - INFO - --- Episode 13, Step 33/100 ---
2026-09-18 13:34:56,127 - INFO - --- Episode 13, Step 34/100 ---
```json
{
"movement": "Move forward along the path between the wall and the dining table, heading towards the far end of the table near the kitchen.",
"observation": {
"front view": "I see a clear path forward (waypoints 1, 2, 3) running alongside the long side of the dining table. The kitchen is visible in the distance at the end of this path.",
"left view": "A wall and a large window/glass door are to my left.",
"right view": "The long dining table is immediately to my right.",
"map": "The map shows the table as a dark rectangle. I am near the 'START' point at one end of the table. Waypoints 1, 2, and 3 lead along the side of the table towards the other end."
},
"thought": "The instruction is to move to the far left corner of the table. Based on my current orientation with the table on my right, I am walking along its left side. The 'far' end of the table is near the kitchen area. Waypoint 3 is located at the far end of the table, which corresponds to the target destination.",
"stuck": false,
"plan": "Move forward towards waypoint 3 to reach the far end of the table.",
"curr_step": "Move forward to waypoint 3.",
"action": 3
}
```
Action: turn
Action: move_forward
Action: null
Action: turn
waypoints: 17
skipped waypoints: edge 1,  distance 5,  no_path 0,  occlusion 8
```json
{
"movement": "Move forward along the path between the wall/window and the dining table, heading towards the far end of the table.",
"observation": {
"front view": "I see the long dining table on my right and a clear path ahead (waypoints 1 and 2) leading towards the kitchen area in the distance. Waypoint 3 is behind me or just passed.",
"left view": "A large window/glass door is to my left.",
"right view": "The surface of the dining table is immediately to my right.",
"map": "The map shows the table (pink rectangle) extending away from my start position. Waypoints 1 and 2 are located further along this path, near the far end of the table."
},
"thought": "I am currently walking alongside the dining table. The instruction is to move to the 'far left corner' of the table. Based on the layout, the 'far' end is ahead of me near the kitchen entrance. Waypoint 2 is located at the far end of the table path. I need to continue moving forward to reach this point.",
"stuck": false,
"plan": "Move forward towards waypoint 2 to reach the far end of the table.",
"curr_step": "Move forward to waypoint 2.",
"action": 2
}
```
Action: turn
Action: move_forward
Action: turn
Action: move_forward
Action: move_forward
Action: turn
Action: move_forward
Action: null
waypoints: 37
skipped waypoints: edge 1,  distance 19,  no_path 0,  occlusion 5
```json
{
"movement": "I have moved along the left side of the dining table (window side) towards the kitchen area, reaching the far end of the table.",
"observation": {
"front view": "I see a hallway with stairs straight ahead and the kitchen area to the right. The dining table is now behind me and to my right.",
"left view": "The living room sofa and TV area are visible to the left.",
"right view": "The long dining table is visible to my right, extending towards the window.",
"map": "I am located near the top end of the pink rectangle (dining table) on the map, close to the kitchen area."
},
"thought": "I have successfully reached the far left corner of the table as instructed. The next subtask is to proceed to the doorway to my right and walk into the kitchen. Looking at the front view and map, the entrance to the kitchen/hallway area is ahead and slightly to the right.",
"stuck": false,
"plan": "Complete the current subtask P1. Then, for P2, move towards the opening/doorway that leads into the kitchen area, which is located to the right of the central hallway.",
"curr_step": "The subtask P1 is completed as I have reached the far end of the table near the kitchen.",
"action": -1
}
```
Action: pause
waypoints: 37
skipped waypoints: edge 1,  distance 19,  no_path 0,  occlusion 5
```json
{
"movement": "Move forward from the far end of the dining table towards the kitchen area.",
"observation": {
"front view": "I see a hallway leading to stairs straight ahead and the kitchen area to the right with an island and counters.",
"left view": "The living room with a sofa and TV is visible.",
"right view": "The dining table is visible, along with a wall featuring framed pictures.",
"map": "I am near the top end of the pink rectangle (table). The kitchen area is to the right on the map. Waypoint 5 is located near the kitchen island."
},
"thought": "I have completed P1. Now I need to proceed to the doorway/entrance of the kitchen, which is to my right/front-right. Waypoint 5 is positioned near the kitchen island, which serves as the entrance area to the kitchen. This aligns with the next instruction to walk into the kitchen.",
"stuck": false,
"plan": "Move towards waypoint 5 to reach the kitchen entrance/doorway.",
"curr_step": "Move forward to waypoint 5.",
"action": 5
}
```
Action: turn
Action: move_forward
Action: turn
Action: move_forward
Action: turn
Action: move_forward
Action: null
waypoints: 23
skipped waypoints: edge 0,  distance 11,  no_path 0,  occlusion 10

```json
{
"movement": "Move forward towards the kitchen area, specifically towards the gap between the island and the main counter where the stove is located.",
"observation": {
"front view": "I see a large white kitchen island directly in front of me. To the right of the island is the main kitchen counter with dark upper cabinets and light lower cabinets. There is a clear path forward into this kitchen space. A waypoint labeled '1' is visible on the floor near the right side of the island.",
"left view": "The living room area with a large grey sofa and TV is visible to the left.",
"right view": "A wall with framed pictures and a doorway leading to another room is visible to the right.",
"map": "I am located near the dining table (pink rectangle). The kitchen area (dark grey) is ahead and to the right. Waypoint 1 is positioned near the entrance of the kitchen workspace."
},
"thought": "I have completed P1 by reaching the far left corner of the table. Now I need to proceed to the doorway to my right, which corresponds to the entrance of the kitchen area. The kitchen is visible in the front view with dark cabinets. Waypoint 1 is located near the main counter where the stove should be. Moving to waypoint 1 will bring me into the kitchen area as required by P2 and set me up for P3 (walking into the kitchen with the stove on my right).",
"stuck": false,
"plan": "Move towards waypoint 1 to enter the kitchen area near the main counter.",
"curr_step": "Move forward to waypoint 1.",
"action": 1
}
```
Action: turn
Action: move_forward
Action: null
Action: turn
waypoints: 11
skipped waypoints: edge 1,  distance 5,  no_path 0,  occlusion 0
```json
{
"movement": "Move forward into the kitchen aisle, keeping the stove on the right side.",
"observation": {
"front view": "I see the kitchen island on my left and the main counter with the stove on my right. There is a doorway/opening visible further ahead/slightly right (labeled 'B' in previous frames).",
"left view": "The living room area is visible to the left.",
"right view": "A wall with a picture and a doorway are visible to the right.",
"map": "I am near the entrance of the kitchen. Waypoint 4 is located along the aisle between the island and the main counter, closer to the stove."
},
"thought": "I have completed P1 and am now at the kitchen entrance (P2). The instruction P2 says 'Proceed to the doorway to your right'. Looking at the front view, there is a doorway/opening ahead/right. P3 says 'walk into the kitchen with the stove on your right'. Moving towards waypoint 4 will take me into the kitchen aisle with the stove on my right, satisfying both P2 (getting closer to the doorway area) and P3.",
"stuck": false,
"plan": "Move towards waypoint 4 to enter the kitchen aisle with the stove on my right.",
"curr_step": "Move forward to waypoint 4.",
"action": 4
}
```
Action: turn
Action: move_forward
Action: turn
Action: move_forward
Action: turn
Action: move_forward
Action: null
Action: turn
waypoints: 18
2026-09-18 13:35:16,302 - INFO - HTTP Request: POST http://127.0.0.1:22446/v1/chat/completions "HTTP/1.1 200 OK"
2026-09-18 13:35:18,121 - INFO - HTTP Request: POST http://127.0.0.1:22446/v1/chat/completions "HTTP/1.1 400 Bad Request"
2026-09-18 13:35:19,350 - INFO - HTTP Request: POST http://127.0.0.1:22446/v1/chat/completions "HTTP/1.1 400 Bad Request"
2026-09-18 13:35:20,287 - INFO - --- Episode 13, Step 35/100 ---
2026-09-18 13:35:57,141 - INFO - HTTP Request: POST http://127.0.0.1:22446/v1/chat/completions "HTTP/1.1 200 OK"
2026-09-18 13:36:17,669 - INFO - HTTP Request: POST http://127.0.0.1:22446/v1/chat/completions "HTTP/1.1 200 OK"
2026-09-18 13:36:18,801 - INFO - --- Episode 13, Step 36/100 ---
2026-09-18 13:36:19,608 - INFO - --- Episode 13, Step 37/100 ---
2026-09-18 13:36:20,337 - INFO - --- Episode 13, Step 38/100 ---
2026-09-18 13:36:21,040 - INFO - --- Episode 13, Step 39/100 ---
2026-09-18 13:36:21,938 - INFO - --- Episode 13, Step 40/100 ---
2026-09-18 13:36:22,896 - INFO - --- Episode 13, Step 41/100 ---
2026-09-18 13:36:23,859 - INFO - --- Episode 13, Step 42/100 ---
2026-09-18 13:36:30,346 - INFO - HTTP Request: POST http://127.0.0.1:22446/v1/chat/completions "HTTP/1.1 400 Bad Request"
2026-09-18 13:36:31,550 - INFO - HTTP Request: POST http://127.0.0.1:22446/v1/chat/completions "HTTP/1.1 400 Bad Request"
2026-09-18 13:36:32,754 - INFO - HTTP Request: POST http://127.0.0.1:22446/v1/chat/completions "HTTP/1.1 400 Bad Request"
 28%|██▊       | 14/50 [2:00:08<4:06:28, 410.79s/it]Renderer: NVIDIA GeForce RTX 4090/PCIe/SSE2 by NVIDIA Corporation
OpenGL version: 4.6.0 NVIDIA 590.48.01
Using optional features:
    GL_ARB_vertex_array_object
    GL_ARB_separate_shader_objects
    GL_ARB_robustness
    GL_ARB_texture_storage
    GL_ARB_texture_view
    GL_ARB_framebuffer_no_attachments
    GL_ARB_invalidate_subdata
    GL_ARB_texture_storage_multisample
    GL_ARB_multi_bind
    GL_ARB_direct_state_access
    GL_ARB_get_texture_sub_image
    GL_ARB_texture_filter_anisotropic
    GL_KHR_debug
    GL_KHR_parallel_shader_compile
    GL_NV_depth_buffer_float
Using driver workarounds:
    no-forward-compatible-core-context
    nv-egl-incorrect-gl11-function-pointers
    no-layout-qualifiers-on-old-glsl
    nv-zero-context-profile-mask
    nv-implementation-color-read-format-dsa-broken
    nv-cubemap-inconsistent-compressed-image-size
    nv-cubemap-broken-full-compressed-image-query
    nv-compressed-block-size-in-bits
[13:36:36:447632]:[Warning]:[Metadata] SceneDatasetAttributes.cpp(107)::addNewSceneInstanceToDataset : Dataset : 'default' : Lighting Layout Attributes 'no_lights' specified in Scene Attributes but does not exist in dataset, so creating default.
2026-09-18 13:36:41,855 - INFO - Simulator initialized!
2026-09-18 13:37:13,970 - INFO - HTTP Request: POST http://127.0.0.1:22446/v1/chat/completions "HTTP/1.1 200 OK"
2026-09-18 13:37:14,594 - INFO - --- Episode 14, Step 1/100 ---
2026-09-18 13:37:25,807 - INFO - HTTP Request: POST http://127.0.0.1:22446/v1/chat/completions "HTTP/1.1 200 OK"
2026-09-18 13:37:26,340 - INFO - --- Episode 14, Step 2/100 ---
2026-09-18 13:37:36,091 - INFO - HTTP Request: POST http://127.0.0.1:22446/v1/chat/completions "HTTP/1.1 200 OK"
2026-09-18 13:37:36,669 - INFO - --- Episode 14, Step 3/100 ---
2026-09-18 13:37:37,376 - INFO - --- Episode 14, Step 4/100 ---
2026-09-18 13:37:38,352 - INFO - --- Episode 14, Step 5/100 ---
2026-09-18 13:37:39,093 - INFO - --- Episode 14, Step 6/100 ---
2026-09-18 13:37:39,843 - INFO - --- Episode 14, Step 7/100 ---
2026-09-18 13:37:49,424 - INFO - HTTP Request: POST http://127.0.0.1:22446/v1/chat/completions "HTTP/1.1 200 OK"
2026-09-18 13:37:50,113 - INFO - --- Episode 14, Step 8/100 ---
2026-09-18 13:37:50,726 - INFO - --- Episode 14, Step 9/100 ---
2026-09-18 13:37:51,469 - INFO - --- Episode 14, Step 10/100 ---
2026-09-18 13:37:52,017 - INFO - --- Episode 14, Step 11/100 ---
2026-09-18 13:37:52,369 - INFO - --- Episode 14, Step 12/100 ---
2026-09-18 13:37:52,980 - INFO - --- Episode 14, Step 13/100 ---
2026-09-18 13:37:53,357 - INFO - --- Episode 14, Step 14/100 ---
2026-09-18 13:38:09,854 - INFO - HTTP Request: POST http://127.0.0.1:22446/v1/chat/completions "HTTP/1.1 200 OK"
2026-09-18 13:38:10,731 - INFO - --- Episode 14, Step 15/100 ---
2026-09-18 13:38:11,316 - INFO - --- Episode 14, Step 16/100 ---
2026-09-18 13:38:11,866 - INFO - --- Episode 14, Step 17/100 ---
2026-09-18 13:38:12,499 - INFO - --- Episode 14, Step 18/100 ---
2026-09-18 13:38:13,129 - INFO - --- Episode 14, Step 19/100 ---
2026-09-18 13:38:14,128 - INFO - --- Episode 14, Step 20/100 ---
2026-09-18 13:38:38,808 - INFO - HTTP Request: POST http://127.0.0.1:22446/v1/chat/completions "HTTP/1.1 200 OK"
skipped waypoints: edge 5,  distance 6,  no_path 0,  occlusion 3

Action: stop
waypoints: 18
skipped waypoints: edge 5,  distance 6,  no_path 0,  occlusion 3

```json
{
"movement": "Move forward down the kitchen aisle, keeping the stove on the right and the fridge on the left.",
"observation": {
"front view": "I see the kitchen aisle continuing forward. The stove is on the right counter. The fridge is on the left wall. There is an opening/doorway at the end of the aisle.",
"left view": "A double sink is visible on the counter to my left (part of the island or side counter).",
"right view": "The stove and oven are visible on the right counter.",
"map": "I am in the kitchen aisle. Waypoint 1 is ahead in the aisle."
},
"thought": "I have entered the kitchen with the stove on my right (P3) and the fridge is on my left (P4). I need to continue forward to find the small sink and shelves mentioned in P5. Waypoint 1 is the next logical step down the aisle.",
"stuck": false,
"plan": "Move towards waypoint 1 to continue down the kitchen aisle.",
"curr_step": "Move forward to waypoint 1.",
"action": 1
}
```
Action: turn
Action: move_forward
Action: turn
Action: move_forward
Action: turn
Action: move_forward
Action: null
waypoints: 8
skipped waypoints: edge 1,  distance 3,  no_path 0,  occlusion 0
Action: stop
['Walk straight past the table and turn right to go between the kitchen counters', 'walk straight past the refrigerator into the pantry', 'stop halfway between the two shelves on the right.']
Initialized data for new floor level: 0
Switching pcds to floor level: 0
Initialized data for new floor level: 0
Switching pcds to floor level: 0
Initialized data for new floor level: 0
Switching pcds to floor level: 0
[StairDetect] normals=0.0027s, cpu=0.0002s, cluster=0.0150s, loop=0.0520s, total=0.0771s
waypoints: 2
skipped waypoints: edge 0,  distance 0,  no_path 0,  occlusion 0
```json
{
"movement": "I am currently facing a wall corner. To my right, there is a long dining table and a clear path leading towards the kitchen area in the distance.",
"observation": {
    "front view": "A white wall corner directly in front of me.",
    "left view": "A large window looking out onto greenery.",
    "right view": "A long wooden dining table with chairs on the right side, and a path leading straight ahead towards a kitchen area with counters and appliances.",
    "map": "I am at the start position near a wall. The kitchen is further along the path to the right of my current orientation."
},
"thought": "The instruction is to 'Walk straight past the table and turn right'. Currently, I am facing a wall. The table and the path past it are visible in my right view. To begin walking past the table, I need to orient myself towards that path. Therefore, I should turn right to face down the length of the room alongside the table.",
"stuck": false,
"plan": "Turn right to face the path alongside the dining table. Then walk straight forward past the table towards the kitchen counters.",
"curr_step": "I need to turn right to align with the path shown in the right view.",
"action": "R"
}
```
Calculated floor height difference: 2.65m
Action: turn
waypoints: 29
skipped waypoints: edge 0,  distance 16,  no_path 0,  occlusion 10
```json
{
"movement": "I turned right to face the dining area and kitchen. I am now positioned at the start of the path alongside the dining table.",
"observation": {
    "front view": "A wall/window frame is on the left, and a long dining table is on the right. Waypoints 1, 2, and 3 are visible ahead along the path between them.",
    "left view": "A large window looking out onto greenery.",
    "right view": "The dining table and the kitchen area in the background.",
    "map": "I am at the start position. Waypoints 1, 2, and 3 are located along the path next to the dining table, leading towards the kitchen."
},
"thought": "The instruction is to walk straight past the table. I am currently facing the correct direction with the path clearly visible ahead (waypoints 1, 2, 3). I need to proceed forward along this path to get past the table and eventually turn right into the kitchen counters.",
"stuck": false,
"plan": "Move forward along the path next to the dining table towards the kitchen area. I will aim for waypoint 1 first.",
"curr_step": "I am at the start of the path. Waypoint 1 is the immediate next step to progress past the table.",
"action": 1
}
```
Action: turn
Action: move_forward
Action: move_forward
Action: null
Action: turn
waypoints: 28
skipped waypoints: edge 2,  distance 18,  no_path 0,  occlusion 5
```json
{
"movement": "I have moved forward alongside the dining table, keeping it on my right. I am now approaching the end of the table.",
"observation": {
    "front view": "The path continues straight ahead towards the kitchen area. The dining table ends on my right. Waypoints 1 and 2 are visible further down the path.",
    "left view": "A large window looking out onto a deck/patio area.",
    "right view": "The end of the long wooden dining table and a white sideboard against the wall.",
    "map": "I am moving along the path between the window (left) and the dining table (right). The kitchen is ahead."
},
"thought": "I am currently walking past the dining table as instructed. I need to continue forward until I am past the table, then turn right into the kitchen area. Waypoint 1 is directly ahead on my path.",
"stuck": false,
"plan": "Continue moving forward along the path next to the dining table towards the kitchen. Once I pass the table, I will turn right between the counters.",
"curr_step": "I am approaching waypoint 1. I need to reach it and continue past the table.",
"action": 1
}
```
Action: turn
Action: move_forward
Action: turn
Action: move_forward
Action: turn
Action: move_forward
Action: null
waypoints: 40
skipped waypoints: edge 2,  distance 21,  no_path 0,  occlusion 5
```json
{
"movement": "I have walked past the dining table and am now in the open space between the living room and the kitchen. I am facing the kitchen island.",
"observation": {
    "front view": "I see the white kitchen island ahead and slightly to the right. To the left is the living room with a sofa. To the right are the back kitchen counters.",
    "left view": "The living room area with a large grey sofa and coffee table.",
    "right view": "The dining table I just passed and a wall with framed pictures.",
    "map": "I am near the entrance to the kitchen. Waypoint 4 is directly ahead, leading between the island and the back counter."
},
"thought": "I have completed the 'walk straight past the table' part. Now I need to 'turn right to go between the kitchen counters'. The path forward towards waypoint 4 leads directly into the gap between the island and the back wall counters.",
"stuck": false,
"plan": "Move forward towards the kitchen area, aiming for the space between the island and the back counter. Waypoint 4 is the best target for this.",
"curr_step": "I am approaching the kitchen entrance. Waypoint 4 is directly ahead in the gap between the counters.",
"action": 4
}
```
Action: move_forward
Action: turn
Action: move_forward
Action: turn
Action: move_forward
Action: null
waypoints: 23
skipped waypoints: edge 0,  distance 11,  no_path 0,  occlusion 10
2026-09-18 13:38:39,747 - INFO - --- Episode 14, Step 21/100 ---
2026-09-18 13:38:40,390 - INFO - --- Episode 14, Step 22/100 ---
2026-09-18 13:38:41,021 - INFO - --- Episode 14, Step 23/100 ---
2026-09-18 13:38:41,625 - INFO - --- Episode 14, Step 24/100 ---
2026-09-18 13:39:18,439 - INFO - HTTP Request: POST http://127.0.0.1:22446/v1/chat/completions "HTTP/1.1 200 OK"
2026-09-18 13:39:19,677 - INFO - --- Episode 14, Step 25/100 ---
2026-09-18 13:39:20,505 - INFO - --- Episode 14, Step 26/100 ---
2026-09-18 13:39:21,272 - INFO - --- Episode 14, Step 27/100 ---
2026-09-18 13:39:21,997 - INFO - --- Episode 14, Step 28/100 ---
2026-09-18 13:39:22,779 - INFO - --- Episode 14, Step 29/100 ---
2026-09-18 13:39:23,841 - INFO - --- Episode 14, Step 30/100 ---
2026-09-18 13:39:24,817 - INFO - --- Episode 14, Step 31/100 ---
2026-09-18 13:39:27,261 - INFO - --- Episode 14, Step 32/100 ---
2026-09-18 13:40:03,622 - INFO - HTTP Request: POST http://127.0.0.1:22446/v1/chat/completions "HTTP/1.1 200 OK"
2026-09-18 13:40:04,876 - INFO - --- Episode 14, Step 33/100 ---
2026-09-18 13:40:05,659 - INFO - --- Episode 14, Step 34/100 ---
2026-09-18 13:40:06,732 - INFO - --- Episode 14, Step 35/100 ---
2026-09-18 13:40:07,447 - INFO - --- Episode 14, Step 36/100 ---
2026-09-18 13:40:08,156 - INFO - --- Episode 14, Step 37/100 ---
2026-09-18 13:40:09,206 - INFO - --- Episode 14, Step 38/100 ---
2026-09-18 13:40:10,247 - INFO - --- Episode 14, Step 39/100 ---
2026-09-18 13:40:28,825 - INFO - HTTP Request: POST http://127.0.0.1:22446/v1/chat/completions "HTTP/1.1 200 OK"
2026-09-18 13:40:30,237 - INFO - --- Episode 14, Step 40/100 ---
2026-09-18 13:40:30,963 - INFO - --- Episode 14, Step 41/100 ---
2026-09-18 13:40:31,670 - INFO - --- Episode 14, Step 42/100 ---
2026-09-18 13:41:07,202 - INFO - HTTP Request: POST http://127.0.0.1:22446/v1/chat/completions "HTTP/1.1 200 OK"
2026-09-18 13:41:20,125 - INFO - HTTP Request: POST http://127.0.0.1:22446/v1/chat/completions "HTTP/1.1 200 OK"
2026-09-18 13:41:21,192 - INFO - --- Episode 14, Step 43/100 ---
2026-09-18 13:41:21,924 - INFO - --- Episode 14, Step 44/100 ---
2026-09-18 13:41:22,802 - INFO - --- Episode 14, Step 45/100 ---
2026-09-18 13:41:24,239 - INFO - --- Episode 14, Step 46/100 ---
2026-09-18 13:41:24,982 - INFO - --- Episode 14, Step 47/100 ---
2026-09-18 13:41:26,141 - INFO - --- Episode 14, Step 48/100 ---
2026-09-18 13:41:26,795 - INFO - --- Episode 14, Step 49/100 ---
2026-09-18 13:41:36,688 - INFO - HTTP Request: POST http://127.0.0.1:22446/v1/chat/completions "HTTP/1.1 400 Bad Request"
2026-09-18 13:41:37,889 - INFO - HTTP Request: POST http://127.0.0.1:22446/v1/chat/completions "HTTP/1.1 400 Bad Request"
2026-09-18 13:41:39,143 - INFO - HTTP Request: POST http://127.0.0.1:22446/v1/chat/completions "HTTP/1.1 400 Bad Request"
2026-09-18 13:41:41,251 - INFO - --- Episode 14, Step 50/100 ---
2026-09-18 13:42:07,225 - INFO - HTTP Request: POST http://127.0.0.1:22446/v1/chat/completions "HTTP/1.1 200 OK"
2026-09-18 13:42:09,017 - INFO - HTTP Request: POST http://127.0.0.1:22446/v1/chat/completions "HTTP/1.1 400 Bad Request"
2026-09-18 13:42:10,285 - INFO - HTTP Request: POST http://127.0.0.1:22446/v1/chat/completions "HTTP/1.1 400 Bad Request"
 30%|███       | 15/50 [2:05:47<3:46:58, 389.09s/it]Renderer: NVIDIA GeForce RTX 4090/PCIe/SSE2 by NVIDIA Corporation
OpenGL version: 4.6.0 NVIDIA 590.48.01
Using optional features:
    GL_ARB_vertex_array_object
    GL_ARB_separate_shader_objects
    GL_ARB_robustness
    GL_ARB_texture_storage
    GL_ARB_texture_view
    GL_ARB_framebuffer_no_attachments
    GL_ARB_invalidate_subdata
    GL_ARB_texture_storage_multisample
    GL_ARB_multi_bind
    GL_ARB_direct_state_access
    GL_ARB_get_texture_sub_image
    GL_ARB_texture_filter_anisotropic
    GL_KHR_debug
    GL_KHR_parallel_shader_compile
    GL_NV_depth_buffer_float
Using driver workarounds:
    no-forward-compatible-core-context
    nv-egl-incorrect-gl11-function-pointers
    no-layout-qualifiers-on-old-glsl
    nv-zero-context-profile-mask
    nv-implementation-color-read-format-dsa-broken
    nv-cubemap-inconsistent-compressed-image-size
    nv-cubemap-broken-full-compressed-image-query
    nv-compressed-block-size-in-bits
[13:42:15:232958]:[Warning]:[Metadata] SceneDatasetAttributes.cpp(107)::addNewSceneInstanceToDataset : Dataset : 'default' : Lighting Layout Attributes 'no_lights' specified in Scene Attributes but does not exist in dataset, so creating default.
2026-09-18 13:42:26,611 - INFO - Simulator initialized!
2026-09-18 13:42:59,069 - INFO - HTTP Request: POST http://127.0.0.1:22446/v1/chat/completions "HTTP/1.1 200 OK"
2026-09-18 13:42:59,629 - INFO - --- Episode 15, Step 1/100 ---
2026-09-18 13:46:12,333 - INFO - HTTP Request: POST http://127.0.0.1:22446/v1/chat/completions "HTTP/1.1 200 OK"
2026-09-18 13:49:17,978 - INFO - HTTP Request: POST http://127.0.0.1:22446/v1/chat/completions "HTTP/1.1 200 OK"
2026-09-18 13:50:31,118 - INFO - HTTP Request: POST http://127.0.0.1:22446/v1/chat/completions "HTTP/1.1 200 OK"
```json
{
"movement": "I have walked past the dining table and am now at the end of the kitchen island. I am facing the side of the island with the back counter to my right.",
"observation": {
    "front view": "The kitchen island is on the left, and the back counter with cabinets is on the right. There is a walkway between them leading further into the kitchen. Waypoint 1 is visible in this walkway.",
    "left view": "The living room area with a large grey sofa.",
    "right view": "A wall with framed pictures and a hallway leading away.",
    "map": "I am at the end of the island (labeled workbench). The path forward leads between the island and the back counter towards the pantry area."
},
"thought": "I have completed walking past the table. The instruction says to 'turn right to go between the kitchen counters'. I am currently facing the side of the island. To go between the island and the back counter, I need to move into the gap ahead. Waypoint 1 is located in this gap. Moving towards it will take me between the counters as instructed.",
"stuck": false,
"plan": "Move forward into the kitchen aisle between the island and the back counter, aiming for waypoint 1.",
"curr_step": "I am at the entrance of the kitchen aisle. Waypoint 1 is directly ahead in the gap between the counters.",
"action": 1
}
```
Action: turn
Action: move_forward
Action: null
Action: turn
waypoints: 12
skipped waypoints: edge 1,  distance 5,  no_path 0,  occlusion 1
```json
{
"movement": "I have walked past the dining table and am now at the entrance of the kitchen area. I am facing the aisle between the kitchen island and the back counter.",
"observation": {
    "front view": "The kitchen aisle is ahead, with the island on the left and the back counter on the right. Waypoint 3 is visible in the middle of this aisle.",
    "left view": "The living room area with a sofa and TV.",
    "right view": "A wall with artwork and a doorway leading to another room.",
    "map": "I am near the end of the island (workbench). Waypoint 3 is located in the gap between the island and the back counter."
},
"thought": "I have completed walking past the table. The instruction says to 'turn right to go between the kitchen counters'. I am now at the entrance of the kitchen. To go between the counters, I need to enter the aisle ahead. Waypoint 3 is located in this aisle.",
"stuck": false,
"plan": "Move forward into the kitchen aisle towards waypoint 3 to go between the counters.",
"curr_step": "I am at the entrance of the kitchen aisle. Waypoint 3 is directly ahead in the gap between the counters.",
"action": 3
}
```
Action: turn
Action: move_forward
Action: turn
Action: move_forward
Action: turn
Action: move_forward
Action: null
Action: turn
waypoints: 18
skipped waypoints: edge 5,  distance 6,  no_path 0,  occlusion 3
```json
{
"movement": "I have walked past the dining table and entered the kitchen aisle between the island and the back counter. I am currently facing down the aisle with the refrigerator on my left and the stove/counter on my right.",
"observation": {
    "front view": "The kitchen aisle continues straight ahead. A large stainless steel refrigerator is on the left side of the aisle. The path leads towards a doorway or opening further down.",
    "left view": "The kitchen island with a sink and stools, and the living room beyond.",
    "right view": "The back kitchen counter with a stove, oven, and grey tiled backsplash.",
    "map": "I am in the kitchen aisle. Waypoint 1 is directly ahead in the path. The refrigerator is to the left of the path."
},
"thought": "I have completed the first part of the instruction ('Walk straight past the table and turn right to go between the kitchen counters'). I am now positioned in the aisle. The next part of the instruction is 'walk straight past the refrigerator into the pantry'. The refrigerator is clearly visible on the left. I need to continue moving forward down this aisle to pass it.",
"stuck": false,
"plan": "Move forward down the kitchen aisle, passing the refrigerator on my left, towards the pantry area at the end of the aisle.",
"curr_step": "I am in the middle of the kitchen aisle. Waypoint 1 is directly ahead and leads past the refrigerator.",
"action": 1
}
```
Action: turn
Action: move_forward
Action: turn
Action: move_forward
Action: turn
Action: move_forward
Action: null
waypoints: 8
skipped waypoints: edge 1,  distance 3,  no_path 0,  occlusion 0
```json
{
"movement": "I have walked past the dining table and entered the kitchen aisle. I am currently walking alongside the large stainless steel refrigerator on my left and the built-in ovens on my right.",
"observation": {
    "front view": "The aisle continues straight ahead towards a doorway. Waypoints 1, 2, and 3 are visible on the floor leading towards that doorway. The refrigerator is on the immediate left.",
    "left view": "A large stainless steel refrigerator is very close on my left.",
    "right view": "Built-in ovens and kitchen counters are on my right.",
    "map": "I am in the narrow kitchen aisle between the island (now behind/left) and the back counter. The path leads straight to a doorway."
},
"thought": "I have completed the first part of the instruction ('Walk straight past the table and turn right to go between the kitchen counters'). I am now in the process of 'walking straight past the refrigerator into the pantry'. The refrigerator is on my left, and the path ahead leads towards the pantry area. I need to continue moving forward.",
"stuck": false,
"plan": "Continue walking straight down the aisle, passing the refrigerator on the left, towards the doorway at the end of the aisle which likely leads into the pantry.",
"curr_step": "I am in the middle of the kitchen aisle. Waypoint 1 is directly ahead and leads past the refrigerator.",
"action": 1
}
```
Action: turn
Action: move_forward
Action: null
waypoints: 8
skipped waypoints: edge 1,  distance 4,  no_path 0,  occlusion 0

```json
{
"movement": "I have walked past the dining table and entered the kitchen aisle. I am currently walking alongside the large stainless steel refrigerator on my left and the built-in ovens on my right.",
"observation": {
    "front view": "The aisle continues straight ahead towards a doorway. Waypoints 1 and 2 are visible on the floor leading towards that doorway. The refrigerator is on the immediate left.",
    "left view": "A large stainless steel refrigerator is very close on my left.",
    "right view": "Built-in ovens and kitchen counters are on my right.",
    "map": "I am in the narrow kitchen aisle between the island (now behind/left) and the back counter. The path leads straight to a doorway."
},
"thought": "I have completed the first part of the instruction ('Walk straight past the table and turn right to go between the kitchen counters'). I am now in the process of 'walking straight past the refrigerator into the pantry'. The refrigerator is on my left, and the path ahead leads towards the pantry area. I need to continue moving forward.",
"stuck": false,
"plan": "Continue walking straight down the aisle, passing the refrigerator on the left, towards the doorway at the end of the aisle which likely leads into the pantry.",
"curr_step": "I am in the middle of the kitchen aisle. Waypoint 1 is directly ahead and leads past the refrigerator.",
"action": 1
}
```
Action: turn
Action: move_forward
Action: turn
Action: move_forward
Action: turn
Action: move_forward
Action: null
waypoints: 21
skipped waypoints: edge 4,  distance 7,  no_path 0,  occlusion 3
Action: stop
waypoints: 21
skipped waypoints: edge 4,  distance 7,  no_path 0,  occlusion 3

Action: stop
['turn round and walk past the billiard table', 'walk straight on, stop by the window.']
Initialized data for new floor level: 0
Switching pcds to floor level: 0
Initialized data for new floor level: 0
Switching pcds to floor level: 0
Initialized data for new floor level: 0
Switching pcds to floor level: 0
waypoints: 32
skipped waypoints: edge 2,  distance 19,  no_path 2,  occlusion 5


2026-09-18 13:50:31,698 - INFO - --- Episode 15, Step 2/100 ---
2026-09-18 13:50:32,886 - INFO - --- Episode 15, Step 3/100 ---
2026-09-18 13:50:33,774 - INFO - --- Episode 15, Step 4/100 ---
2026-09-18 13:50:35,187 - INFO - --- Episode 15, Step 5/100 ---
2026-09-18 13:50:36,358 - INFO - --- Episode 15, Step 6/100 ---
2026-09-18 13:50:38,437 - INFO - --- Episode 15, Step 7/100 ---
2026-09-18 13:50:39,765 - INFO - --- Episode 15, Step 8/100 ---
2026-09-18 13:50:41,282 - INFO - --- Episode 15, Step 9/100 ---
2026-09-18 13:50:42,913 - INFO - --- Episode 15, Step 10/100 ---
2026-09-18 13:50:44,476 - INFO - --- Episode 15, Step 11/100 ---
2026-09-18 13:52:41,473 - INFO - HTTP Request: POST http://127.0.0.1:22446/v1/chat/completions "HTTP/1.1 200 OK"
2026-09-18 13:53:06,500 - INFO - HTTP Request: POST http://127.0.0.1:22446/v1/chat/completions "HTTP/1.1 200 OK"
2026-09-18 13:53:07,687 - INFO - --- Episode 15, Step 12/100 ---
2026-09-18 13:53:08,514 - INFO - --- Episode 15, Step 13/100 ---
2026-09-18 13:53:09,358 - INFO - --- Episode 15, Step 14/100 ---
2026-09-18 13:53:10,569 - INFO - --- Episode 15, Step 15/100 ---
2026-09-18 13:53:11,326 - INFO - --- Episode 15, Step 16/100 ---
2026-09-18 13:53:12,284 - INFO - --- Episode 15, Step 17/100 ---
2026-09-18 13:53:12,918 - INFO - --- Episode 15, Step 18/100 ---
2026-09-18 13:53:13,827 - INFO - --- Episode 15, Step 19/100 ---
2026-09-18 13:53:14,859 - INFO - --- Episode 15, Step 20/100 ---
2026-09-18 13:53:15,800 - INFO - --- Episode 15, Step 21/100 ---
2026-09-18 13:53:16,583 - INFO - --- Episode 15, Step 22/100 ---
2026-09-18 13:53:17,573 - INFO - --- Episode 15, Step 23/100 ---
2026-09-18 13:53:18,329 - INFO - --- Episode 15, Step 24/100 ---
2026-09-18 13:53:19,818 - INFO - --- Episode 15, Step 25/100 ---
2026-09-18 13:53:20,934 - INFO - --- Episode 15, Step 26/100 ---
2026-09-18 13:53:44,770 - INFO - HTTP Request: POST http://127.0.0.1:22446/v1/chat/completions "HTTP/1.1 200 OK"
2026-09-18 13:53:45,621 - INFO - --- Episode 15, Step 27/100 ---
2026-09-18 13:53:46,823 - INFO - --- Episode 15, Step 28/100 ---
2026-09-18 13:53:47,498 - INFO - --- Episode 15, Step 29/100 ---
2026-09-18 13:53:48,627 - INFO - --- Episode 15, Step 30/100 ---
2026-09-18 13:53:49,445 - INFO - --- Episode 15, Step 31/100 ---
2026-09-18 13:53:50,051 - INFO - --- Episode 15, Step 32/100 ---
2026-09-18 13:53:50,795 - INFO - --- Episode 15, Step 33/100 ---
2026-09-18 13:53:51,563 - INFO - --- Episode 15, Step 34/100 ---
2026-09-18 13:54:44,426 - INFO - HTTP Request: POST http://127.0.0.1:22446/v1/chat/completions "HTTP/1.1 200 OK"
2026-09-18 13:54:45,726 - INFO - --- Episode 15, Step 35/100 ---
2026-09-18 13:54:46,276 - INFO - --- Episode 15, Step 36/100 ---
2026-09-18 13:54:47,113 - INFO - --- Episode 15, Step 37/100 ---
 32%|███▏      | 16/50 [2:18:24<4:43:14, 499.85s/it]Renderer: NVIDIA GeForce RTX 4090/PCIe/SSE2 by NVIDIA Corporation
OpenGL version: 4.6.0 NVIDIA 590.48.01
Using optional features:
    GL_ARB_vertex_array_object
    GL_ARB_separate_shader_objects
    GL_ARB_robustness
    GL_ARB_texture_storage
    GL_ARB_texture_view
    GL_ARB_framebuffer_no_attachments
    GL_ARB_invalidate_subdata
    GL_ARB_texture_storage_multisample
    GL_ARB_multi_bind
    GL_ARB_direct_state_access
    GL_ARB_get_texture_sub_image
    GL_ARB_texture_filter_anisotropic
    GL_KHR_debug
    GL_KHR_parallel_shader_compile
    GL_NV_depth_buffer_float
Using driver workarounds:
    no-forward-compatible-core-context
    nv-egl-incorrect-gl11-function-pointers
    no-layout-qualifiers-on-old-glsl
    nv-zero-context-profile-mask
    nv-implementation-color-read-format-dsa-broken
    nv-cubemap-inconsistent-compressed-image-size
    nv-cubemap-broken-full-compressed-image-query
    nv-compressed-block-size-in-bits
[13:54:52:293551]:[Warning]:[Metadata] SceneDatasetAttributes.cpp(107)::addNewSceneInstanceToDataset : Dataset : 'default' : Lighting Layout Attributes 'no_lights' specified in Scene Attributes but does not exist in dataset, so creating default.
2026-09-18 13:55:03,877 - INFO - Simulator initialized!
2026-09-18 13:55:19,722 - INFO - HTTP Request: POST http://127.0.0.1:22446/v1/chat/completions "HTTP/1.1 200 OK"
2026-09-18 13:55:20,435 - INFO - --- Episode 16, Step 1/100 ---
2026-09-18 13:58:41,488 - INFO - HTTP Request: POST http://127.0.0.1:22446/v1/chat/completions "HTTP/1.1 200 OK"
2026-09-18 13:59:00,172 - INFO - HTTP Request: POST http://127.0.0.1:22446/v1/chat/completions "HTTP/1.1 200 OK"
```json
{
"movement": "I am currently facing a large wooden cabinet with a dining table to my left and a billiard table visible in the distance ahead-left. I need to move into the open space of the room towards the billiard table.",
"observation": {
    "front view": "A large wooden cabinet is directly in front, slightly to the right. To the left, there is an open floor area leading towards a red billiard table in the distance. Large windows are visible on the left wall.",
    "left view": "A round dining table with chairs is visible, along with large arched windows looking outside.",
    "right view": "The side of the large wooden cabinet and a window are visible.",
    "map": "I am near the 'START' point. Waypoint 2 is in the open space ahead, leading towards the billiard table area."
},
"thought": "The instruction is to 'turn round and walk past the billiard table'. The billiard table is visible in the front view, slightly to the left, in the distance. I am currently facing a cabinet. To walk past it, I need to move into the room towards it. Waypoint 2 is located in the open space directly ahead/left, which aligns with the path towards the billiard table. Moving to waypoint 2 will put me in the middle of the room, allowing me to then walk past the billiard table.",
"stuck": false,
"plan": "Move towards waypoint 2 to enter the main area of the room and approach the billiard table.",
"curr_step": "I need to move forward into the room. Waypoint 2 is the most direct path towards the billiard table from my current position.",
"action": 2
}
```
Calculated floor height difference: 3.66m
Action: turn
Action: move_forward
Action: turn
Action: move_forward
Action: turn
Action: move_forward
Action: turn
Action: move_forward
Action: null
Action: turn
waypoints: 34
skipped waypoints: edge 3,  distance 13,  no_path 0,  occlusion 14

```json
{
"movement": "I have turned around and am now facing the billiard table. I am positioned near one end of the table. To follow the instruction 'walk past the billiard table' and prepare for the next subtask 'stop by the window', I need to move towards the windows which are on the left side of the room.",
"observation": {
    "front view": "The red billiard table is directly in front of me. To the left, there are large glass doors/windows looking outside. To the right, there is a wooden cabinet and a doorway leading to another room.",
    "left view": "Large windows/doors are visible on the left wall.",
    "right view": "A wooden cabinet and a doorway to a living area are visible.",
    "map": "I am near the billiard table (orange rectangle). Waypoint 4 is located near the windows on the left side of the room, past the billiard table."
},
"thought": "The current subtask P1 is 'turn round and walk past the billiard table'. I have already turned around to face the table. Now I need to walk past it. The next subtask P2 is 'walk straight on, stop by the window'. The windows are on the left side of the room (visible in the front view). Therefore, I should move towards the left side of the room, passing the billiard table. Waypoint 4 is located near the windows on the left, which aligns with both walking past the table and heading towards the window.",
"stuck": false,
"plan": "Move towards waypoint 4 to walk past the billiard table and approach the windows for the next subtask.",
"curr_step": "I am currently facing the billiard table. To pass it and head towards the windows, I should move forward and slightly left towards waypoint 4.",
"action": 4
}
```
Action: turn
Action: move_forward
Action: turn
Action: move_forward
Action: turn
Action: move_forward
Action: turn
Action: move_forward
Action: move_forward
Action: move_forward
Action: move_forward
Action: move_forward
Action: move_forward
Action: move_forward
detected agent stuck, last8 steps position changes: [0.0, 0.01795124, 0.0, 0.0, 0.0, 0.0, 0.0, 0.0]
Action: turn
detected agent stuck, last8 steps position changes: [0.01795124, 0.0, 0.0, 0.0, 0.0, 0.0, 0.0, 0.0]
waypoints: 16
skipped waypoints: edge 1,  distance 5,  no_path 0,  occlusion 5
```json
{
"movement": "I have turned right to face down the length of the room, with the billiard table on my right and the large windows on my left. I am now positioned to walk straight along the window side.",
"observation": {
    "front view": "I see the long room extending ahead. The billiard table is on the right. Large glass doors/windows line the left wall.",
    "left view": "Large glass windows/doors looking out onto a patio/garden area are immediately to my left.",
    "right view": "The red billiard table is visible to my right, along with a seating area further down.",
    "map": "I am near waypoint 4. Waypoint 1 is located just ahead of me along the wall with the windows."
},
"thought": "I have completed the 'turn round' part and walked past the billiard table (P1). Now I need to execute P2: 'walk straight on, stop by the window'. Since the windows are on my left, moving forward towards waypoint 1 will take me further along the window wall, fulfilling the instruction to walk straight and stop by the window.",
"stuck": false,
"plan": "Move forward towards waypoint 1 to continue walking straight along the window side of the room.",
"curr_step": "I am facing down the room. Waypoint 1 is the next logical step to progress along the windows.",
"action": 1
}
```
Action: turn
Action: move_forward
Action: move_forward
Action: move_forward
Action: move_forward
Action: move_forward
Action: move_forward
Action: move_forward
detected agent stuck, last8 steps position changes: [0.0, 0.0, 0.0, 0.0, 0.0, 0.0, 0.0, 0.0]
waypoints: 17
skipped waypoints: edge 1,  distance 5,  no_path 0,  occlusion 6
```json
{
"movement": "I have turned around and am now walking alongside the billiard table, which is on my right. The large windows are on my left. I am moving forward along the rug towards the far end of the room.",
"observation": {
    "front view": "The path ahead continues along the window wall. The billiard table is visible to the right. Waypoint 1 is located further ahead near the windows.",
    "left view": "Large glass doors/windows looking out onto a patio/garden area are immediately to my left.",
    "right view": "The red billiard table is visible to my right, along with a seating area further down.",
    "map": "I am near the billiard table (orange rectangle). Waypoint 1 is located further up the window wall, which is the direction I need to go to walk past the table and reach the windows."
},
"thought": "I have completed the 'turn round' part of P1. I am currently walking past the billiard table. To complete P1 ('walk past') and start P2 ('walk straight on, stop by window'), I need to continue moving forward along the window wall. Waypoint 1 is ahead of me in this direction and will take me further past the billiard table towards the windows.",
"stuck": false,
"plan": "Move towards waypoint 1 to continue walking past the billiard table and approach the windows for the next subtask.",
"curr_step": "I am currently alongside the billiard table. Moving to waypoint 1 will take me further down the room, effectively 'walking past' the table and 'straight on' towards the window area.",
"action": 1
}
```
Action: move_forward
Action: move_forward
Action: move_forward
Action: stop
['Travel to the window overlooking the garden on the opposite end of the billiard room.']
Initialized data for new floor level: 0
Switching pcds to floor level: 0
Initialized data for new floor level: 0
Switching pcds to floor level: 0
Initialized data for new floor level: 0
Switching pcds to floor level: 0
waypoints: 32
skipped waypoints: edge 2,  distance 19,  no_path 2,  occlusion 5

2026-09-18 13:59:00,702 - INFO - --- Episode 16, Step 2/100 ---
2026-09-18 13:59:01,603 - INFO - --- Episode 16, Step 3/100 ---
2026-09-18 13:59:02,477 - INFO - --- Episode 16, Step 4/100 ---
2026-09-18 13:59:03,831 - INFO - --- Episode 16, Step 5/100 ---
2026-09-18 13:59:05,006 - INFO - --- Episode 16, Step 6/100 ---
2026-09-18 13:59:05,998 - INFO - --- Episode 16, Step 7/100 ---
2026-09-18 13:59:06,907 - INFO - --- Episode 16, Step 8/100 ---
2026-09-18 13:59:07,778 - INFO - --- Episode 16, Step 9/100 ---
2026-09-18 13:59:08,907 - INFO - --- Episode 16, Step 10/100 ---
2026-09-18 13:59:09,800 - INFO - --- Episode 16, Step 11/100 ---
2026-09-18 13:59:23,556 - INFO - HTTP Request: POST http://127.0.0.1:22446/v1/chat/completions "HTTP/1.1 200 OK"
2026-09-18 13:59:24,577 - INFO - --- Episode 16, Step 12/100 ---
2026-09-18 13:59:25,171 - INFO - --- Episode 16, Step 13/100 ---
2026-09-18 13:59:25,849 - INFO - --- Episode 16, Step 14/100 ---
2026-09-18 13:59:26,682 - INFO - --- Episode 16, Step 15/100 ---
2026-09-18 13:59:27,387 - INFO - --- Episode 16, Step 16/100 ---
2026-09-18 13:59:27,976 - INFO - --- Episode 16, Step 17/100 ---
2026-09-18 13:59:28,583 - INFO - --- Episode 16, Step 18/100 ---
2026-09-18 13:59:28,956 - INFO - --- Episode 16, Step 19/100 ---
2026-09-18 13:59:29,710 - INFO - --- Episode 16, Step 20/100 ---
2026-09-18 13:59:30,346 - INFO - --- Episode 16, Step 21/100 ---
2026-09-18 13:59:30,952 - INFO - --- Episode 16, Step 22/100 ---
2026-09-18 13:59:31,533 - INFO - --- Episode 16, Step 23/100 ---
2026-09-18 13:59:32,240 - INFO - --- Episode 16, Step 24/100 ---
2026-09-18 13:59:33,000 - INFO - --- Episode 16, Step 25/100 ---
2026-09-18 13:59:33,639 - INFO - --- Episode 16, Step 26/100 ---
2026-09-18 13:59:50,305 - INFO - HTTP Request: POST http://127.0.0.1:22446/v1/chat/completions "HTTP/1.1 200 OK"
2026-09-18 13:59:50,972 - INFO - --- Episode 16, Step 27/100 ---
2026-09-18 14:00:05,173 - INFO - HTTP Request: POST http://127.0.0.1:22446/v1/chat/completions "HTTP/1.1 200 OK"
 34%|███▍      | 17/50 [2:23:39<4:04:25, 444.42s/it]Renderer: NVIDIA GeForce RTX 4090/PCIe/SSE2 by NVIDIA Corporation
OpenGL version: 4.6.0 NVIDIA 590.48.01
Using optional features:
    GL_ARB_vertex_array_object
    GL_ARB_separate_shader_objects
    GL_ARB_robustness
    GL_ARB_texture_storage
    GL_ARB_texture_view
    GL_ARB_framebuffer_no_attachments
    GL_ARB_invalidate_subdata
    GL_ARB_texture_storage_multisample
    GL_ARB_multi_bind
    GL_ARB_direct_state_access
    GL_ARB_get_texture_sub_image
    GL_ARB_texture_filter_anisotropic
    GL_KHR_debug
    GL_KHR_parallel_shader_compile
    GL_NV_depth_buffer_float
Using driver workarounds:
    no-forward-compatible-core-context
    nv-egl-incorrect-gl11-function-pointers
    no-layout-qualifiers-on-old-glsl
    nv-zero-context-profile-mask
    nv-implementation-color-read-format-dsa-broken
    nv-cubemap-inconsistent-compressed-image-size
    nv-cubemap-broken-full-compressed-image-query
    nv-compressed-block-size-in-bits
[14:00:07:805887]:[Warning]:[Metadata] SceneDatasetAttributes.cpp(107)::addNewSceneInstanceToDataset : Dataset : 'default' : Lighting Layout Attributes 'no_lights' specified in Scene Attributes but does not exist in dataset, so creating default.
2026-09-18 14:00:18,782 - INFO - Simulator initialized!
2026-09-18 14:00:44,083 - INFO - HTTP Request: POST http://127.0.0.1:22446/v1/chat/completions "HTTP/1.1 200 OK"
2026-09-18 14:00:44,726 - INFO - --- Episode 17, Step 1/100 ---
2026-09-18 14:00:58,083 - INFO - HTTP Request: POST http://127.0.0.1:22446/v1/chat/completions "HTTP/1.1 200 OK"
```json
{
"movement": "I am currently standing near a large wooden cabinet and a round table. I have not moved yet in this step.",
"observation": {
    "front view": "I see a billiard table with a red felt top further ahead in the room. To the left of the billiard table, there are large glass doors/windows looking out onto a garden. To my right is a large wooden cabinet.",
    "left view": "I see a round wooden table and large glass windows/doors overlooking greenery outside.",
    "right view": "I am very close to a large wooden cabinet/wardrobe and a chair tucked into the corner near a window.",
    "map": "The map shows my starting position (START) near a chair. The billiard table (labeled 'desk' in pink) is further up the room. Waypoints 1, 2, 3, 4 are scattered around the central area."
},
"thought": "The instruction asks me to travel to the window overlooking the garden on the opposite end of the billiard room. Looking at the front view, the billiard table is ahead and there are windows to its left. This suggests the target is further into the room, near those windows. I am currently near the start point. To get closer to the billiard table and the windows on that side, I need to move forward into the open space of the room. Waypoint 2 is located in the middle of the room, past the round table, which will put me in a better position to approach the windows near the billiard table.",
"stuck": false,
"plan": "Move forward towards the center of the room (waypoint 2) to get closer to the billiard table and the windows on the left wall at that end of the room.",
"curr_step": "I need to move from my current position near the cabinet/round table towards the open area near the billiard table. Waypoint 2 is the most logical next step to advance into the room.",
"action": 2
}
```
Calculated floor height difference: 3.66m
Action: turn
Action: move_forward
Action: turn
Action: move_forward
Action: turn
Action: move_forward
Action: turn
Action: move_forward
Action: null
Action: turn
waypoints: 34
skipped waypoints: edge 3,  distance 13,  no_path 0,  occlusion 14
```json
{
"movement": "I have moved past the billiard table and am now positioned near the far end of the room. The large windows/glass doors overlooking the garden are clearly visible on my left.",
"observation": {
    "front view": "I see the billiard table in front of me and arched doorways at the far end of the room. To the left are large glass doors/windows looking out onto a garden.",
    "left view": "Directly to my left are large glass doors/windows with a view of greenery outside.",
    "right view": "To my right is an opening into another room with wooden paneling and furniture.",
    "map": "The map shows the billiard table (labeled 'desk') in the center. Waypoint 4 is located at the far end of the room along the left wall, near the windows."
},
"thought": "The instruction is to travel to the window overlooking the garden on the opposite end of the billiard room. I am currently near the billiard table. The windows are on the left wall. Waypoint 4 is located right next to these windows at the far end of the room. This is the target location.",
"stuck": false,
"plan": "Move towards waypoint 4 which is located next to the glass doors/windows on the left side of the room.",
"curr_step": "I need to move from my current position near the billiard table towards the windows on the left. Waypoint 4 is the closest point to the target window.",
"action": 4
}
```
Action: turn
Action: move_forward
Action: turn
Action: move_forward
Action: turn
Action: move_forward
Action: turn
Action: move_forward
Action: move_forward
Action: move_forward
Action: move_forward
Action: move_forward
Action: move_forward
Action: move_forward
detected agent stuck, last8 steps position changes: [0.0, 0.01787067, 0.0, 0.0, 0.0, 0.0, 0.0, 0.0]
Action: turn
detected agent stuck, last8 steps position changes: [0.01787067, 0.0, 0.0, 0.0, 0.0, 0.0, 0.0, 0.0]
waypoints: 16
skipped waypoints: edge 1,  distance 5,  no_path 0,  occlusion 5
```json
{
"movement": "I have navigated past the billiard table and reached the far end of the room, positioning myself directly next to the large glass windows/doors that overlook the garden.",
"observation": {
    "front view": "I am facing a wall of large glass windows/doors looking out onto a garden with greenery. To my right is the billiard table.",
    "left view": "The glass windows continue along the wall to my left.",
    "right view": "I see the billiard table and the rest of the room extending back towards where I came from.",
    "map": "The map shows me near waypoint 4, which is at the far end of the room along the windowed wall."
},
"thought": "The instruction was to travel to the window overlooking the garden on the opposite end of the billiard room. I have successfully reached this location. I am standing right next to the windows looking out at the garden.",
"stuck": false,
"plan": "The task is complete as I have reached the specified destination.",
"curr_step": "Subtask P1 is completed. I am at the window overlooking the garden.",
"action": -1
}
```
Action: stop
waypoints: 16
skipped waypoints: edge 1,  distance 5,  no_path 0,  occlusion 5
```json
{
"movement": "I have successfully navigated to the far end of the billiard room and am now standing directly next to the large glass windows/doors overlooking the garden.",
"observation": {
    "front view": "I see the large glass windows/doors with a clear view of the garden outside. The billiard table is visible further back in the room to my right.",
    "left view": "Directly to my left are the glass panes looking out onto the greenery and patio area.",
    "right view": "I see the billiard table and the rest of the room extending back towards the entrance.",
    "map": "The map shows my position (red triangle) is right next to waypoint 4, which is located along the windowed wall at the far end of the room."
},
"thought": "The instruction was to travel to the window overlooking the garden on the opposite end of the billiard room. I have reached this exact location. I am standing right next to the windows looking out at the garden.",
"stuck": false,
"plan": "The task is complete as I have reached the specified destination.",
"curr_step": "Subtask P1 is completed. I am at the window overlooking the garden.",
"action": -1
}
```
Action: stop
['Walk across the room, past the pool table on your left side as you walk.', 'Stop in front of the television mounted on the wall across from the couch.']
Initialized data for new floor level: 0
Switching pcds to floor level: 0
Initialized data for new floor level: 0
Switching pcds to floor level: 0
Initialized data for new floor level: 0
Switching pcds to floor level: 0
waypoints: 32
skipped waypoints: edge 2,  distance 19,  no_path 2,  occlusion 5
2026-09-18 14:00:58,735 - INFO - --- Episode 17, Step 2/100 ---
2026-09-18 14:01:00,735 - INFO - --- Episode 17, Step 3/100 ---
2026-09-18 14:01:02,157 - INFO - --- Episode 17, Step 4/100 ---
2026-09-18 14:01:03,843 - INFO - --- Episode 17, Step 5/100 ---
2026-09-18 14:01:05,503 - INFO - --- Episode 17, Step 6/100 ---
2026-09-18 14:01:07,139 - INFO - --- Episode 17, Step 7/100 ---
2026-09-18 14:01:08,510 - INFO - --- Episode 17, Step 8/100 ---
2026-09-18 14:01:09,834 - INFO - --- Episode 17, Step 9/100 ---
2026-09-18 14:01:13,106 - INFO - --- Episode 17, Step 10/100 ---
2026-09-18 14:01:14,528 - INFO - --- Episode 17, Step 11/100 ---
2026-09-18 14:03:46,483 - INFO - HTTP Request: POST http://127.0.0.1:22446/v1/chat/completions "HTTP/1.1 200 OK"
2026-09-18 14:04:06,045 - INFO - HTTP Request: POST http://127.0.0.1:22446/v1/chat/completions "HTTP/1.1 200 OK"
2026-09-18 14:04:07,879 - INFO - --- Episode 17, Step 12/100 ---
2026-09-18 14:04:08,676 - INFO - --- Episode 17, Step 13/100 ---
2026-09-18 14:04:10,272 - INFO - --- Episode 17, Step 14/100 ---
2026-09-18 14:04:12,317 - INFO - --- Episode 17, Step 15/100 ---
2026-09-18 14:04:13,297 - INFO - --- Episode 17, Step 16/100 ---
2026-09-18 14:04:15,650 - INFO - --- Episode 17, Step 17/100 ---
2026-09-18 14:04:17,383 - INFO - --- Episode 17, Step 18/100 ---
2026-09-18 14:04:19,438 - INFO - --- Episode 17, Step 19/100 ---
2026-09-18 14:06:21,743 - INFO - HTTP Request: POST http://127.0.0.1:22446/v1/chat/completions "HTTP/1.1 200 OK"
2026-09-18 14:07:02,637 - INFO - HTTP Request: POST http://127.0.0.1:22446/v1/chat/completions "HTTP/1.1 200 OK"
2026-09-18 14:07:03,852 - INFO - --- Episode 17, Step 20/100 ---
2026-09-18 14:07:04,743 - INFO - --- Episode 17, Step 21/100 ---
2026-09-18 14:07:06,213 - INFO - --- Episode 17, Step 22/100 ---
2026-09-18 14:07:08,251 - INFO - --- Episode 17, Step 23/100 ---
2026-09-18 14:07:09,563 - INFO - --- Episode 17, Step 24/100 ---
2026-09-18 14:07:11,618 - INFO - --- Episode 17, Step 25/100 ---
2026-09-18 14:07:13,749 - INFO - --- Episode 17, Step 26/100 ---
2026-09-18 14:07:15,065 - INFO - --- Episode 17, Step 27/100 ---
2026-09-18 14:07:50,369 - INFO - HTTP Request: POST http://127.0.0.1:22446/v1/chat/completions "HTTP/1.1 200 OK"
2026-09-18 14:07:51,305 - INFO - --- Episode 17, Step 28/100 ---
2026-09-18 14:08:11,275 - INFO - HTTP Request: POST http://127.0.0.1:22446/v1/chat/completions "HTTP/1.1 200 OK"
2026-09-18 14:08:13,642 - INFO - --- Episode 17, Step 29/100 ---
2026-09-18 14:08:15,892 - INFO - --- Episode 17, Step 30/100 ---
2026-09-18 14:08:17,383 - INFO - --- Episode 17, Step 31/100 ---
2026-09-18 14:08:18,685 - INFO - --- Episode 17, Step 32/100 ---
2026-09-18 14:08:19,916 - INFO - --- Episode 17, Step 33/100 ---
2026-09-18 14:08:20,978 - INFO - --- Episode 17, Step 34/100 ---
2026-09-18 14:08:22,127 - INFO - --- Episode 17, Step 35/100 ---
2026-09-18 14:08:35,431 - INFO - HTTP Request: POST http://127.0.0.1:22446/v1/chat/completions "HTTP/1.1 200 OK"
```json
{
"movement": "I am currently standing near a round wooden table and a large wooden cabinet. I need to walk across the room keeping the pool table on my left.",
"observation": {
    "front view": "I see the path forward into the room. To my right is a large wooden cabinet. Ahead, there is open floor space with patterned tiles. Further ahead and slightly left is a red pool table.",
    "left view": "To my left are large glass doors/windows and the round table I am currently near.",
    "right view": "To my right is the side of the large wooden cabinet and a window looking outside.",
    "map": "The map shows my starting position near a chair. The pool table (pink rectangle) is ahead. Waypoint 2 is in the open space between the furniture, leading towards the pool table."
},
"thought": "The instruction is to walk across the room past the pool table on my left. Currently, the pool table is ahead and slightly to the left. To follow this path, I need to move forward into the open area of the room. Waypoint 2 is located in the center of the path towards the pool table, keeping it on my left side as I approach. This aligns with the instruction.",
"stuck": false,
"plan": "Move forward towards waypoint 2 to enter the main walkway of the room, positioning myself to pass the pool table on my left side.",
"curr_step": "I am at the start. I need to move forward into the room. Waypoint 2 is the most direct path forward that keeps the pool table on my left.",
"action": 2
}
```
Calculated floor height difference: 3.66m
Action: turn
Action: move_forward
Action: turn
Action: move_forward
Action: turn
Action: move_forward
Action: turn
Action: move_forward
Action: null
Action: turn
waypoints: 34
skipped waypoints: edge 3,  distance 13,  no_path 0,  occlusion 14

```json
{
"movement": "I have moved alongside the pool table, keeping it on my left side as instructed. I am now positioned near the end of the pool table, facing towards the back wall where the television is mounted.",
"observation": {
    "front view": "I see the red pool table directly in front and slightly to the left. Beyond it, on the far wall, there is a television mounted. To the right, there is a large wooden cabinet and an opening to another room.",
    "left view": "To my left are large glass doors/windows and the side of the pool table.",
    "right view": "To my right is a large wooden cabinet and a doorway leading to a living area with couches.",
    "map": "The map shows I am near the pool table (orange rectangle). Waypoint 2 is ahead of me in the open space, leading towards the back wall."
},
"thought": "I have successfully walked across the room and am now passing the pool table. The pool table is on my left side as required. My next subtask is to stop in front of the television mounted on the wall across from the couch. The TV is visible on the far wall ahead. I need to continue moving forward to reach that area.",
"stuck": false,
"plan": "Continue moving forward towards the back wall where the television is located. This will complete the first part of the instruction (passing the pool table) and bring me closer to the target for the second part (the TV).",
"curr_step": "I am currently next to the pool table. To complete 'Walk across the room, past the pool table on your left side', I need to move forward into the open space ahead. Waypoint 2 is in this open space and leads towards the TV.",
"action": 2
}
```
Action: turn
Action: move_forward
Action: move_forward
Action: turn
Action: move_forward
Action: turn
Action: move_forward
Action: null
waypoints: 44
skipped waypoints: edge 5,  distance 16,  no_path 0,  occlusion 14

```json
{
"movement": "I have moved forward alongside the pool table, keeping it on my left. I am now approaching the end of the pool table and the wall where the television is mounted.",
"observation": {
    "front view": "I see the path forward leading towards a wall with an arched door/window and a television mounted to the right of it. To the left, there is a couch further down the wall. To the right, there are glass doors leading to another room.",
    "left view": "The pool table is visible on my left, along with large windows/doors looking outside.",
    "right view": "Glass doors and a glimpse into a wood-paneled room with chairs/couches.",
    "map": "I am near the 'carpet' area. The pool table (orange rectangle) is to my left. Waypoint 2 is ahead on the carpet, leading towards the wall with the TV."
},
"thought": "I am currently walking past the pool table on my left, which satisfies the first part of the instruction. The television is mounted on the wall ahead. I need to continue moving forward to get closer to the television and complete the 'walk across the room' part. Waypoint 2 is directly in my path towards that wall.",
"stuck": false,
"plan": "Continue moving forward towards waypoint 2 to approach the wall with the television and finish passing the pool table.",
"curr_step": "I am currently alongside the end of the pool table. Moving forward towards waypoint 2 will take me past the pool table and closer to the television on the far wall.",
"action": 2
}
```
Action: turn
Action: move_forward
Action: turn
Action: move_forward
Action: turn
Action: move_forward
Action: null
Action: turn
waypoints: 9
skipped waypoints: edge 1,  distance 1,  no_path 0,  occlusion 1
```json
{
"movement": "I have moved forward across the room, keeping the pool table on my left side. I am now standing near the wall with the television, having successfully crossed the room.",
"observation": {
    "front view": "I see a couch on the left wall and a television mounted on the wall to the right. There is a glass door straight ahead.",
    "left view": "The pool table is visible behind me to the left, confirming I have passed it.",
    "right view": "I am very close to the wall with the television and some shelving/stands below it.",
    "map": "I am near the far end of the room (waypoints 4/5 area), having traversed the length of the room from the start."
},
"thought": "I have completed the instruction for P1: 'Walk across the room, past the pool table on your left side as you walk.' I am now at the location described in P2 ('Stop in front of the television...'). Since P1 is complete, I should signal its completion.",
"stuck": false,
"plan": "The target for P1 was to walk past the pool table. I have reached the end of the room near the TV. I will now complete P1.",
"curr_step": "P1 is completed. I have walked across the room and passed the pool table on my left.",
"action": -1
}
```
Action: pause
waypoints: 9
skipped waypoints: edge 1,  distance 1,  no_path 0,  occlusion 1
```json
{
"movement": "I have walked across the room past the pool table on my left. I am now standing near the wall with the television, facing somewhat towards the door but with the TV to my right.",
"observation": {
    "front view": "I see a couch on the left and a television mounted on the wall to the right. There is a doorway straight ahead.",
    "left view": "The pool table is visible behind me to the left.",
    "right view": "I am very close to the wall with the television mounted on it.",
    "map": "I am near waypoint 4/5, close to the wall where the TV is located."
},
"thought": "I have completed the first part of the instruction. Now I need to stop in front of the television. The television is mounted on the wall to my right-front. Moving forward towards waypoint 1 will place me directly in front of the television.",
"stuck": false,
"plan": "Move forward towards the wall with the television to position myself directly in front of it.",
"curr_step": "I am currently near the end of the room. Waypoint 1 is located right next to the wall where the TV is mounted. Moving there will complete the task.",
"action": 1
}
```
Action: turn
Action: move_forward
Action: turn
Action: move_forward
Action: turn
Action: move_forward
Action: null
waypoints: 3
skipped waypoints: edge 2,  distance 0,  no_path 0,  occlusion 0
2026-09-18 14:08:36,539 - INFO - --- Episode 17, Step 36/100 ---
2026-09-18 14:08:51,082 - INFO - HTTP Request: POST http://127.0.0.1:22446/v1/chat/completions "HTTP/1.1 200 OK"
 36%|███▌      | 18/50 [2:32:27<4:10:22, 469.44s/it]Renderer: NVIDIA GeForce RTX 4090/PCIe/SSE2 by NVIDIA Corporation
OpenGL version: 4.6.0 NVIDIA 590.48.01
Using optional features:
    GL_ARB_vertex_array_object
    GL_ARB_separate_shader_objects
    GL_ARB_robustness
    GL_ARB_texture_storage
    GL_ARB_texture_view
    GL_ARB_framebuffer_no_attachments
    GL_ARB_invalidate_subdata
    GL_ARB_texture_storage_multisample
    GL_ARB_multi_bind
    GL_ARB_direct_state_access
    GL_ARB_get_texture_sub_image
    GL_ARB_texture_filter_anisotropic
    GL_KHR_debug
    GL_KHR_parallel_shader_compile
    GL_NV_depth_buffer_float
Using driver workarounds:
    no-forward-compatible-core-context
    nv-egl-incorrect-gl11-function-pointers
    no-layout-qualifiers-on-old-glsl
    nv-zero-context-profile-mask
    nv-implementation-color-read-format-dsa-broken
    nv-cubemap-inconsistent-compressed-image-size
    nv-cubemap-broken-full-compressed-image-query
    nv-compressed-block-size-in-bits
[14:08:55:496978]:[Warning]:[Metadata] SceneDatasetAttributes.cpp(107)::addNewSceneInstanceToDataset : Dataset : 'default' : Lighting Layout Attributes 'no_lights' specified in Scene Attributes but does not exist in dataset, so creating default.
2026-09-18 14:09:08,523 - INFO - Simulator initialized!
2026-09-18 14:09:29,619 - INFO - HTTP Request: POST http://127.0.0.1:22446/v1/chat/completions "HTTP/1.1 200 OK"
2026-09-18 14:09:30,358 - INFO - --- Episode 18, Step 1/100 ---
2026-09-18 14:10:02,882 - INFO - HTTP Request: POST http://127.0.0.1:22446/v1/chat/completions "HTTP/1.1 200 OK"
2026-09-18 14:10:03,578 - INFO - --- Episode 18, Step 2/100 ---
2026-09-18 14:10:04,260 - INFO - --- Episode 18, Step 3/100 ---
2026-09-18 14:10:04,865 - INFO - --- Episode 18, Step 4/100 ---
2026-09-18 14:10:05,605 - INFO - --- Episode 18, Step 5/100 ---
2026-09-18 14:10:18,102 - INFO - HTTP Request: POST http://127.0.0.1:22446/v1/chat/completions "HTTP/1.1 200 OK"
2026-09-18 14:10:19,002 - INFO - --- Episode 18, Step 6/100 ---
2026-09-18 14:10:19,770 - INFO - --- Episode 18, Step 7/100 ---
2026-09-18 14:10:20,486 - INFO - --- Episode 18, Step 8/100 ---
```json
{
"movement": "I have moved forward and turned slightly to position myself directly in front of the television mounted on the wall. The couch is visible across the room, confirming I am in the correct location relative to the landmarks.",
"observation": {
    "front view": "I see a glass door leading outside and the edge of the television screen on my right.",
    "left view": "I see the couch and coffee table across the room.",
    "right view": "I am looking directly at the large television mounted on the wall.",
    "map": "I am at waypoint 1, which is right next to the TV and the glass door."
},
"thought": "I have successfully walked across the room past the pool table and stopped in front of the television mounted on the wall across from the couch. The task is complete.",
"stuck": false,
"plan": "The task is finished. I am at the target location.",
"curr_step": "P2 is completed. I am standing in front of the television as requested.",
"action": -1
}
```
Action: stop
waypoints: 3
skipped waypoints: edge 2,  distance 0,  no_path 0,  occlusion 0
```json
{
"movement": "I have moved forward and positioned myself directly in front of the television mounted on the wall. The couch is visible across the room to my left, confirming I am in the correct spot relative to the landmarks.",
"observation": {
    "front view": "I see a glass door/window ahead and the edge of the television screen on my right.",
    "left view": "The couch and coffee table are visible across the room.",
    "right view": "I am looking directly at the large television mounted on the wall, very close to it.",
    "map": "I am at waypoint 1, which is right next to the TV and the glass door."
},
"thought": "I have successfully walked across the room past the pool table and stopped in front of the television mounted on the wall across from the couch. The task is complete.",
"stuck": false,
"plan": "The task is finished. I am at the target location.",
"curr_step": "P2 is completed. I am standing in front of the television as requested.",
"action": -1
}
```
Action: stop
['Walk through the living room around the backside of the couches.', 'Walk into the kitchen area and walk along the barstools and countertop.', 'Continue ahead towards the arched entryway that leads to a hall beside the stairs.']
Initialized data for new floor level: 0
Switching pcds to floor level: 0
Initialized data for new floor level: 0
Switching pcds to floor level: 0
Initialized data for new floor level: 0
Switching pcds to floor level: 0
[StairDetect] normals=0.0027s, cpu=0.0002s, cluster=0.0345s, loop=0.0075s, total=0.0535s
waypoints: 28
skipped waypoints: edge 1,  distance 17,  no_path 0,  occlusion 3
```json
{
"movement": "I am currently standing near the coffee table and the sectional couch in the living room. To follow the instruction of walking around the backside of the couches, I need to move forward into the open space of the living room, passing along the side of the couch.",
"observation": {
    "front view": "I see a hallway leading towards a dining area with a table and chairs in the distance. There is a pillar on the left and a wall with a painting on the right. Waypoints 1, 2, 4, 6, and 7 are visible on the floor.",
    "left view": "I see the large sectional couch with pink pillows and a coffee table. Through an archway further back, I can see into another room.",
    "right view": "I see a wall with a framed picture and curtains covering a window or door.",
    "map": "The map shows my starting position (blue triangle) near the large black shape representing the couch. Waypoints 6 and 4 are ahead, leading towards the dining area."
},
"thought": "I am at the start of subtask P1. The instruction is to walk through the living room around the backside of the couches. Based on the first image, the couch is to my left. To go 'around' it and proceed towards the kitchen/dining area (which appears to be straight ahead), I need to move forward into the open space. Waypoint 6 is directly in front of me in the open floor space, allowing me to clear the immediate furniture and align with the path towards the next areas.",
"stuck": false,
"plan": "Move forward through the living room, passing the couch on my left. Head towards the dining area visible ahead. This will complete P1 and position me for P2 (kitchen area).",
"curr_step": "I am at the beginning of P1. I need to move forward past the couch. Waypoint 6 is the closest waypoint in the direction of travel.",
"action": 6
}
```
Calculated floor height difference: 3.52m
[StairDetect] normals=0.0031s, cpu=0.0003s, cluster=0.0373s, loop=0.0177s, total=0.0677s
Action: turn
[StairDetect] normals=0.0037s, cpu=0.0003s, cluster=0.0510s, loop=0.0352s, total=0.1024s
Action: move_forward
[StairDetect] normals=0.0037s, cpu=0.0002s, cluster=0.0508s, loop=0.0241s, total=0.0910s
Action: null
[StairDetect] normals=0.0042s, cpu=0.0003s, cluster=0.0518s, loop=0.0246s, total=0.0939s
Action: turn
waypoints: 27
skipped waypoints: edge 4,  distance 10,  no_path 0,  occlusion 7
```json
{
"movement": "I have moved forward and turned slightly right to face a large pillar/wall section. To my left is an opening leading into the kitchen area, and to my right is the living room with couches. I am now positioned to navigate around this pillar.",
"observation": {
    "front view": "I see a large white pillar/wall directly in front of me. To the left of it, there is an opening leading towards a kitchen with wooden cabinets. To the right, there is a living room area with couches and windows.",
    "left view": "I see the side of the wall/pillar and the path leading into the kitchen area.",
    "right view": "I see the living room area with couches, a coffee table, and large windows with curtains.",
    "map": "The map shows my current position near the center. Waypoints 1 and 2 are to the left of the pillar, leading towards the kitchen/dining area. Waypoint 3 is further ahead in that direction."
},
"thought": "I am currently facing a pillar that separates the living room from the kitchen/dining area. The instruction is to walk through the living room around the backside of the couches and then into the kitchen. I have effectively walked around the couches. Now, to enter the kitchen area (P2), I need to go around the left side of this pillar. Waypoint 1 is located just past the corner of the wall on the left, which aligns with the path into the kitchen.",
"stuck": false,
"plan": "Move forward and slightly left to navigate around the pillar/wall section towards the kitchen entrance. This will complete the transition from the living room to the kitchen area.",
"curr_step": "I am at the transition point between the living room and kitchen. I need to move past the pillar on its left side to enter the kitchen. Waypoint 1 is the closest waypoint in that direction.",
"action": 1
}
```
[StairDetect] normals=0.0042s, cpu=0.0003s, cluster=0.0532s, loop=0.0249s, total=0.0955s
Action: turn
[StairDetect] normals=0.0053s, cpu=0.0004s, cluster=0.0603s, loop=0.0263s, total=0.1086s
Action: move_forward
[StairDetect] normals=0.0057s, cpu=0.0003s, cluster=0.0603s, loop=0.0256s, total=0.1083s
Action: turn
--- Height change stabilized. Height diff: 0.15, On platform: True, Metrics: {'inlier_count': 1016, 'local_count': 25071, 'support_ratio': 0.0405249092560917, 'vertical_score': 1.0, 'plane_height_mean': -1.0365842580795288, 'agent_z': -1.0450479805469512, 'vertical_diff': 0.008463722467422441, 'area_xy': 0.5184, 'radius_est': 0.4062165001543845, 'z_std': 0.04491949453949928, 'occupied_cells': 36, 'bottom_height_tolerance': 0.1}
--- No significant floor change. Height diff: 0.15, On platform: True, Metrics: {'inlier_count': 1016, 'local_count': 25071, 'support_ratio': 0.0405249092560917, 'vertical_score': 1.0, 'plane_height_mean': -1.0365842580795288, 'agent_z': -1.0450479805469512, 'vertical_diff': 0.008463722467422441, 'area_xy': 0.5184, 'radius_est': 0.4062165001543845, 'z_std': 0.04491949453949928, 'occupied_cells': 36, 'bottom_height_tolerance': 0.1}
Updated floor height: -0.85, ceiling height: 0.95
2026-09-18 14:10:21,250 - INFO - --- Episode 18, Step 9/100 ---
2026-09-18 14:10:22,142 - INFO - --- Episode 18, Step 10/100 ---
2026-09-18 14:10:22,816 - INFO - --- Episode 18, Step 11/100 ---
2026-09-18 14:10:23,395 - INFO - --- Episode 18, Step 12/100 ---
2026-09-18 14:10:24,137 - INFO - --- Episode 18, Step 13/100 ---
2026-09-18 14:11:08,992 - INFO - HTTP Request: POST http://127.0.0.1:22446/v1/chat/completions "HTTP/1.1 200 OK"
2026-09-18 14:11:09,691 - INFO - --- Episode 18, Step 14/100 ---
2026-09-18 14:11:27,004 - INFO - HTTP Request: POST http://127.0.0.1:22446/v1/chat/completions "HTTP/1.1 200 OK"
2026-09-18 14:11:28,198 - INFO - --- Episode 18, Step 15/100 ---
2026-09-18 14:11:28,911 - INFO - --- Episode 18, Step 16/100 ---
2026-09-18 14:11:29,699 - INFO - --- Episode 18, Step 17/100 ---
2026-09-18 14:11:30,473 - INFO - --- Episode 18, Step 18/100 ---
2026-09-18 14:11:31,231 - INFO - --- Episode 18, Step 19/100 ---
2026-09-18 14:11:32,288 - INFO - --- Episode 18, Step 20/100 ---
2026-09-18 14:11:33,301 - INFO - --- Episode 18, Step 21/100 ---
2026-09-18 14:11:56,754 - INFO - HTTP Request: POST http://127.0.0.1:22446/v1/chat/completions "HTTP/1.1 200 OK"
[StairDetect] normals=0.0070s, cpu=0.0004s, cluster=0.0683s, loop=0.0259s, total=0.1196s
Action: move_forward
Action: turn
--- Height change stabilized. Height diff: -0.18, On platform: True, Metrics: {'inlier_count': 11589, 'local_count': 22488, 'support_ratio': 0.5153415154520037, 'vertical_score': 1.0, 'plane_height_mean': -1.4041229486465454, 'agent_z': -1.3799401491880416, 'vertical_diff': 0.024182799458503768, 'area_xy': 7.055999999999999, 'radius_est': 1.4986642575683278, 'z_std': 0.011472334153950214, 'occupied_cells': 490, 'bottom_height_tolerance': 0.1}
--- No significant floor change. Height diff: -0.18, On platform: True, Metrics: {'inlier_count': 11589, 'local_count': 22488, 'support_ratio': 0.5153415154520037, 'vertical_score': 1.0, 'plane_height_mean': -1.4041229486465454, 'agent_z': -1.3799401491880416, 'vertical_diff': 0.024182799458503768, 'area_xy': 7.055999999999999, 'radius_est': 1.4986642575683278, 'z_std': 0.011472334153950214, 'occupied_cells': 490, 'bottom_height_tolerance': 0.1}
Updated floor height: -1.18, ceiling height: 0.62
Action: move_forward
Action: null
Action: turn
waypoints: 24
skipped waypoints: edge 1,  distance 14,  no_path 0,  occlusion 0
```json
{
"movement": "I moved forward past the pillar/wall section that separates the living room from the kitchen/dining area. I am now facing the kitchen island and counters.",
"observation": {
    "front view": "I see a kitchen island with towels hanging on it to the left, and a countertop to the right. Further ahead is an arched entryway leading to a hallway.",
    "left view": "I see the living room area I just came from, including the couch and a lamp on a console table.",
    "right view": "I see a hallway with a console table and a mirror/artwork on the wall.",
    "map": "My current position (red triangle) is near the transition between the wood-floored living/dining area and the tiled kitchen/hallway area, close to waypoint 7."
},
"thought": "I have successfully navigated around the backside of the couches in the living room and reached the entrance to the kitchen area. This fulfills the instruction for P1. The next subtask P2 is to walk into the kitchen area along the barstools and countertop, which aligns with my current orientation facing the kitchen.",
"stuck": false,
"plan": "Complete subtask P1. Prepare for subtask P2 by moving into the kitchen area.",
"curr_step": "The subtask P1 is completed as I have reached the kitchen entrance after walking around the couches.",
"action": -1
}
```
Action: pause
waypoints: 24
skipped waypoints: edge 1,  distance 14,  no_path 0,  occlusion 0
```json
{
"movement": "I am standing at the transition between the living room and the kitchen/hallway area. I need to move forward into the kitchen space.",
"observation": {
    "front view": "I see a kitchen island with towels hanging on it to the left, and a countertop structure further ahead. To the right is a tiled hallway leading towards an arched entryway.",
    "left view": "I see the living room area I just came from, including a console table with a lamp.",
    "right view": "I see a hallway with a console table and artwork on the wall, leading towards an archway.",
    "map": "My current position (red triangle) is near waypoint 7/8. Waypoint 1 is located just ahead in the kitchen area, near the corner of the island/countertop."
},
"thought": "I have completed P1. Now I need to execute P2: 'Walk into the kitchen area and walk along the barstools and countertop.' The kitchen island is directly ahead and slightly to the left. Moving towards waypoint 1 will take me into the kitchen area and position me alongside the countertop/island, which aligns with the instruction.",
"stuck": false,
"plan": "Move forward into the kitchen area towards the island/countertop (waypoint 1) to begin walking along it.",
"curr_step": "I am at the entrance of the kitchen. Waypoint 1 is the closest waypoint that leads into the kitchen area alongside the countertop.",
"action": 1
}
```
Action: turn
Action: move_forward
[StairDetect] normals=0.0076s, cpu=0.0004s, cluster=0.0636s, loop=0.0170s, total=0.1084s
Action: turn
--- Height change stabilized. Height diff: -0.10, On platform: True, Metrics: {'inlier_count': 1123, 'local_count': 25801, 'support_ratio': 0.04352544474851651, 'vertical_score': 1.0, 'plane_height_mean': -1.284444808959961, 'agent_z': -1.299029578268528, 'vertical_diff': 0.014584769308567003, 'area_xy': 0.43199999999999994, 'radius_est': 0.370823233942262, 'z_std': 0.042766496539115906, 'occupied_cells': 30, 'bottom_height_tolerance': 0.1}
--- No significant floor change. Height diff: -0.10, On platform: True, Metrics: {'inlier_count': 1123, 'local_count': 25801, 'support_ratio': 0.04352544474851651, 'vertical_score': 1.0, 'plane_height_mean': -1.284444808959961, 'agent_z': -1.299029578268528, 'vertical_diff': 0.014584769308567003, 'area_xy': 0.43199999999999994, 'radius_est': 0.370823233942262, 'z_std': 0.042766496539115906, 'occupied_cells': 30, 'bottom_height_tolerance': 0.1}
Updated floor height: -1.10, ceiling height: 0.70
[StairDetect] normals=0.0079s, cpu=0.0004s, cluster=0.0645s, loop=0.0041s, total=0.0960s
Action: move_forward
[StairDetect] normals=0.0082s, cpu=0.0005s, cluster=0.0644s, loop=0.0040s, total=0.0963s
Action: turn
--- Height change stabilized. Height diff: -0.15, On platform: True, Metrics: {'inlier_count': 12161, 'local_count': 25141, 'support_ratio': 0.4837118650617035, 'vertical_score': 1.0, 'plane_height_mean': -1.4029738903045654, 'agent_z': -1.3502323895692825, 'vertical_diff': 0.05274150073528294, 'area_xy': 6.580799999999999, 'radius_est': 1.4473194875349014, 'z_std': 0.025529760867357254, 'occupied_cells': 457, 'bottom_height_tolerance': 0.1}
--- No significant floor change. Height diff: -0.15, On platform: True, Metrics: {'inlier_count': 12161, 'local_count': 25141, 'support_ratio': 0.4837118650617035, 'vertical_score': 1.0, 'plane_height_mean': -1.4029738903045654, 'agent_z': -1.3502323895692825, 'vertical_diff': 0.05274150073528294, 'area_xy': 6.580799999999999, 'radius_est': 1.4473194875349014, 'z_std': 0.025529760867357254, 'occupied_cells': 457, 'bottom_height_tolerance': 0.1}
Updated floor height: -1.15, ceiling height: 0.65
[StairDetect] normals=0.0083s, cpu=0.0004s, cluster=0.0653s, loop=0.0282s, total=0.1221s
Action: move_forward
[StairDetect] normals=0.0083s, cpu=0.0004s, cluster=0.0656s, loop=0.0284s, total=0.1229s
Action: null
waypoints: 44
skipped waypoints: edge 4,  distance 19,  no_path 1,  occlusion 12
```json
{
"movement": "I have moved forward into the kitchen area, positioning myself between the large island with towels on the left and a smaller counter section on the right. I am now facing an arched entryway in the distance.",
"observation": {
    "front view": "I see the gap between the kitchen island (left) and the counter/wall (right). Ahead is an arched entryway (labeled B) leading to a hallway/dining area. Waypoints 1, 2, 3, 4, 5 are visible in this path.",
    "left view": "I see the side of the kitchen island with towels and the rest of the kitchen cabinetry further back.",
    "right view": "I see the smaller counter section I am passing and a hallway leading to a dining area with windows.",
    "map": "My current position is near waypoint 7. Waypoints 1, 2, 3 are ahead in the path towards the archway."
},
"thought": "I am currently executing P2: 'Walk into the kitchen area and walk along the barstools and countertop.' I am walking alongside the island/countertop. The next part of the instruction (P3) is to go towards the arched entryway. The path forward through the gap between the island and the right counter leads directly to that archway. Waypoint 1 is the next logical step in this path.",
"stuck": false,
"plan": "Continue moving forward through the kitchen area, passing the island on my left and the counter on my right, heading towards the arched entryway.",
"curr_step": "I am in the middle of P2. I need to continue forward to clear the kitchen area and approach the archway for P3. Waypoint 1 is directly ahead in the walking path.",
"action": 1
}
```
2026-09-18 14:11:58,852 - INFO - --- Episode 18, Step 22/100 ---
2026-09-18 14:12:00,979 - INFO - --- Episode 18, Step 23/100 ---
2026-09-18 14:12:03,180 - INFO - --- Episode 18, Step 24/100 ---
2026-09-18 14:12:05,136 - INFO - --- Episode 18, Step 25/100 ---
2026-09-18 14:12:06,665 - INFO - --- Episode 18, Step 26/100 ---
2026-09-18 14:12:08,119 - INFO - --- Episode 18, Step 27/100 ---
2026-09-18 14:12:10,398 - INFO - --- Episode 18, Step 28/100 ---
2026-09-18 14:12:11,671 - INFO - --- Episode 18, Step 29/100 ---
2026-09-18 14:12:40,997 - INFO - HTTP Request: POST http://127.0.0.1:22446/v1/chat/completions "HTTP/1.1 200 OK"
2026-09-18 14:12:42,792 - INFO - --- Episode 18, Step 30/100 ---
2026-09-18 14:12:43,719 - INFO - --- Episode 18, Step 31/100 ---
2026-09-18 14:12:44,925 - INFO - --- Episode 18, Step 32/100 ---
2026-09-18 14:12:46,053 - INFO - --- Episode 18, Step 33/100 ---
2026-09-18 14:12:47,144 - INFO - --- Episode 18, Step 34/100 ---
2026-09-18 14:12:48,424 - INFO - --- Episode 18, Step 35/100 ---
2026-09-18 14:12:49,667 - INFO - --- Episode 18, Step 36/100 ---
2026-09-18 14:12:51,088 - INFO - --- Episode 18, Step 37/100 ---
2026-09-18 14:13:24,272 - INFO - HTTP Request: POST http://127.0.0.1:22446/v1/chat/completions "HTTP/1.1 200 OK"
2026-09-18 14:13:25,988 - INFO - --- Episode 18, Step 38/100 ---
2026-09-18 14:13:27,644 - INFO - --- Episode 18, Step 39/100 ---
2026-09-18 14:13:28,948 - INFO - --- Episode 18, Step 40/100 ---
2026-09-18 14:13:30,273 - INFO - --- Episode 18, Step 41/100 ---
2026-09-18 14:13:31,383 - INFO - --- Episode 18, Step 42/100 ---
2026-09-18 14:13:32,664 - INFO - --- Episode 18, Step 43/100 ---
2026-09-18 14:13:33,951 - INFO - --- Episode 18, Step 44/100 ---
2026-09-18 14:13:35,111 - INFO - --- Episode 18, Step 45/100 ---
2026-09-18 14:13:36,468 - INFO - --- Episode 18, Step 46/100 ---
2026-09-18 14:13:37,898 - INFO - --- Episode 18, Step 47/100 ---
2026-09-18 14:13:39,514 - INFO - --- Episode 18, Step 48/100 ---
2026-09-18 14:13:40,472 - INFO - --- Episode 18, Step 49/100 ---
2026-09-18 14:13:41,660 - INFO - --- Episode 18, Step 50/100 ---
2026-09-18 14:14:12,332 - INFO - HTTP Request: POST http://127.0.0.1:22446/v1/chat/completions "HTTP/1.1 400 Bad Request"
2026-09-18 14:14:13,723 - INFO - HTTP Request: POST http://127.0.0.1:22446/v1/chat/completions "HTTP/1.1 400 Bad Request"
2026-09-18 14:14:15,111 - INFO - HTTP Request: POST http://127.0.0.1:22446/v1/chat/completions "HTTP/1.1 400 Bad Request"
2026-09-18 14:14:16,111 - INFO - --- Episode 18, Step 51/100 ---
2026-09-18 14:15:17,041 - INFO - HTTP Request: POST http://127.0.0.1:22446/v1/chat/completions "HTTP/1.1 200 OK"
[StairDetect] normals=0.0077s, cpu=0.0004s, cluster=0.0658s, loop=0.0289s, total=0.1234s
Action: turn
[StairDetect] normals=0.0133s, cpu=0.0005s, cluster=0.0753s, loop=0.0600s, total=0.1710s
Action: move_forward
[StairDetect] normals=0.0089s, cpu=0.0004s, cluster=0.0716s, loop=0.0560s, total=0.1586s
Action: turn
--- Height change stabilized. Height diff: 0.00, On platform: True, Metrics: {'inlier_count': 2135, 'local_count': 38936, 'support_ratio': 0.05483357304153396, 'vertical_score': 1.0, 'plane_height_mean': -1.1873530149459839, 'agent_z': -1.2, 'vertical_diff': 0.012646985054016069, 'area_xy': 0.8496, 'radius_est': 0.5200346904791531, 'z_std': 0.04473451152443886, 'occupied_cells': 59, 'bottom_height_tolerance': 0.1}
--- No significant floor change. Height diff: 0.00, On platform: True, Metrics: {'inlier_count': 2135, 'local_count': 38936, 'support_ratio': 0.05483357304153396, 'vertical_score': 1.0, 'plane_height_mean': -1.1873530149459839, 'agent_z': -1.2, 'vertical_diff': 0.012646985054016069, 'area_xy': 0.8496, 'radius_est': 0.5200346904791531, 'z_std': 0.04473451152443886, 'occupied_cells': 59, 'bottom_height_tolerance': 0.1}
Updated floor height: -1.00, ceiling height: 0.80
[StairDetect] normals=0.0083s, cpu=0.0004s, cluster=0.0657s, loop=0.0412s, total=0.1377s
Action: move_forward
[StairDetect] normals=0.0087s, cpu=0.0004s, cluster=0.0661s, loop=0.0420s, total=0.1397s
Action: turn
[StairDetect] normals=0.0089s, cpu=0.0004s, cluster=0.0766s, loop=0.0782s, total=0.1874s
Action: move_forward
[StairDetect] normals=0.0090s, cpu=0.0004s, cluster=0.0766s, loop=0.0757s, total=0.1844s
Action: null
[StairDetect] normals=0.0093s, cpu=0.0005s, cluster=0.0752s, loop=0.0834s, total=0.1912s
Action: turn
waypoints: 45
skipped waypoints: edge 3,  distance 10,  no_path 1,  occlusion 20
```json
{
"movement": "I have moved forward through the kitchen aisle between the two large islands/counters. I am currently walking along the rug on the floor, with the countertop and sink to my left and the other counter to my right.",
"observation": {
    "front view": "I see the continuation of the kitchen aisle. There is a rug on the floor leading forward. Waypoints 1, 2, 3, 4, 5, 6, 8, 9 are visible. Further ahead, past the end of the counters, there appears to be an opening or archway.",
    "left view": "I see the side of the left island with a large white farmhouse sink and a stone pillar/archway leading to a living area.",
    "right view": "I see the right counter with wooden cabinets and drawers, and a window in the background.",
    "map": "My current position is near waypoint 9. The path forward along the rug leads towards waypoints 1 and 2."
},
"thought": "I am currently executing P2: 'Walk into the kitchen area and walk along the barstools and countertop.' I am walking alongside the countertops as instructed. To complete this subtask and prepare for P3 (heading to the arched entryway), I need to continue moving forward through this aisle towards the end of the counters where the archway is located. Waypoint 1 is directly ahead on the path.",
"stuck": false,
"plan": "Continue moving forward along the rug between the kitchen islands towards the arched entryway at the end of the kitchen area.",
"curr_step": "I am in the middle of P2. I need to reach the end of the countertop area to transition to P3. Waypoint 1 is the next logical step forward.",
"action": 1
}
```
[StairDetect] normals=0.0091s, cpu=0.0004s, cluster=0.0763s, loop=0.0851s, total=0.1945s
Action: turn
[StairDetect] normals=0.0088s, cpu=0.0004s, cluster=0.0710s, loop=0.0775s, total=0.1801s
Action: move_forward
[StairDetect] normals=0.0086s, cpu=0.0004s, cluster=0.0754s, loop=0.0788s, total=0.1864s
Action: turn
[StairDetect] normals=0.0097s, cpu=0.0005s, cluster=0.0845s, loop=0.0659s, total=0.1831s
Action: move_forward
[StairDetect] normals=0.0086s, cpu=0.0004s, cluster=0.0828s, loop=0.0774s, total=0.1923s
Action: move_forward
[StairDetect] normals=0.0089s, cpu=0.0004s, cluster=0.0807s, loop=0.0715s, total=0.1832s
Action: turn
[StairDetect] normals=0.0070s, cpu=0.0004s, cluster=0.0602s, loop=0.0710s, total=0.1573s
Action: move_forward
[StairDetect] normals=0.0070s, cpu=0.0004s, cluster=0.0599s, loop=0.0707s, total=0.1567s
Action: null
waypoints: 46
skipped waypoints: edge 4,  distance 17,  no_path 1,  occlusion 15
```json
{
"movement": "I have walked through the kitchen aisle between the two large islands/counters. I am now at the end of the kitchen workspace, near the refrigerator and microwave. I need to exit this area towards the arched entryway.",
"observation": {
    "front view": "I see the back wall of the kitchen with a large stainless steel refrigerator on the left and wooden cabinets with a microwave in the center. To the right of the cabinets, there is an opening leading into another room (dining/living area) where an arched entryway is visible in the distance.",
    "left view": "I see the side of the kitchen island I just passed and the stone pillar/archway structure.",
    "right view": "I see the end of the right-hand counter/island and the opening leading out of the kitchen.",
    "map": "My current position is at the end of the red path. Waypoint 1 is located in the open space to the right, leading towards the archway seen in the distance."
},
"thought": "I have completed walking along the countertop (P2). The next instruction (P3) is to 'Continue ahead towards the arched entryway that leads to a hall beside the stairs.' Looking at the front view and previous frames, the arched entryway is located through the opening to the right of the kitchen cabinets. Waypoint 1 is positioned in that direction, leading out of the kitchen towards that archway.",
"stuck": false,
"plan": "Move towards the opening to the right of the kitchen cabinets (towards waypoint 1) to head towards the arched entryway for subtask P3.",
"curr_step": "I am at the end of the kitchen aisle. I need to move into the open area to the right to approach the archway. Waypoint 1 is the correct path.",
"action": 1
}
```
[StairDetect] normals=0.0064s, cpu=0.0005s, cluster=0.0610s, loop=0.0706s, total=0.1572s
Action: turn
[StairDetect] normals=0.0070s, cpu=0.0004s, cluster=0.0594s, loop=0.0263s, total=0.1108s
Action: move_forward
[StairDetect] normals=0.0069s, cpu=0.0004s, cluster=0.0591s, loop=0.0264s, total=0.1107s
Action: turn
[StairDetect] normals=0.0070s, cpu=0.0004s, cluster=0.0885s, loop=0.0368s, total=0.1510s
Action: move_forward
[StairDetect] normals=0.0070s, cpu=0.0004s, cluster=0.0635s, loop=0.0328s, total=0.1219s
Action: turn
[StairDetect] normals=0.0077s, cpu=0.0004s, cluster=0.0902s, loop=0.0448s, total=0.1609s
Action: move_forward
[StairDetect] normals=0.0076s, cpu=0.0004s, cluster=0.0927s, loop=0.0444s, total=0.1629s
Action: turn
[StairDetect] normals=0.0068s, cpu=0.0004s, cluster=0.0663s, loop=0.0313s, total=0.1210s
Action: move_forward
[StairDetect] normals=0.0070s, cpu=0.0004s, cluster=0.0671s, loop=0.0121s, total=0.1033s
Action: turn
[StairDetect] normals=0.0073s, cpu=0.0004s, cluster=0.0652s, loop=0.0182s, total=0.1093s
Action: move_forward
[StairDetect] normals=0.0078s, cpu=0.0004s, cluster=0.0894s, loop=0.0181s, total=0.1348s
Action: turn
[StairDetect] normals=0.0077s, cpu=0.0004s, cluster=0.0580s, loop=0.0122s, total=0.0966s
Action: move_forward
[StairDetect] normals=0.0078s, cpu=0.0004s, cluster=0.0580s, loop=0.0124s, total=0.0967s
Action: null
waypoints: 58
skipped waypoints: edge 1,  distance 38,  no_path 0,  occlusion 1
[StairDetect] normals=0.0078s, cpu=0.0004s, cluster=0.0578s, loop=0.0123s, total=0.0970s
Action: stop
waypoints: 58
skipped waypoints: edge 1,  distance 38,  no_path 0,  occlusion 1
2026-09-18 14:15:19,875 - INFO - --- Episode 18, Step 52/100 ---
2026-09-18 14:15:21,519 - INFO - --- Episode 18, Step 53/100 ---
2026-09-18 14:15:22,900 - INFO - --- Episode 18, Step 54/100 ---
2026-09-18 14:15:25,525 - INFO - --- Episode 18, Step 55/100 ---
2026-09-18 14:15:27,227 - INFO - --- Episode 18, Step 56/100 ---
2026-09-18 14:15:28,322 - INFO - --- Episode 18, Step 57/100 ---
2026-09-18 14:15:30,178 - INFO - --- Episode 18, Step 58/100 ---
2026-09-18 14:16:04,061 - INFO - HTTP Request: POST http://127.0.0.1:22446/v1/chat/completions "HTTP/1.1 200 OK"
2026-09-18 14:16:06,147 - INFO - HTTP Request: POST http://127.0.0.1:22446/v1/chat/completions "HTTP/1.1 400 Bad Request"
2026-09-18 14:16:07,658 - INFO - HTTP Request: POST http://127.0.0.1:22446/v1/chat/completions "HTTP/1.1 400 Bad Request"
 38%|███▊      | 19/50 [2:39:45<3:57:36, 459.88s/it]Renderer: NVIDIA GeForce RTX 4090/PCIe/SSE2 by NVIDIA Corporation
OpenGL version: 4.6.0 NVIDIA 590.48.01
Using optional features:
    GL_ARB_vertex_array_object
    GL_ARB_separate_shader_objects
    GL_ARB_robustness
    GL_ARB_texture_storage
    GL_ARB_texture_view
    GL_ARB_framebuffer_no_attachments
    GL_ARB_invalidate_subdata
    GL_ARB_texture_storage_multisample
    GL_ARB_multi_bind
    GL_ARB_direct_state_access
    GL_ARB_get_texture_sub_image
    GL_ARB_texture_filter_anisotropic
    GL_KHR_debug
    GL_KHR_parallel_shader_compile
    GL_NV_depth_buffer_float
Using driver workarounds:
    no-forward-compatible-core-context
    nv-egl-incorrect-gl11-function-pointers
    no-layout-qualifiers-on-old-glsl
    nv-zero-context-profile-mask
    nv-implementation-color-read-format-dsa-broken
    nv-cubemap-inconsistent-compressed-image-size
    nv-cubemap-broken-full-compressed-image-query
    nv-compressed-block-size-in-bits
[14:16:13:095097]:[Warning]:[Metadata] SceneDatasetAttributes.cpp(107)::addNewSceneInstanceToDataset : Dataset : 'default' : Lighting Layout Attributes 'no_lights' specified in Scene Attributes but does not exist in dataset, so creating default.
2026-09-18 14:16:25,557 - INFO - Simulator initialized!
2026-09-18 14:16:49,558 - INFO - HTTP Request: POST http://127.0.0.1:22446/v1/chat/completions "HTTP/1.1 200 OK"
2026-09-18 14:16:50,205 - INFO - --- Episode 19, Step 1/100 ---
2026-09-18 14:17:24,462 - INFO - HTTP Request: POST http://127.0.0.1:22446/v1/chat/completions "HTTP/1.1 200 OK"
2026-09-18 14:17:25,033 - INFO - --- Episode 19, Step 2/100 ---
2026-09-18 14:17:25,541 - INFO - --- Episode 19, Step 3/100 ---
2026-09-18 14:17:26,079 - INFO - --- Episode 19, Step 4/100 ---
2026-09-18 14:17:26,865 - INFO - --- Episode 19, Step 5/100 ---
2026-09-18 14:17:38,193 - INFO - HTTP Request: POST http://127.0.0.1:22446/v1/chat/completions "HTTP/1.1 200 OK"
2026-09-18 14:17:38,953 - INFO - --- Episode 19, Step 6/100 ---
2026-09-18 14:17:39,517 - INFO - --- Episode 19, Step 7/100 ---
2026-09-18 14:17:40,112 - INFO - --- Episode 19, Step 8/100 ---
2026-09-18 14:17:40,676 - INFO - --- Episode 19, Step 9/100 ---
2026-09-18 14:17:41,450 - INFO - --- Episode 19, Step 10/100 ---
2026-09-18 14:17:42,045 - INFO - --- Episode 19, Step 11/100 ---
2026-09-18 14:17:59,294 - INFO - HTTP Request: POST http://127.0.0.1:22446/v1/chat/completions "HTTP/1.1 200 OK"
2026-09-18 14:18:00,117 - INFO - --- Episode 19, Step 12/100 ---
```json
{
"movement": "I have walked through the kitchen aisle and am now at the end of the countertop area. I am facing an open tiled space with an arched entryway (labeled B) ahead and a hallway to the left.",
"observation": {
    "front view": "I see an open tiled floor leading towards an arched entryway (labeled B) in the distance. To the left of the archway is a wall/pillar and an opening to a hallway with a wooden door. Waypoints 1, 2, 3, 4, 5, 6, 7, 8, 9, 10, 11 are visible.",
    "left view": "I see a hallway with a wooden door and an arched opening further down.",
    "right view": "I see the end of the kitchen counter/barstools area and a wall with a picture.",
    "map": "My current position is near the end of the red path. Waypoint 10 is directly ahead in the open space, leading towards the archway and the area labeled 'chair'."
},
"thought": "I have completed walking along the countertop (P2). The next instruction is P3: 'Continue ahead towards the arched entryway that leads to a hall beside the stairs.' I am currently facing the arched entryway (labeled B) and the open space leading to it. Waypoint 10 is located in this path, moving me closer to the archway and the subsequent area.",
"stuck": false,
"plan": "Move forward into the open tiled area towards the arched entryway (P3). Waypoint 10 is the next logical step in this direction.",
"curr_step": "I am transitioning from P2 to P3. I need to move towards the arched entryway. Waypoint 10 is directly ahead on the path.",
"action": 10
}
```
[StairDetect] normals=0.0076s, cpu=0.0005s, cluster=0.0614s, loop=0.0132s, total=0.1025s
Action: turn
[StairDetect] normals=0.0094s, cpu=0.0004s, cluster=0.0656s, loop=0.0244s, total=0.1201s
Action: move_forward
[StairDetect] normals=0.0099s, cpu=0.0005s, cluster=0.0602s, loop=0.0212s, total=0.1105s
Action: move_forward
[StairDetect] normals=0.0103s, cpu=0.0005s, cluster=0.0646s, loop=0.0225s, total=0.1174s
Action: turn
[StairDetect] normals=0.0097s, cpu=0.0005s, cluster=0.0556s, loop=0.0153s, total=0.0977s
Action: move_forward
[StairDetect] normals=0.0099s, cpu=0.0005s, cluster=0.0669s, loop=0.0158s, total=0.1106s
Action: null
[StairDetect] normals=0.0099s, cpu=0.0005s, cluster=0.0584s, loop=0.0164s, total=0.1027s
Action: turn
waypoints: 14
skipped waypoints: edge 2,  distance 4,  no_path 4,  occlusion 1

[StairDetect] normals=0.0101s, cpu=0.0004s, cluster=0.0581s, loop=0.0161s, total=0.1022s
Action: stop
['Walk behind the couch towards the kitchen. Enter the kitchen.', 'Walk towards the doors that go outside. Turn left when you reach the doors.', 'Walk down the hallway past the kitchen. Stop where the four hallways intersect.']
Initialized data for new floor level: 0
Switching pcds to floor level: 0
Initialized data for new floor level: 0
Switching pcds to floor level: 0
Initialized data for new floor level: 0
Switching pcds to floor level: 0
[StairDetect] normals=0.0026s, cpu=0.0003s, cluster=0.0344s, loop=0.0072s, total=0.0527s
waypoints: 28
skipped waypoints: edge 1,  distance 17,  no_path 0,  occlusion 3
```json
{
"movement": "Move forward from the current position along the path between the pillar on the left and the wall on the right.",
"observation": {
    "front view": "A hallway/path leading towards an archway labeled 'B'. There is a chair further ahead near waypoint 1. To the left is a large pillar/wall section. To the right is a wall with a painting.",
    "left view": "The back of a large sectional couch and a console table with a lamp. Beyond them is an archway leading to another room.",
    "right view": "A wall with a framed picture and curtains covering a window/door.",
    "map": "The map shows the starting point near the couch. Waypoints 6, 4, and 1 are along the path forward towards the archway."
},
"thought": "I am currently positioned behind/next to the couch as instructed. The path forward leads past the end of the couch area (marked by the pillar in the front view) towards an archway which likely leads to the kitchen or dining area. I need to proceed down this path to reach the kitchen.",
"stuck": false,
"plan": "Move forward along the hallway, passing the pillar on the left and the wall on the right, heading towards the archway and the room beyond it (the kitchen).",
"curr_step": "Move towards waypoint 6 which is directly ahead on the path.",
"action": 6
}
```
Calculated floor height difference: 3.52m
Action: turn
Action: move_forward
Action: null
Action: turn
waypoints: 28
skipped waypoints: edge 4,  distance 10,  no_path 0,  occlusion 7
```json
{
"movement": "Move forward and slightly left, navigating around the corner of the large white pillar/wall section labeled 'B' towards the opening that leads into the kitchen.",
"observation": {
    "front view": "A large white pillar/wall is directly ahead. To the left of it, there is an opening leading into a room with wooden cabinets and counters (the kitchen). To the right is the living area with the couch.",
    "left view": "The kitchen entrance is visible here, showing counters and cabinets.",
    "right view": "The living/dining area with chairs and a rug.",
    "map": "I am near the start point. Waypoints 1, 2, 3 are to the left of the central pillar, leading towards the kitchen area."
},
"thought": "I have walked behind the couch and am now facing a large wall/pillar. The kitchen is visible through the opening to the left of this pillar. To enter the kitchen as instructed, I need to go around the left side of this pillar.",
"stuck": false,
"plan": "Move towards the opening on the left of the pillar (waypoint 1) to enter the kitchen area.",
"curr_step": "Move towards waypoint 1 which is located at the base of the pillar on the left side, leading into the kitchen.",
"action": 1
}
```
Action: turn
Action: move_forward
Action: turn
--- Height change stabilized. Height diff: 0.15, On platform: True, Metrics: {'inlier_count': 1016, 'local_count': 25145, 'support_ratio': 0.04040564724436645, 'vertical_score': 1.0, 'plane_height_mean': -1.0362606048583984, 'agent_z': -1.0526138067245483, 'vertical_diff': 0.016353201866149858, 'area_xy': 0.504, 'radius_est': 0.40053487068747273, 'z_std': 0.044856686145067215, 'occupied_cells': 35, 'bottom_height_tolerance': 0.1}
--- No significant floor change. Height diff: 0.15, On platform: True, Metrics: {'inlier_count': 1016, 'local_count': 25145, 'support_ratio': 0.04040564724436645, 'vertical_score': 1.0, 'plane_height_mean': -1.0362606048583984, 'agent_z': -1.0526138067245483, 'vertical_diff': 0.016353201866149858, 'area_xy': 0.504, 'radius_est': 0.40053487068747273, 'z_std': 0.044856686145067215, 'occupied_cells': 35, 'bottom_height_tolerance': 0.1}
Updated floor height: -0.85, ceiling height: 0.95
Action: move_forward
Action: null
Action: turn
waypoints: 52
skipped waypoints: edge 3,  distance 25,  no_path 0,  occlusion 1
```json
{
"movement": "Move forward from the current position on the tiled floor, heading directly into the kitchen area through the opening ahead.",
"observation": {
    "front view": "The entrance to a kitchen with wooden cabinets, a large island with towels hanging on it, and a dining area further back. There is a small wooden cabinet/counter just inside the entrance on the right.",
    "left view": "The living room area with a couch, fireplace, and a console table with a lamp that I just passed behind.",
    "right view": "A hallway extending to the right with a console table against the wall.",
    "map": "I am at the threshold of the kitchen. Waypoint 18 is just inside the kitchen entrance."
},
"thought": "I have successfully walked behind the couch and reached the kitchen entrance. The next part of the instruction is to 'Enter the kitchen'. Moving forward towards waypoint 18 will take me into the kitchen space.",
"stuck": false,
"plan": "Move forward into the kitchen towards the island and cabinets.",
"curr_step": "Move towards waypoint 18 which is located just inside the kitchen entrance.",
"action": 18
}
```
Action: turn
2026-09-18 14:18:00,836 - INFO - --- Episode 19, Step 13/100 ---
2026-09-18 14:18:01,429 - INFO - --- Episode 19, Step 14/100 ---
2026-09-18 14:18:02,433 - INFO - --- Episode 19, Step 15/100 ---
2026-09-18 14:18:03,095 - INFO - --- Episode 19, Step 16/100 ---
2026-09-18 14:18:03,739 - INFO - --- Episode 19, Step 17/100 ---
2026-09-18 14:18:04,368 - INFO - --- Episode 19, Step 18/100 ---
2026-09-18 14:18:04,879 - INFO - --- Episode 19, Step 19/100 ---
2026-09-18 14:18:05,698 - INFO - --- Episode 19, Step 20/100 ---
2026-09-18 14:18:21,955 - INFO - HTTP Request: POST http://127.0.0.1:22446/v1/chat/completions "HTTP/1.1 200 OK"
2026-09-18 14:18:22,915 - INFO - --- Episode 19, Step 21/100 ---
2026-09-18 14:18:23,565 - INFO - --- Episode 19, Step 22/100 ---
2026-09-18 14:18:24,205 - INFO - --- Episode 19, Step 23/100 ---
2026-09-18 14:18:25,045 - INFO - --- Episode 19, Step 24/100 ---
2026-09-18 14:18:26,387 - INFO - --- Episode 19, Step 25/100 ---
2026-09-18 14:18:27,853 - INFO - --- Episode 19, Step 26/100 ---
2026-09-18 14:20:19,087 - INFO - HTTP Request: POST http://127.0.0.1:22446/v1/chat/completions "HTTP/1.1 200 OK"
2026-09-18 14:20:47,426 - INFO - HTTP Request: POST http://127.0.0.1:22446/v1/chat/completions "HTTP/1.1 200 OK"
2026-09-18 14:20:48,759 - INFO - --- Episode 19, Step 27/100 ---
2026-09-18 14:20:49,596 - INFO - --- Episode 19, Step 28/100 ---
2026-09-18 14:20:50,506 - INFO - --- Episode 19, Step 29/100 ---
2026-09-18 14:20:51,677 - INFO - --- Episode 19, Step 30/100 ---
2026-09-18 14:20:52,803 - INFO - --- Episode 19, Step 31/100 ---
2026-09-18 14:20:53,893 - INFO - --- Episode 19, Step 32/100 ---
2026-09-18 14:20:54,642 - INFO - --- Episode 19, Step 33/100 ---
2026-09-18 14:20:55,346 - INFO - --- Episode 19, Step 34/100 ---
2026-09-18 14:21:45,371 - INFO - HTTP Request: POST http://127.0.0.1:22446/v1/chat/completions "HTTP/1.1 200 OK"
2026-09-18 14:21:46,297 - INFO - --- Episode 19, Step 35/100 ---
2026-09-18 14:22:12,989 - INFO - HTTP Request: POST http://127.0.0.1:22446/v1/chat/completions "HTTP/1.1 200 OK"
--- Height change stabilized. Height diff: 0.00, On platform: True, Metrics: {'inlier_count': 1816, 'local_count': 24021, 'support_ratio': 0.0756005162118313, 'vertical_score': 1.0, 'plane_height_mean': -1.1865755319595337, 'agent_z': -1.2, 'vertical_diff': 0.013424468040466264, 'area_xy': 0.8351999999999999, 'radius_est': 0.5156087828389873, 'z_std': 0.038358718156814575, 'occupied_cells': 58, 'bottom_height_tolerance': 0.1}
--- No significant floor change. Height diff: 0.00, On platform: True, Metrics: {'inlier_count': 1816, 'local_count': 24021, 'support_ratio': 0.0756005162118313, 'vertical_score': 1.0, 'plane_height_mean': -1.1865755319595337, 'agent_z': -1.2, 'vertical_diff': 0.013424468040466264, 'area_xy': 0.8351999999999999, 'radius_est': 0.5156087828389873, 'z_std': 0.038358718156814575, 'occupied_cells': 58, 'bottom_height_tolerance': 0.1}
Updated floor height: -1.00, ceiling height: 0.80
Action: move_forward
Action: turn
Action: move_forward
Action: turn
Action: move_forward
Action: turn
--- Height change stabilized. Height diff: -0.18, On platform: True, Metrics: {'inlier_count': 11684, 'local_count': 23021, 'support_ratio': 0.5075365969980654, 'vertical_score': 1.0, 'plane_height_mean': -1.4034197330474854, 'agent_z': -1.380481880903244, 'vertical_diff': 0.022937852144241377, 'area_xy': 7.027199999999999, 'radius_est': 1.4956026317811606, 'z_std': 0.01175299845635891, 'occupied_cells': 488, 'bottom_height_tolerance': 0.1}
--- No significant floor change. Height diff: -0.18, On platform: True, Metrics: {'inlier_count': 11684, 'local_count': 23021, 'support_ratio': 0.5075365969980654, 'vertical_score': 1.0, 'plane_height_mean': -1.4034197330474854, 'agent_z': -1.380481880903244, 'vertical_diff': 0.022937852144241377, 'area_xy': 7.027199999999999, 'radius_est': 1.4956026317811606, 'z_std': 0.01175299845635891, 'occupied_cells': 488, 'bottom_height_tolerance': 0.1}
Updated floor height: -1.18, ceiling height: 0.62
Action: move_forward
Action: null
waypoints: 19
skipped waypoints: edge 3,  distance 10,  no_path 0,  occlusion 0
```json
{
"movement": "Move forward from the current position at the kitchen entrance, heading towards the kitchen island.",
"observation": {
    "front view": "The kitchen island with towels hanging on it is directly ahead. To the right is a wooden cabinet/counter. Further back are more cabinets and what looks like a dining area or another room through an archway.",
    "left view": "A wall and the edge of the living room area I just came from.",
    "right view": "The tiled floor of the hallway/entrance area leading towards the kitchen.",
    "map": "I am at the entrance to the kitchen. Waypoints 3, 4, 5 are inside the kitchen near the island."
},
"thought": "I have reached the entrance of the kitchen. To complete the subtask 'Enter the kitchen', I need to move further into the room towards the island and cabinets. Waypoint 3 is a suitable target just inside the kitchen area.",
"stuck": false,
"plan": "Move forward into the kitchen towards the island (waypoint 3).",
"curr_step": "Move towards waypoint 3 which is located near the kitchen island.",
"action": 3
}
```
Action: turn
Action: move_forward
Action: turn
Action: move_forward
--- Height change stabilized. Height diff: -0.05, On platform: True, Metrics: {'inlier_count': 1807, 'local_count': 37287, 'support_ratio': 0.048461930430217987, 'vertical_score': 1.0, 'plane_height_mean': -1.2373186349868774, 'agent_z': -1.2537620782852172, 'vertical_diff': 0.0164434432983398, 'area_xy': 0.8208, 'radius_est': 0.5111445535067897, 'z_std': 0.04436318576335907, 'occupied_cells': 57, 'bottom_height_tolerance': 0.1}
--- No significant floor change. Height diff: -0.05, On platform: True, Metrics: {'inlier_count': 1807, 'local_count': 37287, 'support_ratio': 0.048461930430217987, 'vertical_score': 1.0, 'plane_height_mean': -1.2373186349868774, 'agent_z': -1.2537620782852172, 'vertical_diff': 0.0164434432983398, 'area_xy': 0.8208, 'radius_est': 0.5111445535067897, 'z_std': 0.04436318576335907, 'occupied_cells': 57, 'bottom_height_tolerance': 0.1}
Updated floor height: -1.05, ceiling height: 0.75
Action: move_forward
Action: null
waypoints: 20
skipped waypoints: edge 1,  distance 5,  no_path 0,  occlusion 10

```json
{
"movement": "Move forward and slightly right, navigating along the right side of the kitchen island towards the counter and the opening leading to the dining area.",
"observation": {
    "front view": "The kitchen island with towels is directly ahead/right. To the left is the stove. Straight ahead is a path between the stove and island (waypoint 2). To the right of the island is a counter and an opening to another room.",
    "left view": "The stove and kitchen cabinets on the left wall.",
    "right view": "A wooden counter on the right, and beyond it, an archway leading to a dining area with glass doors leading outside.",
    "map": "I am near the kitchen island. Waypoint 1 is located near the end of the island on the right side, leading towards the dining area."
},
"thought": "I have entered the kitchen. The next subtask is to walk towards the doors that go outside. These doors are visible in the Right View, located in the dining area beyond the kitchen counter. To reach them, I need to move past the island on its right side. Waypoint 1 is positioned at the end of the island on the right, which aligns with the path towards the dining area and the outside doors.",
"stuck": false,
"plan": "Move towards waypoint 1 to navigate around the island and head towards the dining area where the outside doors are located.",
"curr_step": "Move towards waypoint 1 which is located at the end of the kitchen island on the right side.",
"action": 1
}
```
Action: turn
Action: move_forward
--- Height change stabilized. Height diff: 0.00, On platform: True, Metrics: {'inlier_count': 1772, 'local_count': 34812, 'support_ratio': 0.05090198781882966, 'vertical_score': 1.0, 'plane_height_mean': -1.187272310256958, 'agent_z': -1.2, 'vertical_diff': 0.012727689743041948, 'area_xy': 0.6768, 'radius_est': 0.46414666967370294, 'z_std': 0.045535825192928314, 'occupied_cells': 47, 'bottom_height_tolerance': 0.1}
--- No significant floor change. Height diff: 0.00, On platform: True, Metrics: {'inlier_count': 1772, 'local_count': 34812, 'support_ratio': 0.05090198781882966, 'vertical_score': 1.0, 'plane_height_mean': -1.187272310256958, 'agent_z': -1.2, 'vertical_diff': 0.012727689743041948, 'area_xy': 0.6768, 'radius_est': 0.46414666967370294, 'z_std': 0.045535825192928314, 'occupied_cells': 47, 'bottom_height_tolerance': 0.1}
Updated floor height: -1.00, ceiling height: 0.80
Action: move_forward
Action: turn
Action: move_forward
Action: turn
Action: move_forward
Action: null
waypoints: 57
skipped waypoints: edge 6,  distance 12,  no_path 0,  occlusion 34
```json
{
"movement": "Move forward through the gap between the kitchen islands towards the stove and refrigerator.",
"observation": {
    "front view": "A large stainless steel refrigerator and a stove with a range hood are visible against the back wall of the kitchen.",
    "left view": "The side of the kitchen island with a sink is visible.",
    "right view": "A wooden counter and an archway leading to a dining area with glass doors are visible.",
    "map": "I am positioned near the kitchen island (workbench) and a rug, facing the back wall of the kitchen."
},
"thought": "I have successfully walked behind the couch and entered the kitchen. I am now standing in the kitchen aisle near the stove and refrigerator. The subtask P1 'Enter the kitchen' is complete. The next subtask P2 is to walk towards the doors that go outside, which are visible in the dining area to my right.",
"stuck": false,
"plan": "Complete subtask P1. Then, turn right and move towards the dining area to reach the outside doors for subtask P2.",
"curr_step": "Subtask P1 is completed as I have entered the kitchen and reached the cooking area.",
"action": -1
}
```
Action: pause
waypoints: 57
skipped waypoints: edge 6,  distance 12,  no_path 0,  occlusion 34
2026-09-18 14:22:14,504 - INFO - --- Episode 19, Step 36/100 ---
2026-09-18 14:22:15,371 - INFO - --- Episode 19, Step 37/100 ---
2026-09-18 14:22:16,518 - INFO - --- Episode 19, Step 38/100 ---
2026-09-18 14:22:17,572 - INFO - --- Episode 19, Step 39/100 ---
2026-09-18 14:22:18,680 - INFO - --- Episode 19, Step 40/100 ---
2026-09-18 14:22:43,041 - INFO - HTTP Request: POST http://127.0.0.1:22446/v1/chat/completions "HTTP/1.1 200 OK"
2026-09-18 14:22:44,475 - INFO - --- Episode 19, Step 41/100 ---
2026-09-18 14:22:45,429 - INFO - --- Episode 19, Step 42/100 ---
2026-09-18 14:22:46,404 - INFO - --- Episode 19, Step 43/100 ---
2026-09-18 14:22:47,205 - INFO - --- Episode 19, Step 44/100 ---
2026-09-18 14:22:48,230 - INFO - --- Episode 19, Step 45/100 ---
2026-09-18 14:22:49,165 - INFO - --- Episode 19, Step 46/100 ---
2026-09-18 14:22:50,099 - INFO - --- Episode 19, Step 47/100 ---
2026-09-18 14:23:14,271 - INFO - HTTP Request: POST http://127.0.0.1:22446/v1/chat/completions "HTTP/1.1 200 OK"
2026-09-18 14:23:17,314 - INFO - HTTP Request: POST http://127.0.0.1:22446/v1/chat/completions "HTTP/1.1 400 Bad Request"
2026-09-18 14:23:19,199 - INFO - HTTP Request: POST http://127.0.0.1:22446/v1/chat/completions "HTTP/1.1 400 Bad Request"
2026-09-18 14:23:20,047 - INFO - --- Episode 19, Step 48/100 ---
2026-09-18 14:23:45,436 - INFO - HTTP Request: POST http://127.0.0.1:22446/v1/chat/completions "HTTP/1.1 200 OK"
2026-09-18 14:23:46,540 - INFO - --- Episode 19, Step 49/100 ---
2026-09-18 14:24:16,038 - INFO - HTTP Request: POST http://127.0.0.1:22446/v1/chat/completions "HTTP/1.1 200 OK"
2026-09-18 14:24:17,834 - INFO - --- Episode 19, Step 50/100 ---
2026-09-18 14:24:18,640 - INFO - --- Episode 19, Step 51/100 ---
2026-09-18 14:24:19,934 - INFO - --- Episode 19, Step 52/100 ---
2026-09-18 14:24:20,893 - INFO - --- Episode 19, Step 53/100 ---
2026-09-18 14:24:21,974 - INFO - --- Episode 19, Step 54/100 ---
2026-09-18 14:24:23,504 - INFO - --- Episode 19, Step 55/100 ---
2026-09-18 14:24:42,743 - INFO - HTTP Request: POST http://127.0.0.1:22446/v1/chat/completions "HTTP/1.1 400 Bad Request"
2026-09-18 14:24:44,018 - INFO - HTTP Request: POST http://127.0.0.1:22446/v1/chat/completions "HTTP/1.1 400 Bad Request"
2026-09-18 14:24:45,270 - INFO - HTTP Request: POST http://127.0.0.1:22446/v1/chat/completions "HTTP/1.1 400 Bad Request"
 40%|████      | 20/50 [2:48:21<3:58:24, 476.82s/it]Renderer: NVIDIA GeForce RTX 4090/PCIe/SSE2 by NVIDIA Corporation
OpenGL version: 4.6.0 NVIDIA 590.48.01
Using optional features:
    GL_ARB_vertex_array_object
    GL_ARB_separate_shader_objects
    GL_ARB_robustness
    GL_ARB_texture_storage
    GL_ARB_texture_view
    GL_ARB_framebuffer_no_attachments
    GL_ARB_invalidate_subdata
    GL_ARB_texture_storage_multisample
    GL_ARB_multi_bind
    GL_ARB_direct_state_access
    GL_ARB_get_texture_sub_image
    GL_ARB_texture_filter_anisotropic
    GL_KHR_debug
    GL_KHR_parallel_shader_compile
    GL_NV_depth_buffer_float
Using driver workarounds:
    no-forward-compatible-core-context
    nv-egl-incorrect-gl11-function-pointers
    no-layout-qualifiers-on-old-glsl
    nv-zero-context-profile-mask
    nv-implementation-color-read-format-dsa-broken
    nv-cubemap-inconsistent-compressed-image-size
    nv-cubemap-broken-full-compressed-image-query
    nv-compressed-block-size-in-bits
[14:24:49:388531]:[Warning]:[Metadata] SceneDatasetAttributes.cpp(107)::addNewSceneInstanceToDataset : Dataset : 'default' : Lighting Layout Attributes 'no_lights' specified in Scene Attributes but does not exist in dataset, so creating default.
2026-09-18 14:25:01,548 - INFO - Simulator initialized!
2026-09-18 14:25:26,528 - INFO - HTTP Request: POST http://127.0.0.1:22446/v1/chat/completions "HTTP/1.1 200 OK"
2026-09-18 14:25:27,236 - INFO - --- Episode 20, Step 1/100 ---
2026-09-18 14:29:11,468 - INFO - HTTP Request: POST http://127.0.0.1:22446/v1/chat/completions "HTTP/1.1 200 OK"
2026-09-18 14:29:24,907 - INFO - HTTP Request: POST http://127.0.0.1:22446/v1/chat/completions "HTTP/1.1 200 OK"
2026-09-18 14:29:25,518 - INFO - --- Episode 20, Step 2/100 ---
2026-09-18 14:29:26,096 - INFO - --- Episode 20, Step 3/100 ---
2026-09-18 14:29:26,624 - INFO - --- Episode 20, Step 4/100 ---
2026-09-18 14:29:27,540 - INFO - --- Episode 20, Step 5/100 ---
2026-09-18 14:29:28,134 - INFO - --- Episode 20, Step 6/100 ---
2026-09-18 14:29:28,666 - INFO - --- Episode 20, Step 7/100 ---
2026-09-18 14:29:29,303 - INFO - --- Episode 20, Step 8/100 ---
2026-09-18 14:29:29,892 - INFO - --- Episode 20, Step 9/100 ---
2026-09-18 14:29:30,639 - INFO - --- Episode 20, Step 10/100 ---
2026-09-18 14:32:05,738 - INFO - HTTP Request: POST http://127.0.0.1:22446/v1/chat/completions "HTTP/1.1 200 OK"
2026-09-18 14:32:40,407 - INFO - HTTP Request: POST http://127.0.0.1:22446/v1/chat/completions "HTTP/1.1 200 OK"
```json
{
"movement": "Move forward and slightly right, navigating around the end of the kitchen island towards the dining area where the outside doors are located.",
"observation": {
    "front view": "The kitchen island with a sink is on the left. The stove and fridge are straight ahead. To the right is the end of the island with a plant and an opening to the dining area.",
    "left view": "The side of the kitchen island and the living room area beyond.",
    "right view": "A wooden counter and glass doors leading outside are visible in the distance.",
    "map": "I am near the kitchen sink. The dining area with the outside doors is to the right."
},
"thought": "I have entered the kitchen. My next goal is to walk towards the doors that go outside. These doors are visible in the Right View, located in the dining area. I need to move out of the kitchen aisle and towards that area. Waypoint 1 is located near the end of the island on the right side, which is the path leading towards the dining area and the doors.",
"stuck": false,
"plan": "Move towards waypoint 1 to exit the kitchen aisle and approach the dining area where the outside doors are.",
"curr_step": "Move towards waypoint 1 which is located near the end of the island on the right side.",
"action": 1
}
```
Action: turn
Action: move_forward
Action: turn
Action: move_forward
Action: null
waypoints: 40
skipped waypoints: edge 2,  distance 11,  no_path 0,  occlusion 21
```json
{
"movement": "Move forward and slightly right, navigating around the end of the kitchen island towards the dining area where the outside doors are located.",
"observation": {
    "front view": "The kitchen island with a sink is on the left. The stove and fridge are straight ahead. To the right is the end of the island with a plant and an opening to the dining area.",
    "left view": "The side of the kitchen island and the living room area beyond.",
    "right view": "A wooden counter and glass doors leading outside are visible in the distance.",
    "map": "I am near the kitchen sink. The dining area with the outside doors is to the right."
},
"thought": "I have entered the kitchen. My next goal is to walk towards the doors that go outside. These doors are visible in the Right View, located in the dining area. I need to move out of the kitchen aisle and towards that area. Waypoint 1 is located near the end of the island on the right side, which is the path leading towards the dining area and the doors.",
"stuck": false,
"plan": "Move towards waypoint 1 to exit the kitchen aisle and approach the dining area where the outside doors are.",
"curr_step": "Move towards waypoint 1 which is located near the end of the island on the right side.",
"action": 1
}
```
Action: turn
Action: move_forward
Action: turn
Action: move_forward
Action: turn
Action: move_forward
Action: null
waypoints: 11
skipped waypoints: edge 3,  distance 4,  no_path 1,  occlusion 3

Action: stop
waypoints: 11
skipped waypoints: edge 3,  distance 4,  no_path 1,  occlusion 3
```json
{
"movement": "Turn right to face the opening leading towards the dining area and the glass doors.",
"observation": {
    "front view": "A microwave and wooden cabinets are directly in front of me.",
    "left view": "The kitchen island and stove area are to my left.",
    "right view": "An opening leads to a dining area with glass doors going outside. A kitchen island is on the right side of this path.",
    "map": "I am near the microwave/refrigerator area. The path to the dining area is to the right."
},
"thought": "I am currently facing the kitchen cabinets. The instruction requires me to walk towards the doors that go outside. These doors are visible in the Right View, located in the adjacent dining area. I need to turn right and move towards that opening.",
"stuck": false,
"plan": "Turn right and move forward into the dining area towards the glass doors.",
"curr_step": "Turn right to face the path leading to the outside doors.",
"action": "R"
}
```
Action: turn
waypoints: 28
skipped waypoints: edge 2,  distance 7,  no_path 2,  occlusion 14
```json
{
"movement": "Move forward and slightly right, navigating between the counter on the left and the kitchen island on the right, heading towards the glass doors.",
"observation": {
    "front view": "Glass doors leading outside are visible straight ahead. To the left is a counter with a coffee maker. To the right is a large kitchen island with a sink.",
    "left view": "A microwave and wooden cabinets are to my left.",
    "right view": "The kitchen island and stove area are to my right.",
    "map": "I am near the microwave. The path to the doors goes forward between the counter and the island."
},
"thought": "I have turned towards the dining area and can now see the glass doors leading outside directly ahead. I need to walk towards these doors. Waypoint 1 is located in the gap between the counter and the island, which is the correct path to reach the doors.",
"stuck": false,
"plan": "Move forward towards waypoint 1 to approach the glass doors leading outside.",
"curr_step": "Move towards waypoint 1 which is located in the path between the counter and the island.",
"action": 1
}
```
Action: turn
Action: move_forward
Action: turn
Action: move_forward
Action: null
Action: turn
waypoints: 31
skipped waypoints: edge 4,  distance 12,  no_path 0,  occlusion 3
Action: stop
['Head diagonally through the kitchen, stop at the edge of the kitchen table', 'turn left and stop in the middle of the room near a vase on the floor.']
Initialized data for new floor level: 0
Switching pcds to floor level: 0
Initialized data for new floor level: 0
Switching pcds to floor level: 0
Initialized data for new floor level: 0
Switching pcds to floor level: 0
[StairDetect] normals=0.0027s, cpu=0.0002s, cluster=0.0343s, loop=0.0073s, total=0.0529s
waypoints: 28
skipped waypoints: edge 1,  distance 17,  no_path 0,  occlusion 3

```json
{
"movement": "I am currently standing at the entrance of a hallway leading into a dining/kitchen area. I have not moved yet.",
"observation": {
    "front view": "I see a hallway leading into a room with a dining table and chairs in the distance. There is an archway to the left leading to a living area with a sofa.",
    "left view": "A large living area with a beige sofa and a side table is visible through an archway.",
    "right view": "Curtains and a window are visible on the right wall.",
    "map": "I am at the 'START' position near waypoint 6. Waypoint 1 is ahead, slightly left, near a chair. The dining table is further ahead in that direction."
},
"thought": "The current task is to head diagonally through the kitchen and stop at the edge of the kitchen table. Looking ahead, I see the dining table in the distance. To reach it, I need to move forward into that room. Waypoint 1 is located near a chair which appears to be part of the dining set or near the table. Moving towards waypoint 1 will bring me closer to the table edge as instructed.",
"stuck": false,
"plan": "Move forward into the room ahead, aiming for the area near the chair (waypoint 1) which is close to the kitchen/dining table.",
"curr_step": "I need to move towards the dining table. Waypoint 1 is the closest waypoint in that direction and leads directly into the room where the table is located.",
"action": 1
}
```
Calculated floor height difference: 3.52m
Action: turn
Action: move_forward
Action: turn
Action: move_forward
Action: move_forward
Action: turn
Action: move_forward
Action: null
Action: turn
waypoints: 35
skipped waypoints: edge 3,  distance 16,  no_path 0,  occlusion 6

2026-09-18 14:32:41,231 - INFO - --- Episode 20, Step 11/100 ---
2026-09-18 14:32:41,915 - INFO - --- Episode 20, Step 12/100 ---
2026-09-18 14:32:42,525 - INFO - --- Episode 20, Step 13/100 ---
2026-09-18 14:32:43,178 - INFO - --- Episode 20, Step 14/100 ---
2026-09-18 14:32:44,015 - INFO - --- Episode 20, Step 15/100 ---
2026-09-18 14:32:44,625 - INFO - --- Episode 20, Step 16/100 ---
2026-09-18 14:33:08,799 - INFO - HTTP Request: POST http://127.0.0.1:22446/v1/chat/completions "HTTP/1.1 200 OK"
2026-09-18 14:33:09,851 - INFO - --- Episode 20, Step 17/100 ---
2026-09-18 14:33:10,526 - INFO - --- Episode 20, Step 18/100 ---
2026-09-18 14:33:11,163 - INFO - --- Episode 20, Step 19/100 ---
2026-09-18 14:33:11,974 - INFO - --- Episode 20, Step 20/100 ---
2026-09-18 14:33:12,540 - INFO - --- Episode 20, Step 21/100 ---
2026-09-18 14:33:13,179 - INFO - --- Episode 20, Step 22/100 ---
2026-09-18 14:33:14,176 - INFO - --- Episode 20, Step 23/100 ---
2026-09-18 14:34:49,879 - INFO - HTTP Request: POST http://127.0.0.1:22446/v1/chat/completions "HTTP/1.1 200 OK"
2026-09-18 14:35:09,685 - INFO - HTTP Request: POST http://127.0.0.1:22446/v1/chat/completions "HTTP/1.1 200 OK"
2026-09-18 14:35:11,188 - INFO - --- Episode 20, Step 24/100 ---
2026-09-18 14:35:12,281 - INFO - --- Episode 20, Step 25/100 ---
2026-09-18 14:35:13,250 - INFO - --- Episode 20, Step 26/100 ---
2026-09-18 14:35:13,982 - INFO - --- Episode 20, Step 27/100 ---
2026-09-18 14:35:15,039 - INFO - --- Episode 20, Step 28/100 ---
2026-09-18 14:36:12,315 - INFO - HTTP Request: POST http://127.0.0.1:22446/v1/chat/completions "HTTP/1.1 200 OK"
2026-09-18 14:36:55,062 - INFO - HTTP Request: POST http://127.0.0.1:22446/v1/chat/completions "HTTP/1.1 200 OK"
2026-09-18 14:37:16,841 - INFO - HTTP Request: POST http://127.0.0.1:22446/v1/chat/completions "HTTP/1.1 200 OK"
```json
{
"movement": "I have moved forward from the hallway entrance onto the tiled floor of the kitchen area. I am now approaching the end of the kitchen island/counter which is on my left.",
"observation": {
    "front view": "I see the tiled floor of the kitchen extending ahead. To the left is the end of a large wooden kitchen island/counter. Straight ahead is a white pillar/wall section separating the kitchen from the dining area. To the right is the dining room with a large table and chairs.",
    "left view": "The kitchen island/counter continues to my left. Through an archway further back, another part of the kitchen is visible.",
    "right view": "A large dining table with many chairs is visible in the adjacent room.",
    "map": "I am on the tiled floor (kitchen). Waypoint 1 is located at the far end of this tiled area, near the pillar and the entrance to the dining room. This position is right next to the edge of the kitchen island."
},
"thought": "The instruction is to 'Head diagonally through the kitchen, stop at the edge of the kitchen table'. I have been moving across the kitchen floor (tiled area). The large wooden structure on my left is the kitchen island/table. Waypoint 1 is located at the far end of this island, near the pillar. This matches the description 'edge of the kitchen table' after heading diagonally through the room.",
"stuck": false,
"plan": "Move towards waypoint 1 to reach the edge of the kitchen island/table as instructed.",
"curr_step": "I am currently on the tiled floor approaching the end of the kitchen counter. Waypoint 1 is the correct target to stop at the edge of this table.",
"action": 1
}
```
--- Height change stabilized. Height diff: -0.06, On platform: True, Metrics: {'inlier_count': 583, 'local_count': 25228, 'support_ratio': 0.023109243696562976, 'vertical_score': 1.0, 'plane_height_mean': -1.237483263015747, 'agent_z': -1.2609374344348907, 'vertical_diff': 0.023454171419143632, 'area_xy': 0.4608, 'radius_est': 0.38298458918537537, 'z_std': 0.043975263833999634, 'occupied_cells': 32, 'bottom_height_tolerance': 0.1}
--- No significant floor change. Height diff: -0.06, On platform: True, Metrics: {'inlier_count': 583, 'local_count': 25228, 'support_ratio': 0.023109243696562976, 'vertical_score': 1.0, 'plane_height_mean': -1.237483263015747, 'agent_z': -1.2609374344348907, 'vertical_diff': 0.023454171419143632, 'area_xy': 0.4608, 'radius_est': 0.38298458918537537, 'z_std': 0.043975263833999634, 'occupied_cells': 32, 'bottom_height_tolerance': 0.1}
Updated floor height: -1.06, ceiling height: 0.74
Action: move_forward
Action: turn
--- Height change stabilized. Height diff: -0.17, On platform: True, Metrics: {'inlier_count': 11880, 'local_count': 21540, 'support_ratio': 0.5515320334005788, 'vertical_score': 1.0, 'plane_height_mean': -1.4076282978057861, 'agent_z': -1.3706165075302124, 'vertical_diff': 0.037011790275573775, 'area_xy': 7.142399999999999, 'radius_est': 1.507811835435412, 'z_std': 0.009418992325663567, 'occupied_cells': 496, 'bottom_height_tolerance': 0.1}
--- No significant floor change. Height diff: -0.17, On platform: True, Metrics: {'inlier_count': 11880, 'local_count': 21540, 'support_ratio': 0.5515320334005788, 'vertical_score': 1.0, 'plane_height_mean': -1.4076282978057861, 'agent_z': -1.3706165075302124, 'vertical_diff': 0.037011790275573775, 'area_xy': 7.142399999999999, 'radius_est': 1.507811835435412, 'z_std': 0.009418992325663567, 'occupied_cells': 496, 'bottom_height_tolerance': 0.1}
Updated floor height: -1.17, ceiling height: 0.63
Action: move_forward
Action: turn
Action: move_forward
Action: null
waypoints: 15
skipped waypoints: edge 1,  distance 6,  no_path 0,  occlusion 0
```json
{
"movement": "I have moved forward through the transition area and am now facing a wall with a console table. To my left is the kitchen island/table, and to my right is the dining room.",
"observation": {
    "front view": "A wall with a framed picture on the left and a console table with flowers straight ahead. An opening to the left leads back towards the kitchen/dining area.",
    "left view": "The large wooden kitchen island/table is visible to my left.",
    "right view": "A dining room with a large table and chairs is visible to my right.",
    "map": "I am in the central hallway area. Waypoint 1 is located near the end of the kitchen counter/island (marked with 'sink' on the map), which corresponds to the 'edge of the kitchen table'."
},
"thought": "The instruction is to stop at the edge of the kitchen table. The wooden structure on my left is the kitchen island/table. Waypoint 1 is located right at the end/edge of this counter near the sink. This matches the target location for subtask P1.",
"stuck": false,
"plan": "Move towards waypoint 1 to reach the edge of the kitchen table/island.",
"curr_step": "I am currently facing a wall. I need to turn slightly left and move forward to reach waypoint 1 which is at the edge of the kitchen counter.",
"action": 1
}
```
Action: turn
Action: move_forward
Action: turn
--- Height change stabilized. Height diff: -0.07, On platform: True, Metrics: {'inlier_count': 1288, 'local_count': 26880, 'support_ratio': 0.047916666664884054, 'vertical_score': 1.0, 'plane_height_mean': -1.2847038507461548, 'agent_z': -1.268209558725357, 'vertical_diff': 0.016494292020797774, 'area_xy': 0.40319999999999995, 'radius_est': 0.3582492792865108, 'z_std': 0.04277612641453743, 'occupied_cells': 28, 'bottom_height_tolerance': 0.1}
--- No significant floor change. Height diff: -0.07, On platform: True, Metrics: {'inlier_count': 1288, 'local_count': 26880, 'support_ratio': 0.047916666664884054, 'vertical_score': 1.0, 'plane_height_mean': -1.2847038507461548, 'agent_z': -1.268209558725357, 'vertical_diff': 0.016494292020797774, 'area_xy': 0.40319999999999995, 'radius_est': 0.3582492792865108, 'z_std': 0.04277612641453743, 'occupied_cells': 28, 'bottom_height_tolerance': 0.1}
Updated floor height: -1.07, ceiling height: 0.73
Action: move_forward
Action: turn
Action: move_forward
Action: null
waypoints: 52
skipped waypoints: edge 8,  distance 27,  no_path 0,  occlusion 7

```json
{
"movement": "I have moved forward and turned slightly to align myself with the path towards the end of the kitchen island. I am now facing the console table with flowers, and the edge of the kitchen table is visible to my left/front.",
"observation": {
    "front view": "I see a tiled floor leading towards a wall with a console table holding a vase of flowers. To the left are glass doors/windows. Waypoint 1 is on the floor near the corner of the kitchen counter/island.",
    "left view": "The large wooden kitchen island/table is visible to my left, extending away from me.",
    "right view": "A dining area with a table and chairs is visible through an opening.",
    "map": "I am currently near waypoint 6/7. Waypoint 1 is located at the far end of the kitchen counter/island (marked with 'sink'), which corresponds to the 'edge of the kitchen table'."
},
"thought": "The instruction is to stop at the edge of the kitchen table. I have walked through the kitchen and am now approaching the end of the island/table. Waypoint 1 is located exactly at this edge/corner near the sink. Reaching this waypoint will complete subtask P1.",
"stuck": false,
"plan": "Move towards waypoint 1 to reach the edge of the kitchen table as instructed.",
"curr_step": "I am currently facing the console table. Waypoint 1 is slightly to my left and forward, at the end of the kitchen counter. I need to move there to complete the first part of the instruction.",
"action": 1
}
```
Action: turn
Action: move_forward
Action: move_forward
Action: move_forward
Action: null
waypoints: 36
skipped waypoints: edge 2,  distance 26,  no_path 1,  occlusion 5


2026-09-18 14:37:17,941 - INFO - --- Episode 20, Step 29/100 ---
2026-09-18 14:37:18,934 - INFO - --- Episode 20, Step 30/100 ---
2026-09-18 14:37:19,750 - INFO - --- Episode 20, Step 31/100 ---
2026-09-18 14:37:20,777 - INFO - --- Episode 20, Step 32/100 ---
2026-09-18 14:37:21,823 - INFO - --- Episode 20, Step 33/100 ---
2026-09-18 14:37:22,943 - INFO - --- Episode 20, Step 34/100 ---
2026-09-18 14:37:24,193 - INFO - --- Episode 20, Step 35/100 ---
2026-09-18 14:37:25,129 - INFO - --- Episode 20, Step 36/100 ---
2026-09-18 14:37:50,750 - INFO - HTTP Request: POST http://127.0.0.1:22446/v1/chat/completions "HTTP/1.1 200 OK"
2026-09-18 14:37:53,273 - INFO - HTTP Request: POST http://127.0.0.1:22446/v1/chat/completions "HTTP/1.1 400 Bad Request"
2026-09-18 14:37:55,018 - INFO - HTTP Request: POST http://127.0.0.1:22446/v1/chat/completions "HTTP/1.1 400 Bad Request"
2026-09-18 14:37:55,695 - INFO - --- Episode 20, Step 37/100 ---
2026-09-18 14:38:38,820 - INFO - HTTP Request: POST http://127.0.0.1:22446/v1/chat/completions "HTTP/1.1 200 OK"
2026-09-18 14:38:40,055 - INFO - --- Episode 20, Step 38/100 ---
2026-09-18 14:38:40,840 - INFO - --- Episode 20, Step 39/100 ---
2026-09-18 14:38:41,807 - INFO - --- Episode 20, Step 40/100 ---
2026-09-18 14:38:42,627 - INFO - --- Episode 20, Step 41/100 ---
2026-09-18 14:38:43,455 - INFO - --- Episode 20, Step 42/100 ---
2026-09-18 14:38:44,274 - INFO - --- Episode 20, Step 43/100 ---
2026-09-18 14:39:00,918 - INFO - HTTP Request: POST http://127.0.0.1:22446/v1/chat/completions "HTTP/1.1 400 Bad Request"
2026-09-18 14:39:02,315 - INFO - HTTP Request: POST http://127.0.0.1:22446/v1/chat/completions "HTTP/1.1 400 Bad Request"
2026-09-18 14:39:03,592 - INFO - HTTP Request: POST http://127.0.0.1:22446/v1/chat/completions "HTTP/1.1 400 Bad Request"
 42%|████▏     | 21/50 [3:02:39<4:45:46, 591.27s/it]Renderer: NVIDIA GeForce RTX 4090/PCIe/SSE2 by NVIDIA Corporation
OpenGL version: 4.6.0 NVIDIA 590.48.01
Using optional features:
    GL_ARB_vertex_array_object
    GL_ARB_separate_shader_objects
    GL_ARB_robustness
    GL_ARB_texture_storage
    GL_ARB_texture_view
    GL_ARB_framebuffer_no_attachments
    GL_ARB_invalidate_subdata
    GL_ARB_texture_storage_multisample
    GL_ARB_multi_bind
    GL_ARB_direct_state_access
    GL_ARB_get_texture_sub_image
    GL_ARB_texture_filter_anisotropic
    GL_KHR_debug
    GL_KHR_parallel_shader_compile
    GL_NV_depth_buffer_float
Using driver workarounds:
    no-forward-compatible-core-context
    nv-egl-incorrect-gl11-function-pointers
    no-layout-qualifiers-on-old-glsl
    nv-zero-context-profile-mask
    nv-implementation-color-read-format-dsa-broken
    nv-cubemap-inconsistent-compressed-image-size
    nv-cubemap-broken-full-compressed-image-query
    nv-compressed-block-size-in-bits
[14:39:07:517297]:[Warning]:[Metadata] SceneDatasetAttributes.cpp(107)::addNewSceneInstanceToDataset : Dataset : 'default' : Lighting Layout Attributes 'no_lights' specified in Scene Attributes but does not exist in dataset, so creating default.
2026-09-18 14:39:17,275 - INFO - Simulator initialized!
2026-09-18 14:39:41,277 - INFO - HTTP Request: POST http://127.0.0.1:22446/v1/chat/completions "HTTP/1.1 200 OK"
2026-09-18 14:39:42,123 - INFO - --- Episode 21, Step 1/100 ---
2026-09-18 14:40:22,426 - INFO - HTTP Request: POST http://127.0.0.1:22446/v1/chat/completions "HTTP/1.1 200 OK"
2026-09-18 14:40:23,360 - INFO - --- Episode 21, Step 2/100 ---
2026-09-18 14:40:24,406 - INFO - --- Episode 21, Step 3/100 ---
2026-09-18 14:40:25,476 - INFO - --- Episode 21, Step 4/100 ---
2026-09-18 14:40:26,733 - INFO - --- Episode 21, Step 5/100 ---
2026-09-18 14:40:49,376 - INFO - HTTP Request: POST http://127.0.0.1:22446/v1/chat/completions "HTTP/1.1 200 OK"
```json
{
"movement": "I have moved forward along the tiled floor, keeping the large kitchen island/table on my left and the glass doors on my right.",
"observation": {
    "front view": "I see the tiled floor continuing ahead towards an opening into another room. To the left is the end of the kitchen island with chairs. Waypoint 1 is visible on the floor near the corner of this island.",
    "left view": "The large wooden kitchen island/table with bar stools is clearly visible to my left.",
    "right view": "Glass doors/windows looking out to greenery are on my right.",
    "map": "I am currently near the 'sink' area on the map. Waypoint 1 is located just past the sink, at the end of the kitchen island/table."
},
"thought": "The instruction is to stop at the edge of the kitchen table. I have walked through the kitchen area and am now approaching the end of the island/table. Waypoint 1 is positioned exactly at this edge/corner. Reaching this waypoint will complete subtask P1.",
"stuck": false,
"plan": "Move towards waypoint 1 to reach the edge of the kitchen table.",
"curr_step": "I am currently walking alongside the kitchen island. Waypoint 1 is directly ahead and slightly left, marking the end/edge of the table.",
"action": 1
}
```
Action: turn
--- Height change stabilized. Height diff: 0.00, On platform: True, Metrics: {'inlier_count': 830, 'local_count': 41988, 'support_ratio': 0.01976755263361514, 'vertical_score': 1.0, 'plane_height_mean': -1.2344517707824707, 'agent_z': -1.2, 'vertical_diff': 0.03445177078247075, 'area_xy': 0.5471999999999999, 'radius_est': 0.41734778029812286, 'z_std': 0.041357703506946564, 'occupied_cells': 38, 'bottom_height_tolerance': 0.1}
--- No significant floor change. Height diff: 0.00, On platform: True, Metrics: {'inlier_count': 830, 'local_count': 41988, 'support_ratio': 0.01976755263361514, 'vertical_score': 1.0, 'plane_height_mean': -1.2344517707824707, 'agent_z': -1.2, 'vertical_diff': 0.03445177078247075, 'area_xy': 0.5471999999999999, 'radius_est': 0.41734778029812286, 'z_std': 0.041357703506946564, 'occupied_cells': 38, 'bottom_height_tolerance': 0.1}
Updated floor height: -1.00, ceiling height: 0.80
Action: move_forward
Action: turn
Action: move_forward
Action: turn
Action: move_forward
Action: null
Action: turn
waypoints: 37
skipped waypoints: edge 3,  distance 20,  no_path 2,  occlusion 8

Action: stop
waypoints: 37
skipped waypoints: edge 3,  distance 20,  no_path 2,  occlusion 8
```json
{
"movement": "I have moved forward along the tiled floor, keeping the large kitchen island/table on my left and the glass doors on my right.",
"observation": {
    "front view": "I see the tiled floor continuing ahead towards an opening into another room. To the left is the end of the kitchen island with chairs. Waypoint 1 is visible on the floor near the corner of this island, close to the sink area.",
    "left view": "The large wooden kitchen island/table with bar stools is clearly visible to my left. There appears to be a vase on top of it in the previous view.",
    "right view": "Glass doors/windows looking out to greenery are on my right.",
    "map": "I am currently near the 'sink' area on the map. Waypoint 1 is located just past the sink, at the end of the kitchen island/table."
},
"thought": "The instruction is to stop at the edge of the kitchen table. I have walked through the kitchen and am now approaching the end of the island/table. Waypoint 1 is positioned exactly at this edge/corner near the sink. Reaching this waypoint will complete subtask P1.",
"stuck": false,
"plan": "Move towards waypoint 1 to reach the edge of the kitchen table.",
"curr_step": "I am currently walking alongside the kitchen island. Waypoint 1 is directly ahead and slightly left, marking the end/edge of the table.",
"action": 1
}
```
Action: move_forward
Action: turn
Action: move_forward
Action: turn
Action: move_forward
Action: null
waypoints: 42
skipped waypoints: edge 7,  distance 23,  no_path 0,  occlusion 4
Action: stop
["Walk past the bed, through the doorway. You'll go past the top of the stairs and a mirror.", "Keep going, through the white door. You'll be in a bedroom. Stop and wait just inside that room."]
Initialized data for new floor level: 0
Switching pcds to floor level: 0
Initialized data for new floor level: 0
Switching pcds to floor level: 0
Initialized data for new floor level: 0
Switching pcds to floor level: 0
[StairDetect] normals=0.0032s, cpu=0.0003s, cluster=0.0412s, loop=0.0664s, total=0.1192s
waypoints: 27
skipped waypoints: edge 3,  distance 2,  no_path 0,  occlusion 14
```json
{
"movement": "Move forward from the starting position, passing the foot of the bed on the left and heading towards the open floor space in the middle of the room.",
"observation": {
    "front view": "I see the foot of a bed with a blue blanket on the left. Ahead is open wooden flooring leading towards a desk and a rug. To the right, there is a white wall/door frame structure. Waypoints 1 through 7 are marked on the floor/walls.",
    "left view": "The bed is visible on the left side of the room.",
    "right view": "A bathroom is visible to the right, containing a sink, toilet, and shower with a mirror above the sink.",
    "map": "The map shows my current position (START) near the foot of the bed. The room extends northwards towards a desk and carpet area. There are numbered waypoints (1, 2, 4, 6, 7) visible on the map."
},
"thought": "I am at the start of subtask P1. The instruction is to 'Walk past the bed, through the doorway.' The bed is currently on my left. To walk past it, I need to move forward into the room. Waypoint 5 is located in the open space ahead, slightly to the right of the bed's foot, which will allow me to clear the bed and position myself to find the exit doorway. The Right View shows a bathroom with a mirror, which might be a landmark nearby, but my primary goal is to exit this room.",
"stuck": false,
"plan": "Navigate towards waypoint 5 to walk past the foot of the bed and enter the main area of the room, then look for the doorway leading out.",
"curr_step": "Move forward to waypoint 5.",
"action": 5
}
```
Calculated floor height difference: 2.57m
[StairDetect] normals=0.0035s, cpu=0.0003s, cluster=0.0453s, loop=0.0641s, total=0.1204s
Action: turn
[StairDetect] normals=0.0054s, cpu=0.0004s, cluster=0.0692s, loop=0.0701s, total=0.1548s
Action: move_forward
[StairDetect] normals=0.0060s, cpu=0.0004s, cluster=0.0731s, loop=0.0702s, total=0.1599s
Action: null
[StairDetect] normals=0.0064s, cpu=0.0004s, cluster=0.0786s, loop=0.0732s, total=0.1693s
Action: turn
waypoints: 45
skipped waypoints: edge 2,  distance 18,  no_path 1,  occlusion 13
```json
{
"movement": "Move forward and slightly right towards the rug near the shelf, heading towards the doorway visible on the right side of the room.",
"observation": {
    "front view": "I see the foot of the bed on the left and a black shelving unit straight ahead. To the right of the shelf is an open doorway leading out of the room. A large letter 'B' is on the wall near the door.",
    "left view": "The bed with blue and green bedding is to my left. There is a window on the wall further left.",
    "right view": "To my right, there is an open doorway leading into a bathroom with a toilet, sink, and shower. Further right is the exit from this bedroom.",
    "map": "The map shows the bed to the left and the shelf ahead. The exit doorway is to the right of the shelf. Waypoint 1 is on the rug near the shelf."
},
"thought": "I have walked past the foot of the bed. The instruction says to go 'through the doorway'. The doorway is visible in the front view, to the right of the black shelf. I need to move towards this exit. Waypoint 1 is located on the rug near the shelf, which is a good intermediate target to get closer to the doorway before exiting.",
"stuck": false,
"plan": "Move towards waypoint 1 on the rug to position myself in front of the shelf and doorway, then proceed through the doorway into the hallway.",
"curr_step": "Move towards waypoint 1.",
"action": 1
}
```
[StairDetect] normals=0.0062s, cpu=0.0004s, cluster=0.0800s, loop=0.0906s, total=0.1897s
2026-09-18 14:40:50,672 - INFO - --- Episode 21, Step 6/100 ---
2026-09-18 14:40:51,512 - INFO - --- Episode 21, Step 7/100 ---
2026-09-18 14:40:52,378 - INFO - --- Episode 21, Step 8/100 ---
2026-09-18 14:40:53,336 - INFO - --- Episode 21, Step 9/100 ---
2026-09-18 14:40:54,389 - INFO - --- Episode 21, Step 10/100 ---
2026-09-18 14:40:55,138 - INFO - --- Episode 21, Step 11/100 ---
2026-09-18 14:40:56,084 - INFO - --- Episode 21, Step 12/100 ---
2026-09-18 14:41:12,526 - INFO - HTTP Request: POST http://127.0.0.1:22446/v1/chat/completions "HTTP/1.1 200 OK"
2026-09-18 14:41:13,462 - INFO - --- Episode 21, Step 13/100 ---
2026-09-18 14:41:14,253 - INFO - --- Episode 21, Step 14/100 ---
2026-09-18 14:41:15,214 - INFO - --- Episode 21, Step 15/100 ---
2026-09-18 14:41:16,004 - INFO - --- Episode 21, Step 16/100 ---
2026-09-18 14:41:16,777 - INFO - --- Episode 21, Step 17/100 ---
2026-09-18 14:41:17,512 - INFO - --- Episode 21, Step 18/100 ---
2026-09-18 14:41:34,279 - INFO - HTTP Request: POST http://127.0.0.1:22446/v1/chat/completions "HTTP/1.1 200 OK"
2026-09-18 14:41:35,376 - INFO - --- Episode 21, Step 19/100 ---
2026-09-18 14:41:36,320 - INFO - --- Episode 21, Step 20/100 ---
2026-09-18 14:41:37,173 - INFO - --- Episode 21, Step 21/100 ---
Action: turn
--- Height change stabilized. Height diff: -0.19, On platform: True, Metrics: {'inlier_count': 9616, 'local_count': 24487, 'support_ratio': 0.39269816635795735, 'vertical_score': 1.0, 'plane_height_mean': -1.404475450515747, 'agent_z': -1.38831467628479, 'vertical_diff': 0.016160774230957076, 'area_xy': 5.7456, 'radius_est': 1.3523613725841135, 'z_std': 0.013778872787952423, 'occupied_cells': 399, 'bottom_height_tolerance': 0.1}
--- No significant floor change. Height diff: -0.19, On platform: True, Metrics: {'inlier_count': 9616, 'local_count': 24487, 'support_ratio': 0.39269816635795735, 'vertical_score': 1.0, 'plane_height_mean': -1.404475450515747, 'agent_z': -1.38831467628479, 'vertical_diff': 0.016160774230957076, 'area_xy': 5.7456, 'radius_est': 1.3523613725841135, 'z_std': 0.013778872787952423, 'occupied_cells': 399, 'bottom_height_tolerance': 0.1}
Updated floor height: -1.19, ceiling height: 0.61
[StairDetect] normals=0.0079s, cpu=0.0047s, cluster=0.1045s, loop=0.0034s, total=0.1325s
Action: move_forward
[StairDetect] normals=0.0083s, cpu=0.0004s, cluster=0.0973s, loop=0.0032s, total=0.1219s
Action: turn
--- Height change stabilized. Height diff: -0.11, On platform: True, Metrics: {'inlier_count': 2051, 'local_count': 33092, 'support_ratio': 0.0619787259741938, 'vertical_score': 1.0, 'plane_height_mean': -1.2949520349502563, 'agent_z': -1.3130456924438476, 'vertical_diff': 0.018093657493591264, 'area_xy': 0.8927999999999999, 'radius_est': 0.5330919867948573, 'z_std': 0.04223833233118057, 'occupied_cells': 62, 'bottom_height_tolerance': 0.1}
--- No significant floor change. Height diff: -0.11, On platform: True, Metrics: {'inlier_count': 2051, 'local_count': 33092, 'support_ratio': 0.0619787259741938, 'vertical_score': 1.0, 'plane_height_mean': -1.2949520349502563, 'agent_z': -1.3130456924438476, 'vertical_diff': 0.018093657493591264, 'area_xy': 0.8927999999999999, 'radius_est': 0.5330919867948573, 'z_std': 0.04223833233118057, 'occupied_cells': 62, 'bottom_height_tolerance': 0.1}
Updated floor height: -1.11, ceiling height: 0.69
[StairDetect] normals=0.0088s, cpu=0.0005s, cluster=0.0862s, loop=0.0947s, total=0.2038s
Action: move_forward
[StairDetect] normals=0.0093s, cpu=0.0004s, cluster=0.0864s, loop=0.1020s, total=0.2121s
Action: turn
Action: move_forward
Action: null
waypoints: 17
skipped waypoints: edge 2,  distance 5,  no_path 0,  occlusion 1
```json
{
"movement": "Move forward and slightly right, passing the black shelf on my left to enter the hallway.",
"observation": {
    "front view": "I see the side of a black shelving unit on the left and a wall corner ahead. To the right of the wall corner is an opening into a hallway with wooden floors.",
    "left view": "The bed and the rug are visible behind me to the left.",
    "right view": "A white door and a painting of a dog are on the wall to my right. The hallway extends forward.",
    "map": "The map shows the bedroom I am leaving (with the bed and desk) and the hallway ahead with waypoints 4, 5, 6, 8."
},
"thought": "I have completed the first part of P1 by walking past the bed. I am now at the exit of the bedroom. The instruction says to go 'through the doorway' and then 'past the top of the stairs and a mirror'. The hallway is clearly visible to the right of the wall corner in front of me. I need to move into that hallway space.",
"stuck": false,
"plan": "Enter the hallway by moving past the wall corner on my right. Head towards the area where the stairs and mirror are located (further down the hall).",
"curr_step": "Move towards waypoint 6 in the hallway.",
"action": 6
}
```
Action: turn
--- Height change stabilized. Height diff: -0.06, On platform: True, Metrics: {'inlier_count': 1923, 'local_count': 31462, 'support_ratio': 0.061121352741048844, 'vertical_score': 1.0, 'plane_height_mean': -1.257112979888916, 'agent_z': -1.2624065399169921, 'vertical_diff': 0.0052935600280761275, 'area_xy': 0.8783999999999998, 'radius_est': 0.5287753814464529, 'z_std': 0.04171173274517059, 'occupied_cells': 61, 'bottom_height_tolerance': 0.1}
--- No significant floor change. Height diff: -0.06, On platform: True, Metrics: {'inlier_count': 1923, 'local_count': 31462, 'support_ratio': 0.061121352741048844, 'vertical_score': 1.0, 'plane_height_mean': -1.257112979888916, 'agent_z': -1.2624065399169921, 'vertical_diff': 0.0052935600280761275, 'area_xy': 0.8783999999999998, 'radius_est': 0.5287753814464529, 'z_std': 0.04171173274517059, 'occupied_cells': 61, 'bottom_height_tolerance': 0.1}
Updated floor height: -1.06, ceiling height: 0.74
Action: move_forward
[StairDetect] normals=0.0087s, cpu=0.0005s, cluster=0.0739s, loop=0.0107s, total=0.1091s
Action: turn
[StairDetect] normals=0.0095s, cpu=0.0004s, cluster=0.0778s, loop=0.0066s, total=0.1121s
Action: move_forward
[StairDetect] normals=0.0096s, cpu=0.0005s, cluster=0.0738s, loop=0.0060s, total=0.1060s
Action: null
[StairDetect] normals=0.0099s, cpu=0.0005s, cluster=0.0771s, loop=0.0074s, total=0.1146s
Action: turn
waypoints: 50
skipped waypoints: edge 4,  distance 27,  no_path 1,  occlusion 5
```json
{
"movement": "Move forward down the hallway, keeping the mirror on my left and the stair railing on my right.",
"observation": {
    "front view": "The hallway continues straight ahead. There is a black shelf/console table with a mirror above it on the left wall. Further down, there appears to be another doorway or opening.",
    "left view": "A large mirror is mounted on the wall above a black console table. A bedroom is visible through an open doorway further back/left.",
    "right view": "The top of the stairs is visible with a railing. Another room (bedroom) is visible through a doorway to the right.",
    "map": "I am in the hallway area near the 'mirror' and 'piano' labels on the map. The path leads forward towards the next section of the house."
},
"thought": "I have completed the first part of P1 by passing the bed, doorway, stairs, and mirror. Now I need to 'Keep going, through the white door' as per P2. Looking ahead in the front view, the hallway continues. I need to move further down this hall to find the specific white door mentioned. Waypoint 3 is directly ahead in the hallway path.",
"stuck": false,
"plan": "Continue moving forward down the hallway towards the next doorway/white door.",
"curr_step": "Move forward towards waypoint 3.",
"action": 3
}
```
[StairDetect] normals=0.0097s, cpu=0.0007s, cluster=0.1055s, loop=0.0056s, total=0.1381s
Action: turn
--- Height change stabilized. Height diff: -0.14, On platform: True, Metrics: {'inlier_count': 3609, 'local_count': 30746, 'support_ratio': 0.11738112274385673, 'vertical_score': 1.0, 'plane_height_mean': -1.3986725807189941, 'agent_z': -1.3424980163574218, 'vertical_diff': 0.05617456436157231, 'area_xy': 2.8224, 'radius_est': 0.9478385003602305, 'z_std': 0.04235708713531494, 'occupied_cells': 196, 'bottom_height_tolerance': 0.1}
--- No significant floor change. Height diff: -0.14, On platform: True, Metrics: {'inlier_count': 3609, 'local_count': 30746, 'support_ratio': 0.11738112274385673, 'vertical_score': 1.0, 'plane_height_mean': -1.3986725807189941, 'agent_z': -1.3424980163574218, 'vertical_diff': 0.05617456436157231, 'area_xy': 2.8224, 'radius_est': 0.9478385003602305, 'z_std': 0.04235708713531494, 'occupied_cells': 196, 'bottom_height_tolerance': 0.1}
Updated floor height: -1.14, ceiling height: 0.66
[StairDetect] normals=0.0078s, cpu=0.0004s, cluster=0.0607s, loop=0.0067s, total=0.0911s
Action: move_forward
[StairDetect] normals=0.0084s, cpu=0.0005s, cluster=0.0637s, loop=0.0093s, total=0.1022s
Action: turn
--- Height change stabilized. Height diff: 0.00, On platform: True, Metrics: {'inlier_count': 1204, 'local_count': 32191, 'support_ratio': 0.037401758254251134, 'vertical_score': 1.0, 'plane_height_mean': -1.226123571395874, 'agent_z': -1.2, 'vertical_diff': 0.026123571395874068, 'area_xy': 0.504, 'radius_est': 0.40053487068747273, 'z_std': 0.0366031676530838, 'occupied_cells': 35, 'bottom_height_tolerance': 0.1}
2026-09-18 14:41:37,931 - INFO - --- Episode 21, Step 22/100 ---
2026-09-18 14:41:38,496 - INFO - --- Episode 21, Step 23/100 ---
2026-09-18 14:41:39,424 - INFO - --- Episode 21, Step 24/100 ---
2026-09-18 14:41:40,665 - INFO - --- Episode 21, Step 25/100 ---
2026-09-18 14:41:41,701 - INFO - --- Episode 21, Step 26/100 ---
2026-09-18 14:42:00,433 - INFO - HTTP Request: POST http://127.0.0.1:22446/v1/chat/completions "HTTP/1.1 200 OK"
2026-09-18 14:42:01,653 - INFO - --- Episode 21, Step 27/100 ---
2026-09-18 14:42:02,645 - INFO - --- Episode 21, Step 28/100 ---
2026-09-18 14:42:03,607 - INFO - --- Episode 21, Step 29/100 ---
2026-09-18 14:42:04,794 - INFO - --- Episode 21, Step 30/100 ---
2026-09-18 14:42:05,674 - INFO - --- Episode 21, Step 31/100 ---
2026-09-18 14:42:06,668 - INFO - --- Episode 21, Step 32/100 ---
2026-09-18 14:42:07,814 - INFO - --- Episode 21, Step 33/100 ---
2026-09-18 14:42:36,232 - INFO - HTTP Request: POST http://127.0.0.1:22446/v1/chat/completions "HTTP/1.1 200 OK"
2026-09-18 14:42:37,311 - INFO - --- Episode 21, Step 34/100 ---
2026-09-18 14:43:05,520 - INFO - HTTP Request: POST http://127.0.0.1:22446/v1/chat/completions "HTTP/1.1 200 OK"
2026-09-18 14:43:06,776 - INFO - --- Episode 21, Step 35/100 ---
2026-09-18 14:43:35,682 - INFO - HTTP Request: POST http://127.0.0.1:22446/v1/chat/completions "HTTP/1.1 200 OK"
--- No significant floor change. Height diff: 0.00, On platform: True, Metrics: {'inlier_count': 1204, 'local_count': 32191, 'support_ratio': 0.037401758254251134, 'vertical_score': 1.0, 'plane_height_mean': -1.226123571395874, 'agent_z': -1.2, 'vertical_diff': 0.026123571395874068, 'area_xy': 0.504, 'radius_est': 0.40053487068747273, 'z_std': 0.0366031676530838, 'occupied_cells': 35, 'bottom_height_tolerance': 0.1}
Updated floor height: -1.00, ceiling height: 0.80
[StairDetect] normals=0.0087s, cpu=0.0005s, cluster=0.0656s, loop=0.0087s, total=0.0997s
Action: move_forward
[StairDetect] normals=0.0088s, cpu=0.0005s, cluster=0.0556s, loop=0.0078s, total=0.0866s
Action: turn
[StairDetect] normals=0.0080s, cpu=0.0005s, cluster=0.0508s, loop=0.0077s, total=0.0797s
Action: move_forward
[StairDetect] normals=0.0080s, cpu=0.0005s, cluster=0.0533s, loop=0.0093s, total=0.0870s
Action: null
[StairDetect] normals=0.0084s, cpu=0.0005s, cluster=0.0540s, loop=0.0077s, total=0.0836s
Action: turn
waypoints: 34
skipped waypoints: edge 1,  distance 19,  no_path 0,  occlusion 10
```json
{
"movement": "Move forward down the hallway, passing the black console table on my left and the stair railing on my right.",
"observation": {
    "front view": "The hallway continues straight ahead towards a bright room with large windows/doors. A bed is visible in that room. To the right are white doors (closets?).",
    "left view": "A wall with a window niche and the black console table.",
    "right view": "The top of the stairs and white closet doors.",
    "map": "I am in the hallway near the 'mirror' label. The path leads forward towards the next 'bed' area."
},
"thought": "I have completed P1 (passed bed, doorway, stairs, mirror). Now I need to execute P2: 'Keep going, through the white door. You'll be in a bedroom.' Looking ahead, there is an opening into a bedroom with a bed visible. I need to move forward to enter that room.",
"stuck": false,
"plan": "Continue moving straight down the hallway towards the bedroom at the end.",
"curr_step": "Move forward towards the opening/doorway leading to the bedroom.",
"action": 1
}
```
[StairDetect] normals=0.0080s, cpu=0.0004s, cluster=0.0563s, loop=0.0107s, total=0.0890s
Action: turn
--- Height change stabilized. Height diff: -0.08, On platform: True, Metrics: {'inlier_count': 1870, 'local_count': 44430, 'support_ratio': 0.0420886788196694, 'vertical_score': 1.0, 'plane_height_mean': -1.2344876527786255, 'agent_z': -1.2831320285797119, 'vertical_diff': 0.04864437580108638, 'area_xy': 0.8496, 'radius_est': 0.5200346904791531, 'z_std': 0.04202432185411453, 'occupied_cells': 59, 'bottom_height_tolerance': 0.1}
--- No significant floor change. Height diff: -0.08, On platform: True, Metrics: {'inlier_count': 1870, 'local_count': 44430, 'support_ratio': 0.0420886788196694, 'vertical_score': 1.0, 'plane_height_mean': -1.2344876527786255, 'agent_z': -1.2831320285797119, 'vertical_diff': 0.04864437580108638, 'area_xy': 0.8496, 'radius_est': 0.5200346904791531, 'z_std': 0.04202432185411453, 'occupied_cells': 59, 'bottom_height_tolerance': 0.1}
Updated floor height: -1.08, ceiling height: 0.72
[StairDetect] normals=0.0076s, cpu=0.0004s, cluster=0.0576s, loop=0.0162s, total=0.0944s
Action: move_forward
[StairDetect] normals=0.0079s, cpu=0.0004s, cluster=0.0587s, loop=0.0174s, total=0.0973s
Action: turn
--- Height change stabilized. Height diff: -0.15, On platform: True, Metrics: {'inlier_count': 10968, 'local_count': 45325, 'support_ratio': 0.24198565912317738, 'vertical_score': 1.0, 'plane_height_mean': -1.4048629999160767, 'agent_z': -1.3541836261749267, 'vertical_diff': 0.05067937374114995, 'area_xy': 5.6304, 'radius_est': 1.3387352177220164, 'z_std': 0.024064864963293076, 'occupied_cells': 391, 'bottom_height_tolerance': 0.1}
--- No significant floor change. Height diff: -0.15, On platform: True, Metrics: {'inlier_count': 10968, 'local_count': 45325, 'support_ratio': 0.24198565912317738, 'vertical_score': 1.0, 'plane_height_mean': -1.4048629999160767, 'agent_z': -1.3541836261749267, 'vertical_diff': 0.05067937374114995, 'area_xy': 5.6304, 'radius_est': 1.3387352177220164, 'z_std': 0.024064864963293076, 'occupied_cells': 391, 'bottom_height_tolerance': 0.1}
Updated floor height: -1.15, ceiling height: 0.65
[StairDetect] normals=0.0067s, cpu=0.0005s, cluster=0.0716s, loop=0.0464s, total=0.1411s
Action: move_forward
[StairDetect] normals=0.0067s, cpu=0.0004s, cluster=0.0573s, loop=0.0437s, total=0.1222s
Action: turn
[StairDetect] normals=0.0060s, cpu=0.0004s, cluster=0.0637s, loop=0.0464s, total=0.1299s
Action: move_forward
[StairDetect] normals=0.0062s, cpu=0.0004s, cluster=0.0640s, loop=0.0414s, total=0.1253s
Action: null
waypoints: 34
skipped waypoints: edge 2,  distance 6,  no_path 0,  occlusion 3
```json
{
"movement": "Move forward into the bedroom and stop just inside the doorway.",
"observation": {
    "front view": "I am looking into a bedroom with a large bed on the left, a dresser on the right, and glass doors leading to a balcony at the far end. I am standing just inside the entrance.",
    "left view": "A black console table and mirror are visible in the hallway just outside the room.",
    "right view": "The white door frame and the top of the stairs are visible to my right.",
    "map": "I am located at the entrance of the bedroom (labeled 'bed' on the map) near waypoints 1, 2, 5."
},
"thought": "I have completed all parts of the instruction. I walked past the first bed, through the doorway, past the stairs and mirror, and through the white door into this second bedroom. The final instruction is to 'Stop and wait just inside that room.' I am currently in that position.",
"stuck": false,
"plan": "The task is complete. I am standing just inside the target bedroom.",
"curr_step": "Task completed.",
"action": -1
}
```
[StairDetect] normals=0.0056s, cpu=0.0005s, cluster=0.0636s, loop=0.0420s, total=0.1255s
Action: pause
waypoints: 34
skipped waypoints: edge 2,  distance 6,  no_path 0,  occlusion 3
```json
{
"movement": "Move forward into the bedroom and stop just inside the doorway.",
"observation": {
    "front view": "I am looking into a bedroom with a large bed on the left, a dresser on the right, and glass doors leading to a balcony at the far end. I am standing just inside the entrance.",
    "left view": "A black console table and mirror are visible in the hallway just outside the room.",
    "right view": "The white door frame and the top of the stairs are visible to my right.",
    "map": "I am located at the entrance of the bedroom (labeled 'bed' on the map) near waypoints 1, 2, 5."
},
"thought": "I have completed all parts of the instruction. I walked past the first bed, through the doorway, past the stairs and mirror, and through the white door into this second bedroom. The final instruction is to 'Stop and wait just inside that room.' I am currently in that position.",
"stuck": false,
"plan": "The task is complete. I am standing just inside the target bedroom.",
"curr_step": "Task completed.",
"action": -1
}
```
[StairDetect] normals=0.0056s, cpu=0.0004s, cluster=0.0647s, loop=0.0413s, total=0.1254s
Action: stop
waypoints: 34
skipped waypoints: edge 2,  distance 6,  no_path 0,  occlusion 3
 44%|████▍     | 22/50 [3:07:10<3:51:07, 495.28s/it]Renderer: NVIDIA GeForce RTX 4090/PCIe/SSE2 by NVIDIA Corporation
OpenGL version: 4.6.0 NVIDIA 590.48.01
Using optional features:
    GL_ARB_vertex_array_object
    GL_ARB_separate_shader_objects
    GL_ARB_robustness
    GL_ARB_texture_storage
    GL_ARB_texture_view
    GL_ARB_framebuffer_no_attachments
    GL_ARB_invalidate_subdata
    GL_ARB_texture_storage_multisample
    GL_ARB_multi_bind
    GL_ARB_direct_state_access
    GL_ARB_get_texture_sub_image
    GL_ARB_texture_filter_anisotropic
    GL_KHR_debug
    GL_KHR_parallel_shader_compile
    GL_NV_depth_buffer_float
Using driver workarounds:
    no-forward-compatible-core-context
    nv-egl-incorrect-gl11-function-pointers
    no-layout-qualifiers-on-old-glsl
    nv-zero-context-profile-mask
    nv-implementation-color-read-format-dsa-broken
    nv-cubemap-inconsistent-compressed-image-size
    nv-cubemap-broken-full-compressed-image-query
    nv-compressed-block-size-in-bits
[14:43:38:938274]:[Warning]:[Metadata] SceneDatasetAttributes.cpp(107)::addNewSceneInstanceToDataset : Dataset : 'default' : Lighting Layout Attributes 'no_lights' specified in Scene Attributes but does not exist in dataset, so creating default.
2026-09-18 14:43:48,594 - INFO - Simulator initialized!
2026-09-18 14:44:11,497 - INFO - HTTP Request: POST http://127.0.0.1:22446/v1/chat/completions "HTTP/1.1 200 OK"
2026-09-18 14:44:12,195 - INFO - --- Episode 22, Step 1/100 ---
2026-09-18 14:47:35,797 - INFO - HTTP Request: POST http://127.0.0.1:22446/v1/chat/completions "HTTP/1.1 200 OK"
2026-09-18 14:50:49,622 - INFO - HTTP Request: POST http://127.0.0.1:22446/v1/chat/completions "HTTP/1.1 200 OK"
2026-09-18 14:53:39,670 - INFO - HTTP Request: POST http://127.0.0.1:22446/v1/chat/completions "HTTP/1.1 200 OK"
2026-09-18 14:53:40,257 - INFO - --- Episode 22, Step 2/100 ---
2026-09-18 14:56:19,134 - INFO - HTTP Request: POST http://127.0.0.1:22446/v1/chat/completions "HTTP/1.1 200 OK"
2026-09-18 14:58:34,373 - INFO - HTTP Request: POST http://127.0.0.1:22446/v1/chat/completions "HTTP/1.1 200 OK"
2026-09-18 14:58:52,943 - INFO - HTTP Request: POST http://127.0.0.1:22446/v1/chat/completions "HTTP/1.1 200 OK"
2026-09-18 14:58:53,658 - INFO - --- Episode 22, Step 3/100 ---
2026-09-18 14:58:54,452 - INFO - --- Episode 22, Step 4/100 ---
2026-09-18 14:58:55,620 - INFO - --- Episode 22, Step 5/100 ---
2026-09-18 14:58:56,300 - INFO - --- Episode 22, Step 6/100 ---
2026-09-18 14:58:56,999 - INFO - --- Episode 22, Step 7/100 ---
2026-09-18 14:58:57,727 - INFO - --- Episode 22, Step 8/100 ---
2026-09-18 14:59:13,825 - INFO - HTTP Request: POST http://127.0.0.1:22446/v1/chat/completions "HTTP/1.1 200 OK"
2026-09-18 14:59:14,630 - INFO - --- Episode 22, Step 9/100 ---
2026-09-18 14:59:15,353 - INFO - --- Episode 22, Step 10/100 ---
2026-09-18 14:59:15,988 - INFO - --- Episode 22, Step 11/100 ---
2026-09-18 14:59:16,604 - INFO - --- Episode 22, Step 12/100 ---
2026-09-18 14:59:17,217 - INFO - --- Episode 22, Step 13/100 ---
2026-09-18 14:59:17,782 - INFO - --- Episode 22, Step 14/100 ---
2026-09-18 14:59:18,607 - INFO - --- Episode 22, Step 15/100 ---
2026-09-18 14:59:19,288 - INFO - --- Episode 22, Step 16/100 ---
2026-09-18 15:00:02,013 - INFO - HTTP Request: POST http://127.0.0.1:22446/v1/chat/completions "HTTP/1.1 200 OK"
2026-09-18 15:00:37,642 - INFO - HTTP Request: POST http://127.0.0.1:22446/v1/chat/completions "HTTP/1.1 200 OK"
2026-09-18 15:01:06,288 - INFO - HTTP Request: POST http://127.0.0.1:22446/v1/chat/completions "HTTP/1.1 200 OK"
 46%|████▌     | 23/50 [3:24:40<4:57:40, 661.49s/it]Renderer: NVIDIA GeForce RTX 4090/PCIe/SSE2 by NVIDIA Corporation
OpenGL version: 4.6.0 NVIDIA 590.48.01
Using optional features:
    GL_ARB_vertex_array_object
    GL_ARB_separate_shader_objects
    GL_ARB_robustness
    GL_ARB_texture_storage
    GL_ARB_texture_view
    GL_ARB_framebuffer_no_attachments
    GL_ARB_invalidate_subdata
    GL_ARB_texture_storage_multisample
    GL_ARB_multi_bind
    GL_ARB_direct_state_access
    GL_ARB_get_texture_sub_image
    GL_ARB_texture_filter_anisotropic
    GL_KHR_debug
    GL_KHR_parallel_shader_compile
    GL_NV_depth_buffer_float
Using driver workarounds:
    no-forward-compatible-core-context
    nv-egl-incorrect-gl11-function-pointers
    no-layout-qualifiers-on-old-glsl
    nv-zero-context-profile-mask
    nv-implementation-color-read-format-dsa-broken
    nv-cubemap-inconsistent-compressed-image-size
    nv-cubemap-broken-full-compressed-image-query
    nv-compressed-block-size-in-bits
[15:01:08:115365]:[Warning]:[Metadata] SceneDatasetAttributes.cpp(107)::addNewSceneInstanceToDataset : Dataset : 'default' : Lighting Layout Attributes 'no_lights' specified in Scene Attributes but does not exist in dataset, so creating default.
2026-09-18 15:01:18,036 - INFO - Simulator initialized!
2026-09-18 15:01:48,298 - INFO - HTTP Request: POST http://127.0.0.1:22446/v1/chat/completions "HTTP/1.1 200 OK"
2026-09-18 15:01:49,002 - INFO - --- Episode 23, Step 1/100 ---
2026-09-18 15:02:17,464 - INFO - HTTP Request: POST http://127.0.0.1:22446/v1/chat/completions "HTTP/1.1 200 OK"
```json
{
"movement": "Move forward into the bedroom and stop just inside the doorway.",
"observation": {
    "front view": "I am looking into a bedroom with a large bed on the left, a dresser on the right, and glass doors leading to a balcony at the far end. I am standing just inside the entrance.",
    "left view": "A black console table and mirror are visible in the hallway just outside the room.",
    "right view": "The white door frame and the top of the stairs are visible to my right.",
    "map": "I am located at the entrance of the bedroom (labeled 'bed' on the map) near waypoints 1, 2, 5."
},
"thought": "I have completed all parts of the instruction. I walked past the first bed, through the doorway, past the stairs and mirror, and through the white door into this second bedroom. The final instruction is to 'Stop and wait just inside that room.' I am currently in that position.",
"stuck": false,
"plan": "The task is complete. I am standing just inside the target bedroom.",
"curr_step": "Task completed.",
"action": -1
}
```
[StairDetect] normals=0.0056s, cpu=0.0004s, cluster=0.0642s, loop=0.0417s, total=0.1253s
Action: stop
['Leave the bathroom, and bedroom and go into the hall.', 'Walk straight down the hall and enter the bedroom across from the starting room.', 'Stop in the doorway to this bedroom.']
Initialized data for new floor level: 0
Switching pcds to floor level: 0
Initialized data for new floor level: 0
Switching pcds to floor level: 0
Initialized data for new floor level: 0
Switching pcds to floor level: 0
[StairDetect] normals=0.0030s, cpu=0.0002s, cluster=0.0416s, loop=0.0583s, total=0.1095s
waypoints: 27
skipped waypoints: edge 3,  distance 2,  no_path 0,  occlusion 14



Calculated floor height difference: 2.57m
Action: stop
waypoints: 21
skipped waypoints: edge 1,  distance 2,  no_path 0,  occlusion 13


```json
{
"movement": "I am currently standing in the doorway area between a bedroom (left) and a bathroom (right). I have not moved yet.",
"observation": {
    "front view": "I see the foot of a bed with a blue blanket on the left and a white wall/doorframe on the right. There is an opening ahead leading out of this room.",
    "left view": "A bedroom with a blue bed, nightstands, and a window.",
    "right view": "A bathroom with a shower, toilet, and vanity.",
    "map": "I am at the 'START' position. To my right on the map is a hallway. To my left is the bedroom area."
},
"thought": "The instruction is to leave the bathroom and bedroom and go into the hall. I am currently positioned between the bedroom and bathroom. The exit to the hallway appears to be straight ahead, past the foot of the bed. I need to move forward to exit this room and enter the hallway.",
"stuck": false,
"plan": "Move forward out of the current room into the hallway. Then proceed down the hallway to find the bedroom across from the starting room.",
"curr_step": "I need to exit the current room. Waypoint 1 is located just ahead in the open space, likely the threshold or just inside the hallway.",
"action": 1
}
```
Action: turn
Action: move_forward
Action: turn
--- Height change stabilized. Height diff: -0.07, On platform: True, Metrics: {'inlier_count': 1587, 'local_count': 23764, 'support_ratio': 0.06678168658193984, 'vertical_score': 1.0, 'plane_height_mean': -1.2400360107421875, 'agent_z': -1.2689361095428466, 'vertical_diff': 0.028900098800659135, 'area_xy': 0.9503999999999999, 'radius_est': 0.5500197413085048, 'z_std': 0.042846109718084335, 'occupied_cells': 66, 'bottom_height_tolerance': 0.1}
--- No significant floor change. Height diff: -0.07, On platform: True, Metrics: {'inlier_count': 1587, 'local_count': 23764, 'support_ratio': 0.06678168658193984, 'vertical_score': 1.0, 'plane_height_mean': -1.2400360107421875, 'agent_z': -1.2689361095428466, 'vertical_diff': 0.028900098800659135, 'area_xy': 0.9503999999999999, 'radius_est': 0.5500197413085048, 'z_std': 0.042846109718084335, 'occupied_cells': 66, 'bottom_height_tolerance': 0.1}
Updated floor height: -1.07, ceiling height: 0.73
Action: move_forward
--- Height change stabilized. Height diff: -0.19, On platform: True, Metrics: {'inlier_count': 10098, 'local_count': 25687, 'support_ratio': 0.3931171409509434, 'vertical_score': 1.0, 'plane_height_mean': -1.4041484594345093, 'agent_z': -1.3936357021331787, 'vertical_diff': 0.01051275730133061, 'area_xy': 6.0912, 'radius_est': 1.3924400090211089, 'z_std': 0.013630696572363377, 'occupied_cells': 423, 'bottom_height_tolerance': 0.1}
--- No significant floor change. Height diff: -0.19, On platform: True, Metrics: {'inlier_count': 10098, 'local_count': 25687, 'support_ratio': 0.3931171409509434, 'vertical_score': 1.0, 'plane_height_mean': -1.4041484594345093, 'agent_z': -1.3936357021331787, 'vertical_diff': 0.01051275730133061, 'area_xy': 6.0912, 'radius_est': 1.3924400090211089, 'z_std': 0.013630696572363377, 'occupied_cells': 423, 'bottom_height_tolerance': 0.1}
Updated floor height: -1.19, ceiling height: 0.61
Action: move_forward
Action: null
waypoints: 19
skipped waypoints: edge 1,  distance 8,  no_path 0,  occlusion 2
```json
{
"movement": "I have moved from the starting position within the bedroom/bathroom suite towards the exit doorway. I am now facing the hallway entrance.",
"observation": {
    "front view": "I see a black shelving unit on the left and an open doorway leading to a hallway straight ahead. To the right is a white door frame/wall.",
    "left view": "A bed with blue bedding and a window are visible to my left.",
    "right view": "A closet or bathroom area with shelves is visible to my right.",
    "map": "I am positioned near the exit of the room, facing the hallway. The 'START' point is behind me."
},
"thought": "The current subtask P1 is to leave the bedroom and bathroom and enter the hall. I am currently standing just inside the room, facing the exit. Moving forward through the doorway will place me in the hallway, completing this subtask.",
"stuck": false,
"plan": "Move forward through the doorway into the hallway. Once in the hallway, I will proceed straight down it to find the bedroom across from the starting room.",
"curr_step": "I need to enter the hallway. Waypoint 1 is located just outside the current room in the hallway area.",
"action": 1
}
```
Action: turn
Action: move_forward
Action: turn
Action: move_forward
--- Height change stabilized. Height diff: -0.06, On platform: True, Metrics: {'inlier_count': 1789, 'local_count': 30199, 'support_ratio': 0.05924037219579323, 'vertical_score': 1.0, 'plane_height_mean': -1.2562241554260254, 'agent_z': -1.2606114864349365, 'vertical_diff': 0.004387331008911088, 'area_xy': 0.8639999999999999, 'radius_est': 0.5244232466841979, 'z_std': 0.04210609942674637, 'occupied_cells': 60, 'bottom_height_tolerance': 0.1}
--- No significant floor change. Height diff: -0.06, On platform: True, Metrics: {'inlier_count': 1789, 'local_count': 30199, 'support_ratio': 0.05924037219579323, 'vertical_score': 1.0, 'plane_height_mean': -1.2562241554260254, 'agent_z': -1.2606114864349365, 'vertical_diff': 0.004387331008911088, 'area_xy': 0.8639999999999999, 'radius_est': 0.5244232466841979, 'z_std': 0.04210609942674637, 'occupied_cells': 60, 'bottom_height_tolerance': 0.1}
Updated floor height: -1.06, ceiling height: 0.74
Action: move_forward
Action: turn
Action: move_forward
Action: null
waypoints: 40
skipped waypoints: edge 4,  distance 24,  no_path 1,  occlusion 4



Action: stop
['Walk from bathroom into bedroom.', 'Walk out of bedroom into hallway.', 'Walk into bedroom.', 'Wait next to open bedroom door.']
Initialized data for new floor level: 0
Switching pcds to floor level: 0
Initialized data for new floor level: 0
Switching pcds to floor level: 0
Initialized data for new floor level: 0
Switching pcds to floor level: 0
[StairDetect] normals=0.0035s, cpu=0.0002s, cluster=0.0411s, loop=0.0593s, total=0.1110s
waypoints: 27
skipped waypoints: edge 3,  distance 2,  no_path 0,  occlusion 14
2026-09-18 15:02:18,160 - INFO - --- Episode 23, Step 2/100 ---
2026-09-18 15:02:19,054 - INFO - --- Episode 23, Step 3/100 ---
2026-09-18 15:02:19,970 - INFO - --- Episode 23, Step 4/100 ---
2026-09-18 15:02:20,881 - INFO - --- Episode 23, Step 5/100 ---
2026-09-18 15:02:21,622 - INFO - --- Episode 23, Step 6/100 ---
2026-09-18 15:02:22,336 - INFO - --- Episode 23, Step 7/100 ---
2026-09-18 15:02:55,257 - INFO - HTTP Request: POST http://127.0.0.1:22446/v1/chat/completions "HTTP/1.1 200 OK"
2026-09-18 15:02:55,971 - INFO - --- Episode 23, Step 8/100 ---
2026-09-18 15:02:56,636 - INFO - --- Episode 23, Step 9/100 ---
2026-09-18 15:02:57,434 - INFO - --- Episode 23, Step 10/100 ---
2026-09-18 15:02:57,996 - INFO - --- Episode 23, Step 11/100 ---
2026-09-18 15:02:58,631 - INFO - --- Episode 23, Step 12/100 ---
2026-09-18 15:02:59,213 - INFO - --- Episode 23, Step 13/100 ---
2026-09-18 15:02:59,862 - INFO - --- Episode 23, Step 14/100 ---
2026-09-18 15:03:24,640 - INFO - HTTP Request: POST http://127.0.0.1:22446/v1/chat/completions "HTTP/1.1 200 OK"
2026-09-18 15:03:25,494 - INFO - --- Episode 23, Step 15/100 ---
2026-09-18 15:04:44,497 - INFO - HTTP Request: POST http://127.0.0.1:22446/v1/chat/completions "HTTP/1.1 200 OK"
```json
{
"movement": "I am standing at the threshold between the bathroom and the bedroom. The bathroom is visible to my right, and the bedroom is directly ahead and slightly to the left. I need to move forward into the bedroom space.",
"observation": {
    "front view": "I see the bedroom interior with a bed on the left side and a rug in the center. There are numbered waypoints (1, 2, 3, 4, 5, 6, 7) on the floor. Waypoint 1 is near the edge of the rug.",
    "left view": "I see the bed with blue and green bedding and a window above it.",
    "right view": "I see the interior of the bathroom, including a sink, toilet, and shower stall.",
    "map": "My current position (blue dot) is near the entrance to the bedroom, adjacent to the bathroom area. The bedroom is the large area to the left/top."
},
"thought": "I am currently at the doorway between the bathroom and the bedroom. To complete the subtask 'Walk from bathroom into bedroom', I need to move forward into the room. Waypoint 1 is located inside the bedroom near the rug, which is a good target to signify entering the room.",
"stuck": false,
"plan": "Move forward from the doorway into the bedroom towards waypoint 1.",
"curr_step": "I am at the start position. I need to move forward into the bedroom. Waypoint 1 is the closest clear path into the main area of the bedroom.",
"action": 1
}
```
Calculated floor height difference: 2.57m
Action: turn
Action: move_forward
Action: turn
--- Height change stabilized. Height diff: -0.07, On platform: True, Metrics: {'inlier_count': 1588, 'local_count': 23753, 'support_ratio': 0.0668547130860584, 'vertical_score': 1.0, 'plane_height_mean': -1.240471601486206, 'agent_z': -1.268706750869751, 'vertical_diff': 0.028235149383544877, 'area_xy': 0.9359999999999999, 'radius_est': 0.5458370209760676, 'z_std': 0.042875345796346664, 'occupied_cells': 65, 'bottom_height_tolerance': 0.1}
--- No significant floor change. Height diff: -0.07, On platform: True, Metrics: {'inlier_count': 1588, 'local_count': 23753, 'support_ratio': 0.0668547130860584, 'vertical_score': 1.0, 'plane_height_mean': -1.240471601486206, 'agent_z': -1.268706750869751, 'vertical_diff': 0.028235149383544877, 'area_xy': 0.9359999999999999, 'radius_est': 0.5458370209760676, 'z_std': 0.042875345796346664, 'occupied_cells': 65, 'bottom_height_tolerance': 0.1}
Updated floor height: -1.07, ceiling height: 0.73
Action: move_forward
--- Height change stabilized. Height diff: -0.20, On platform: True, Metrics: {'inlier_count': 10067, 'local_count': 25596, 'support_ratio': 0.3933036411785707, 'vertical_score': 1.0, 'plane_height_mean': -1.4041553735733032, 'agent_z': -1.3989638805389404, 'vertical_diff': 0.005191493034362837, 'area_xy': 6.048, 'radius_est': 1.387493492467466, 'z_std': 0.013647825457155704, 'occupied_cells': 420, 'bottom_height_tolerance': 0.1}
--- No significant floor change. Height diff: -0.20, On platform: True, Metrics: {'inlier_count': 10067, 'local_count': 25596, 'support_ratio': 0.3933036411785707, 'vertical_score': 1.0, 'plane_height_mean': -1.4041553735733032, 'agent_z': -1.3989638805389404, 'vertical_diff': 0.005191493034362837, 'area_xy': 6.048, 'radius_est': 1.387493492467466, 'z_std': 0.013647825457155704, 'occupied_cells': 420, 'bottom_height_tolerance': 0.1}
Updated floor height: -1.20, ceiling height: 0.60
Action: move_forward
Action: null
waypoints: 19
skipped waypoints: edge 1,  distance 8,  no_path 0,  occlusion 3
```json
{
"movement": "I moved forward from the bathroom threshold into the bedroom, passing the bed on my left and approaching the rug and bookshelf area.",
"observation": {
    "front view": "I see a black bookshelf with a 'B' sign on the wall next to it. To the right of the bookshelf is an open doorway leading to a hallway with stairs visible in the distance. Waypoint 1 is located near the door frame of this exit.",
    "left view": "I see the bed with blue and green bedding and a window above it.",
    "right view": "I see a closet or another room entrance with white shelving.",
    "map": "My current position (blue dot) is inside the bedroom, near the rug. The exit to the hallway is 'up' on the map relative to my current orientation."
},
"thought": "I have successfully walked from the bathroom into the bedroom (P1). Now I need to proceed with P2: 'Walk out of bedroom into hallway'. The exit is clearly visible in the front view as the doorway next to the bookshelf. Waypoint 1 is located near this doorway, making it the correct target to reach the exit.",
"stuck": false,
"plan": "Move towards the doorway in front of me to exit the bedroom and enter the hallway.",
"curr_step": "I am currently in the bedroom near the rug. I need to move towards the exit door. Waypoint 1 is positioned right at the threshold of the exit door.",
"action": 1
}
```
Action: turn
Action: move_forward
Action: turn
--- Height change stabilized. Height diff: -0.06, On platform: True, Metrics: {'inlier_count': 1800, 'local_count': 30271, 'support_ratio': 0.05946285223284785, 'vertical_score': 1.0, 'plane_height_mean': -1.2571357488632202, 'agent_z': -1.259699296951294, 'vertical_diff': 0.002563548088073686, 'area_xy': 0.8639999999999999, 'radius_est': 0.5244232466841979, 'z_std': 0.04195694997906685, 'occupied_cells': 60, 'bottom_height_tolerance': 0.1}
--- No significant floor change. Height diff: -0.06, On platform: True, Metrics: {'inlier_count': 1800, 'local_count': 30271, 'support_ratio': 0.05946285223284785, 'vertical_score': 1.0, 'plane_height_mean': -1.2571357488632202, 'agent_z': -1.259699296951294, 'vertical_diff': 0.002563548088073686, 'area_xy': 0.8639999999999999, 'radius_est': 0.5244232466841979, 'z_std': 0.04195694997906685, 'occupied_cells': 60, 'bottom_height_tolerance': 0.1}
Updated floor height: -1.06, ceiling height: 0.74
Action: move_forward
Action: turn
Action: move_forward
Action: null
waypoints: 45
skipped waypoints: edge 7,  distance 27,  no_path 4,  occlusion 3
```json
{
"movement": "I have walked out of the first bedroom into the hallway and am now standing in the hallway near the stair railing. I need to enter a bedroom as per the next instruction.",
"observation": {
    "front view": "I see the hallway continuing forward with a mirror on the left wall and a stair railing ahead. Waypoints 1, 2, 3, 4 are visible in the hallway area.",
    "left view": "I see a bedroom with a blue bed, a colorful rug, and a window. This looks like the target room to enter.",
    "right view": "I see a closed white door and another room further down the hall.",
    "map": "My current position is in the hallway. The blue area labeled 'bed' on the map corresponds to the room visible in the left view."
},
"thought": "The current task is P3: 'Walk into bedroom'. The room with the blue bed is clearly visible to my left. I need to turn towards it and enter. Since there are no waypoints directly inside that room visible in the current front view, I must first orient myself towards the entrance.",
"stuck": false,
"plan": "Turn left to face the bedroom entrance and then move forward into the room.",
"curr_step": "I am in the hallway facing the stairs. The target bedroom is to my left. I need to turn left to face it.",
"action": "L"
}
```
Action: turn
waypoints: 31
skipped waypoints: edge 12,  distance 11,  no_path 0,  occlusion 1
2026-09-18 15:04:45,325 - INFO - --- Episode 23, Step 16/100 ---
2026-09-18 15:04:46,261 - INFO - --- Episode 23, Step 17/100 ---
2026-09-18 15:04:47,143 - INFO - --- Episode 23, Step 18/100 ---
2026-09-18 15:04:48,132 - INFO - --- Episode 23, Step 19/100 ---
2026-09-18 15:04:49,148 - INFO - --- Episode 23, Step 20/100 ---
2026-09-18 15:04:49,863 - INFO - --- Episode 23, Step 21/100 ---
2026-09-18 15:04:50,471 - INFO - --- Episode 23, Step 22/100 ---
2026-09-18 15:04:51,019 - INFO - --- Episode 23, Step 23/100 ---
2026-09-18 15:06:27,247 - INFO - HTTP Request: POST http://127.0.0.1:22446/v1/chat/completions "HTTP/1.1 200 OK"
2026-09-18 15:07:37,254 - INFO - HTTP Request: POST http://127.0.0.1:22446/v1/chat/completions "HTTP/1.1 200 OK"
2026-09-18 15:08:19,973 - INFO - HTTP Request: POST http://127.0.0.1:22446/v1/chat/completions "HTTP/1.1 200 OK"
2026-09-18 15:08:20,524 - INFO - --- Episode 23, Step 24/100 ---
2026-09-18 15:09:18,414 - INFO - HTTP Request: POST http://127.0.0.1:22446/v1/chat/completions "HTTP/1.1 200 OK"
2026-09-18 15:10:04,776 - INFO - HTTP Request: POST http://127.0.0.1:22446/v1/chat/completions "HTTP/1.1 200 OK"
2026-09-18 15:10:45,435 - INFO - HTTP Request: POST http://127.0.0.1:22446/v1/chat/completions "HTTP/1.1 200 OK"
2026-09-18 15:10:46,322 - INFO - --- Episode 23, Step 25/100 ---
2026-09-18 15:11:31,548 - INFO - HTTP Request: POST http://127.0.0.1:22446/v1/chat/completions "HTTP/1.1 200 OK"
2026-09-18 15:11:52,651 - INFO - HTTP Request: POST http://127.0.0.1:22446/v1/chat/completions "HTTP/1.1 200 OK"
2026-09-18 15:11:53,587 - INFO - --- Episode 23, Step 26/100 ---
2026-09-18 15:12:12,871 - INFO - HTTP Request: POST http://127.0.0.1:22446/v1/chat/completions "HTTP/1.1 200 OK"
2026-09-18 15:12:13,913 - INFO - --- Episode 23, Step 27/100 ---
2026-09-18 15:12:14,617 - INFO - --- Episode 23, Step 28/100 ---
2026-09-18 15:12:15,305 - INFO - --- Episode 23, Step 29/100 ---
2026-09-18 15:12:16,095 - INFO - --- Episode 23, Step 30/100 ---
2026-09-18 15:12:16,793 - INFO - --- Episode 23, Step 31/100 ---
2026-09-18 15:12:23,428 - INFO - HTTP Request: POST http://127.0.0.1:22446/v1/chat/completions "HTTP/1.1 400 Bad Request"
2026-09-18 15:12:24,599 - INFO - HTTP Request: POST http://127.0.0.1:22446/v1/chat/completions "HTTP/1.1 400 Bad Request"
2026-09-18 15:12:25,769 - INFO - HTTP Request: POST http://127.0.0.1:22446/v1/chat/completions "HTTP/1.1 400 Bad Request"
 48%|████▊     | 24/50 [3:36:00<4:49:04, 667.10s/it]Renderer: NVIDIA GeForce RTX 4090/PCIe/SSE2 by NVIDIA Corporation
OpenGL version: 4.6.0 NVIDIA 590.48.01
Using optional features:
    GL_ARB_vertex_array_object
    GL_ARB_separate_shader_objects
    GL_ARB_robustness
    GL_ARB_texture_storage
    GL_ARB_texture_view
    GL_ARB_framebuffer_no_attachments
    GL_ARB_invalidate_subdata
    GL_ARB_texture_storage_multisample
    GL_ARB_multi_bind
    GL_ARB_direct_state_access
    GL_ARB_get_texture_sub_image
    GL_ARB_texture_filter_anisotropic
    GL_KHR_debug
    GL_KHR_parallel_shader_compile
    GL_NV_depth_buffer_float
Using driver workarounds:
    no-forward-compatible-core-context
    nv-egl-incorrect-gl11-function-pointers
    no-layout-qualifiers-on-old-glsl
    nv-zero-context-profile-mask
    nv-implementation-color-read-format-dsa-broken
    nv-cubemap-inconsistent-compressed-image-size
    nv-cubemap-broken-full-compressed-image-query
    nv-compressed-block-size-in-bits
[15:12:28:292712]:[Warning]:[Metadata] SceneDatasetAttributes.cpp(107)::addNewSceneInstanceToDataset : Dataset : 'default' : Lighting Layout Attributes 'no_lights' specified in Scene Attributes but does not exist in dataset, so creating default.
2026-09-18 15:12:33,512 - INFO - Simulator initialized!
2026-09-18 15:12:55,147 - INFO - HTTP Request: POST http://127.0.0.1:22446/v1/chat/completions "HTTP/1.1 200 OK"
2026-09-18 15:12:55,714 - INFO - --- Episode 24, Step 1/100 ---
2026-09-18 15:16:19,812 - INFO - HTTP Request: POST http://127.0.0.1:22446/v1/chat/completions "HTTP/1.1 200 OK"
2026-09-18 15:17:15,908 - INFO - HTTP Request: POST http://127.0.0.1:22446/v1/chat/completions "HTTP/1.1 200 OK"
```json
{
"movement": "I am standing in the hallway facing a wall niche with artwork. To my left, there is an open doorway leading into a bedroom with a bed and a colorful rug. To my right, the hallway continues towards a staircase.",
"observation": {
    "front view": "I see a wall niche (B) with a piece of art and a vase. To the right is a mirror and a console table. The bedroom door frame is visible on the far left edge.",
    "left view": "I see the interior of a bedroom with a blue bed, a colorful rug, and a window.",
    "right view": "I see the hallway extending towards a staircase and another room in the distance.",
    "map": "My current position (red triangle) is in the hallway. The bedroom (blue area) is to my left. Waypoint 4 is located inside the bedroom near the rug."
},
"thought": "The current task is P1: 'Walk from bathroom into bedroom'. Although I am currently in the hallway, the instruction implies entering a bedroom. Given the visual evidence of a bedroom to my left and the task list, I need to enter this room. Waypoint 4 is inside the bedroom near the rug, which serves as a good target to complete the 'walk into' action.",
"stuck": false,
"plan": "Turn left towards the bedroom entrance and move forward into the room towards the rug (waypoint 4).",
"curr_step": "I am facing the wall niche. The bedroom is to my left. I need to move towards waypoint 4 to enter the bedroom.",
"action": 4
}
```
Action: turn
Action: move_forward
Action: turn
Action: move_forward
Action: turn
--- Height change stabilized. Height diff: -0.13, On platform: True, Metrics: {'inlier_count': 12779, 'local_count': 50285, 'support_ratio': 0.2541314507257804, 'vertical_score': 1.0, 'plane_height_mean': -1.3984463214874268, 'agent_z': -1.32896728515625, 'vertical_diff': 0.0694790363311768, 'area_xy': 6.4368, 'radius_est': 1.4313968965272432, 'z_std': 0.0366465225815773, 'occupied_cells': 447, 'bottom_height_tolerance': 0.1}
--- No significant floor change. Height diff: -0.13, On platform: True, Metrics: {'inlier_count': 12779, 'local_count': 50285, 'support_ratio': 0.2541314507257804, 'vertical_score': 1.0, 'plane_height_mean': -1.3984463214874268, 'agent_z': -1.32896728515625, 'vertical_diff': 0.0694790363311768, 'area_xy': 6.4368, 'radius_est': 1.4313968965272432, 'z_std': 0.0366465225815773, 'occupied_cells': 447, 'bottom_height_tolerance': 0.1}
Updated floor height: -1.13, ceiling height: 0.67
Action: move_forward
Action: null
Action: turn
waypoints: 14
skipped waypoints: edge 2,  distance 0,  no_path 0,  occlusion 5


```json
{
"movement": "I moved forward into the bedroom and turned to face the bed area.",
"observation": {
    "front view": "I see a bed with blue bedding, a colorful rug on the floor, and a nightstand with a lamp.",
    "left view": "I see the open door leading back to the hallway/stairs area.",
    "right view": "I see a shelf unit and a wall.",
    "map": "My current position (red triangle) is inside the room labeled 'bed', near the rug."
},
"thought": "I have successfully entered the bedroom as per P1. I am now positioned near the bed and rug. I should complete this subtask to proceed to P2 (Walk out of bedroom into hallway).",
"stuck": false,
"plan": "Complete P1. Then, turn towards the exit door (visible in left view) and walk back into the hallway for P2.",
"curr_step": "P1 is completed as I am inside the bedroom.",
"action": -1
}
```
Action: pause
waypoints: 14
skipped waypoints: edge 2,  distance 0,  no_path 0,  occlusion 5



Action: stop
waypoints: 14
skipped waypoints: edge 2,  distance 0,  no_path 0,  occlusion 5

```json
{
"movement": "I am currently inside the bedroom, facing towards the bed and a nightstand with a lamp. The exit door to the hallway is visible in my left view.",
"observation": {
    "front view": "I see a bed with blue bedding on the left and a nightstand with a lamp on the right. A window is visible further left.",
    "left view": "I see an open doorway leading out of the bedroom into a hallway/bathroom area.",
    "right view": "I see a black shelving unit against the wall.",
    "map": "My current position (red triangle) is inside the blue bedroom area. The exit is to the top-left of my current position on the map."
},
"thought": "I need to walk out of the bedroom into the hallway (P2). The door is currently to my left. I need to turn towards it and move forward.",
"stuck": false,
"plan": "Turn left to face the exit door and then move forward out of the bedroom.",
"curr_step": "I am facing the bed/wall. The door is to my left. I need to turn left to align with the exit.",
"action": "L"
}
```
Action: turn
waypoints: 19
skipped waypoints: edge 1,  distance 2,  no_path 0,  occlusion 6
```json
{
"movement": "I am currently inside the bedroom facing the bed. I need to exit through the doorway visible to my left/front-left.",
"observation": {
    "front view": "I see the bed on the right and a doorway leading out of the room on the left. Through the doorway, I can see a hallway and another room (bathroom?).",
    "left view": "I see a shelving unit and the doorway to the hallway.",
    "right view": "I see the bed and a nightstand with a lamp.",
    "map": "My current position is inside the blue bedroom area. The exit is towards the top-left of the map, leading to the grey hallway area where waypoint 10 is located."
},
"thought": "I need to complete P2: Walk out of bedroom into hallway. The doorway is directly ahead and slightly left. Waypoint 10 is just outside this door in the hallway.",
"stuck": false,
"plan": "Move forward towards the doorway and waypoint 10 to exit the bedroom.",
"curr_step": "I am facing the bed/doorway area. I need to move towards the exit.",
"action": 10
}
```
Action: turn
Action: move_forward
--- Height change stabilized. Height diff: -0.20, On platform: True, Metrics: {'inlier_count': 11360, 'local_count': 37372, 'support_ratio': 0.30397088728716765, 'vertical_score': 1.0, 'plane_height_mean': -1.404051423072815, 'agent_z': -1.3999998092651367, 'vertical_diff': 0.004051613807678267, 'area_xy': 6.335999999999999, 'radius_est': 1.4201448654487674, 'z_std': 0.01591414399445057, 'occupied_cells': 440, 'bottom_height_tolerance': 0.1}
--- No significant floor change. Height diff: -0.20, On platform: True, Metrics: {'inlier_count': 11360, 'local_count': 37372, 'support_ratio': 0.30397088728716765, 'vertical_score': 1.0, 'plane_height_mean': -1.404051423072815, 'agent_z': -1.3999998092651367, 'vertical_diff': 0.004051613807678267, 'area_xy': 6.335999999999999, 'radius_est': 1.4201448654487674, 'z_std': 0.01591414399445057, 'occupied_cells': 440, 'bottom_height_tolerance': 0.1}
Updated floor height: -1.20, ceiling height: 0.60
Action: move_forward
Action: null
Action: turn
waypoints: 9
skipped waypoints: edge 1,  distance 2,  no_path 0,  occlusion 1
Action: stop
['Walk through the small room with a lounge chair and dresser.', 'Turn the corner and walk passed the sink. Walk into the kitchen area through the door on the other end.', 'Stop near the long wooden dining table with pictures on the wall next to it.']
Initialized data for new floor level: 0
Switching pcds to floor level: 0
Initialized data for new floor level: 0
Switching pcds to floor level: 0
Initialized data for new floor level: 0
Switching pcds to floor level: 0
[StairDetect] normals=0.0030s, cpu=0.0004s, cluster=0.0259s, loop=0.0151s, total=0.0556s
waypoints: 21
skipped waypoints: edge 1,  distance 8,  no_path 2,  occlusion 3

2026-09-18 15:17:16,618 - INFO - --- Episode 24, Step 2/100 ---
2026-09-18 15:17:17,230 - INFO - --- Episode 24, Step 3/100 ---
2026-09-18 15:17:17,812 - INFO - --- Episode 24, Step 4/100 ---
2026-09-18 15:19:55,009 - INFO - HTTP Request: POST http://127.0.0.1:22446/v1/chat/completions "HTTP/1.1 200 OK"
2026-09-18 15:20:42,109 - INFO - HTTP Request: POST http://127.0.0.1:22446/v1/chat/completions "HTTP/1.1 200 OK"
2026-09-18 15:20:42,925 - INFO - --- Episode 24, Step 5/100 ---
2026-09-18 15:20:43,569 - INFO - --- Episode 24, Step 6/100 ---
2026-09-18 15:20:44,164 - INFO - --- Episode 24, Step 7/100 ---
2026-09-18 15:20:44,769 - INFO - --- Episode 24, Step 8/100 ---
2026-09-18 15:20:45,260 - INFO - --- Episode 24, Step 9/100 ---
2026-09-18 15:22:32,169 - INFO - HTTP Request: POST http://127.0.0.1:22446/v1/chat/completions "HTTP/1.1 200 OK"
2026-09-18 15:23:56,680 - INFO - HTTP Request: POST http://127.0.0.1:22446/v1/chat/completions "HTTP/1.1 200 OK"
2026-09-18 15:24:59,932 - INFO - HTTP Request: POST http://127.0.0.1:22446/v1/chat/completions "HTTP/1.1 200 OK"
2026-09-18 15:25:00,772 - INFO - --- Episode 24, Step 10/100 ---
2026-09-18 15:25:59,417 - INFO - HTTP Request: POST http://127.0.0.1:22446/v1/chat/completions "HTTP/1.1 200 OK"
2026-09-18 15:26:49,050 - INFO - HTTP Request: POST http://127.0.0.1:22446/v1/chat/completions "HTTP/1.1 200 OK"
2026-09-18 15:27:12,117 - INFO - HTTP Request: POST http://127.0.0.1:22446/v1/chat/completions "HTTP/1.1 200 OK"
2026-09-18 15:27:12,856 - INFO - --- Episode 24, Step 11/100 ---
2026-09-18 15:27:13,451 - INFO - --- Episode 24, Step 12/100 ---
2026-09-18 15:27:14,036 - INFO - --- Episode 24, Step 13/100 ---
2026-09-18 15:27:14,605 - INFO - --- Episode 24, Step 14/100 ---
2026-09-18 15:27:15,418 - INFO - --- Episode 24, Step 15/100 ---
2026-09-18 15:27:16,092 - INFO - --- Episode 24, Step 16/100 ---
2026-09-18 15:27:16,865 - INFO - --- Episode 24, Step 17/100 ---
2026-09-18 15:27:32,172 - INFO - HTTP Request: POST http://127.0.0.1:22446/v1/chat/completions "HTTP/1.1 200 OK"
2026-09-18 15:27:33,891 - INFO - HTTP Request: POST http://127.0.0.1:22446/v1/chat/completions "HTTP/1.1 400 Bad Request"
2026-09-18 15:27:35,030 - INFO - HTTP Request: POST http://127.0.0.1:22446/v1/chat/completions "HTTP/1.1 400 Bad Request"
 50%|█████     | 25/50 [3:51:08<5:08:09, 739.58s/it]Renderer: NVIDIA GeForce RTX 4090/PCIe/SSE2 by NVIDIA Corporation
OpenGL version: 4.6.0 NVIDIA 590.48.01
Using optional features:
    GL_ARB_vertex_array_object
    GL_ARB_separate_shader_objects
    GL_ARB_robustness
    GL_ARB_texture_storage
    GL_ARB_texture_view
    GL_ARB_framebuffer_no_attachments
    GL_ARB_invalidate_subdata
    GL_ARB_texture_storage_multisample
    GL_ARB_multi_bind
    GL_ARB_direct_state_access
    GL_ARB_get_texture_sub_image
    GL_ARB_texture_filter_anisotropic
    GL_KHR_debug
    GL_KHR_parallel_shader_compile
    GL_NV_depth_buffer_float
Using driver workarounds:
    no-forward-compatible-core-context
    nv-egl-incorrect-gl11-function-pointers
    no-layout-qualifiers-on-old-glsl
    nv-zero-context-profile-mask
    nv-implementation-color-read-format-dsa-broken
    nv-cubemap-inconsistent-compressed-image-size
    nv-cubemap-broken-full-compressed-image-query
    nv-compressed-block-size-in-bits
[15:27:36:953454]:[Warning]:[Metadata] SceneDatasetAttributes.cpp(107)::addNewSceneInstanceToDataset : Dataset : 'default' : Lighting Layout Attributes 'no_lights' specified in Scene Attributes but does not exist in dataset, so creating default.
2026-09-18 15:27:42,114 - INFO - Simulator initialized!
2026-09-18 15:28:19,938 - INFO - HTTP Request: POST http://127.0.0.1:22446/v1/chat/completions "HTTP/1.1 200 OK"
2026-09-18 15:28:20,536 - INFO - --- Episode 25, Step 1/100 ---
2026-09-18 15:31:41,121 - INFO - HTTP Request: POST http://127.0.0.1:22446/v1/chat/completions "HTTP/1.1 200 OK"
2026-09-18 15:34:44,661 - INFO - HTTP Request: POST http://127.0.0.1:22446/v1/chat/completions "HTTP/1.1 200 OK"
2026-09-18 15:37:30,985 - INFO - HTTP Request: POST http://127.0.0.1:22446/v1/chat/completions "HTTP/1.1 200 OK"
2026-09-18 15:37:31,631 - INFO - --- Episode 25, Step 2/100 ---
2026-09-18 15:40:01,057 - INFO - HTTP Request: POST http://127.0.0.1:22446/v1/chat/completions "HTTP/1.1 200 OK"
2026-09-18 15:42:05,299 - INFO - HTTP Request: POST http://127.0.0.1:22446/v1/chat/completions "HTTP/1.1 200 OK"
2026-09-18 15:43:50,236 - INFO - HTTP Request: POST http://127.0.0.1:22446/v1/chat/completions "HTTP/1.1 200 OK"
 52%|█████▏    | 26/50 [4:07:23<5:24:03, 810.14s/it]Renderer: NVIDIA GeForce RTX 4090/PCIe/SSE2 by NVIDIA Corporation
OpenGL version: 4.6.0 NVIDIA 590.48.01
Using optional features:
    GL_ARB_vertex_array_object
    GL_ARB_separate_shader_objects
    GL_ARB_robustness
    GL_ARB_texture_storage
    GL_ARB_texture_view
    GL_ARB_framebuffer_no_attachments
    GL_ARB_invalidate_subdata
    GL_ARB_texture_storage_multisample
    GL_ARB_multi_bind
    GL_ARB_direct_state_access
    GL_ARB_get_texture_sub_image
    GL_ARB_texture_filter_anisotropic
    GL_KHR_debug
    GL_KHR_parallel_shader_compile
    GL_NV_depth_buffer_float
Using driver workarounds:
    no-forward-compatible-core-context
    nv-egl-incorrect-gl11-function-pointers
    no-layout-qualifiers-on-old-glsl
    nv-zero-context-profile-mask
    nv-implementation-color-read-format-dsa-broken
    nv-cubemap-inconsistent-compressed-image-size
    nv-cubemap-broken-full-compressed-image-query
    nv-compressed-block-size-in-bits
[15:43:51:768344]:[Warning]:[Metadata] SceneDatasetAttributes.cpp(107)::addNewSceneInstanceToDataset : Dataset : 'default' : Lighting Layout Attributes 'no_lights' specified in Scene Attributes but does not exist in dataset, so creating default.
2026-09-18 15:43:57,139 - INFO - Simulator initialized!
2026-09-18 15:44:19,886 - INFO - HTTP Request: POST http://127.0.0.1:22446/v1/chat/completions "HTTP/1.1 200 OK"
2026-09-18 15:44:20,495 - INFO - --- Episode 26, Step 1/100 ---
2026-09-18 15:44:44,079 - INFO - HTTP Request: POST http://127.0.0.1:22446/v1/chat/completions "HTTP/1.1 200 OK"
```json
{
"movement": "I am currently standing in a hallway/landing area. To my left is a room with a lounge chair and windows. Straight ahead is a hallway leading to another area. To my right are white closet doors. I have not moved yet.",
"observation": {
    "front view": "I see a hallway stretching ahead. On the left wall of the hallway, there is a dark shelving unit (dresser). Further down the hallway, there is a doorway/opening. To the left of the hallway entrance is a room with a lounge chair and large windows.",
    "left view": "I see the entrance to the room with the lounge chair and windows. There is a rug on the floor inside.",
    "right view": "I see white closet doors with silver handles.",
    "map": "I am at the START point, which is a junction between the hallway (going straight) and the lounge room (to the left). Waypoints 1, 2, 3, 4 are in this area. Waypoints 5, 6 are further down the hallway."
},
"thought": "The instruction is to 'Walk through the small room with a lounge chair and dresser.' Based on my current position, I am in a hallway/landing area that has a dresser (the shelving unit) and is adjacent to the lounge chair. The next subtask is to 'Turn the corner and walk passed the sink,' which implies moving down the hallway. Therefore, I need to walk through this current space (the hallway/landing) by moving forward towards the end of it.",
"stuck": false,
"plan": "I will move forward down the hallway, passing the dresser on my left and the lounge room entrance. This will take me through the 'small room' described in P1 and position me to turn the corner for P2.",
"curr_step": "I need to move forward down the hallway. Waypoint 1 is directly ahead in the middle of the hallway, which is the correct path to walk through this space.",
"action": 1
}
```
Calculated floor height difference: 2.67m
Action: move_forward
Action: move_forward
Action: null
waypoints: 13
skipped waypoints: edge 1,  distance 3,  no_path 0,  occlusion 0

```json
{
"movement": "I have moved forward from the starting position into the landing/hallway area. I am now positioned in the middle of this space, with the black dresser/shelf unit on my left and the entrance to the lounge room further left.",
"observation": {
    "front view": "I see the hallway continuing straight ahead towards a white door. To the right is a wall with a picture. To the left is the black shelving unit (dresser) and the entrance to the room with the lounge chair.",
    "left view": "I see the interior of the small room with the lounge chair, rug, and windows. There is also a desk/shelf against the wall.",
    "right view": "I see white closet doors and an opening leading into a kitchen area with cabinets.",
    "map": "I am in the central landing area (blue shaded region). Waypoint 7 is directly ahead of me in this space. Waypoint 9 is to the right, leading to the kitchen."
},
"thought": "The current task P1 is to 'Walk through the small room with a lounge chair and dresser.' I am currently in the landing area which contains the dresser (black shelf) and is adjacent to the lounge chair. To complete this subtask, I need to traverse this space. Moving forward towards waypoint 7 will take me through the middle of this area, positioning me to then turn right into the kitchen for the next subtask P2 ('Turn the corner and walk passed the sink').",
"stuck": false,
"plan": "Move forward through the landing/hallway area (the 'small room') towards waypoint 7. This will complete P1 and position me to turn right into the kitchen for P2.",
"curr_step": "I am currently in the middle of the landing. Moving forward to waypoint 7 is the logical next step to traverse this space.",
"action": 7
}
```
Action: move_forward
Action: turn
Action: move_forward
Action: null
Action: turn
waypoints: 11
skipped waypoints: edge 2,  distance 3,  no_path 0,  occlusion 1



Action: stop
waypoints: 11
skipped waypoints: edge 2,  distance 3,  no_path 0,  occlusion 1


```json
{
"movement": "I have moved forward from the starting position into the landing/hallway area. I am now positioned in the middle of this space, with the black dresser/shelf unit on my left and the entrance to the lounge room further left.",
"observation": {
    "front view": "I see a hallway stretching ahead towards a white door. To the right is a staircase going down. To the left is the black shelving unit (dresser) and the entrance to the room with the lounge chair.",
    "left view": "I see the interior of the small room with the lounge chair, rug, and windows. There is also a desk/shelf against the wall.",
    "right view": "I see white closet doors and an opening leading into a kitchen area with cabinets.",
    "map": "I am in the central landing area (blue shaded region). Waypoint 3 is directly ahead in the hallway leading to a door. Waypoint 4 is to the right, near the stairs."
},
"thought": "The current task P1 is to 'Walk through the small room with a lounge chair and dresser.' I am currently in the landing area which contains the dresser (black shelf) and is adjacent to the lounge chair. To complete this subtask, I need to traverse this space. Moving forward towards waypoint 3 will take me through the middle of this area, positioning me to then go down the hallway towards the kitchen door for the next subtask P2.",
"stuck": false,
"plan": "Move forward through the landing/hallway area (the 'small room') towards waypoint 3. This will complete P1 and position me to walk down the hallway towards the kitchen for P2.",
"curr_step": "I am currently in the middle of the landing. Moving forward to waypoint 3 is the logical next step to traverse this space.",
"action": 3
}
```
Action: turn
Action: move_forward
Action: turn
Action: move_forward
Action: move_forward
Action: move_forward
Action: null
waypoints: 13
skipped waypoints: edge 2,  distance 0,  no_path 0,  occlusion 4

Action: stop
['Turn around 180 degrees and go down the hallway to the right.', 'Walk through the kitchen, past the island and stop as soon as you reach the table.']
Initialized data for new floor level: 0
Switching pcds to floor level: 0
Initialized data for new floor level: 0
Switching pcds to floor level: 0
Initialized data for new floor level: 0
Switching pcds to floor level: 0
[StairDetect] normals=0.0030s, cpu=0.0002s, cluster=0.0259s, loop=0.0147s, total=0.0538s
waypoints: 21
skipped waypoints: edge 1,  distance 8,  no_path 2,  occlusion 3



Calculated floor height difference: 2.67m
Action: stop
waypoints: 18
skipped waypoints: edge 1,  distance 8,  no_path 0,  occlusion 2



Action: stop
['Walk past closet doors.', 'Walk through kitchen.', 'Wait at dining room table.']
Initialized data for new floor level: 0
Switching pcds to floor level: 0
Initialized data for new floor level: 0
Switching pcds to floor level: 0
Initialized data for new floor level: 0
Switching pcds to floor level: 0
[StairDetect] normals=0.0033s, cpu=0.0003s, cluster=0.0271s, loop=0.0159s, total=0.0570s
waypoints: 21
skipped waypoints: edge 1,  distance 8,  no_path 2,  occlusion 3
2026-09-18 15:44:44,879 - INFO - --- Episode 26, Step 2/100 ---
2026-09-18 15:44:45,500 - INFO - --- Episode 26, Step 3/100 ---
2026-09-18 15:44:46,082 - INFO - --- Episode 26, Step 4/100 ---
2026-09-18 15:45:03,198 - INFO - HTTP Request: POST http://127.0.0.1:22446/v1/chat/completions "HTTP/1.1 200 OK"
2026-09-18 15:45:04,095 - INFO - --- Episode 26, Step 5/100 ---
2026-09-18 15:45:04,635 - INFO - --- Episode 26, Step 6/100 ---
2026-09-18 15:45:05,208 - INFO - --- Episode 26, Step 7/100 ---
2026-09-18 15:45:05,769 - INFO - --- Episode 26, Step 8/100 ---
2026-09-18 15:45:06,360 - INFO - --- Episode 26, Step 9/100 ---
2026-09-18 15:45:07,102 - INFO - --- Episode 26, Step 10/100 ---
2026-09-18 15:45:07,669 - INFO - --- Episode 26, Step 11/100 ---
2026-09-18 15:45:45,047 - INFO - HTTP Request: POST http://127.0.0.1:22446/v1/chat/completions "HTTP/1.1 200 OK"
2026-09-18 15:45:45,744 - INFO - --- Episode 26, Step 12/100 ---
2026-09-18 15:45:46,399 - INFO - --- Episode 26, Step 13/100 ---
2026-09-18 15:45:47,043 - INFO - --- Episode 26, Step 14/100 ---
2026-09-18 15:45:47,856 - INFO - --- Episode 26, Step 15/100 ---
2026-09-18 15:45:48,496 - INFO - --- Episode 26, Step 16/100 ---
2026-09-18 15:45:49,092 - INFO - --- Episode 26, Step 17/100 ---
2026-09-18 15:47:51,846 - INFO - HTTP Request: POST http://127.0.0.1:22446/v1/chat/completions "HTTP/1.1 200 OK"
2026-09-18 15:48:18,430 - INFO - HTTP Request: POST http://127.0.0.1:22446/v1/chat/completions "HTTP/1.1 200 OK"
2026-09-18 15:48:19,041 - INFO - --- Episode 26, Step 18/100 ---
2026-09-18 15:48:49,486 - INFO - HTTP Request: POST http://127.0.0.1:22446/v1/chat/completions "HTTP/1.1 200 OK"
2026-09-18 15:48:50,265 - INFO - --- Episode 26, Step 19/100 ---
2026-09-18 15:48:51,132 - INFO - --- Episode 26, Step 20/100 ---
2026-09-18 15:48:51,797 - INFO - --- Episode 26, Step 21/100 ---
2026-09-18 15:48:52,337 - INFO - --- Episode 26, Step 22/100 ---
2026-09-18 15:48:52,838 - INFO - --- Episode 26, Step 23/100 ---
2026-09-18 15:48:53,675 - INFO - --- Episode 26, Step 24/100 ---
```json
{
"movement": "I am currently standing in a hallway-like area with closet doors immediately to my right. I have not moved yet from the starting position.",
"observation": {
"front view": "I see a hallway extending forward with a living room area to the left (rug, sofa). To my immediate right is a white wall/closet structure. Waypoints 1 and 5 are visible down the hallway.",
"left view": "A living room with a grey rug, a sofa, and large windows with blinds.",
"right view": "Close-up of white closet doors with silver handles on the wall to my right.",
"map": "The map shows my starting position (blue triangle) at the bottom. The path forward leads into a corridor. To the left is a large room (living area). To the right are walls/closets."
},
"thought": "My current task is 'Walk past closet doors'. I am currently standing right next to them on my right. To complete this, I need to proceed forward down the hallway, moving alongside and eventually past these doors. The path forward leads towards waypoint 1 and then further down towards waypoint 5. This direction aligns with leaving the current area and heading towards the next subtask (kitchen).",
"stuck": false,
"plan": "Move forward into the hallway to walk past the closet doors on my right. I will aim for waypoint 1 as an intermediate point to clear the immediate closet area.",
"curr_step": "I am at the start of the task. The closet doors are on my right. Moving towards waypoint 1 will take me forward along the wall with the closet doors, effectively walking past them.",
"action": 1
}
```
Calculated floor height difference: 2.67m
Action: move_forward
Action: move_forward
Action: null
waypoints: 13
skipped waypoints: edge 1,  distance 3,  no_path 0,  occlusion 0
```json
{
"movement": "I moved forward from the starting position into the hallway. I am now positioned between a black shelving unit on my left and white closet doors on my right.",
"observation": {
"front view": "The hallway continues straight ahead. There is a black shelving unit on the left wall and white closet doors on the right wall. Waypoints 4, 7, and 8 are visible further down the hall.",
"left view": "A living area with a sofa, rug, and large windows is visible to the left.",
"right view": "White closet doors are immediately to my right. Further ahead/right, there appears to be an opening into a kitchen area with cabinets.",
"map": "The map shows the hallway extending forward. The start point is behind me. Waypoints 4 and 8 are further down the path."
},
"thought": "I am currently walking alongside the closet doors on my right. To complete the subtask 'Walk past closet doors', I need to continue moving forward down the hallway until I have cleared them. The next subtask is 'Walk through kitchen', which appears to be located just ahead or to the right based on the glimpse of cabinets in the right view. Moving towards waypoint 4 will take me further down the hall, past the closet doors and closer to the kitchen area.",
"stuck": false,
"plan": "Continue moving forward down the hallway to pass the closet doors on the right. Aim for waypoint 4 to progress towards the kitchen.",
"curr_step": "I am currently alongside the closet doors. Moving towards waypoint 4 will take me past them and closer to the next area.",
"action": 4
}
```
Action: move_forward
Action: turn
Action: move_forward
Action: turn
Action: move_forward
Action: null
Action: turn
waypoints: 11
skipped waypoints: edge 1,  distance 3,  no_path 0,  occlusion 0
```json
{
"movement": "I have moved forward down the hallway, passing a black shelving unit on my left and approaching a junction. I am currently alongside white closet doors on my right.",
"observation": {
"front view": "I see a doorway straight ahead leading to a bedroom (bed visible). To the left is an open entrance to a room with grey cabinets (kitchen). Waypoints 1, 2, 3, 4, 6 are visible. Waypoint 6 is near the kitchen entrance on the floor.",
"left view": "The entrance to the kitchen/living area is visible with grey cabinets and counters.",
"right view": "White closet doors are visible on the wall to my right.",
"map": "The map shows the path continuing forward. The area to the left is labeled 'sofa' and 'carpet', but visual evidence suggests a kitchen. Waypoint 6 is at the junction near the kitchen entrance."
},
"thought": "I am currently fulfilling the task 'Walk past closet doors' as I am walking alongside them on my right. The next task is 'Walk through kitchen'. The kitchen is located to my left, visible in the left view and at the threshold in the front view. Waypoint 6 is positioned at the entrance of this area. Moving towards waypoint 6 will allow me to continue past the closet doors while positioning myself to enter the kitchen.",
"stuck": false,
"plan": "Move forward towards waypoint 6 to pass the remaining closet doors and reach the entrance of the kitchen.",
"curr_step": "I am at the junction. Moving to waypoint 6 is the correct step to approach the kitchen while continuing the current path.",
"action": 6
}
```
Action: turn
Action: move_forward
Action: turn
Action: move_forward
Action: null
Action: turn
waypoints: 4
skipped waypoints: edge 1,  distance 0,  no_path 2,  occlusion 0

```json
{
"movement": "I entered a bathroom with a bathtub and vanity, which was not the intended path. I am currently facing the bathtub. The exit door is visible to my right/behind me.",
"observation": {
"front view": "A bathroom with a long vanity, sinks, mirrors on the left wall, and a bathtub under a window at the far end. A doorway is visible on the right edge of the frame.",
"left view": "The vanity and mirrors along the wall.",
"right view": "The hallway outside the bathroom is visible through the open door.",
"map": "The map shows my path (red line) leading into this room from the hallway. I need to reverse this path to get back to the hallway."
},
"thought": "I have deviated from the path by entering a bathroom. My task is to 'Walk past closet doors' and then 'Walk through kitchen'. The closet doors were in the hallway before this point. I need to exit this room and return to the hallway to continue towards the kitchen. The exit door is to my right/behind me relative to my current orientation facing the tub.",
"stuck": false,
"plan": "Turn right to face the exit door of the bathroom. Then move forward out into the hallway. Once in the hallway, I will look for the kitchen area which should be further down or to the side.",
"curr_step": "I am facing the bathtub. The exit is to my right. I need to turn right to align with the door and then move forward out of the room.",
"action": "R"
}
```
Action: turn
waypoints: 5
skipped waypoints: edge 0,  distance 1,  no_path 0,  occlusion 0
```json
{
"movement": "I turned right to face the exit of the bathroom and am now looking into a small hallway/vestibule area with a picture on the wall.",
"observation": {
"front view": "A wall with a framed picture is directly ahead. To the left is a doorway (waypoint 2). To the right is an opening leading further into the house (waypoints 1 and 3).",
"left view": "A white door/wall section.",
"right view": "The bathroom vanity and mirror are visible to the right, indicating I am just outside the bathroom.",
"map": "The map shows the path continuing from my current position towards the right side of the screen (waypoints 1 and 3), which likely leads to the kitchen area."
},
"thought": "I have exited the bathroom vestibule. The instruction is to 'Walk past closet doors' and then 'Walk through kitchen'. Based on the map, the path forward continues towards the right side of the current view (waypoint 1). This direction likely leads back to the main hallway where the closet doors are located or further down towards the kitchen. I need to proceed into this area.",
"stuck": false,
"plan": "Move forward towards waypoint 1 to exit the vestibule and continue down the hallway towards the kitchen and any remaining closet doors.",
"curr_step": "I am facing a wall. The path out is to the right towards waypoint 1.",
"action": 1
}
```
Action: turn
Action: move_forward
Action: turn
Action: move_forward
Action: turn
Action: move_forward
2026-09-18 15:48:54,493 - INFO - --- Episode 26, Step 25/100 ---
2026-09-18 15:48:54,921 - INFO - --- Episode 26, Step 26/100 ---
2026-09-18 15:48:55,532 - INFO - --- Episode 26, Step 27/100 ---
2026-09-18 15:48:56,178 - INFO - --- Episode 26, Step 28/100 ---
2026-09-18 15:48:56,789 - INFO - --- Episode 26, Step 29/100 ---
2026-09-18 15:48:57,595 - INFO - --- Episode 26, Step 30/100 ---
2026-09-18 15:49:37,766 - INFO - HTTP Request: POST http://127.0.0.1:22446/v1/chat/completions "HTTP/1.1 200 OK"
2026-09-18 15:49:51,763 - INFO - HTTP Request: POST http://127.0.0.1:22446/v1/chat/completions "HTTP/1.1 200 OK"
2026-09-18 15:49:55,435 - INFO - HTTP Request: POST http://127.0.0.1:22446/v1/chat/completions "HTTP/1.1 500 Internal Server Error"
2026-09-18 15:49:55,436 - INFO - Retrying request to /chat/completions in 0.396785 seconds
2026-09-18 15:50:08,119 - INFO - HTTP Request: POST http://127.0.0.1:22446/v1/chat/completions "HTTP/1.1 400 Bad Request"
2026-09-18 15:50:08,833 - INFO - --- Episode 26, Step 31/100 ---
2026-09-18 15:50:56,327 - INFO - HTTP Request: POST http://127.0.0.1:22446/v1/chat/completions "HTTP/1.1 200 OK"
2026-09-18 15:50:57,249 - INFO - --- Episode 26, Step 32/100 ---
2026-09-18 15:50:57,863 - INFO - --- Episode 26, Step 33/100 ---
2026-09-18 15:50:58,463 - INFO - --- Episode 26, Step 34/100 ---
2026-09-18 15:50:59,388 - INFO - --- Episode 26, Step 35/100 ---
2026-09-18 15:51:00,274 - INFO - --- Episode 26, Step 36/100 ---
2026-09-18 15:51:01,000 - INFO - --- Episode 26, Step 37/100 ---
2026-09-18 15:51:01,690 - INFO - --- Episode 26, Step 38/100 ---
2026-09-18 15:51:02,540 - INFO - --- Episode 26, Step 39/100 ---
2026-09-18 15:51:03,716 - INFO - --- Episode 26, Step 40/100 ---
2026-09-18 15:51:12,563 - INFO - HTTP Request: POST http://127.0.0.1:22446/v1/chat/completions "HTTP/1.1 400 Bad Request"
2026-09-18 15:51:13,799 - INFO - HTTP Request: POST http://127.0.0.1:22446/v1/chat/completions "HTTP/1.1 400 Bad Request"
2026-09-18 15:51:15,067 - INFO - HTTP Request: POST http://127.0.0.1:22446/v1/chat/completions "HTTP/1.1 400 Bad Request"
 54%|█████▍    | 27/50 [4:14:54<4:29:12, 702.27s/it]Renderer: NVIDIA GeForce RTX 4090/PCIe/SSE2 by NVIDIA Corporation
OpenGL version: 4.6.0 NVIDIA 590.48.01
Using optional features:
    GL_ARB_vertex_array_object
    GL_ARB_separate_shader_objects
    GL_ARB_robustness
    GL_ARB_texture_storage
    GL_ARB_texture_view
    GL_ARB_framebuffer_no_attachments
    GL_ARB_invalidate_subdata
    GL_ARB_texture_storage_multisample
    GL_ARB_multi_bind
    GL_ARB_direct_state_access
    GL_ARB_get_texture_sub_image
    GL_ARB_texture_filter_anisotropic
    GL_KHR_debug
    GL_KHR_parallel_shader_compile
    GL_NV_depth_buffer_float
Using driver workarounds:
    no-forward-compatible-core-context
    nv-egl-incorrect-gl11-function-pointers
    no-layout-qualifiers-on-old-glsl
    nv-zero-context-profile-mask
    nv-implementation-color-read-format-dsa-broken
    nv-cubemap-inconsistent-compressed-image-size
    nv-cubemap-broken-full-compressed-image-query
    nv-compressed-block-size-in-bits
[15:51:22:367259]:[Warning]:[Metadata] SceneDatasetAttributes.cpp(107)::addNewSceneInstanceToDataset : Dataset : 'default' : Lighting Layout Attributes 'no_lights' specified in Scene Attributes but does not exist in dataset, so creating default.
2026-09-18 15:51:34,875 - INFO - Simulator initialized!
2026-09-18 15:51:52,666 - INFO - HTTP Request: POST http://127.0.0.1:22446/v1/chat/completions "HTTP/1.1 200 OK"
2026-09-18 15:51:53,344 - INFO - --- Episode 27, Step 1/100 ---
2026-09-18 15:52:31,734 - INFO - HTTP Request: POST http://127.0.0.1:22446/v1/chat/completions "HTTP/1.1 200 OK"
2026-09-18 15:52:32,696 - INFO - --- Episode 27, Step 2/100 ---
2026-09-18 15:52:33,641 - INFO - --- Episode 27, Step 3/100 ---
2026-09-18 15:52:34,588 - INFO - --- Episode 27, Step 4/100 ---
2026-09-18 15:52:35,574 - INFO - --- Episode 27, Step 5/100 ---
2026-09-18 15:52:36,512 - INFO - --- Episode 27, Step 6/100 ---
2026-09-18 15:52:37,190 - INFO - --- Episode 27, Step 7/100 ---
2026-09-18 15:52:37,863 - INFO - --- Episode 27, Step 8/100 ---
2026-09-18 15:52:38,521 - INFO - --- Episode 27, Step 9/100 ---
2026-09-18 15:52:52,640 - INFO - HTTP Request: POST http://127.0.0.1:22446/v1/chat/completions "HTTP/1.1 200 OK"
2026-09-18 15:52:53,671 - INFO - --- Episode 27, Step 10/100 ---
2026-09-18 15:52:54,359 - INFO - --- Episode 27, Step 11/100 ---
2026-09-18 15:52:55,101 - INFO - --- Episode 27, Step 12/100 ---
2026-09-18 15:52:55,891 - INFO - --- Episode 27, Step 13/100 ---
2026-09-18 15:52:56,751 - INFO - --- Episode 27, Step 14/100 ---
2026-09-18 15:52:57,859 - INFO - --- Episode 27, Step 15/100 ---
2026-09-18 15:53:51,745 - INFO - HTTP Request: POST http://127.0.0.1:22446/v1/chat/completions "HTTP/1.1 200 OK"
Action: turn
Action: move_forward
Action: turn
Action: move_forward
Action: null
Action: turn
waypoints: 15
skipped waypoints: edge 1,  distance 2,  no_path 0,  occlusion 5


Action: stop
waypoints: 15
skipped waypoints: edge 1,  distance 2,  no_path 0,  occlusion 5
```json
{
"movement": "I have exited the bathroom vestibule and am now facing a wall with a picture. I have turned to face the hallway continuing straight ahead.",
"observation": {
"front view": "A hallway continues straight ahead with waypoints 1 and 3 visible further down. To the left is an entrance to a kitchen area (visible in previous steps). To the right is a wall/doorway.",
"left view": "The kitchen entrance is visible with counters and cabinets.",
"right view": "A bedroom/living area with a desk and windows is visible to the right.",
"map": "The map shows my path leading to the current junction near waypoints 2 and 3. The path continues forward towards waypoint 3."
},
"thought": "I am currently at the junction after exiting the bathroom. The task 'Walk past closet doors' is still ongoing. Based on the map, the path continues straight ahead towards waypoint 3. This likely leads past more closet doors or completes the section of hallway with them. The kitchen (next task) is to my left, but I must finish P1 first.",
"stuck": false,
"plan": "Move forward down the hallway towards waypoint 3 to continue walking past the closet doors and progress towards the next area.",
"curr_step": "I am at the junction. The path on the map leads towards waypoint 3. I should move in that direction.",
"action": 3
}
```
Action: turn
Action: move_forward
Action: turn
Action: move_forward
Action: turn
Action: move_forward
Action: turn
Action: move_forward
Action: null
waypoints: 27
skipped waypoints: edge 7,  distance 10,  no_path 0,  occlusion 2
Action: stop
['Exit the room through the door on the right.', 'Walk past the stairs and the bathroom and enter the room with the cardboard boxes.', 'Stop by the doorway on the left that leads to the living room.']
Initialized data for new floor level: 0
Switching pcds to floor level: 0
Initialized data for new floor level: 0
Switching pcds to floor level: 0
Initialized data for new floor level: 0
Switching pcds to floor level: 0
[StairDetect] normals=0.0043s, cpu=0.0005s, cluster=0.0432s, loop=0.0724s, total=0.1293s
waypoints: 36
skipped waypoints: edge 2,  distance 10,  no_path 0,  occlusion 6
```json
{
"movement": "Move forward and slightly right towards the doorway located on the right side of the room.",
"observation": {
    "front view": "I see a fireplace on the left wall with bookshelves above it. Straight ahead is an open doorway (labeled B) leading to another room with a table. To the right of that, there is another doorway/opening near waypoint 3. On the far right, there is a large bookshelf (12).",
    "left view": "A fireplace and built-in bookshelves are visible on the left wall.",
    "right view": "A window is visible on the right wall, and a doorway is seen to the left of the window, which corresponds to the exit I need to take.",
    "map": "The map shows my current position (START) in the center of the room. Waypoint 3 is located near the right wall, close to the target doorway."
},
"thought": "The instruction is to exit the room through the door on the right. Based on the front and right views, this refers to the doorway visible on the right side of the room (near waypoint 3). I need to navigate towards this doorway to complete the first subtask.",
"stuck": false,
"plan": "Move towards the doorway near waypoint 3 to exit the current room. After exiting, I will look for stairs and a bathroom as per the next instruction.",
"curr_step": "I am currently at the start position in the middle of the room. The target doorway is to my front-right. Waypoint 3 is adjacent to this doorway, making it the correct intermediate goal.",
"action": 3
}
```
Calculated floor height difference: 2.12m
[StairDetect] normals=0.0043s, cpu=0.0004s, cluster=0.0451s, loop=0.0717s, total=0.1309s
Action: turn
[StairDetect] normals=0.0045s, cpu=0.0004s, cluster=0.0487s, loop=0.0838s, total=0.1482s
Action: move_forward
[StairDetect] normals=0.0050s, cpu=0.0003s, cluster=0.0516s, loop=0.0801s, total=0.1475s
Action: turn
[StairDetect] normals=0.0056s, cpu=0.0004s, cluster=0.0522s, loop=0.0852s, total=0.1551s
Action: move_forward
[StairDetect] normals=0.0055s, cpu=0.0004s, cluster=0.0524s, loop=0.0846s, total=0.1549s
Action: turn
[StairDetect] normals=0.0063s, cpu=0.0004s, cluster=0.0555s, loop=0.0281s, total=0.1041s
Action: move_forward
[StairDetect] normals=0.0064s, cpu=0.0005s, cluster=0.0566s, loop=0.0279s, total=0.1050s
Action: null
[StairDetect] normals=0.0066s, cpu=0.0004s, cluster=0.0561s, loop=0.0294s, total=0.1067s
Action: turn
waypoints: 22
skipped waypoints: edge 2,  distance 7,  no_path 0,  occlusion 5
```json
{
"movement": "Move forward into the hallway ahead.",
"observation": {
    "front view": "I am facing a narrow hallway with dark wood trim and a patterned runner rug. There are doorways on both sides further down. To my immediate left is the room I just exited (green walls, fireplace visible). To my right is a dark wooden wall/door frame.",
    "left view": "The room with the green walls and fireplace is visible to the left.",
    "right view": "A dark wooden door or wall panel is very close on the right.",
    "map": "I am positioned at the entrance of the hallway (labeled B in previous maps), having moved from the main room. The path ahead leads deeper into the house."
},
"thought": "I have successfully navigated to the exit of the initial room. The instruction is to 'Exit the room through the door on the right'. I am currently at the threshold. Moving forward will take me out of that room and into the hallway, which aligns with the next part of the instruction ('Walk past the stairs...').",
"stuck": false,
"plan": "Move forward down the hallway to exit the current room completely and proceed towards the stairs and bathroom mentioned in the next subtask.",
"curr_step": "I am at the doorway. Moving forward will complete the exit from the room.",
"action": 1
}
```
[StairDetect] normals=0.0063s, cpu=0.0005s, cluster=0.0563s, loop=0.0210s, total=0.0979s
Action: turn
[StairDetect] normals=0.0072s, cpu=0.0005s, cluster=0.0700s, loop=0.0085s, total=0.1004s
Action: move_forward
[StairDetect] normals=0.0080s, cpu=0.0004s, cluster=0.0704s, loop=0.0085s, total=0.1021s
Action: turn
[StairDetect] normals=0.0089s, cpu=0.0005s, cluster=0.0804s, loop=0.0469s, total=0.1510s
Action: move_forward
[StairDetect] normals=0.0088s, cpu=0.0004s, cluster=0.0768s, loop=0.0471s, total=0.1477s
Action: null
[StairDetect] normals=0.0095s, cpu=0.0004s, cluster=0.1000s, loop=0.0480s, total=0.1729s
Action: turn
waypoints: 30
skipped waypoints: edge 5,  distance 8,  no_path 0,  occlusion 3
2026-09-18 15:53:52,840 - INFO - --- Episode 27, Step 16/100 ---
2026-09-18 15:53:53,733 - INFO - --- Episode 27, Step 17/100 ---
2026-09-18 15:53:54,602 - INFO - --- Episode 27, Step 18/100 ---
2026-09-18 15:53:55,384 - INFO - --- Episode 27, Step 19/100 ---
2026-09-18 15:53:56,360 - INFO - --- Episode 27, Step 20/100 ---
2026-09-18 15:53:57,122 - INFO - --- Episode 27, Step 21/100 ---
2026-09-18 15:53:57,951 - INFO - --- Episode 27, Step 22/100 ---
2026-09-18 15:55:02,138 - INFO - HTTP Request: POST http://127.0.0.1:22446/v1/chat/completions "HTTP/1.1 200 OK"
2026-09-18 15:55:03,263 - INFO - --- Episode 27, Step 23/100 ---
2026-09-18 15:55:04,144 - INFO - --- Episode 27, Step 24/100 ---
2026-09-18 15:55:05,263 - INFO - --- Episode 27, Step 25/100 ---
2026-09-18 15:55:06,166 - INFO - --- Episode 27, Step 26/100 ---
2026-09-18 15:55:07,094 - INFO - --- Episode 27, Step 27/100 ---
2026-09-18 15:55:07,998 - INFO - --- Episode 27, Step 28/100 ---
2026-09-18 15:55:08,997 - INFO - --- Episode 27, Step 29/100 ---
2026-09-18 15:55:10,167 - INFO - --- Episode 27, Step 30/100 ---
2026-09-18 15:55:11,071 - INFO - --- Episode 27, Step 31/100 ---
2026-09-18 15:55:12,078 - INFO - --- Episode 27, Step 32/100 ---
2026-09-18 15:55:13,073 - INFO - --- Episode 27, Step 33/100 ---
2026-09-18 15:55:47,799 - INFO - HTTP Request: POST http://127.0.0.1:22446/v1/chat/completions "HTTP/1.1 200 OK"
2026-09-18 15:55:49,036 - INFO - --- Episode 27, Step 34/100 ---
2026-09-18 15:55:50,192 - INFO - --- Episode 27, Step 35/100 ---
2026-09-18 15:55:51,192 - INFO - --- Episode 27, Step 36/100 ---
2026-09-18 15:55:52,193 - INFO - --- Episode 27, Step 37/100 ---
2026-09-18 15:55:53,469 - INFO - --- Episode 27, Step 38/100 ---
2026-09-18 15:55:54,444 - INFO - --- Episode 27, Step 39/100 ---
2026-09-18 15:55:56,042 - INFO - --- Episode 27, Step 40/100 ---
2026-09-18 15:55:58,602 - INFO - --- Episode 27, Step 41/100 ---
2026-09-18 15:56:00,933 - INFO - --- Episode 27, Step 42/100 ---
2026-09-18 15:56:03,017 - INFO - --- Episode 27, Step 43/100 ---
2026-09-18 15:56:04,269 - INFO - --- Episode 27, Step 44/100 ---
2026-09-18 15:56:06,575 - INFO - --- Episode 27, Step 45/100 ---
2026-09-18 15:57:03,321 - INFO - HTTP Request: POST http://127.0.0.1:22446/v1/chat/completions "HTTP/1.1 200 OK"
```json
{
"movement": "Move forward along the hallway, keeping the stairs on my right.",
"observation": {
    "front view": "A narrow hallway with rugs on the floor leads to a doorway straight ahead. To the left is a room with a desk and windows. To the right are stairs going down.",
    "left view": "A room with a desk, chairs, and large windows is visible to the left.",
    "right view": "Stairs going down are visible to the right, along with a dark wooden wall/door frame.",
    "map": "I am positioned in the hallway near the stairs (labeled 'chair' on map). The path ahead leads through waypoints 1 and 2. To the left is the room with the desk (5, 7...). To the right are the stairs."
},
"thought": "I have exited the initial room and am now in the hallway/landing area. The instruction is to 'Walk past the stairs and the bathroom'. The stairs are on my right. I need to continue down the hallway to pass them and find the bathroom and the room with cardboard boxes. Waypoint 1 is straight ahead in the hallway, which aligns with this goal.",
"stuck": false,
"plan": "Move forward down the hallway towards waypoint 1 to walk past the stairs. Then continue to find the bathroom and the room with cardboard boxes.",
"curr_step": "I am in the hallway next to the stairs. Moving forward to waypoint 1 will take me further down the hallway, past the stairs.",
"action": 1
}
```
[StairDetect] normals=0.0090s, cpu=0.0005s, cluster=0.1020s, loop=0.0500s, total=0.1766s
Action: turn
[StairDetect] normals=0.0097s, cpu=0.0005s, cluster=0.1101s, loop=0.0514s, total=0.1861s
Action: move_forward
[StairDetect] normals=0.0103s, cpu=0.0006s, cluster=0.0880s, loop=0.0524s, total=0.1654s
Action: turn
[StairDetect] normals=0.0098s, cpu=0.0005s, cluster=0.0768s, loop=0.0261s, total=0.1265s
Action: move_forward
[StairDetect] normals=0.0096s, cpu=0.0005s, cluster=0.0775s, loop=0.0259s, total=0.1268s
Action: turn
[StairDetect] normals=0.0071s, cpu=0.0003s, cluster=0.0639s, loop=0.0434s, total=0.1280s
Action: move_forward
[StairDetect] normals=0.0070s, cpu=0.0003s, cluster=0.0650s, loop=0.0435s, total=0.1295s
Action: null
waypoints: 14
skipped waypoints: edge 2,  distance 4,  no_path 3,  occlusion 2
```json
{
"movement": "Move forward towards the doorway labeled B and waypoint 1.",
"observation": {
    "front view": "A doorway (B) leads into a room with a fireplace, a portrait on the wall, and a rug. Waypoint 1 is visible on the floor just inside/near this doorway.",
    "left view": "A white door or wall panel is visible to the left.",
    "right view": "A bathroom with a toilet and sink is visible through a doorway on the right.",
    "map": "The map shows my current position (red triangle) in a hallway/landing area. The path continues straight ahead towards a room. To the right is the bathroom area."
},
"thought": "I have successfully exited the initial room and walked past the stairs. I am currently walking past the bathroom which is on my right. The instruction is to 'Walk past the stairs and the bathroom and enter the room with the cardboard boxes.' The room straight ahead (through doorway B) appears to be the next destination. I need to continue forward to enter it.",
"stuck": false,
"plan": "Move forward through doorway B towards waypoint 1 to enter the next room and look for the cardboard boxes.",
"curr_step": "I am at the threshold of the hallway/landing. Waypoint 1 is located just ahead in the next area/room. Moving towards it will take me past the bathroom and into the target room.",
"action": 1
}
```
[StairDetect] normals=0.0067s, cpu=0.0003s, cluster=0.0648s, loop=0.0449s, total=0.1303s
Action: turn
[StairDetect] normals=0.0084s, cpu=0.0004s, cluster=0.0815s, loop=0.0455s, total=0.1496s
Action: move_forward
[StairDetect] normals=0.0090s, cpu=0.0004s, cluster=0.0821s, loop=0.0455s, total=0.1506s
Action: turn
[StairDetect] normals=0.0092s, cpu=0.0004s, cluster=0.1054s, loop=0.0454s, total=0.1742s
Action: move_forward
[StairDetect] normals=0.0094s, cpu=0.0004s, cluster=0.0829s, loop=0.0457s, total=0.1522s
Action: move_forward
[StairDetect] normals=0.0094s, cpu=0.0004s, cluster=0.1052s, loop=0.0456s, total=0.1747s
Action: move_forward
[StairDetect] normals=0.0095s, cpu=0.0004s, cluster=0.0827s, loop=0.0453s, total=0.1515s
Action: move_forward
[StairDetect] normals=0.0095s, cpu=0.0005s, cluster=0.0853s, loop=0.0454s, total=0.1547s
Action: move_forward
[StairDetect] normals=0.0094s, cpu=0.0004s, cluster=0.0837s, loop=0.0464s, total=0.1539s
Action: move_forward
[StairDetect] normals=0.0095s, cpu=0.0005s, cluster=0.0844s, loop=0.0458s, total=0.1541s
Action: move_forward
detected agent stuck, last8 steps position changes: [0.0, 0.007896734, 0.0012521744, 0.0012512207, 0.0012521744, 0.0012512207, 0.0012521744, 0.0012512207]
[StairDetect] normals=0.0096s, cpu=0.0005s, cluster=0.0845s, loop=0.0452s, total=0.1537s
Action: turn
detected agent stuck, last8 steps position changes: [0.007896734, 0.0012521744, 0.0012512207, 0.0012521744, 0.0012512207, 0.0012521744, 0.0012512207, 0.0]
waypoints: 14
skipped waypoints: edge 2,  distance 2,  no_path 2,  occlusion 1
```json
{
"movement": "Move forward towards the doorway labeled B and waypoint 1.",
"observation": {
    "front view": "I see a doorway (labeled B) leading into a room with pink walls. To the right of this doorway is the bathroom with a toilet and sink visible.",
    "left view": "A white door or wall panel is visible to the left.",
    "right view": "The bathroom interior with a toilet, sink, and window is visible to the right.",
    "map": "The map shows my current position near the 'sink' and 'toilet'. The path continues forward/left through the doorway towards the next area."
},
"thought": "I have successfully walked past the stairs and am now alongside the bathroom. The instruction is to walk *past* the bathroom and enter the room with cardboard boxes. The doorway labeled B (and waypoint 1) leads away from the bathroom into the next room, which aligns with the instruction to go 'past' it.",
"stuck": false,
"plan": "Move forward through doorway B towards waypoint 1 to pass the bathroom and enter the next room where the cardboard boxes should be located.",
"curr_step": "I am standing at the junction between the hallway/landing and the bathroom. Waypoint 1 is located just ahead through doorway B. Moving there will take me past the bathroom.",
"action": 1
}
```
[StairDetect] normals=0.0089s, cpu=0.0005s, cluster=0.0845s, loop=0.0440s, total=0.1517s
Action: turn
[StairDetect] normals=0.0092s, cpu=0.0006s, cluster=0.0871s, loop=0.0149s, total=0.1252s
Action: move_forward
[StairDetect] normals=0.0093s, cpu=0.0005s, cluster=0.0838s, loop=0.0358s, total=0.1433s
Action: turn
[StairDetect] normals=0.0094s, cpu=0.0004s, cluster=0.0818s, loop=0.0453s, total=0.1505s
Action: move_forward
[StairDetect] normals=0.0094s, cpu=0.0004s, cluster=0.0821s, loop=0.0449s, total=0.1502s
Action: turn
[StairDetect] normals=0.0095s, cpu=0.0004s, cluster=0.0821s, loop=0.0458s, total=0.1510s
Action: move_forward
[StairDetect] normals=0.0096s, cpu=0.0005s, cluster=0.0823s, loop=0.0449s, total=0.1506s
Action: move_forward
[StairDetect] normals=0.0095s, cpu=0.0006s, cluster=0.0861s, loop=0.0470s, total=0.1571s
Action: move_forward
[StairDetect] normals=0.0096s, cpu=0.0005s, cluster=0.0823s, loop=0.0452s, total=0.1507s
Action: move_forward
[StairDetect] normals=0.0096s, cpu=0.0005s, cluster=0.0910s, loop=0.0504s, total=0.1670s
Action: move_forward
[StairDetect] normals=0.0097s, cpu=0.0006s, cluster=0.0839s, loop=0.0451s, total=0.1527s
Action: move_forward
[StairDetect] normals=0.0096s, cpu=0.0004s, cluster=0.0823s, loop=0.0449s, total=0.1503s
Action: move_forward
detected agent stuck, last8 steps position changes: [0.0, 3.5762787e-07, 3.5762787e-07, 2.3841858e-07, 2.3841858e-07, 0.0, 0.0, 0.0]
waypoints: 21
skipped waypoints: edge 1,  distance 0,  no_path 0,  occlusion 8
2026-09-18 15:57:04,639 - INFO - --- Episode 27, Step 46/100 ---
2026-09-18 15:57:05,405 - INFO - --- Episode 27, Step 47/100 ---
2026-09-18 15:57:06,357 - INFO - --- Episode 27, Step 48/100 ---
2026-09-18 15:57:07,316 - INFO - --- Episode 27, Step 49/100 ---
2026-09-18 15:57:08,233 - INFO - --- Episode 27, Step 50/100 ---
2026-09-18 15:57:09,203 - INFO - --- Episode 27, Step 51/100 ---
2026-09-18 15:57:10,166 - INFO - --- Episode 27, Step 52/100 ---
2026-09-18 15:57:11,170 - INFO - --- Episode 27, Step 53/100 ---
2026-09-18 15:57:12,063 - INFO - --- Episode 27, Step 54/100 ---
2026-09-18 15:57:13,217 - INFO - --- Episode 27, Step 55/100 ---
2026-09-18 15:58:01,282 - INFO - HTTP Request: POST http://127.0.0.1:22446/v1/chat/completions "HTTP/1.1 200 OK"
2026-09-18 15:58:14,423 - INFO - HTTP Request: POST http://127.0.0.1:22446/v1/chat/completions "HTTP/1.1 200 OK"
2026-09-18 15:58:16,040 - INFO - --- Episode 27, Step 56/100 ---
2026-09-18 15:58:17,751 - INFO - --- Episode 27, Step 57/100 ---
2026-09-18 15:58:19,751 - INFO - --- Episode 27, Step 58/100 ---
2026-09-18 15:58:21,321 - INFO - --- Episode 27, Step 59/100 ---
2026-09-18 15:58:23,364 - INFO - --- Episode 27, Step 60/100 ---
2026-09-18 15:58:24,738 - INFO - --- Episode 27, Step 61/100 ---
2026-09-18 15:58:26,704 - INFO - --- Episode 27, Step 62/100 ---
2026-09-18 15:58:28,201 - INFO - --- Episode 27, Step 63/100 ---
2026-09-18 15:58:52,679 - INFO - HTTP Request: POST http://127.0.0.1:22446/v1/chat/completions "HTTP/1.1 200 OK"
2026-09-18 15:58:54,688 - INFO - --- Episode 27, Step 64/100 ---
2026-09-18 15:58:57,082 - INFO - --- Episode 27, Step 65/100 ---
2026-09-18 15:58:59,072 - INFO - --- Episode 27, Step 66/100 ---
2026-09-18 15:59:00,713 - INFO - --- Episode 27, Step 67/100 ---
 56%|█████▌    | 28/50 [4:22:38<3:51:19, 630.90s/it]Renderer: NVIDIA GeForce RTX 4090/PCIe/SSE2 by NVIDIA Corporation
OpenGL version: 4.6.0 NVIDIA 590.48.01
Using optional features:
    GL_ARB_vertex_array_object
    GL_ARB_separate_shader_objects
    GL_ARB_robustness
    GL_ARB_texture_storage
    GL_ARB_texture_view
    GL_ARB_framebuffer_no_attachments
    GL_ARB_invalidate_subdata
    GL_ARB_texture_storage_multisample
    GL_ARB_multi_bind
    GL_ARB_direct_state_access
    GL_ARB_get_texture_sub_image
    GL_ARB_texture_filter_anisotropic
    GL_KHR_debug
    GL_KHR_parallel_shader_compile
    GL_NV_depth_buffer_float
Using driver workarounds:
    no-forward-compatible-core-context
    nv-egl-incorrect-gl11-function-pointers
    no-layout-qualifiers-on-old-glsl
    nv-zero-context-profile-mask
    nv-implementation-color-read-format-dsa-broken
    nv-cubemap-inconsistent-compressed-image-size
    nv-cubemap-broken-full-compressed-image-query
    nv-compressed-block-size-in-bits
[15:59:06:700811]:[Warning]:[Metadata] SceneDatasetAttributes.cpp(107)::addNewSceneInstanceToDataset : Dataset : 'default' : Lighting Layout Attributes 'no_lights' specified in Scene Attributes but does not exist in dataset, so creating default.
2026-09-18 15:59:17,514 - INFO - Simulator initialized!
2026-09-18 15:59:43,531 - INFO - HTTP Request: POST http://127.0.0.1:22446/v1/chat/completions "HTTP/1.1 200 OK"
2026-09-18 15:59:44,253 - INFO - --- Episode 28, Step 1/100 ---
2026-09-18 16:03:04,089 - INFO - HTTP Request: POST http://127.0.0.1:22446/v1/chat/completions "HTTP/1.1 200 OK"
2026-09-18 16:06:05,438 - INFO - HTTP Request: POST http://127.0.0.1:22446/v1/chat/completions "HTTP/1.1 200 OK"
2026-09-18 16:08:54,437 - INFO - HTTP Request: POST http://127.0.0.1:22446/v1/chat/completions "HTTP/1.1 200 OK"
2026-09-18 16:08:54,938 - INFO - --- Episode 28, Step 2/100 ---
2026-09-18 16:11:27,134 - INFO - HTTP Request: POST http://127.0.0.1:22446/v1/chat/completions "HTTP/1.1 200 OK"
2026-09-18 16:11:59,629 - INFO - HTTP Request: POST http://127.0.0.1:22446/v1/chat/completions "HTTP/1.1 200 OK"
```json
{
"movement": "Move forward into the room with pink walls through doorway B.",
"observation": {
    "front view": "I see a doorway labeled B leading into a room with pink walls and a rug. Waypoints 1, 2, etc., are visible inside this room.",
    "left view": "A white door is visible to the left.",
    "right view": "A wall/door frame is visible to the right, and further right is the bathroom area.",
    "map": "The map shows my current position near the 'sink' (bathroom). The path leads straight ahead into the room with pink walls (where waypoints 1-11 are located)."
},
"thought": "I have walked past the stairs and the bathroom as instructed. I am now at the entrance of the room with pink walls, which likely contains the cardboard boxes mentioned in the instruction. Moving forward through doorway B will enter this room. This action should complete the current subtask of exiting the hallway/landing area.",
"stuck": false,
"plan": "Move forward through doorway B into the room with pink walls to find the cardboard boxes and the doorway to the living room.",
"curr_step": "I am at the threshold of the room. Waypoint 1 is located just inside on the rug. Moving towards it will enter the room.",
"action": 1
}
```
[StairDetect] normals=0.0090s, cpu=0.0005s, cluster=0.0871s, loop=0.0453s, total=0.1554s
Action: turn
[StairDetect] normals=0.0086s, cpu=0.0004s, cluster=0.0792s, loop=0.0406s, total=0.1423s
Action: move_forward
[StairDetect] normals=0.0094s, cpu=0.0004s, cluster=0.0789s, loop=0.0409s, total=0.1429s
Action: turn
[StairDetect] normals=0.0092s, cpu=0.0004s, cluster=0.0791s, loop=0.0409s, total=0.1431s
Action: move_forward
[StairDetect] normals=0.0094s, cpu=0.0004s, cluster=0.0794s, loop=0.0409s, total=0.1435s
Action: move_forward
[StairDetect] normals=0.0093s, cpu=0.0005s, cluster=0.0806s, loop=0.0429s, total=0.1471s
Action: move_forward
[StairDetect] normals=0.0094s, cpu=0.0005s, cluster=0.0837s, loop=0.0410s, total=0.1481s
Action: move_forward
[StairDetect] normals=0.0094s, cpu=0.0004s, cluster=0.0791s, loop=0.0413s, total=0.1436s
Action: move_forward
[StairDetect] normals=0.0149s, cpu=0.0005s, cluster=0.0882s, loop=0.0425s, total=0.1602s
Action: move_forward
[StairDetect] normals=0.0095s, cpu=0.0005s, cluster=0.0808s, loop=0.0407s, total=0.1451s
Action: move_forward
detected agent stuck, last8 steps position changes: [0.0, 0.0, 0.0, 0.0, 0.0, 0.0, 0.0, 0.0]
waypoints: 21
skipped waypoints: edge 2,  distance 5,  no_path 0,  occlusion 1

```json
{
"movement": "Move forward through the doorway labeled B into the room with pink walls.",
"observation": {
    "front view": "I see a doorway (labeled B) leading into a room with pink walls, a fireplace, and a rug. Waypoints 1, 2, etc., are visible inside this room.",
    "left view": "A white door is visible to the left.",
    "right view": "A wall/door frame is visible to the right, and further right is the bathroom area.",
    "map": "The map shows my current position near the 'sink' (bathroom). The path leads straight ahead into the room with pink walls (where waypoints 1-12 are located)."
},
"thought": "I have walked past the stairs and the bathroom as instructed. I am now at the entrance of the room with pink walls, which likely contains the cardboard boxes mentioned in the instruction. Moving forward through doorway B will enter this room. This action should complete the current subtask of exiting the hallway/landing area.",
"stuck": false,
"plan": "Move forward through doorway B into the room with pink walls to find the cardboard boxes and the doorway to the living room.",
"curr_step": "I am at the threshold of the room. Waypoint 1 is located just inside on the rug. Moving towards it will enter the room.",
"action": 1
}
```
[StairDetect] normals=0.0090s, cpu=0.0004s, cluster=0.0843s, loop=0.0418s, total=0.1498s
Action: move_forward
[StairDetect] normals=0.0093s, cpu=0.0004s, cluster=0.0802s, loop=0.0428s, total=0.1469s
Action: move_forward
[StairDetect] normals=0.0095s, cpu=0.0004s, cluster=0.0967s, loop=0.0431s, total=0.1636s
Action: move_forward
[StairDetect] normals=0.0248s, cpu=0.0005s, cluster=0.0844s, loop=0.0418s, total=0.1659s
Action: move_forward
[StairDetect] normals=0.0096s, cpu=0.0004s, cluster=0.0888s, loop=0.0420s, total=0.1546s
Action: move_forward
[StairDetect] normals=0.0097s, cpu=0.0005s, cluster=0.0856s, loop=0.0435s, total=0.1533s
Action: move_forward
[StairDetect] normals=0.0097s, cpu=0.0005s, cluster=0.0797s, loop=0.0407s, total=0.1440s
Action: move_forward
[StairDetect] normals=0.0096s, cpu=0.0004s, cluster=0.0841s, loop=0.0434s, total=0.1521s
Action: move_forward
detected agent stuck, last8 steps position changes: [0.0, 0.0, 0.0, 0.0, 0.0, 0.0, 0.0, 0.0]
waypoints: 21
skipped waypoints: edge 2,  distance 5,  no_path 0,  occlusion 1
```json
{
"movement": "Move forward through the doorway labeled B into the room with pink walls.",
"observation": {
    "front view": "I see a doorway (labeled B) leading into a room with pink walls, a fireplace, and a rug. Waypoints 1, 2, etc., are visible inside this room.",
    "left view": "A white door is visible to the left.",
    "right view": "A wall/door frame is visible to the right, and further right is the bathroom area.",
    "map": "The map shows my current position near the 'sink' (bathroom). The path leads straight ahead into the room with pink walls (where waypoints 1-12 are located)."
},
"thought": "I have walked past the stairs and the bathroom as instructed. I am now at the entrance of the room with pink walls, which likely contains the cardboard boxes mentioned in the instruction. Moving forward through doorway B will enter this room. This action should complete the current subtask of exiting the hallway/landing area.",
"stuck": false,
"plan": "Move forward through doorway B into the room with pink walls to find the cardboard boxes and the doorway to the living room.",
"curr_step": "I am at the threshold of the room. Waypoint 1 is located just inside on the rug. Moving towards it will enter the room.",
"action": 1
}
```
[StairDetect] normals=0.0088s, cpu=0.0004s, cluster=0.0845s, loop=0.0431s, total=0.1506s
Action: move_forward
[StairDetect] normals=0.0096s, cpu=0.0006s, cluster=0.0869s, loop=0.0450s, total=0.1566s
Action: move_forward
[StairDetect] normals=0.0098s, cpu=0.0004s, cluster=0.0811s, loop=0.0415s, total=0.1465s
Action: move_forward
[StairDetect] normals=0.0121s, cpu=0.0005s, cluster=0.0789s, loop=0.0410s, total=0.1459s
Action: move_forward
[StairDetect] normals=0.0097s, cpu=0.0004s, cluster=0.0835s, loop=0.0409s, total=0.1480s
Action: stop
['Turn around and go through the single door on the right.', 'Go down the hallway.', "You'll go all the way into the room and stand on the rug and wait."]
Initialized data for new floor level: 0
Switching pcds to floor level: 0
Initialized data for new floor level: 0
Switching pcds to floor level: 0
Initialized data for new floor level: 0
Switching pcds to floor level: 0
[StairDetect] normals=0.0041s, cpu=0.0005s, cluster=0.0432s, loop=0.0720s, total=0.1287s
waypoints: 36
skipped waypoints: edge 2,  distance 10,  no_path 0,  occlusion 6



Calculated floor height difference: 2.12m
Action: stop
waypoints: 26
skipped waypoints: edge 1,  distance 10,  no_path 0,  occlusion 4

2026-09-18 16:12:00,295 - INFO - --- Episode 28, Step 3/100 ---
2026-09-18 16:12:01,165 - INFO - --- Episode 28, Step 4/100 ---
2026-09-18 16:12:02,242 - INFO - --- Episode 28, Step 5/100 ---
2026-09-18 16:12:02,952 - INFO - --- Episode 28, Step 6/100 ---
2026-09-18 16:13:47,237 - INFO - HTTP Request: POST http://127.0.0.1:22446/v1/chat/completions "HTTP/1.1 200 OK"
2026-09-18 16:14:15,366 - INFO - HTTP Request: POST http://127.0.0.1:22446/v1/chat/completions "HTTP/1.1 200 OK"
2026-09-18 16:14:16,217 - INFO - --- Episode 28, Step 7/100 ---
2026-09-18 16:14:17,156 - INFO - --- Episode 28, Step 8/100 ---
2026-09-18 16:14:18,134 - INFO - --- Episode 28, Step 9/100 ---
2026-09-18 16:14:18,984 - INFO - --- Episode 28, Step 10/100 ---
2026-09-18 16:14:19,569 - INFO - --- Episode 28, Step 11/100 ---
2026-09-18 16:14:20,204 - INFO - --- Episode 28, Step 12/100 ---
2026-09-18 16:14:20,766 - INFO - --- Episode 28, Step 13/100 ---
2026-09-18 16:14:21,367 - INFO - --- Episode 28, Step 14/100 ---
2026-09-18 16:14:22,121 - INFO - --- Episode 28, Step 15/100 ---
2026-09-18 16:14:22,714 - INFO - --- Episode 28, Step 16/100 ---
2026-09-18 16:14:23,349 - INFO - --- Episode 28, Step 17/100 ---
2026-09-18 16:14:53,750 - INFO - HTTP Request: POST http://127.0.0.1:22446/v1/chat/completions "HTTP/1.1 200 OK"
2026-09-18 16:15:13,180 - INFO - HTTP Request: POST http://127.0.0.1:22446/v1/chat/completions "HTTP/1.1 200 OK"
2026-09-18 16:15:26,265 - INFO - HTTP Request: POST http://127.0.0.1:22446/v1/chat/completions "HTTP/1.1 200 OK"
 58%|█████▊    | 29/50 [4:39:00<4:17:38, 736.12s/it]Renderer: NVIDIA GeForce RTX 4090/PCIe/SSE2 by NVIDIA Corporation
OpenGL version: 4.6.0 NVIDIA 590.48.01
Using optional features:
    GL_ARB_vertex_array_object
    GL_ARB_separate_shader_objects
    GL_ARB_robustness
    GL_ARB_texture_storage
    GL_ARB_texture_view
    GL_ARB_framebuffer_no_attachments
    GL_ARB_invalidate_subdata
    GL_ARB_texture_storage_multisample
    GL_ARB_multi_bind
    GL_ARB_direct_state_access
    GL_ARB_get_texture_sub_image
    GL_ARB_texture_filter_anisotropic
    GL_KHR_debug
    GL_KHR_parallel_shader_compile
    GL_NV_depth_buffer_float
Using driver workarounds:
    no-forward-compatible-core-context
    nv-egl-incorrect-gl11-function-pointers
    no-layout-qualifiers-on-old-glsl
    nv-zero-context-profile-mask
    nv-implementation-color-read-format-dsa-broken
    nv-cubemap-inconsistent-compressed-image-size
    nv-cubemap-broken-full-compressed-image-query
    nv-compressed-block-size-in-bits
[16:15:28:318079]:[Warning]:[Metadata] SceneDatasetAttributes.cpp(107)::addNewSceneInstanceToDataset : Dataset : 'default' : Lighting Layout Attributes 'no_lights' specified in Scene Attributes but does not exist in dataset, so creating default.
2026-09-18 16:15:38,926 - INFO - Simulator initialized!
2026-09-18 16:16:11,045 - INFO - HTTP Request: POST http://127.0.0.1:22446/v1/chat/completions "HTTP/1.1 200 OK"
2026-09-18 16:16:11,779 - INFO - --- Episode 29, Step 1/100 ---
2026-09-18 16:19:43,857 - INFO - HTTP Request: POST http://127.0.0.1:22446/v1/chat/completions "HTTP/1.1 200 OK"
2026-09-18 16:22:58,924 - INFO - HTTP Request: POST http://127.0.0.1:22446/v1/chat/completions "HTTP/1.1 200 OK"
2026-09-18 16:23:23,277 - INFO - HTTP Request: POST http://127.0.0.1:22446/v1/chat/completions "HTTP/1.1 200 OK"
2026-09-18 16:23:24,085 - INFO - --- Episode 29, Step 2/100 ---
2026-09-18 16:23:24,810 - INFO - --- Episode 29, Step 3/100 ---
2026-09-18 16:23:25,570 - INFO - --- Episode 29, Step 4/100 ---
2026-09-18 16:23:26,372 - INFO - --- Episode 29, Step 5/100 ---
2026-09-18 16:23:27,099 - INFO - --- Episode 29, Step 6/100 ---
2026-09-18 16:23:27,794 - INFO - --- Episode 29, Step 7/100 ---
2026-09-18 16:23:28,448 - INFO - --- Episode 29, Step 8/100 ---
2026-09-18 16:23:28,843 - INFO - --- Episode 29, Step 9/100 ---
2026-09-18 16:23:46,907 - INFO - HTTP Request: POST http://127.0.0.1:22446/v1/chat/completions "HTTP/1.1 200 OK"
2026-09-18 16:23:47,792 - INFO - --- Episode 29, Step 10/100 ---
2026-09-18 16:23:48,444 - INFO - --- Episode 29, Step 11/100 ---
2026-09-18 16:23:49,098 - INFO - --- Episode 29, Step 12/100 ---
2026-09-18 16:23:49,726 - INFO - --- Episode 29, Step 13/100 ---
2026-09-18 16:23:50,430 - INFO - --- Episode 29, Step 14/100 ---
2026-09-18 16:23:51,325 - INFO - --- Episode 29, Step 15/100 ---
2026-09-18 16:23:52,006 - INFO - --- Episode 29, Step 16/100 ---
```json
{
"movement": "I am currently standing in the middle of a room with green walls and bookshelves. I have not moved yet.",
"observation": {
"front view": "I see a large orange rug on the floor. Ahead, there is a doorway labeled 'B' leading to another room with a table. To the right of that, there is another opening/doorway near waypoint 3 and 8. To the far left is a fireplace.",
"left view": "I see a fireplace and bookshelves on the wall.",
"right view": "I see a window and a door frame leading out of the room.",
"map": "The map shows my current position at 'START' in the center of the room. There are paths leading forward, left, and right. The path to the right leads towards an exit."
},
"thought": "The instruction is to 'Turn around and go through the single door on the right.' Looking at the front view, there is a doorway to the right (near waypoints 3 and 8) which likely leads to the hallway mentioned in the next subtask. The phrase 'Turn around' might be confusing, but given the context of 'door on the right', it likely means orienting myself towards that door or simply proceeding to it. The door is visible in the front-right area. I need to move towards it.",
"stuck": false,
"plan": "I will move towards the doorway on the right side of the room, which corresponds to waypoint 3. This will lead me through the door and into the hallway as required by the next subtask.",
"curr_step": "I need to reach the doorway on the right. Waypoint 3 is located near this doorway. I will move towards it.",
"action": 3
}
```
Action: turn
Action: move_forward
Action: null
Action: turn
waypoints: 21
skipped waypoints: edge 1,  distance 9,  no_path 0,  occlusion 5

```json
{
"movement": "I have moved slightly forward and turned left, orienting myself towards the center of the room. I am now facing the doorway area.",
"observation": {
"front view": "I see a large orange rug on the floor. Ahead, there is a doorway labeled 'B' leading to another room with a table. To the right of that, there is another opening/doorway near waypoint 4 and 3. To the far left is a fireplace.",
"left view": "I see a fireplace and bookshelves on the wall.",
"right view": "I see a window and a door frame leading out of the room.",
"map": "The map shows my current position near 'START'. There are paths leading forward, left, and right. The path to the right leads towards an exit (waypoints 3 and 4)."
},
"thought": "The instruction is to 'Turn around and go through the single door on the right.' Based on the map and views, the doorway near waypoints 3 and 4 leads out of the room, likely into a hallway as per the next subtask. In my current front view, this doorway is to the right of the central doorway B. I need to move towards it.",
"stuck": false,
"plan": "I will move towards the doorway near waypoint 4, which is the 'single door on the right' mentioned in the instruction. This will lead me into the hallway.",
"curr_step": "I need to reach the doorway near waypoint 4. I will move forward and slightly right to align with it.",
"action": 4
}
```
Action: turn
Action: move_forward
Action: turn
Action: move_forward
Action: turn
Action: move_forward
Action: turn
Action: move_forward
Action: turn
Action: move_forward
Action: null
waypoints: 19
skipped waypoints: edge 1,  distance 11,  no_path 0,  occlusion 1
```json
{
"movement": "I have moved forward and turned left to face the junction between the workbench room and the hallway. I am now positioned near a central pillar/wall section.",
"observation": {
"front view": "I see a wall/pillar in front of me. To the left is a doorway into a room with a workbench (labeled L). To the right is an opening leading to a hallway with rugs and stairs (labeled R). Waypoints 1, 2, 3, 4 are near the center/left. Waypoints 5, 6 are in the hallway to the right.",
"left view": "I see the room with the workbench and large windows.",
"right view": "I see a


Action: stop
['go through the dooorway on the right, continue straightacross the hallway and into the room ahead.', 'Stop near the shell.']
Initialized data for new floor level: 0
Switching pcds to floor level: 0
Initialized data for new floor level: 0
Switching pcds to floor level: 0
Initialized data for new floor level: 0
Switching pcds to floor level: 0
[StairDetect] normals=0.0041s, cpu=0.0004s, cluster=0.0432s, loop=0.0710s, total=0.1277s
waypoints: 36
skipped waypoints: edge 2,  distance 10,  no_path 0,  occlusion 6


```json
{
    "movement": "I am currently standing in a room with green walls, a fireplace on the left, and bookshelves on the right. I have just oriented myself to face the room's interior. The instruction requires me to go through the doorway on the right.",
    "observation": {
        "front view": "I see the main area of the room with an orange patterned rug. There is a fireplace on the left wall and tall bookshelves on the right wall. Straight ahead, there is an archway labeled 'B' leading to another room. To the right, there is another doorway/opening.",
        "left view": "A fireplace with a painting above it and bookshelves flanking it.",
        "right view": "A window looking out onto greenery, a small cabinet with a statue on top, and more bookshelves.",
        "map": "The map shows my current position in the center of the room. There is a doorway on the right side of the map (near waypoints 3 and 13) which matches the 'doorway on the right' in the instruction."
    },
    "thought": "The instruction is to 'go through the dooorway on the right'. Looking at my current views, there is a clear doorway/opening on the right side of the room (visible in the front view near waypoint 3 and confirmed by the map). I need to head towards this doorway to proceed with the task. Waypoint 3 is positioned directly in front of this doorway.",
    "stuck": false,
    "plan": "I will move towards the doorway on the right side of the room. This corresponds to moving forward and slightly right towards waypoint 3. After passing through this doorway, I will enter a hallway and continue straight into the room ahead as per the next part of the instruction.",
    "curr_step": "I need to go through the doorway on the right. Waypoint 3 is located right in front of this doorway. Moving to waypoint 3 will take me through the door.",
    "action": 3
}
```
Calculated floor height difference: 2.12m
Action: turn
Action: move_forward
Action: turn
Action: move_forward
Action: turn
Action: move_forward
Action: null
Action: turn
waypoints: 19
skipped waypoints: edge 2,  distance 8,  no_path 0,  occlusion 2
```json
{
    "movement": "I have moved from the room with the fireplace and orange rug towards the doorway on the right. I am now positioned at the entrance of a hallway, facing towards another room visible through a doorway labeled 'B'.",
    "observation": {
        "front view": "I see a hallway floor with an orange patterned runner. There are waypoints 1, 2, 3, 4, 5 marked on the floor leading down this hallway. Straight ahead is a doorway (labeled B) leading into a room with a fireplace.",
        "left view": "I can see back into the previous room with the fireplace and bookshelves.",
        "right view": "There is a dark wooden door frame or wall immediately to my right.",
        "map": "The map shows my current position near the 'chair' label. The path forward leads through waypoints 1, 2, 3, 4, 5 into the hallway area."
    },
    "thought": "I have reached the doorway on the right as instructed. Now I need to 'continue straightacross the hallway and into the room ahead'. The hallway is directly in front of me, marked by waypoints 1 through 5. I should proceed down this hallway.",
    "stuck": false,
    "plan": "I will move forward into the hallway, following the path towards waypoint 1 and then continuing straight towards the room at the end of the hallway (likely near waypoint 4 or 5).",
    "curr_step": "I am at the start of the hallway. Waypoint 1 is the next logical step to progress down the hallway.",
    "action": 1
}
```
Action: turn
Action: move_forward
Action: turn
Action: move_forward
Action: turn
Action: move_forward
Action: null
waypoints: 13
2026-09-18 16:24:22,056 - INFO - HTTP Request: POST http://127.0.0.1:22446/v1/chat/completions "HTTP/1.1 200 OK"
2026-09-18 16:24:23,015 - INFO - --- Episode 29, Step 17/100 ---
2026-09-18 16:24:23,703 - INFO - --- Episode 29, Step 18/100 ---
2026-09-18 16:24:24,397 - INFO - --- Episode 29, Step 19/100 ---
2026-09-18 16:24:25,256 - INFO - --- Episode 29, Step 20/100 ---
2026-09-18 16:24:26,027 - INFO - --- Episode 29, Step 21/100 ---
2026-09-18 16:24:26,903 - INFO - --- Episode 29, Step 22/100 ---
2026-09-18 16:24:27,676 - INFO - --- Episode 29, Step 23/100 ---
2026-09-18 16:24:48,294 - INFO - HTTP Request: POST http://127.0.0.1:22446/v1/chat/completions "HTTP/1.1 200 OK"
2026-09-18 16:24:49,180 - INFO - --- Episode 29, Step 24/100 ---
2026-09-18 16:24:50,110 - INFO - --- Episode 29, Step 25/100 ---
2026-09-18 16:24:50,754 - INFO - --- Episode 29, Step 26/100 ---
2026-09-18 16:24:51,484 - INFO - --- Episode 29, Step 27/100 ---
2026-09-18 16:24:52,330 - INFO - --- Episode 29, Step 28/100 ---
2026-09-18 16:24:53,122 - INFO - --- Episode 29, Step 29/100 ---
2026-09-18 16:24:54,134 - INFO - --- Episode 29, Step 30/100 ---
2026-09-18 16:24:54,910 - INFO - --- Episode 29, Step 31/100 ---
2026-09-18 16:24:55,694 - INFO - --- Episode 29, Step 32/100 ---
2026-09-18 16:24:56,611 - INFO - --- Episode 29, Step 33/100 ---
2026-09-18 16:24:58,132 - INFO - --- Episode 29, Step 34/100 ---
2026-09-18 16:24:59,483 - INFO - --- Episode 29, Step 35/100 ---
2026-09-18 16:25:01,025 - INFO - --- Episode 29, Step 36/100 ---
2026-09-18 16:25:21,727 - INFO - HTTP Request: POST http://127.0.0.1:22446/v1/chat/completions "HTTP/1.1 200 OK"
2026-09-18 16:25:23,791 - INFO - --- Episode 29, Step 37/100 ---
2026-09-18 16:25:24,832 - INFO - --- Episode 29, Step 38/100 ---
2026-09-18 16:25:26,053 - INFO - --- Episode 29, Step 39/100 ---
2026-09-18 16:25:27,710 - INFO - --- Episode 29, Step 40/100 ---
2026-09-18 16:25:28,721 - INFO - --- Episode 29, Step 41/100 ---
2026-09-18 16:25:29,864 - INFO - --- Episode 29, Step 42/100 ---
2026-09-18 16:25:30,434 - INFO - --- Episode 29, Step 43/100 ---
2026-09-18 16:25:31,143 - INFO - --- Episode 29, Step 44/100 ---
2026-09-18 16:25:32,085 - INFO - --- Episode 29, Step 45/100 ---
2026-09-18 16:25:32,865 - INFO - --- Episode 29, Step 46/100 ---
2026-09-18 16:25:33,657 - INFO - --- Episode 29, Step 47/100 ---
2026-09-18 16:25:34,570 - INFO - --- Episode 29, Step 48/100 ---
2026-09-18 16:25:52,369 - INFO - HTTP Request: POST http://127.0.0.1:22446/v1/chat/completions "HTTP/1.1 200 OK"
2026-09-18 16:25:54,363 - INFO - HTTP Request: POST http://127.0.0.1:22446/v1/chat/completions "HTTP/1.1 400 Bad Request"
2026-09-18 16:25:55,792 - INFO - HTTP Request: POST http://127.0.0.1:22446/v1/chat/completions "HTTP/1.1 400 Bad Request"
2026-09-18 16:25:56,698 - INFO - --- Episode 29, Step 49/100 ---
2026-09-18 16:26:14,825 - INFO - HTTP Request: POST http://127.0.0.1:22446/v1/chat/completions "HTTP/1.1 200 OK"
2026-09-18 16:26:16,278 - INFO - --- Episode 29, Step 50/100 ---
2026-09-18 16:26:17,253 - INFO - --- Episode 29, Step 51/100 ---
2026-09-18 16:26:18,234 - INFO - --- Episode 29, Step 52/100 ---
2026-09-18 16:26:19,083 - INFO - --- Episode 29, Step 53/100 ---
2026-09-18 16:26:19,988 - INFO - --- Episode 29, Step 54/100 ---
2026-09-18 16:26:21,064 - INFO - --- Episode 29, Step 55/100 ---
2026-09-18 16:26:21,936 - INFO - --- Episode 29, Step 56/100 ---
2026-09-18 16:26:23,278 - INFO - --- Episode 29, Step 57/100 ---
2026-09-18 16:26:24,205 - INFO - --- Episode 29, Step 58/100 ---
2026-09-18 16:26:25,665 - INFO - --- Episode 29, Step 59/100 ---
2026-09-18 16:26:26,991 - INFO - --- Episode 29, Step 60/100 ---
2026-09-18 16:26:28,121 - INFO - --- Episode 29, Step 61/100 ---
2026-09-18 16:26:34,604 - INFO - HTTP Request: POST http://127.0.0.1:22446/v1/chat/completions "HTTP/1.1 400 Bad Request"
2026-09-18 16:26:35,950 - INFO - HTTP Request: POST http://127.0.0.1:22446/v1/chat/completions "HTTP/1.1 400 Bad Request"
2026-09-18 16:26:37,890 - INFO - HTTP Request: POST http://127.0.0.1:22446/v1/chat/completions "HTTP/1.1 400 Bad Request"
 60%|██████    | 30/50 [4:50:14<3:59:10, 717.51s/it]Renderer: NVIDIA GeForce RTX 4090/PCIe/SSE2 by NVIDIA Corporation
OpenGL version: 4.6.0 NVIDIA 590.48.01
Using optional features:
    GL_ARB_vertex_array_object
    GL_ARB_separate_shader_objects
    GL_ARB_robustness
    GL_ARB_texture_storage
    GL_ARB_texture_view
    GL_ARB_framebuffer_no_attachments
    GL_ARB_invalidate_subdata
    GL_ARB_texture_storage_multisample
    GL_ARB_multi_bind
    GL_ARB_direct_state_access
    GL_ARB_get_texture_sub_image
    GL_ARB_texture_filter_anisotropic
    GL_KHR_debug
    GL_KHR_parallel_shader_compile
    GL_NV_depth_buffer_float
Using driver workarounds:
    no-forward-compatible-core-context
    nv-egl-incorrect-gl11-function-pointers
    no-layout-qualifiers-on-old-glsl
    nv-zero-context-profile-mask
    nv-implementation-color-read-format-dsa-broken
    nv-cubemap-inconsistent-compressed-image-size
    nv-cubemap-broken-full-compressed-image-query
    nv-compressed-block-size-in-bits
[16:26:42:392499]:[Warning]:[Metadata] SceneDatasetAttributes.cpp(107)::addNewSceneInstanceToDataset : Dataset : 'default' : Lighting Layout Attributes 'no_lights' specified in Scene Attributes but does not exist in dataset, so creating default.
2026-09-18 16:26:45,463 - INFO - Simulator initialized!
2026-09-18 16:27:10,699 - INFO - HTTP Request: POST http://127.0.0.1:22446/v1/chat/completions "HTTP/1.1 200 OK"
skipped waypoints: edge 4,  distance 6,  no_path 0,  occlusion 0
```json
{
    "movement": "I have moved forward from the previous position in the hallway/landing area. I am now facing a doorway that leads into another room with a window. To my left is a dark wooden structure, and to my right are stairs going up.",
    "observation": {
        "front view": "I see a doorway labeled 'B' straight ahead/slightly right. Through it, there is a room with a window and what looks like furniture. Waypoint 1 is located near the right side of this doorway. Waypoint 2 is on the rug in front of me.",
        "left view": "A room with a desk and a window is visible to the left.",
        "right view": "A staircase going up is visible to the right.",
        "map": "The map shows my current position near the 'carpet' label. The path forward leads towards the upper right area, through the hallway into the next room."
    },
    "thought": "The instruction is to 'continue straightacross the hallway and into the room ahead'. I am currently in the hallway/landing. The room ahead is visible through the doorway labeled 'B' in the front view. Waypoint 1 is positioned near this doorway, leading into that room. Therefore, I should move towards waypoint 1 to enter the room.",
    "stuck": false,
    "plan": "I will move forward towards waypoint 1 to go through the doorway and into the room ahead as instructed.",
    "curr_step": "I am in the hallway facing the room ahead. Waypoint 1 is the next logical step to enter that room.",
    "action": 1
}
```
Action: turn
Action: move_forward
Action: turn
Action: move_forward
Action: move_forward
Action: null
Action: turn
waypoints: 11
skipped waypoints: edge 1,  distance 4,  no_path 0,  occlusion 1
```json
{
    "movement": "I have moved through the hallway and am now positioned at the entrance of the room ahead, facing doorway B. To my right is a wall with framed pictures.",
    "observation": {
        "front view": "Directly ahead is a doorway labeled 'B' leading into a room with an orange wall. Waypoint 1 is just inside this doorway. Waypoint 2 is on the rug behind me/to the side.",
        "left view": "A white door or wall panel is immediately to my left.",
        "right view": "A wall covered in framed pictures and a radiator is to my right.",
        "map": "The map shows I am at the junction near waypoint 2/3. The path forward leads into the upper area of the map."
    },
    "thought": "I have completed the 'go through the doorway on the right' part (which happened earlier) and 'continue straight across the hallway'. Now I need to go 'into the room ahead'. The room ahead is visible through doorway B. I need to enter this room to find the shell mentioned in the next task.",
    "stuck": false,
    "plan": "Move forward through doorway B into the room with the orange wall. Once inside, I will look for a shell.",
    "curr_step": "I am at the threshold of the room ahead. Waypoint 1 is just inside the doorway. Moving to waypoint 1 will complete the 'into the room ahead' part of P1.",
    "action": 1
}
```
Action: move_forward
Action: turn
Action: move_forward
Action: turn
Action: move_forward
Action: turn
Action: move_forward
Action: move_forward
Action: move_forward
Action: move_forward
Action: move_forward
Action: move_forward
Action: move_forward
detected agent stuck, last8 steps position changes: [0.0, 0.0, 0.0, 0.0, 0.0, 0.0, 0.0, 0.0]
waypoints: 6
skipped waypoints: edge 1,  distance 0,  no_path 4,  occlusion 0
```json
{
    "movement": "I have navigated through the hallway and am now standing at the threshold of the room ahead, which has an orange wall and a fireplace. I have been attempting to move forward into this room.",
    "observation": {
        "front view": "Directly ahead is a doorway labeled 'B' leading into a room with an orange wall. Inside, there is a fireplace and a large white shell-like object on the floor near it. Waypoint 1 is on the rug just inside this doorway.",
        "left view": "A closed white door is to my left.",
        "right view": "A wall/door frame is to my right.",
        "map": "The map shows I am at the entrance of the room with the 'carpet' (the orange room). The path forward leads directly into it."
    },
    "thought": "I have reached the room ahead as instructed. The shell mentioned in the next task is visible inside this room near the fireplace. I need to enter the room to get closer to it.",
    "stuck": false,
    "plan": "Move forward through doorway B into the room with the orange wall and fireplace. Once inside, I will approach the shell.",
    "curr_step": "I am at the entrance of the room. Waypoint 1 is on the rug inside the room, leading towards the fireplace where the shell is located.",
    "action": 1
}
```
Action: turn
Action: move_forward
Action: turn
Action: move_forward
Action: turn
Action: move_forward
Action: move_forward
Action: move_forward
Action: move_forward
Action: move_forward
Action: move_forward
Action: move_forward
detected agent stuck, last8 steps position changes: [0.0, 2.3841858e-07, 3.5762787e-07, 3.5762787e-07, 2.3841858e-07, 2.3841858e-07, 3.5762787e-07, 2.3841858e-07]
waypoints: 6
skipped waypoints: edge 1,  distance 0,  no_path 4,  occlusion 0
```json
{
    "movement": "I have navigated through the hallway and am now standing at the threshold of the room ahead, facing doorway B. I have been attempting to move forward into this room.",
    "observation": {
        "front view": "Directly ahead is a doorway labeled 'B' leading into a room with an orange wall. Inside, there is a fireplace and a large white shell-like object on the floor near it. Waypoint 1 is on the rug just inside this doorway.",
        "left view": "A closed white door is to my left.",
        "right view": "A wall/door frame is to my right.",
        "map": "The map shows I am at the entrance of the room with the 'carpet' (the orange room). The path forward leads directly into it."
    },
    "thought": "I have reached the room ahead as instructed. The shell mentioned in the next task is visible inside this room near the fireplace. I need to enter the room to get closer to it.",
    "stuck": false,
    "plan": "Move forward through doorway B into the room with the orange wall and fireplace. Once inside, I will approach the shell.",
    "curr_step": "I am at the entrance of the room. Waypoint 1 is on the rug inside the room, leading
Action: stop
waypoints: 6
skipped waypoints: edge 1,  distance 0,  no_path 4,  occlusion 0
```json
{
    "movement": "I have navigated through the hallway and am now standing at the threshold of the room ahead, facing doorway B. I have been attempting to move forward into this room.",
    "observation": {
        "front view": "Directly ahead is a doorway labeled 'B' leading into a room with an orange wall. Inside, there is a fireplace and a large white shell-like object on the floor near it. Waypoint 1 is on the rug just inside this doorway.",
        "left view": "A closed white door is to my left.",
        "right view": "A wall/door frame is to my right.",
        "map": "The map shows I am at the entrance of the room with the 'carpet' (the orange room). The path forward leads directly into it."
    },
    "thought": "I have reached the room ahead as instructed. The shell mentioned in the next task is visible inside this room near the fireplace. I need to enter the room to get closer to it.",
    "stuck": false,
    "plan": "Move forward through doorway B into the room with the orange wall and fireplace. Once inside, I will approach the shell.",
    "curr_step": "I am at the entrance of the room. Waypoint 1 is on the rug inside the room, leading towards the fireplace where the shell is located.",
    "action": 1
}
```
Action: turn
Action: move_forward
Action: turn
Action: move_forward
Action: turn
Action: move_forward
Action: move_forward
Action: move_forward
Action: move_forward
Action: move_forward
Action: move_forward
Action: move_forward
detected agent stuck, last8 steps position changes: [0.0, 0.0, 0.0, 0.0, 0.0, 0.0, 0.0, 0.0]
waypoints: 6
skipped waypoints: edge 1,  distance 0,  no_path 4,  occlusion 0
Action: stop
2026-09-18 16:27:11,443 - INFO - --- Episode 30, Step 1/100 ---
2026-09-18 16:30:43,855 - INFO - HTTP Request: POST http://127.0.0.1:22446/v1/chat/completions "HTTP/1.1 200 OK"
2026-09-18 16:31:20,825 - INFO - HTTP Request: POST http://127.0.0.1:22446/v1/chat/completions "HTTP/1.1 200 OK"
2026-09-18 16:31:21,436 - INFO - --- Episode 30, Step 2/100 ---
2026-09-18 16:31:31,544 - INFO - HTTP Request: POST http://127.0.0.1:22446/v1/chat/completions "HTTP/1.1 200 OK"
2026-09-18 16:31:32,192 - INFO - --- Episode 30, Step 3/100 ---
2026-09-18 16:31:32,803 - INFO - --- Episode 30, Step 4/100 ---
2026-09-18 16:31:33,517 - INFO - --- Episode 30, Step 5/100 ---
2026-09-18 16:31:34,131 - INFO - --- Episode 30, Step 6/100 ---
2026-09-18 16:31:46,167 - INFO - HTTP Request: POST http://127.0.0.1:22446/v1/chat/completions "HTTP/1.1 200 OK"
2026-09-18 16:31:46,838 - INFO - --- Episode 30, Step 7/100 ---
2026-09-18 16:31:47,515 - INFO - --- Episode 30, Step 8/100 ---
2026-09-18 16:31:48,095 - INFO - --- Episode 30, Step 9/100 ---
2026-09-18 16:31:48,920 - INFO - --- Episode 30, Step 10/100 ---
2026-09-18 16:31:49,454 - INFO - --- Episode 30, Step 11/100 ---
2026-09-18 16:31:49,878 - INFO - --- Episode 30, Step 12/100 ---
2026-09-18 16:31:50,383 - INFO - --- Episode 30, Step 13/100 ---
2026-09-18 16:31:50,987 - INFO - --- Episode 30, Step 14/100 ---
2026-09-18 16:32:24,650 - INFO - HTTP Request: POST http://127.0.0.1:22446/v1/chat/completions "HTTP/1.1 200 OK"
2026-09-18 16:32:25,503 - INFO - --- Episode 30, Step 15/100 ---
2026-09-18 16:32:36,190 - INFO - HTTP Request: POST http://127.0.0.1:22446/v1/chat/completions "HTTP/1.1 200 OK"
['Go to the plant', 'Go to the rope', 'Go to the steamroom door', 'Go to the table.']
Initialized data for new floor level: 0
Switching pcds to floor level: 0
Initialized data for new floor level: 0
Switching pcds to floor level: 0
Initialized data for new floor level: 0
Switching pcds to floor level: 0
[StairDetect] normals=0.0033s, cpu=0.0006s, cluster=0.0302s, loop=0.0492s, total=0.0898s
waypoints: 5
skipped waypoints: edge 3,  distance 0,  no_path 0,  occlusion 0

```json
{
"movement": "I am currently standing at the bottom of the stairs, facing a wall with a large poster on the right side. To my left are the stairs going up. In the right view, I can see a pillar and a potted plant in the corner next to it.",
"observation": {
"front view": "A beige wall with a large poster advertising 'Turkish Bath' on the right side. Stairs are visible on the left.",
"left view": "Stairs going up and a wooden door/wall panel.",
"right view": "A pillar, a potted plant in the corner next to it, and a wooden door further right.",
"map": "I am at the 'START' position. Waypoint 1 is near the poster on the wall. Waypoint 2 is near the stairs."
},
"thought": "The current task is to go to the plant. The plant is visible in the right view, located in the corner next to the pillar. Since I am currently facing the wall with the poster, and the plant is to my right (next to the pillar which is to the right of the poster), I need to turn right to face the plant and move towards it.",
"stuck": false,
"plan": "Turn right to face the corner where the plant is located. Then move forward towards the plant.",
"curr_step": "I need to orient myself towards the plant which is in the right view. Turning right will align me with the pillar and the plant.",
"action": "R"
}
```
Calculated floor height difference: 2.39m
Action: turn
waypoints: 16
skipped waypoints: edge 2,  distance 6,  no_path 0,  occlusion 3
```json
{
"movement": "I turned right from my initial position facing the wall/poster and am now facing down the hallway where the plant is located.",
"observation": {
"front view": "I see a hallway with a poster on the left wall and a potted plant further ahead near a corner. There are numbered waypoints on the floor: 5, 3, 1, 4, 2.",
"left view": "A wall with a light switch and the edge of the poster.",
"right view": "The hallway extending forward, wooden doors on the right, and stairs going up on the far right.",
"map": "I am at START. Waypoint 3 is located near the plant icon (green circle) in the hallway."
},
"thought": "The current task is to go to the plant. The plant is visible in the front view and right view, located further down the hallway on the left side. On the map, waypoint 3 is positioned directly next to the plant icon. Therefore, I need to move towards waypoint 3 to reach the plant.",
"stuck": false,
"plan": "Move forward towards waypoint 3 which is located near the plant.",
"curr_step": "I am facing the hallway. Waypoint 3 is the closest waypoint to the plant. I should move to waypoint 3.",
"action": 3
}
```
Action: turn
--- Height change stabilized. Height diff: -0.05, On platform: True, Metrics: {'inlier_count': 1794, 'local_count': 26517, 'support_ratio': 0.06765471206894993, 'vertical_score': 1.0, 'plane_height_mean': -1.254449486732483, 'agent_z': -1.2547032356262207, 'vertical_diff': 0.00025374889373774856, 'area_xy': 0.9071999999999999, 'radius_est': 0.5373739189297662, 'z_std': 0.04168092459440231, 'occupied_cells': 63, 'bottom_height_tolerance': 0.1}
--- No significant floor change. Height diff: -0.05, On platform: True, Metrics: {'inlier_count': 1794, 'local_count': 26517, 'support_ratio': 0.06765471206894993, 'vertical_score': 1.0, 'plane_height_mean': -1.254449486732483, 'agent_z': -1.2547032356262207, 'vertical_diff': 0.00025374889373774856, 'area_xy': 0.9071999999999999, 'radius_est': 0.5373739189297662, 'z_std': 0.04168092459440231, 'occupied_cells': 63, 'bottom_height_tolerance': 0.1}
Updated floor height: -1.05, ceiling height: 0.75
Action: move_forward
Action: null
Action: turn
waypoints: 23
skipped waypoints: edge 3,  distance 13,  no_path 0,  occlusion 2
```json
{
"movement": "I have moved forward from the starting position and oriented myself towards the hallway where the plant is located.",
"observation": {
"front view": "I see a potted plant in the corner ahead. Waypoint 2 is located right next to the plant.",
"left view": "A wall with a large poster featuring a woman's face.",
"right view": "Double wooden doors and a staircase going up.",
"map": "I am near the start point. Waypoint 2 is positioned directly next to the green plant icon on the map."
},
"thought": "The current task is 'Go to the plant'. The plant is clearly visible in the front view, situated in the corner. On the map, waypoint 2 is the closest point to the plant. I need to move towards it to complete this subtask.",
"stuck": false,
"plan": "Move forward towards the plant, targeting the area near waypoint 2.",
"curr_step": "I am facing the plant. Waypoint 2 is the immediate target to reach the plant.",
"action": 2
}
```
Action: turn
--- Height change stabilized. Height diff: -0.11, On platform: True, Metrics: {'inlier_count': 1196, 'local_count': 25691, 'support_ratio': 0.04655326767947712, 'vertical_score': 1.0, 'plane_height_mean': -1.300539493560791, 'agent_z': -1.3072872877120971, 'vertical_diff': 0.006747794151306108, 'area_xy': 0.5184, 'radius_est': 0.4062165001543845, 'z_std': 0.0415349043905735, 'occupied_cells': 36, 'bottom_height_tolerance': 0.1}
--- No significant floor change. Height diff: -0.11, On platform: True, Metrics: {'inlier_count': 1196, 'local_count': 25691, 'support_ratio': 0.04655326767947712, 'vertical_score': 1.0, 'plane_height_mean': -1.300539493560791, 'agent_z': -1.3072872877120971, 'vertical_diff': 0.006747794151306108, 'area_xy': 0.5184, 'radius_est': 0.4062165001543845, 'z_std': 0.0415349043905735, 'occupied_cells': 36, 'bottom_height_tolerance': 0.1}
Updated floor height: -1.11, ceiling height: 0.69
Action: move_forward
Action: turn
Action: move_forward
Action: turn
Action: move_forward
Action: null
Action: turn
waypoints: 5
skipped waypoints: edge 1,  distance 2,  no_path 0,  occlusion 0
```json
{
"movement": "I have moved through the hallway and turned to face a doorway. In my left view, I can clearly see the potted plant right next to me against the wall.",
"observation": {
"front view": "An open doorway leading into a room with stone-textured walls.",
"left view": "A potted plant with long green leaves is visible immediately to my left.",
"right view": "Double wooden doors and a staircase going up are visible to the right.",
"map": "My current position (red triangle) is directly next to the green plant icon on the map."
},
"thought": "I am standing right next to the potted plant, which is visible in my left view and marked on the map. This confirms I have reached the target for subtask P1 'Go to the plant'. I should now complete this subtask and prepare for the next one, 'Go to the rope'.",
"stuck": false,
"plan": "Complete subtask P1. Then look for the rope, likely in the room ahead or nearby.",
"curr_step": "I have reached the plant. The subtask is complete.",
"action": -1
}
```
Action: pause
waypoints: 5
skipped waypoints: edge 1,  distance 2,  no_path 0,  occlusion 0
2026-09-18 16:32:36,848 - INFO - --- Episode 30, Step 16/100 ---
2026-09-18 16:32:37,455 - INFO - --- Episode 30, Step 17/100 ---
2026-09-18 16:32:37,858 - INFO - --- Episode 30, Step 18/100 ---
2026-09-18 16:32:38,432 - INFO - --- Episode 30, Step 19/100 ---
2026-09-18 16:32:39,239 - INFO - --- Episode 30, Step 20/100 ---
2026-09-18 16:32:39,911 - INFO - --- Episode 30, Step 21/100 ---
2026-09-18 16:32:40,531 - INFO - --- Episode 30, Step 22/100 ---
2026-09-18 16:32:57,557 - INFO - HTTP Request: POST http://127.0.0.1:22446/v1/chat/completions "HTTP/1.1 200 OK"
2026-09-18 16:32:58,126 - INFO - --- Episode 30, Step 23/100 ---
2026-09-18 16:33:57,187 - INFO - HTTP Request: POST http://127.0.0.1:22446/v1/chat/completions "HTTP/1.1 200 OK"
2026-09-18 16:34:18,865 - INFO - HTTP Request: POST http://127.0.0.1:22446/v1/chat/completions "HTTP/1.1 200 OK"
2026-09-18 16:34:19,534 - INFO - --- Episode 30, Step 24/100 ---
2026-09-18 16:34:36,162 - INFO - HTTP Request: POST http://127.0.0.1:22446/v1/chat/completions "HTTP/1.1 200 OK"
2026-09-18 16:34:37,222 - INFO - --- Episode 30, Step 25/100 ---
2026-09-18 16:34:37,872 - INFO - --- Episode 30, Step 26/100 ---
2026-09-18 16:34:38,473 - INFO - --- Episode 30, Step 27/100 ---
2026-09-18 16:34:38,943 - INFO - --- Episode 30, Step 28/100 ---
2026-09-18 16:34:39,592 - INFO - --- Episode 30, Step 29/100 ---
2026-09-18 16:34:56,130 - INFO - HTTP Request: POST http://127.0.0.1:22446/v1/chat/completions "HTTP/1.1 200 OK"
2026-09-18 16:34:57,157 - INFO - --- Episode 30, Step 30/100 ---
2026-09-18 16:34:57,781 - INFO - --- Episode 30, Step 31/100 ---
2026-09-18 16:34:58,402 - INFO - --- Episode 30, Step 32/100 ---
2026-09-18 16:34:59,036 - INFO - --- Episode 30, Step 33/100 ---
2026-09-18 16:34:59,643 - INFO - --- Episode 30, Step 34/100 ---
2026-09-18 16:35:13,632 - INFO - HTTP Request: POST http://127.0.0.1:22446/v1/chat/completions "HTTP/1.1 200 OK"
2026-09-18 16:35:16,369 - INFO - HTTP Request: POST http://127.0.0.1:22446/v1/chat/completions "HTTP/1.1 400 Bad Request"
2026-09-18 16:35:18,034 - INFO - HTTP Request: POST http://127.0.0.1:22446/v1/chat/completions "HTTP/1.1 400 Bad Request"
2026-09-18 16:35:18,780 - INFO - --- Episode 30, Step 35/100 ---
2026-09-18 16:35:35,799 - INFO - HTTP Request: POST http://127.0.0.1:22446/v1/chat/completions "HTTP/1.1 200 OK"
```json
{
"movement": "I have completed the task of going to the plant and am now standing near it. I have turned to face the room containing the rope.",
"observation": {
"front view": "An open doorway leading into a room with stone-textured walls. A white rope is visible on the floor inside this room.",
"left view": "A wall and the edge of the plant I just visited.",
"right view": "Double wooden doors and a staircase going up.",
"map": "I am at P1 (near the plant). Waypoint 1 is located just inside the room with the rope."
},
"thought": "The current task is 'Go to the rope'. I can see the rope in the room ahead through the doorway. To reach it, I need to enter that room. Waypoint 1 is positioned right at the entrance of this room, which is the correct path.",
"stuck": false,
"plan": "Move forward into the room with the stone walls towards the rope.",
"curr_step": "I am facing the room with the rope. Waypoint 1 is the closest waypoint to the rope.",
"action": 1
}
```
Action: turn
Action: move_forward
Action: turn
Action: move_forward
Action: turn
Action: move_forward
Action: null
waypoints: 4
skipped waypoints: edge 1,  distance 1,  no_path 0,  occlusion 0
```json
{
"movement": "I have moved forward into the room with stone walls and approached the white rope on the floor.",
"observation": {
"front view": "I am facing a stone wall with the word 'ART' spelled out in white stones/rope on the floor. There are plants in the corners.",
"left view": "A doorway leading to a room with blue lighting, likely a pool or steamroom area.",
"right view": "A doorway leading into a bathroom area with a sink and table.",
"map": "I am near waypoint 2, which is located right next to the rope on the floor."
},
"thought": "I have successfully reached the rope as instructed in subtask P2. The rope is directly in front of me on the floor. Now I need to complete this subtask and move on to the next one: 'Go to the steamroom door'. The doorway to the left with blue light appears to be the entrance to the steamroom/pool area.",
"stuck": false,
"plan": "Complete subtask P2 (Go to the rope). Then, navigate towards the doorway on the left which leads to the blue-lit room (steamroom door).",
"curr_step": "I am standing right next to the rope. The subtask is complete.",
"action": -1
}
```
Action: pause
waypoints: 4
skipped waypoints: edge 1,  distance 1,  no_path 0,  occlusion 0

```json
{
"movement": "I have completed the task of going to the rope and am now standing in the room with the 'ART' sign on the floor. I need to find the steamroom door.",
"observation": {
"front view": "A stone wall with plants and the word 'ART' spelled out in white stones/rope on the floor.",
"left view": "A hallway leading to a room with blue lighting, which appears to be the steamroom or pool area.",
"right view": "A doorway leading into a bathroom with a table inside.",
"map": "I am at P2. The path to the steamroom (blue area) is to the left of my current position on the map."
},
"thought": "The current task is 'Go to the steamroom door'. Based on the Left View, there is a doorway leading to a blue-lit room which is likely the steamroom. This doorway is to my left. I need to turn towards it and move forward.",
"stuck": false,
"plan": "Turn left to face the hallway/doorway leading to the blue-lit room (steamroom). Then move forward towards that door.",
"curr_step": "I am facing a wall. The steamroom door is to my left. I need to turn left to face it.",
"action": "L"
}
```
Action: turn
waypoints: 11
skipped waypoints: edge 1,  distance 3,  no_path 2,  occlusion 0
```json
{
"movement": "I have turned left and am now facing a hallway that leads to a room with blue lighting, which appears to be the steamroom.",
"observation": {
"front view": "A hallway leading to an open doorway with blue light inside (steamroom). There are plants on the right wall of the hallway.",
"left view": "A massage table in a side room.",
"right view": "The stone wall with 'ART' written on the floor and another plant.",
"map": "I am near P2. The steamroom is straight ahead through the doorway. Waypoint 2 is located just before that doorway."
},
"thought": "The current task is 'Go to the steamroom door'. The blue-lit room visible in the front view is clearly the steamroom. I need to walk down the hallway towards it. Waypoint 2 is positioned right at the entrance of this room.",
"stuck": false,
"plan": "Move forward down the hallway towards the blue-lit doorway (steamroom door).",
"curr_step": "I am facing the steamroom door. Waypoint 2 is the closest waypoint to the door.",
"action": 2
}
```
Action: move_forward
Action: move_forward
Action: turn
Action: move_forward
Action: null
waypoints: 14
skipped waypoints: edge 1,  distance 8,  no_path 1,  occlusion 1
```json
{
"movement": "I have moved down the hallway and am now standing right in front of the open double doors leading into the blue-lit steamroom.",
"observation": {
"front view": "Open double wooden doors leading into a room with blue lighting (steamroom). Waypoint 2 is just inside the doorway.",
"left view": "A stone wall and a fire extinguisher on the floor.",
"right view": "A stone wall and a plant in the corner.",
"map": "I am near P2. Waypoint 2 is located directly at the entrance of the steamroom."
},
"thought": "The current task is 'Go to the steamroom door'. I am facing the steamroom door. Waypoint 2 is positioned right at the threshold of this door. Moving to waypoint 2 will complete this subtask.",
"stuck": false,
"plan": "Move forward into the steamroom doorway towards waypoint 2.",
"curr_step": "I am facing the steamroom door. Waypoint 2 is the closest waypoint to the door.",
"action": 2
}
```
Action: turn
--- Height change stabilized. Height diff: -0.27, On platform: True, Metrics: {'inlier_count': 4381, 'local_count': 30879, 'support_ratio': 0.14187635609502003, 'vertical_score': 1.0, 'plane_height_mean': -1.411306619644165, 'agent_z': -1.4707699537277221, 'vertical_diff': 0.059463334083557084, 'area_xy': 2.9088, 'radius_est': 0.9622368715297759, 'z_std': 0.054685018956661224, 'occupied_cells': 202, 'bottom_height_tolerance': 0.1}
--- No significant floor change. Height diff: -0.27, On platform: True, Metrics: {'inlier_count': 4381, 'local_count': 30879, 'support_ratio': 0.14187635609502003, 'vertical_score': 1.0, 'plane_height_mean': -1.411306619644165, 'agent_z': -1.4707699537277221, 'vertical_diff': 0.059463334083557084, 'area_xy': 2.9088, 'radius_est': 0.9622368715297759, 'z_std': 0.054685018956661224, 'occupied_cells': 202, 'bottom_height_tolerance': 0.1}
Updated floor height: -1.27, ceiling height: 0.53
Action: move_forward
Action: turn
--- Height change stabilized. Height diff: -0.51, On platform: True, Metrics: {'inlier_count': 9228, 'local_count': 45895, 'support_ratio': 0.20106765442420596, 'vertical_score': 1.0, 'plane_height_mean': -1.7795549631118774, 'agent_z': -1.7072872638702392, 'vertical_diff': 0.07226769924163823, 'area_xy': 5.0832, 'radius_est': 1.2720191875319509, 'z_std': 0.04203621670603752, 'occupied_cells': 353, 'bottom_height_tolerance': 0.1}
---!Floor change detected. From level 0 to -1.
Saving data for floor level: 0
Initialized data for new floor level: -1
Switching pcds to floor level: -1
!Switched to floor level: -1
Updated floor height: -1.58, ceiling height: 0.22, height diff: -0.51
Action: move_forward
Action: null
waypoints: 22
skipped waypoints: edge 1,  distance 14,  no_path 0,  occlusion 3
```json
{
"movement": "I have moved forward and turned right, positioning myself directly in front of the open double doors leading into the blue-lit steamroom.",
"observation": {
"front view": "Open double wooden doors leading into a room with blue lighting (steamroom). Waypoint 2 is located just inside the doorway on the left side.",
"left view": "A
Action: stop
waypoints: 22
skipped waypoints: edge 1,  distance 14,  no_path 0,  occlusion 3
2026-09-18 16:35:36,444 - INFO - --- Episode 30, Step 36/100 ---
2026-09-18 16:35:37,048 - INFO - --- Episode 30, Step 37/100 ---
2026-09-18 16:35:37,637 - INFO - --- Episode 30, Step 38/100 ---
2026-09-18 16:35:38,315 - INFO - --- Episode 30, Step 39/100 ---
2026-09-18 16:35:39,258 - INFO - --- Episode 30, Step 40/100 ---
2026-09-18 16:35:40,023 - INFO - --- Episode 30, Step 41/100 ---
2026-09-18 16:35:40,856 - INFO - --- Episode 30, Step 42/100 ---
2026-09-18 16:35:41,613 - INFO - --- Episode 30, Step 43/100 ---
2026-09-18 16:35:50,523 - INFO - HTTP Request: POST http://127.0.0.1:22446/v1/chat/completions "HTTP/1.1 400 Bad Request"
2026-09-18 16:35:52,040 - INFO - HTTP Request: POST http://127.0.0.1:22446/v1/chat/completions "HTTP/1.1 400 Bad Request"
2026-09-18 16:35:53,750 - INFO - HTTP Request: POST http://127.0.0.1:22446/v1/chat/completions "HTTP/1.1 400 Bad Request"
 62%|██████▏   | 31/50 [4:59:28<3:31:44, 668.65s/it]Renderer: NVIDIA GeForce RTX 4090/PCIe/SSE2 by NVIDIA Corporation
OpenGL version: 4.6.0 NVIDIA 590.48.01
Using optional features:
    GL_ARB_vertex_array_object
    GL_ARB_separate_shader_objects
    GL_ARB_robustness
    GL_ARB_texture_storage
    GL_ARB_texture_view
    GL_ARB_framebuffer_no_attachments
    GL_ARB_invalidate_subdata
    GL_ARB_texture_storage_multisample
    GL_ARB_multi_bind
    GL_ARB_direct_state_access
    GL_ARB_get_texture_sub_image
    GL_ARB_texture_filter_anisotropic
    GL_KHR_debug
    GL_KHR_parallel_shader_compile
    GL_NV_depth_buffer_float
Using driver workarounds:
    no-forward-compatible-core-context
    nv-egl-incorrect-gl11-function-pointers
    no-layout-qualifiers-on-old-glsl
    nv-zero-context-profile-mask
    nv-implementation-color-read-format-dsa-broken
    nv-cubemap-inconsistent-compressed-image-size
    nv-cubemap-broken-full-compressed-image-query
    nv-compressed-block-size-in-bits
[16:35:57:037242]:[Warning]:[Metadata] SceneDatasetAttributes.cpp(107)::addNewSceneInstanceToDataset : Dataset : 'default' : Lighting Layout Attributes 'no_lights' specified in Scene Attributes but does not exist in dataset, so creating default.
2026-09-18 16:36:00,037 - INFO - Simulator initialized!
2026-09-18 16:36:22,519 - INFO - HTTP Request: POST http://127.0.0.1:22446/v1/chat/completions "HTTP/1.1 200 OK"
2026-09-18 16:36:23,215 - INFO - --- Episode 31, Step 1/100 ---
2026-09-18 16:36:47,744 - INFO - HTTP Request: POST http://127.0.0.1:22446/v1/chat/completions "HTTP/1.1 200 OK"
2026-09-18 16:36:48,350 - INFO - --- Episode 31, Step 2/100 ---
2026-09-18 16:36:48,928 - INFO - --- Episode 31, Step 3/100 ---
2026-09-18 16:36:49,432 - INFO - --- Episode 31, Step 4/100 ---
2026-09-18 16:36:50,226 - INFO - --- Episode 31, Step 5/100 ---
2026-09-18 16:37:00,369 - INFO - HTTP Request: POST http://127.0.0.1:22446/v1/chat/completions "HTTP/1.1 200 OK"
2026-09-18 16:37:00,981 - INFO - --- Episode 31, Step 6/100 ---
2026-09-18 16:37:28,820 - INFO - HTTP Request: POST http://127.0.0.1:22446/v1/chat/completions "HTTP/1.1 200 OK"
```json
{
"movement": "I have moved forward from the hallway and am now standing directly in front of the open double doors leading into the blue-lit steamroom.",
"observation": {
"front view": "Open double wooden doors leading into a room with blue lighting (steamroom). Waypoint 2 is located just inside the doorway on the left side.",
"left view": "A stone wall and a fire extinguisher on the floor.",
"right view": "A stone wall and a plant in the corner.",
"map": "I am near P2. Waypoint 2 is located directly at the entrance of the steamroom."
},
"thought": "The current task is 'Go to the steamroom door'. I am facing the steamroom door. Waypoint 2 is positioned right at the threshold of this door. Moving to waypoint 2 will complete this subtask.",
"stuck": false,
"plan": "Move forward into the steamroom doorway towards waypoint 2.",
"curr_step": "I am facing the steamroom door. Waypoint 2 is the closest waypoint to the door.",
"action": 2
}
```
Action: turn
Action: move_forward
Action: turn
Action: move_forward
Action: turn
--- Height change stabilized. Height diff: -0.33, On platform: True, Metrics: {'inlier_count': 425, 'local_count': 29419, 'support_ratio': 0.014446446173750079, 'vertical_score': 1.0, 'plane_height_mean': -1.911794662475586, 'agent_z': -1.906157922744751, 'vertical_diff': 0.005636739730835005, 'area_xy': 0.20159999999999997, 'radius_est': 0.2533204947386851, 'z_std': 0.045065250247716904, 'occupied_cells': 14, 'bottom_height_tolerance': 0.1}
--- No significant floor change. Height diff: -0.33, On platform: True, Metrics: {'inlier_count': 425, 'local_count': 29419, 'support_ratio': 0.014446446173750079, 'vertical_score': 1.0, 'plane_height_mean': -1.911794662475586, 'agent_z': -1.906157922744751, 'vertical_diff': 0.005636739730835005, 'area_xy': 0.20159999999999997, 'radius_est': 0.2533204947386851, 'z_std': 0.045065250247716904, 'occupied_cells': 14, 'bottom_height_tolerance': 0.1}
Updated floor height: -1.71, ceiling height: 0.09
Action: move_forward
Action: null
Action: turn
waypoints: 64
skipped waypoints: edge 5,  distance 36,  no_path 2,  occlusion 16
Action: stop
['Go through the single door on the right.', 'Turn left and go through the door on the left.', 'Stand by the bottom right side of the massage table.']
Initialized data for new floor level: 0
Switching pcds to floor level: 0
Initialized data for new floor level: 0
Switching pcds to floor level: 0
Initialized data for new floor level: 0
Switching pcds to floor level: 0
[StairDetect] normals=0.0033s, cpu=0.0005s, cluster=0.0302s, loop=0.0519s, total=0.0923s
waypoints: 5
skipped waypoints: edge 3,  distance 0,  no_path 0,  occlusion 0
```json
{
"movement": "I am currently standing at the bottom of a landing area facing a wall with a large poster. To my left are stairs going up. To my right is a hallway leading towards a wooden door frame.",
"observation": {
    "front view": "A peach-colored wall with a large vertical poster advertising 'Turkish Bath, Sauna, Jacuzzi Pool, Massage'.",
    "left view": "A staircase going upwards with wooden steps and a railing.",
    "right view": "A hallway extending forward. On the left wall of this hallway is the edge of the poster seen in the front view. On the right wall further down, there is a wooden door frame/opening leading into a room with tiled walls.",
    "map": "The map shows my current position at 'START'. To the right (relative to the start orientation), there is a corridor path marked with waypoint 1. To the left is the area near the stairs marked with waypoint 2."
},
"thought": "The instruction is to 'Go through the single door on the right.' Looking at the Right View, there is a hallway and a wooden door frame/opening on the right side further down. I need to orient myself towards this hallway and move towards that door. Waypoint 1 is located in the direction of this hallway, just past the start point. Moving to waypoint 1 will put me on the path towards the door.",
"stuck": false,
"plan": "Turn right to face the hallway seen in the Right View. Move forward through the hallway towards the wooden door frame on the right side. This corresponds to moving towards waypoint 1 and then further into that room.",
"curr_step": "I need to move towards the hallway on the right. Waypoint 1 is located in that direction, just past the start point. I will move to waypoint 1 to enter the hallway.",
"action": 1
}
```
Calculated floor height difference: 2.39m
Action: turn
--- Height change stabilized. Height diff: -0.06, On platform: True, Metrics: {'inlier_count': 1740, 'local_count': 20030, 'support_ratio': 0.0868696954524778, 'vertical_score': 1.0, 'plane_height_mean': -1.2382898330688477, 'agent_z': -1.2605069398880004, 'vertical_diff': 0.022217106819152788, 'area_xy': 0.8351999999999999, 'radius_est': 0.5156087828389873, 'z_std': 0.040185898542404175, 'occupied_cells': 58, 'bottom_height_tolerance': 0.1}
--- No significant floor change. Height diff: -0.06, On platform: True, Metrics: {'inlier_count': 1740, 'local_count': 20030, 'support_ratio': 0.0868696954524778, 'vertical_score': 1.0, 'plane_height_mean': -1.2382898330688477, 'agent_z': -1.2605069398880004, 'vertical_diff': 0.022217106819152788, 'area_xy': 0.8351999999999999, 'radius_est': 0.5156087828389873, 'z_std': 0.040185898542404175, 'occupied_cells': 58, 'bottom_height_tolerance': 0.1}
Updated floor height: -1.06, ceiling height: 0.74
Action: move_forward
Action: null
Action: turn
waypoints: 2
skipped waypoints: edge 1,  distance 0,  no_path 0,  occlusion 0
```json
{
"movement": "I moved forward slightly and turned left, which brought me closer to the wall with the poster but angled me away from the hallway on the right.",
"observation": {
    "front view": "A peach-colored wall with a black rectangular object (possibly a switch or vent) and the edge of a large poster advertising 'Turkish Bath'.",
    "left view": "A staircase going upwards.",
    "right view": "A hallway extending forward with a wooden door frame/opening at the end. There is a small plant in a pot near the corner.",
    "map": "The map shows my current position near 'START'. The path to the right leads into a corridor towards a door."
},
"thought": "The instruction is to 'Go through the single door on the right.' Currently, I am facing a wall. The hallway containing the target door is visible in my Right View. I need to turn right to face this hallway and proceed towards the door.",
"stuck": false,
"plan": "Turn right to face the hallway seen in the Right View. Then move forward through the hallway to reach the single door on the right side of that hallway (or at the end of it, depending on interpretation, but 'single door on the right' usually implies a door situated on the right wall or just generally to the right). Looking at the Right View, there is an opening/doorway straight ahead/slightly right. I will turn right and move forward.",
"curr_step": "I need to orient myself towards the hallway. Turning Right (R) is necessary to face the path leading to the door.",
"action": "R"
}
```
Action: turn
waypoints: 19
skipped waypoints: edge 1,  distance 11,  no_path 0,  occlusion 2
2026-09-18 16:37:29,509 - INFO - --- Episode 31, Step 7/100 ---
2026-09-18 16:37:29,995 - INFO - --- Episode 31, Step 8/100 ---
2026-09-18 16:37:30,517 - INFO - --- Episode 31, Step 9/100 ---
2026-09-18 16:37:31,228 - INFO - --- Episode 31, Step 10/100 ---
2026-09-18 16:37:31,757 - INFO - --- Episode 31, Step 11/100 ---
2026-09-18 16:37:32,312 - INFO - --- Episode 31, Step 12/100 ---
2026-09-18 16:37:32,853 - INFO - --- Episode 31, Step 13/100 ---
2026-09-18 16:37:33,524 - INFO - --- Episode 31, Step 14/100 ---
2026-09-18 16:37:54,573 - INFO - HTTP Request: POST http://127.0.0.1:22446/v1/chat/completions "HTTP/1.1 200 OK"
2026-09-18 16:37:55,433 - INFO - --- Episode 31, Step 15/100 ---
2026-09-18 16:37:56,042 - INFO - --- Episode 31, Step 16/100 ---
2026-09-18 16:37:56,442 - INFO - --- Episode 31, Step 17/100 ---
2026-09-18 16:37:56,937 - INFO - --- Episode 31, Step 18/100 ---
2026-09-18 16:37:57,577 - INFO - --- Episode 31, Step 19/100 ---
2026-09-18 16:37:58,332 - INFO - --- Episode 31, Step 20/100 ---
2026-09-18 16:37:58,985 - INFO - --- Episode 31, Step 21/100 ---
2026-09-18 16:37:59,598 - INFO - --- Episode 31, Step 22/100 ---
2026-09-18 16:38:00,222 - INFO - --- Episode 31, Step 23/100 ---
2026-09-18 16:39:37,863 - INFO - HTTP Request: POST http://127.0.0.1:22446/v1/chat/completions "HTTP/1.1 200 OK"
2026-09-18 16:40:21,519 - INFO - HTTP Request: POST http://127.0.0.1:22446/v1/chat/completions "HTTP/1.1 200 OK"
2026-09-18 16:40:22,168 - INFO - --- Episode 31, Step 24/100 ---
2026-09-18 16:40:40,152 - INFO - HTTP Request: POST http://127.0.0.1:22446/v1/chat/completions "HTTP/1.1 200 OK"
2026-09-18 16:40:41,164 - INFO - --- Episode 31, Step 25/100 ---
2026-09-18 16:40:41,887 - INFO - --- Episode 31, Step 26/100 ---
2026-09-18 16:40:42,738 - INFO - --- Episode 31, Step 27/100 ---
2026-09-18 16:40:43,530 - INFO - --- Episode 31, Step 28/100 ---
2026-09-18 16:40:44,197 - INFO - --- Episode 31, Step 29/100 ---
2026-09-18 16:40:45,148 - INFO - --- Episode 31, Step 30/100 ---
2026-09-18 16:40:45,958 - INFO - --- Episode 31, Step 31/100 ---
2026-09-18 16:40:46,736 - INFO - --- Episode 31, Step 32/100 ---
2026-09-18 16:40:47,592 - INFO - --- Episode 31, Step 33/100 ---
2026-09-18 16:40:48,471 - INFO - --- Episode 31, Step 34/100 ---
2026-09-18 16:41:04,349 - INFO - HTTP Request: POST http://127.0.0.1:22446/v1/chat/completions "HTTP/1.1 200 OK"
2026-09-18 16:41:06,163 - INFO - HTTP Request: POST http://127.0.0.1:22446/v1/chat/completions "HTTP/1.1 400 Bad Request"
2026-09-18 16:41:07,426 - INFO - HTTP Request: POST http://127.0.0.1:22446/v1/chat/completions "HTTP/1.1 400 Bad Request"
2026-09-18 16:41:08,544 - INFO - --- Episode 31, Step 35/100 ---
2026-09-18 16:41:48,057 - INFO - HTTP Request: POST http://127.0.0.1:22446/v1/chat/completions "HTTP/1.1 200 OK"
2026-09-18 16:42:18,222 - INFO - HTTP Request: POST http://127.0.0.1:22446/v1/chat/completions "HTTP/1.1 200 OK"
2026-09-18 16:42:41,167 - INFO - HTTP Request: POST http://127.0.0.1:22446/v1/chat/completions "HTTP/1.1 200 OK"
 64%|██████▍   | 32/50 [5:06:16<2:57:03, 590.20s/it]Renderer: NVIDIA GeForce RTX 4090/PCIe/SSE2 by NVIDIA Corporation
OpenGL version: 4.6.0 NVIDIA 590.48.01
Using optional features:
    GL_ARB_vertex_array_object
    GL_ARB_separate_shader_objects
    GL_ARB_robustness
    GL_ARB_texture_storage
    GL_ARB_texture_view
    GL_ARB_framebuffer_no_attachments
    GL_ARB_invalidate_subdata
    GL_ARB_texture_storage_multisample
    GL_ARB_multi_bind
    GL_ARB_direct_state_access
    GL_ARB_get_texture_sub_image
    GL_ARB_texture_filter_anisotropic
    GL_KHR_debug
    GL_KHR_parallel_shader_compile
    GL_NV_depth_buffer_float
Using driver workarounds:
    no-forward-compatible-core-context
    nv-egl-incorrect-gl11-function-pointers
    no-layout-qualifiers-on-old-glsl
    nv-zero-context-profile-mask
    nv-implementation-color-read-format-dsa-broken
    nv-cubemap-inconsistent-compressed-image-size
    nv-cubemap-broken-full-compressed-image-query
    nv-compressed-block-size-in-bits
[16:42:44:182388]:[Warning]:[Metadata] SceneDatasetAttributes.cpp(107)::addNewSceneInstanceToDataset : Dataset : 'default' : Lighting Layout Attributes 'no_lights' specified in Scene Attributes but does not exist in dataset, so creating default.
2026-09-18 16:42:47,024 - INFO - Simulator initialized!
2026-09-18 16:43:16,252 - INFO - HTTP Request: POST http://127.0.0.1:22446/v1/chat/completions "HTTP/1.1 200 OK"
2026-09-18 16:43:16,880 - INFO - --- Episode 32, Step 1/100 ---
2026-09-18 16:46:48,208 - INFO - HTTP Request: POST http://127.0.0.1:22446/v1/chat/completions "HTTP/1.1 200 OK"
2026-09-18 16:47:15,992 - INFO - HTTP Request: POST http://127.0.0.1:22446/v1/chat/completions "HTTP/1.1 200 OK"
2026-09-18 16:47:16,461 - INFO - --- Episode 32, Step 2/100 ---
2026-09-18 16:47:32,769 - INFO - HTTP Request: POST http://127.0.0.1:22446/v1/chat/completions "HTTP/1.1 200 OK"
```json
{
"movement": "I have moved from the start position near the poster and stairs towards the hallway area. I am currently facing a wall with a large poster on my left and a hallway leading to an open doorway straight ahead/slightly right.",
"observation": {
    "front view": "A peach-colored wall with a large poster advertising 'Turkish Bath' on the left. Straight ahead is a hallway leading to an open doorway with tiled walls visible inside. There is a small plant in a pot near the corner.",
    "left view": "The staircase going upwards and the edge of the poster.",
    "right view": "A wall and the continuation of the hallway area.",
    "map": "The map shows my current position near waypoint 3 (visited). Waypoint 1 is located in the hallway area ahead, leading towards the doorway."
},
"thought": "The instruction is to 'Go through the single door on the right.' Based on the Front View, there is a doorway straight ahead/slightly right that leads into a room. This doorway is situated on the right side of the current area (relative to the stairs). I need to proceed down this hallway towards that doorway. Waypoint 1 is located in the path towards this doorway.",
"stuck": false,
"plan": "Move forward through the hallway towards the open doorway visible in the Front View. This corresponds to moving towards waypoint 1 and then continuing towards the door.",
"curr_step": "I need to move towards the hallway entrance. Waypoint 1 is directly in front of me in the direction of the target doorway.",
"action": 1
}
```
Action: turn
Action: move_forward
Action: turn
Action: move_forward
Action: turn
Action: move_forward
Action: null
Action: turn
waypoints: 15
skipped waypoints: edge 2,  distance 8,  no_path 0,  occlusion 0
```json
{
"movement": "I have moved down the hallway and am now facing an open doorway leading into a room with tiled walls (likely the Turkish Bath area mentioned on the poster). To my left is a closed wooden door. To my right are large double doors and stairs.",
"observation": {
    "front view": "An open doorway straight ahead leading into a room with beige tiled walls. To the left of this opening is a closed wooden door.",
    "left view": "A wall with a poster and a potted plant.",
    "right view": "Large wooden double doors and a staircase going up.",
    "map": "The map shows my current position near waypoint 5. The path leads forward towards the opening at the top of the map."
},
"thought": "The instruction is 'Go through the single door on the right.' Based on the layout, I have walked down a hallway. The open doorway straight ahead leads into a tiled room (Turkish Bath). This seems to be the intended path. The wooden door is on my left, so it's not the target for P1. The double doors are on my right but they are double doors, not single. The opening ahead looks like a single entrance. I will proceed through this opening.",
"stuck": false,
"plan": "Move forward through the open doorway straight ahead into the tiled room.",
"curr_step": "I am facing the target doorway. I need to move forward to go through it.",
"action": 1
}
```
Action: move_forward
Action: turn
Action: move_forward
Action: turn
Action: move_forward
Action: turn
Action: move_forward
Action: null
Action: turn
waypoints: 12
skipped waypoints: edge 0,  distance 1,  no_path 0,  occlusion 4

```json
{
"movement": "I have moved forward and turned slightly left, now facing a wall with 'ART' written on the floor. To my right is an open doorway leading into a room with a massage table.",
"observation": {
    "front view": "A wall with 'ART' written on the floor in white powder/petals. To the right edge of the view is a wooden door frame leading into a room.",
    "left view": "A hallway extending to the left with blue light visible at the end.",
    "right view": "Looking through the doorway into a massage room with a massage table and tiled walls.",
    "map": "The map shows my current position near waypoint 3. The path leads towards the top right area (massage room) where waypoints 6 and 7 are located."
},
"thought": "The instruction is to 'Go through the single door on the right.' I am currently facing a wall, and the doorway to the massage room is to my right. I need to turn right to face this door and then move forward to enter it.",
"stuck": false,
"plan": "Turn right to face the doorway into the massage room. Then move forward through the door.",
"curr_step": "I am facing the wall. The target door is to my right. I need to turn right to align with it.",
"action": "R"
}
```
Action: turn
waypoints: 9
skipped waypoints: edge 1,  distance 1,  no_path 0,  occlusion 1
```json
{
"movement": "I have moved from the hallway area and am now standing at the threshold of a room containing a large stone massage table. The wooden door frame is visible on both sides of my current view.",
"observation": {
    "front view": "Looking directly into a hammam/turkish bath room. There is a large rectangular stone table covered with a white cloth in the center. To the right, there is a sink. The floor is tiled.",
    "left view": "A wooden door frame and wall.",
    "right view": "A wooden door frame and wall.",
    "map": "The map shows my current position (red triangle) just outside the square room containing the table (labeled with waypoints 1, 3, 4, 5, 6). The path leads directly into this room."
},
"thought": "I am currently at the entrance of the massage room. The instruction 'Go through the single door on the right' corresponds to entering this room. To complete this subtask, I need to move forward into the room towards the massage table.",
"stuck": false,
"plan": "Move forward into the massage room towards the stone table. This will complete the first subtask. After entering, I will look for a door on the left as per the next instruction.",
"curr_step": "I am at the doorway. Moving forward will take me through it. Waypoint 4 is inside the room near the table.",
"action": 4
}
```
Action: turn
Action: move_forward
Action: turn
Action: move_forward
Action: turn
Action: move_forward
Action: turn
Action: move_forward
Action: null
Action: turn
waypoints: 4
skipped waypoints: edge 1,  distance 0,  no_path 0,  occlusion 0

Action: stop
waypoints: 4
skipped waypoints: edge 1,  distance 0,  no_path 0,  occlusion 0



Action: stop
['Exit the room into the hallway.', 'Go into the room on the left and wait next to the massage table.']
Initialized data for new floor level: 0
Switching pcds to floor level: 0
Initialized data for new floor level: 0
Switching pcds to floor level: 0
Initialized data for new floor level: 0
Switching pcds to floor level: 0
[StairDetect] normals=0.0033s, cpu=0.0005s, cluster=0.0299s, loop=0.0498s, total=0.0900s
waypoints: 5
skipped waypoints: edge 3,  distance 0,  no_path 0,  occlusion 0

```json
{
"movement": "I am currently standing in a room facing a wall with stairs to my left and a poster on the right wall. I have not moved yet.",
"observation": {
    "front view": "A wall directly ahead with a poster on the right side and stairs going down on the left side.",
    "left view": "Stairs going up and a wooden door.",
    "right view": "A hallway extending forward with a poster on the left wall and a door further down on the right.",
    "map": "I am at the START position in a room. To my right is a long hallway."
},
"thought": "The instruction is to exit the room into the hallway. The hallway is clearly visible in the right view, extending away from the current room. I am currently facing a wall, so I need to turn right to face the hallway entrance.",
"stuck": false,
"plan": "Turn right to face the hallway and then move forward into it to complete subtask P1.",
"curr_step": "I need to turn right to align myself with the hallway. The hallway is visible in the right view.",
"action": "R"
}
```
Calculated floor height difference: 2.39m
Action: turn
waypoints: 16
skipped waypoints: edge 2,  distance 6,  no_path 0,  occlusion 3
2026-09-18 16:47:33,474 - INFO - --- Episode 32, Step 3/100 ---
2026-09-18 16:47:34,003 - INFO - --- Episode 32, Step 4/100 ---
2026-09-18 16:47:34,846 - INFO - --- Episode 32, Step 5/100 ---
2026-09-18 16:47:35,533 - INFO - --- Episode 32, Step 6/100 ---
2026-09-18 16:47:36,152 - INFO - --- Episode 32, Step 7/100 ---
2026-09-18 16:47:36,789 - INFO - --- Episode 32, Step 8/100 ---
2026-09-18 16:47:37,468 - INFO - --- Episode 32, Step 9/100 ---
2026-09-18 16:47:38,232 - INFO - --- Episode 32, Step 10/100 ---
2026-09-18 16:47:38,818 - INFO - --- Episode 32, Step 11/100 ---
2026-09-18 16:47:51,138 - INFO - HTTP Request: POST http://127.0.0.1:22446/v1/chat/completions "HTTP/1.1 200 OK"
2026-09-18 16:47:51,841 - INFO - --- Episode 32, Step 12/100 ---
2026-09-18 16:47:52,472 - INFO - --- Episode 32, Step 13/100 ---
2026-09-18 16:47:52,908 - INFO - --- Episode 32, Step 14/100 ---
2026-09-18 16:47:53,667 - INFO - --- Episode 32, Step 15/100 ---
2026-09-18 16:47:54,317 - INFO - --- Episode 32, Step 16/100 ---
2026-09-18 16:47:54,848 - INFO - --- Episode 32, Step 17/100 ---
2026-09-18 16:47:55,424 - INFO - --- Episode 32, Step 18/100 ---
2026-09-18 16:47:56,077 - INFO - --- Episode 32, Step 19/100 ---
2026-09-18 16:48:48,981 - INFO - HTTP Request: POST http://127.0.0.1:22446/v1/chat/completions "HTTP/1.1 200 OK"
2026-09-18 16:48:49,857 - INFO - --- Episode 32, Step 20/100 ---
2026-09-18 16:50:37,730 - INFO - HTTP Request: POST http://127.0.0.1:22446/v1/chat/completions "HTTP/1.1 200 OK"
2026-09-18 16:51:05,458 - INFO - HTTP Request: POST http://127.0.0.1:22446/v1/chat/completions "HTTP/1.1 200 OK"
2026-09-18 16:51:06,393 - INFO - --- Episode 32, Step 21/100 ---
2026-09-18 16:51:07,148 - INFO - --- Episode 32, Step 22/100 ---
2026-09-18 16:51:07,795 - INFO - --- Episode 32, Step 23/100 ---
2026-09-18 16:51:08,414 - INFO - --- Episode 32, Step 24/100 ---
2026-09-18 16:51:09,281 - INFO - --- Episode 32, Step 25/100 ---
2026-09-18 16:51:09,883 - INFO - --- Episode 32, Step 26/100 ---
2026-09-18 16:51:10,445 - INFO - --- Episode 32, Step 27/100 ---
2026-09-18 16:51:10,847 - INFO - --- Episode 32, Step 28/100 ---
2026-09-18 16:51:35,055 - INFO - HTTP Request: POST http://127.0.0.1:22446/v1/chat/completions "HTTP/1.1 200 OK"
2026-09-18 16:51:35,994 - INFO - --- Episode 32, Step 29/100 ---
```json
{
"movement": "I turned right and moved forward towards the exit of the current room, approaching the area with the plant and the doorway leading to the hallway.",
"observation": {
    "front view": "I am facing a wall with a large poster. To the right of the poster is a corner with a small plant (near waypoint 4) and an opening leading into a hallway. Waypoints 1, 2, 3, 5 are on the floor in front of me.",
    "left view": "A wall with a light switch and the edge of the poster.",
    "right view": "The hallway extends forward. There is a plant on the left side of the hallway and stairs going up on the right side. Further down the hallway, there appears to be a doorway on the left.",
    "map": "I am at the START position inside a room. The path leads out into the long corridor area marked with waypoints 1, 2, 4."
},
"thought": "The instruction is to exit the room into the hallway. I am currently facing a wall inside the room. The exit is to my right, leading towards the plant and the hallway seen in the right view. Waypoint 4 is located near the plant at the entrance of the hallway. Moving to waypoint 4 will take me out of the room and into the hallway, completing subtask P1.",
"stuck": false,
"plan": "Move towards waypoint 4 to exit the room and enter the hallway. Once in the hallway, I will look for a room on the left as per the next instruction.",
"curr_step": "I need to move forward and slightly right to reach the hallway entrance near the plant (waypoint 4).",
"action": 4
}
```
Action: turn
Action: move_forward
Action: turn
--- Height change stabilized. Height diff: -0.11, On platform: True, Metrics: {'inlier_count': 1238, 'local_count': 26428, 'support_ratio': 0.046844256090251085, 'vertical_score': 1.0, 'plane_height_mean': -1.2990808486938477, 'agent_z': -1.3072872877120971, 'vertical_diff': 0.008206439018249467, 'area_xy': 0.5184, 'radius_est': 0.4062165001543845, 'z_std': 0.0418449342250824, 'occupied_cells': 36, 'bottom_height_tolerance': 0.1}
--- No significant floor change. Height diff: -0.11, On platform: True, Metrics: {'inlier_count': 1238, 'local_count': 26428, 'support_ratio': 0.046844256090251085, 'vertical_score': 1.0, 'plane_height_mean': -1.2990808486938477, 'agent_z': -1.3072872877120971, 'vertical_diff': 0.008206439018249467, 'area_xy': 0.5184, 'radius_est': 0.4062165001543845, 'z_std': 0.0418449342250824, 'occupied_cells': 36, 'bottom_height_tolerance': 0.1}
Updated floor height: -1.11, ceiling height: 0.69
Action: move_forward
Action: move_forward
Action: turn
Action: move_forward
Action: null
Action: turn
waypoints: 5
skipped waypoints: edge 0,  distance 2,  no_path 0,  occlusion 0
```json
{
"movement": "I have moved through the doorway and am now positioned at the threshold of the room, looking out into the hallway.",
"observation": {
    "front view": "I see a wooden door frame/wall section directly ahead. To the right of it is an opening leading into a hallway with light walls and a plant in the distance. Waypoints 1 and 2 are visible on the floor.",
    "left view": "A wall and the edge of the doorway I just passed through.",
    "right view": "The hallway continues to the right, with another wooden door visible further down.",
    "map": "I am at the exit of the starting room. Waypoint 1 is in the hallway area ahead."
},
"thought": "I am currently exiting the room. To complete subtask P1 ('Exit the room into the hallway'), I need to move forward into the hallway space. Waypoint 1 is located just outside the doorway in the hallway.",
"stuck": false,
"plan": "Move forward into the hallway towards waypoint 1. After entering the hallway, I will look for a room on the left as per the next instruction.",
"curr_step": "I need to move forward to fully exit the room and enter the hallway. Waypoint 1 is the clear path forward.",
"action": 1
}
```
Action: turn
Action: move_forward
Action: turn
Action: move_forward
Action: turn
Action: move_forward
Action: null
Action: turn
waypoints: 24
skipped waypoints: edge 5,  distance 15,  no_path 0,  occlusion 0
```json
{
"movement": "I have moved out of the starting room and am now standing in the hallway area, facing a brick wall with 'ART' written on the floor. To my left is a doorway leading to a room with a massage table.",
"observation": {
    "front view": "A brick wall with 'ART' written on the floor in white petals/stones. A plant is in the corner.",
    "left view": "A doorway leading into a room with a massage table visible inside. Further down the hallway (to the left of the door) is another room with blue light.",
    "right view": "A doorway leading to a bathroom with sinks.",
    "map": "I am in the hallway area near the START point. The path leads towards the blue light room on the left."
},
"thought": "The instruction for P1 is 'Exit the room into the hallway.' I have successfully exited the starting room and am now in the hallway area. The next subtask is to go into the room on the left (the massage table room), which is visible in my left view. Therefore, P1 is complete.",
"stuck": false,
"plan": "Complete subtask P1. Then proceed to subtask P2: Go into the room on the left and wait next to the massage table.",
"curr_step": "I am in the hallway as required by P1. The destination for P1 is reached.",
"action": -1
}
```
Action: pause
waypoints: 24
skipped waypoints: edge 5,  distance 15,  no_path 0,  occlusion 0

```json
{
"movement": "I have moved into the hallway area and am now facing a brick wall. To my left, there is a doorway leading to a room with a massage table.",
"observation": {
    "front view": "A brick wall with 'ART' written on the floor. A plant is in the corner.",
    "left view": "A doorway leading into a room with a massage table visible inside.",
    "right view": "A bathroom with sinks.",
    "map": "I am in the hallway near the entrance of the room on the left (the massage room). Waypoint 2 is near the entrance of this room."
},
"thought": "The instruction is to go into the room on the left and wait next to the massage table. I can see the massage table through the doorway in my left view. Waypoint 2 is located near the entrance of this room. I need to move towards it to enter the room.",
"stuck": false,
"plan": "Move towards waypoint 2 to approach the entrance of the massage room. Then enter the room and go to the massage table.",
"curr_step": "I need to move towards the entrance of the room on the left. Waypoint 2 is near the entrance.",
"action": 2
}
```
Action: turn
Action: move_forward
Action: turn
Action: move_forward
Action: turn
Action: move_forward
Action: null
Action: turn
waypoints: 24
skipped waypoints: edge 1,  distance 19,  no_path 0,  occlusion 0
```json
{
"movement": "I have moved down the hallway and am now standing at the entrance of the room with blue lighting, which contains the massage table.",
"observation": {
    "front view": "An open doorway leading into a room with blue ambient lighting. Inside, a massage table is visible. Waypoint 2 is inside this room near the table.",
    "left view": "A brick wall and the edge of the door frame.",
    "right view": "A brick wall and a potted plant in the corner.",
    "map": "I am at the entrance of the target room. The path leads directly into the room towards the massage table."
},
"thought": "The instruction is to go into the room on the left and wait next to the massage table. I am currently facing the doorway to this room. Waypoint 2 is located inside the room near the massage table. I need to move forward into the room to reach it.",
"stuck": false,
"plan": "Move forward into the room towards the massage table (waypoint 2).",
"curr_step": "I am at the threshold of the room. I need to enter it and approach the table.",
"action": 2
}
```
Action: turn
2026-09-18 16:51:36,827 - INFO - --- Episode 32, Step 30/100 ---
2026-09-18 16:51:37,446 - INFO - --- Episode 32, Step 31/100 ---
2026-09-18 16:51:38,002 - INFO - --- Episode 32, Step 32/100 ---
2026-09-18 16:51:38,564 - INFO - --- Episode 32, Step 33/100 ---
2026-09-18 16:51:39,165 - INFO - --- Episode 32, Step 34/100 ---
2026-09-18 16:51:40,056 - INFO - --- Episode 32, Step 35/100 ---
2026-09-18 16:51:40,806 - INFO - --- Episode 32, Step 36/100 ---
2026-09-18 16:51:41,603 - INFO - --- Episode 32, Step 37/100 ---
2026-09-18 16:51:42,638 - INFO - --- Episode 32, Step 38/100 ---
2026-09-18 16:51:43,559 - INFO - --- Episode 32, Step 39/100 ---
2026-09-18 16:51:44,779 - INFO - --- Episode 32, Step 40/100 ---
2026-09-18 16:52:07,913 - INFO - HTTP Request: POST http://127.0.0.1:22446/v1/chat/completions "HTTP/1.1 200 OK"
2026-09-18 16:52:10,972 - INFO - HTTP Request: POST http://127.0.0.1:22446/v1/chat/completions "HTTP/1.1 400 Bad Request"
2026-09-18 16:52:12,839 - INFO - HTTP Request: POST http://127.0.0.1:22446/v1/chat/completions "HTTP/1.1 400 Bad Request"
2026-09-18 16:52:14,110 - INFO - --- Episode 32, Step 41/100 ---
2026-09-18 16:52:33,540 - INFO - HTTP Request: POST http://127.0.0.1:22446/v1/chat/completions "HTTP/1.1 200 OK"
2026-09-18 16:52:34,664 - INFO - --- Episode 32, Step 42/100 ---
2026-09-18 16:52:35,417 - INFO - --- Episode 32, Step 43/100 ---
2026-09-18 16:52:36,226 - INFO - --- Episode 32, Step 44/100 ---
2026-09-18 16:52:37,235 - INFO - --- Episode 32, Step 45/100 ---
2026-09-18 16:52:38,008 - INFO - --- Episode 32, Step 46/100 ---
2026-09-18 16:52:38,832 - INFO - --- Episode 32, Step 47/100 ---
2026-09-18 16:52:39,633 - INFO - --- Episode 32, Step 48/100 ---
2026-09-18 16:52:59,749 - INFO - HTTP Request: POST http://127.0.0.1:22446/v1/chat/completions "HTTP/1.1 200 OK"
2026-09-18 16:53:00,749 - INFO - --- Episode 32, Step 49/100 ---
2026-09-18 16:53:01,655 - INFO - --- Episode 32, Step 50/100 ---
2026-09-18 16:53:02,471 - INFO - --- Episode 32, Step 51/100 ---
2026-09-18 16:53:03,124 - INFO - --- Episode 32, Step 52/100 ---
2026-09-18 16:53:03,991 - INFO - --- Episode 32, Step 53/100 ---
2026-09-18 16:53:04,785 - INFO - --- Episode 32, Step 54/100 ---
2026-09-18 16:53:05,833 - INFO - --- Episode 32, Step 55/100 ---
2026-09-18 16:53:06,766 - INFO - --- Episode 32, Step 56/100 ---
2026-09-18 16:53:18,423 - INFO - HTTP Request: POST http://127.0.0.1:22446/v1/chat/completions "HTTP/1.1 400 Bad Request"
2026-09-18 16:53:19,910 - INFO - HTTP Request: POST http://127.0.0.1:22446/v1/chat/completions "HTTP/1.1 400 Bad Request"
2026-09-18 16:53:21,782 - INFO - HTTP Request: POST http://127.0.0.1:22446/v1/chat/completions "HTTP/1.1 400 Bad Request"
 66%|██████▌   | 33/50 [5:16:58<2:51:37, 605.74s/it]Renderer: NVIDIA GeForce RTX 4090/PCIe/SSE2 by NVIDIA Corporation
OpenGL version: 4.6.0 NVIDIA 590.48.01
Using optional features:
    GL_ARB_vertex_array_object
    GL_ARB_separate_shader_objects
    GL_ARB_robustness
    GL_ARB_texture_storage
    GL_ARB_texture_view
    GL_ARB_framebuffer_no_attachments
    GL_ARB_invalidate_subdata
    GL_ARB_texture_storage_multisample
    GL_ARB_multi_bind
    GL_ARB_direct_state_access
    GL_ARB_get_texture_sub_image
    GL_ARB_texture_filter_anisotropic
    GL_KHR_debug
    GL_KHR_parallel_shader_compile
    GL_NV_depth_buffer_float
Using driver workarounds:
    no-forward-compatible-core-context
    nv-egl-incorrect-gl11-function-pointers
    no-layout-qualifiers-on-old-glsl
    nv-zero-context-profile-mask
    nv-implementation-color-read-format-dsa-broken
    nv-cubemap-inconsistent-compressed-image-size
    nv-cubemap-broken-full-compressed-image-query
    nv-compressed-block-size-in-bits
[16:53:26:203057]:[Warning]:[Metadata] SceneDatasetAttributes.cpp(107)::addNewSceneInstanceToDataset : Dataset : 'default' : Lighting Layout Attributes 'no_lights' specified in Scene Attributes but does not exist in dataset, so creating default.
2026-09-18 16:53:36,588 - INFO - Simulator initialized!
2026-09-18 16:54:03,180 - INFO - HTTP Request: POST http://127.0.0.1:22446/v1/chat/completions "HTTP/1.1 200 OK"
2026-09-18 16:54:03,944 - INFO - --- Episode 33, Step 1/100 ---
2026-09-18 16:54:53,910 - INFO - HTTP Request: POST http://127.0.0.1:22446/v1/chat/completions "HTTP/1.1 200 OK"
--- Height change stabilized. Height diff: -0.51, On platform: True, Metrics: {'inlier_count': 8408, 'local_count': 46311, 'support_ratio': 0.18155513808422286, 'vertical_score': 1.0, 'plane_height_mean': -1.7799981832504272, 'agent_z': -1.7072872638702392, 'vertical_diff': 0.07271091938018803, 'area_xy': 4.5936, 'radius_est': 1.2092097804656812, 'z_std': 0.0432351790368557, 'occupied_cells': 319, 'bottom_height_tolerance': 0.1}
---!Floor change detected. From level 0 to -1.
Saving data for floor level: 0
Initialized data for new floor level: -1
Switching pcds to floor level: -1
!Switched to floor level: -1
Updated floor height: -1.58, ceiling height: 0.22, height diff: -0.51
Action: move_forward
Action: turn
Action: move_forward
Action: turn
Action: move_forward
Action: turn
Action: move_forward
Action: turn
--- Height change stabilized. Height diff: -0.31, On platform: True, Metrics: {'inlier_count': 464, 'local_count': 31353, 'support_ratio': 0.014799221764590335, 'vertical_score': 1.0, 'plane_height_mean': -1.9129374027252197, 'agent_z': -1.8924281120300293, 'vertical_diff': 0.020509290695190474, 'area_xy': 0.2304, 'radius_est': 0.270811000102923, 'z_std': 0.04672396555542946, 'occupied_cells': 16, 'bottom_height_tolerance': 0.1}
--- No significant floor change. Height diff: -0.31, On platform: True, Metrics: {'inlier_count': 464, 'local_count': 31353, 'support_ratio': 0.014799221764590335, 'vertical_score': 1.0, 'plane_height_mean': -1.9129374027252197, 'agent_z': -1.8924281120300293, 'vertical_diff': 0.020509290695190474, 'area_xy': 0.2304, 'radius_est': 0.270811000102923, 'z_std': 0.04672396555542946, 'occupied_cells': 16, 'bottom_height_tolerance': 0.1}
Updated floor height: -1.69, ceiling height: 0.11
Action: move_forward
Action: null
Action: turn
waypoints: 81
skipped waypoints: edge 4,  distance 50,  no_path 0,  occlusion 17
```json
{
"movement": "I have entered the spa room with blue lighting and am standing near the entrance steps. I see a counter on my left and lounge chairs/massage tables in the background.",
"observation": {
    "front view": "A large room with blue lighting, a pool on the right, and white lounge chairs (massage tables) in the back left corner. A counter is on the immediate left.",
    "left view": "The side of the counter/workbench and the entrance door.",
    "right view": "The edge of the pool and the wall.",
    "map": "I am near the 'workbench' label on the map. The target area (chairs) is further back in the room."
},
"thought": "The instruction is to wait next to the massage table. I can see the white lounge chairs (massage
Action: stop
waypoints: 81
skipped waypoints: edge 4,  distance 50,  no_path 0,  occlusion 17
```json
{
"movement": "I have entered the spa room and am standing near the entrance steps. I see a counter on my left and white lounge chairs (massage tables) further ahead in the back left corner.",
"observation": {
    "front view": "The main area of the spa room with blue lighting. A pool is on the right. White lounge chairs are visible in the distance on the left side.",
    "left view": "A counter/workbench and the entrance door frame.",
    "right view": "The edge of the pool and a wooden door/wall section.",
    "map": "I am near the 'workbench' label. The target chairs are further north/north-west in the room."
},
"thought": "The instruction is to wait next to the massage table. I can see the white lounge chairs (massage tables) in the front view, located in the back left area of the room. I need to move forward into the room towards them. Waypoint 1 is positioned near these chairs.",
"stuck": false,
"plan": "Move forward into the room towards the massage tables (white lounge chairs). Waypoint 1 is a good target to get closer to them.",
"curr_step": "I am at the entrance of the room. I need to move towards the chairs in the back left.",
"action": 1
}
```
Action: turn
--- Height change stabilized. Height diff: -0.62, On platform: True, Metrics: {'inlier_count': 1285, 'local_count': 32081, 'support_ratio': 0.040054861131509155, 'vertical_score': 1.0, 'plane_height_mean': -2.175218105316162, 'agent_z': -2.203633499145508, 'vertical_diff': 0.02841539382934588, 'area_xy': 0.8351999999999999, 'radius_est': 0.5156087828389873, 'z_std': 0.0223191287368536, 'occupied_cells': 58, 'bottom_height_tolerance': 0.1}
---!Floor change detected. From level -1 to -2.
Saving data for floor level: -1
Initialized data for new floor level: -2
Switching pcds to floor level: -2
!Switched to floor level: -2
Updated floor height: -1.98, ceiling height: -0.18, height diff: -0.62
Action: move_forward
Action: turn
--- Height change stabilized. Height diff: -0.33, On platform: True, Metrics: {'inlier_count': 7858, 'local_count': 15761, 'support_ratio': 0.4985724255758789, 'vertical_score': 1.0, 'plane_height_mean': -2.365813732147217, 'agent_z': -2.3072872877120973, 'vertical_diff': 0.05852644443511945, 'area_xy': 4.8384, 'radius_est': 1.2410119069983385, 'z_std': 0.023787612095475197, 'occupied_cells': 336, 'bottom_height_tolerance': 0.1}
--- No significant floor change. Height diff: -0.33, On platform: True, Metrics: {'inlier_count': 7858, 'local_count': 15761, 'support_ratio': 0.4985724255758789, 'vertical_score': 1.0, 'plane_height_mean': -2.365813732147217, 'agent_z': -2.3072872877120973, 'vertical_diff': 0.05852644443511945, 'area_xy': 4.8384, 'radius_est': 1.2410119069983385, 'z_std': 0.023787612095475197, 'occupied_cells': 336, 'bottom_height_tolerance': 0.1}
Updated floor height: -2.11, ceiling height: -0.31
Action: move_forward
Action: turn
Action: move_forward
Action: null
waypoints: 48
skipped waypoints: edge 4,  distance 20,  no_path 0,  occlusion 9
```json
{
"movement": "I have moved further into the spa room, approaching the area with the pool and the white lounge chairs.",
"observation": {
    "front view": "I see the pool on the right and three white lounge chairs (massage tables) along the back wall. Waypoints 1, 2, 3 are near these chairs.",
    "left view": "A counter and some seating area.",
    "right view": "The pool and stairs leading up.",
    "map": "I am in the middle of the room. The target chairs are to my front-left."
},
"thought": "The instruction is to wait next to the massage table. I can see the white lounge chairs (massage tables) ahead. Waypoint 1 is located right next to the first lounge chair. Moving there will place me next to the massage table as requested.",
"stuck": false,
"plan": "Move towards waypoint 1 to get next to the massage table.",
"curr_step": "I am facing the massage tables. Waypoint 1 is the closest point to one of them.",
"action": 1
}
```
Action: turn
Action: move_forward
Action: turn
Action: move_forward
Action: turn
Action: move_forward
Action: null
Action: turn
waypoints: 16
skipped waypoints: edge 2,  distance 0,  no_path 0,  occlusion 3
Action: stop
['Move past the bed into the hallway.', 'Go past the bookcase and wait in the doorway of the other bedroom.']
Initialized data for new floor level: 0
Switching pcds to floor level: 0
Initialized data for new floor level: 0
Switching pcds to floor level: 0
Initialized data for new floor level: 0
Switching pcds to floor level: 0
[StairDetect] normals=0.0030s, cpu=0.0002s, cluster=0.0476s, loop=0.0246s, total=0.0825s
waypoints: 27
skipped waypoints: edge 1,  distance 7,  no_path 0,  occlusion 5
2026-09-18 16:54:54,464 - INFO - --- Episode 33, Step 2/100 ---
2026-09-18 16:55:09,197 - INFO - HTTP Request: POST http://127.0.0.1:22446/v1/chat/completions "HTTP/1.1 200 OK"
2026-09-18 16:55:09,878 - INFO - --- Episode 33, Step 3/100 ---
2026-09-18 16:55:10,581 - INFO - --- Episode 33, Step 4/100 ---
2026-09-18 16:55:21,706 - INFO - HTTP Request: POST http://127.0.0.1:22446/v1/chat/completions "HTTP/1.1 200 OK"
2026-09-18 16:55:22,631 - INFO - --- Episode 33, Step 5/100 ---
2026-09-18 16:55:23,256 - INFO - --- Episode 33, Step 6/100 ---
2026-09-18 16:55:23,920 - INFO - --- Episode 33, Step 7/100 ---
2026-09-18 16:55:24,483 - INFO - --- Episode 33, Step 8/100 ---
2026-09-18 16:55:25,101 - INFO - --- Episode 33, Step 9/100 ---
2026-09-18 16:55:25,970 - INFO - --- Episode 33, Step 10/100 ---
2026-09-18 16:55:26,674 - INFO - --- Episode 33, Step 11/100 ---
2026-09-18 16:55:27,405 - INFO - --- Episode 33, Step 12/100 ---
2026-09-18 16:57:32,097 - INFO - HTTP Request: POST http://127.0.0.1:22446/v1/chat/completions "HTTP/1.1 200 OK"
2026-09-18 16:59:11,221 - INFO - HTTP Request: POST http://127.0.0.1:22446/v1/chat/completions "HTTP/1.1 200 OK"
2026-09-18 16:59:50,717 - INFO - HTTP Request: POST http://127.0.0.1:22446/v1/chat/completions "HTTP/1.1 200 OK"
```json
{
"movement": "Turn right to face the bookcase and the exit to the hallway.",
"observation": {
"front view": "The bed is visible to the right, with a window (B) on the wall ahead. A nightstand is near the head of the bed.",
"left view": "A closet with white shelves is visible to the left.",
"right view": "The foot of the bed is on the left, followed by a rug and a black bookcase against the wall. An opening/hallway is visible to the right of the bookcase.",
"map": "The map shows my current position (START) near the foot of the bed. The exit is located to the right (East) of the bed, past the bookcase area."
},
"thought": "I am currently facing the window and the side of the bed. The instruction requires me to move past the bed into the hallway. The exit to the hallway is visible in the right view, past the bookcase. Therefore, I need to turn right to face the direction of the bookcase and the hallway exit.",
"stuck": false,
"plan": "Turn right to face the bookcase and the hallway exit. Then move forward towards the bookcase and through the opening into the hallway.",
"curr_step": "Turn Right (R) to align with the path towards the bookcase and hallway exit.",
"action": "R"
}
```
Calculated floor height difference: 2.33m
Action: turn
waypoints: 22
skipped waypoints: edge 1,  distance 4,  no_path 1,  occlusion 8
```json
{
"movement": "Move forward towards the open floor space near the foot of the bed and the bookcase.",
"observation": {
"front view": "The black bookcase (B) is visible ahead, slightly to the left. To its right is a doorway leading out of the room. The bed is on the left side.",
"left view": "The bed with blue and green bedding is visible.",
"right view": "A closet or shelving unit is visible to the immediate right.",
"map": "The map shows the bedroom layout. The bed is the blue area. The bookcase is near the top right corner of the room. The hallway exit is to the right of the bookcase."
},
"thought": "I have turned right and am now facing the bookcase and the exit to the hallway. The instruction is to move past the bed into the hallway. The bed is on my left, and the exit is ahead and slightly right. Moving forward towards waypoint 3 will take me past the foot of the bed and closer to the hallway entrance.",
"stuck": false,
"plan": "Move forward towards the open space (waypoint 3) to clear the area near the bed and approach the hallway entrance located next to the bookcase.",
"curr_step": "Move forward to waypoint 3.",
"action": 3
}
```
Action: move_forward
Action: null
waypoints: 31
skipped waypoints: edge 1,  distance 15,  no_path 0,  occlusion 9
```json
{
"movement": "Move forward towards the hallway entrance located to the right of the bookcase.",
"observation": {
"front view": "The black bookcase (B) is directly ahead. To its right is a doorway leading into a hallway with wooden floors. Through the doorway, I can see another room with large windows/doors in the distance.",
"left view": "The bed with blue and green bedding is to my left.",
"right view": "A white door frame and wall are to my right, marking the exit of the bedroom.",
"map": "The map shows the bedroom layout. I am near the foot of the bed (blue area). The hallway exit is to the northeast (top right) of the current room."
},
"thought": "I have moved past the foot of the bed and am now facing the bookcase and the hallway exit. To complete subtask P1 ('Move past the bed into the hallway'), I need to enter the hallway. The doorway is to the right of the bookcase. Moving towards waypoint 2 will take me into the hallway.",
"stuck": false,
"plan": "Move forward into the hallway through the doorway next to the bookcase. This will complete subtask P1 and allow me to proceed to subtask P2 (go past the bookcase and wait in the other bedroom doorway).",
"curr_step": "Move towards waypoint 2 which is located in the hallway.",
"action": 2
}
```
Action: turn
--- Height change stabilized. Height diff: 0.06, On platform: True, Metrics: {'inlier_count': 9818, 'local_count': 26905, 'support_ratio': 0.3649135848219694, 'vertical_score': 1.0, 'plane_height_mean': -1.214799404144287, 'agent_z': -1.139209222793579, 'vertical_diff': 0.07559018135070805, 'area_xy': 5.76, 'radius_est': 1.354055000514615, 'z_std': 0.031215596944093704, 'occupied_cells': 400, 'bottom_height_tolerance': 0.1}
--- No significant floor change. Height diff: 0.06, On platform: True, Metrics: {'inlier_count': 9818, 'local_count': 26905, 'support_ratio': 0.3649135848219694, 'vertical_score': 1.0, 'plane_height_mean': -1.214799404144287, 'agent_z': -1.139209222793579, 'vertical_diff': 0.07559018135070805, 'area_xy': 5.76, 'radius_est': 1.354055000514615, 'z_std': 0.031215596944093704, 'occupied_cells': 400, 'bottom_height_tolerance': 0.1}
Updated floor height: -0.94, ceiling height: 0.86
Action: move_forward
Action: turn
--- Height change stabilized. Height diff: 0.16, On platform: True, Metrics: {'inlier_count': 1704, 'local_count': 26305, 'support_ratio': 0.0647785592068132, 'vertical_score': 1.0, 'plane_height_mean': -1.0502448081970215, 'agent_z': -1.0424711227416992, 'vertical_diff': 0.00777368545532231, 'area_xy': 0.8496, 'radius_est': 0.5200346904791531, 'z_std': 0.04033099114894867, 'occupied_cells': 59, 'bottom_height_tolerance': 0.1}
--- No significant floor change. Height diff: 0.16, On platform: True, Metrics: {'inlier_count': 1704, 'local_count': 26305, 'support_ratio': 0.0647785592068132, 'vertical_score': 1.0, 'plane_height_mean': -1.0502448081970215, 'agent_z': -1.0424711227416992, 'vertical_diff': 0.00777368545532231, 'area_xy': 0.8496, 'radius_est': 0.5200346904791531, 'z_std': 0.04033099114894867, 'occupied_cells': 59, 'bottom_height_tolerance': 0.1}
Updated floor height: -0.84, ceiling height: 0.96
Action: move_forward
Action: turn
--- Height change stabilized. Height diff: 0.08, On platform: True, Metrics: {'inlier_count': 903, 'local_count': 20212, 'support_ratio': 0.04467642984144684, 'vertical_score': 1.0, 'plane_height_mean': -1.1216106414794922, 'agent_z': -1.1159152507781982, 'vertical_diff': 0.00569539070129399, 'area_xy': 0.4608, 'radius_est': 0.38298458918537537, 'z_std': 0.04410314932465553, 'occupied_cells': 32, 'bottom_height_tolerance': 0.1}
--- No significant floor change. Height diff: 0.08, On platform: True, Metrics: {'inlier_count': 903, 'local_count': 20212, 'support_ratio': 0.04467642984144684, 'vertical_score': 1.0, 'plane_height_mean': -1.1216106414794922, 'agent_z': -1.1159152507781982, 'vertical_diff': 0.00569539070129399, 'area_xy': 0.4608, 'radius_est': 0.38298458918537537, 'z_std': 0.04410314932465553, 'occupied_cells': 32, 'bottom_height_tolerance': 0.1}
Updated floor height: -0.92, ceiling height: 0.88
Action: move_forward
Action: null
Action: turn
waypoints: 50
skipped waypoints: edge 1,  distance 26,  no_path 0,  occlusion 9


2026-09-18 16:59:51,663 - INFO - --- Episode 33, Step 13/100 ---
2026-09-18 16:59:52,277 - INFO - --- Episode 33, Step 14/100 ---
2026-09-18 16:59:53,110 - INFO - --- Episode 33, Step 15/100 ---
2026-09-18 16:59:53,829 - INFO - --- Episode 33, Step 16/100 ---
2026-09-18 16:59:54,589 - INFO - --- Episode 33, Step 17/100 ---
2026-09-18 16:59:55,464 - INFO - --- Episode 33, Step 18/100 ---
2026-09-18 16:59:56,442 - INFO - --- Episode 33, Step 19/100 ---
2026-09-18 17:01:01,977 - INFO - HTTP Request: POST http://127.0.0.1:22446/v1/chat/completions "HTTP/1.1 200 OK"
2026-09-18 17:01:24,591 - INFO - HTTP Request: POST http://127.0.0.1:22446/v1/chat/completions "HTTP/1.1 200 OK"
2026-09-18 17:01:25,717 - INFO - --- Episode 33, Step 20/100 ---
2026-09-18 17:01:26,607 - INFO - --- Episode 33, Step 21/100 ---
2026-09-18 17:01:27,293 - INFO - --- Episode 33, Step 22/100 ---
2026-09-18 17:01:28,131 - INFO - --- Episode 33, Step 23/100 ---
2026-09-18 17:01:29,026 - INFO - --- Episode 33, Step 24/100 ---
2026-09-18 17:01:30,049 - INFO - --- Episode 33, Step 25/100 ---
2026-09-18 17:02:11,164 - INFO - HTTP Request: POST http://127.0.0.1:22446/v1/chat/completions "HTTP/1.1 200 OK"
2026-09-18 17:02:12,043 - INFO - --- Episode 33, Step 26/100 ---
2026-09-18 17:02:35,039 - INFO - HTTP Request: POST http://127.0.0.1:22446/v1/chat/completions "HTTP/1.1 200 OK"
```json
{
"movement": "Move forward down the hallway, past the black console table (bookcase) on the left and the stair railing on the right.",
"observation": {
"front view": "The hallway continues straight ahead. On the left wall is a black console table with a mirror above it. Further down, there is a doorway leading to a room with bright windows/doors. To the right is the stair railing overlooking the floor below.",
"left view": "The bedroom I came from is visible through the doorway behind me/to the side. The black console table is on the wall.",
"right view": "A white door and a glimpse into another room with a window are visible to the right, but the main path is straight ahead.",
"map": "I am in the hallway (grey area) near the stairs. The blue area is the bedroom I started in. The hallway extends forward towards another room."
},
"thought": "I have moved past the bed and into the hallway. I am currently passing the black console table (bookcase) on my left. The instruction tells me to go past the bookcase and wait in the doorway of the other bedroom. Looking straight ahead, there is a doorway leading to a room with windows, which appears to be the target bedroom. I need to continue moving forward down the hallway to reach it.",
"stuck": false,
"plan": "Move forward down the hallway towards the doorway at the end, passing the bookcase on the left and the stairs on the right.",
"curr_step": "Move forward towards the doorway at the end of the hallway.",
"action": 1
}
```
Action: turn
Action: move_forward
Action: turn
--- Height change stabilized. Height diff: 0.19, On platform: True, Metrics: {'inlier_count': 1375, 'local_count': 30203, 'support_ratio': 0.04552527894429278, 'vertical_score': 1.0, 'plane_height_mean': -1.030988097190857, 'agent_z': -1.0121438026428222, 'vertical_diff': 0.018844294548034712, 'area_xy': 0.576, 'radius_est': 0.42818978787666506, 'z_std': 0.03655639663338661, 'occupied_cells': 40, 'bottom_height_tolerance': 0.1}
--- No significant floor change. Height diff: 0.19, On platform: True, Metrics: {'inlier_count': 1375, 'local_count': 30203, 'support_ratio': 0.04552527894429278, 'vertical_score': 1.0, 'plane_height_mean': -1.030988097190857, 'agent_z': -1.0121438026428222, 'vertical_diff': 0.018844294548034712, 'area_xy': 0.576, 'radius_est': 0.42818978787666506, 'z_std': 0.03655639663338661, 'occupied_cells': 40, 'bottom_height_tolerance': 0.1}
Updated floor height: -0.81, ceiling height: 0.99
Action: move_forward
Action: turn
Action: move_forward
Action: null
waypoints: 42
skipped waypoints: edge 1,  distance 26,  no_path 0,  occlusion 12

```json
{
"movement": "Move forward down the hallway, passing the black console table (bookcase) on the left.",
"observation": {
"front view": "The hallway continues straight ahead. The black console table is on the immediate left. Further ahead, there is a doorway leading into a room with windows/doors.",
"left view": "A wall with a large mirror and the black console table are visible.",
"right view": "The stair railing and the void of the stairs are visible to the right.",
"map": "I am in the hallway (grey area) near the bookcase. The path leads straight towards the blue 'bed' area at the top of the map."
},
"thought": "I have moved past the bed and into the hallway. I am currently alongside the black console table (bookcase). The instruction is to go past the bookcase and wait in the doorway of the other bedroom. Moving forward towards waypoint 1 will take me past the bookcase and further down the hallway towards the next room/doorway.",
"stuck": false,
"plan": "Move forward down the hallway towards the doorway at the end, passing the bookcase on the left.",
"curr_step": "Move forward towards waypoint 1 which is just ahead in the hallway.",
"action": 1
}
```
Action: turn
--- Height change stabilized. Height diff: 0.06, On platform: True, Metrics: {'inlier_count': 1719, 'local_count': 43799, 'support_ratio': 0.039247471402560616, 'vertical_score': 1.0, 'plane_height_mean': -1.1493468284606934, 'agent_z': -1.1418015480041503, 'vertical_diff': 0.007545280456543013, 'area_xy': 0.9503999999999999, 'radius_est': 0.5500197413085048, 'z_std': 0.04841548204421997, 'occupied_cells': 66, 'bottom_height_tolerance': 0.1}
--- No significant floor change. Height diff: 0.06, On platform: True, Metrics: {'inlier_count': 1719, 'local_count': 43799, 'support_ratio': 0.039247471402560616, 'vertical_score': 1.0, 'plane_height_mean': -1.1493468284606934, 'agent_z': -1.1418015480041503, 'vertical_diff': 0.007545280456543013, 'area_xy': 0.9503999999999999, 'radius_est': 0.5500197413085048, 'z_std': 0.04841548204421997, 'occupied_cells': 66, 'bottom_height_tolerance': 0.1}
Updated floor height: -0.94, ceiling height: 0.86
Action: move_forward
--- Height change stabilized. Height diff: -0.01, On platform: True, Metrics: {'inlier_count': 12320, 'local_count': 41341, 'support_ratio': 0.29800924021436326, 'vertical_score': 1.0, 'plane_height_mean': -1.2243582010269165, 'agent_z': -1.212143611907959, 'vertical_diff': 0.012214589118957564, 'area_xy': 5.572799999999999, 'radius_est': 1.3318698636597452, 'z_std': 0.011384773999452591, 'occupied_cells': 387, 'bottom_height_tolerance': 0.1}
--- No significant floor change. Height diff: -0.01, On platform: True, Metrics: {'inlier_count': 12320, 'local_count': 41341, 'support_ratio': 0.29800924021436326, 'vertical_score': 1.0, 'plane_height_mean': -1.2243582010269165, 'agent_z': -1.212143611907959, 'vertical_diff': 0.012214589118957564, 'area_xy': 5.572799999999999, 'radius_est': 1.3318698636597452, 'z_std': 0.011384773999452591, 'occupied_cells': 387, 'bottom_height_tolerance': 0.1}
Updated floor height: -1.01, ceiling height: 0.79
Action: move_forward
Action: turn
Action: move_forward
Action: null
waypoints: 18
skipped waypoints: edge 1,  distance 2,  no_path 0,  occlusion 3
```json
{
"movement": "I have moved from the first bedroom into the hallway, passed the bookcase on my left, and entered the second bedroom. I am now standing just inside the entrance of this bedroom, near the foot of the bed, with the doorway visible to my left.",
"observation": {
"front view": "I am facing a large bed with white linens and a dark headboard. To the right is a black dresser/console table. In the background are glass doors leading outside.",
"left view": "The hallway and the bookcase I just passed are visible through the doorway to my left.",
"right view": "A white door and the stair railing are visible to the right.",
"map": "The map shows my path from the start, through the hallway, past the bookcase, and into the blue bedroom area. I am currently located near the entrance of this room."
},
"thought": "I have completed the movement through the hallway and past the bookcase. I am now at the entrance of the 'other bedroom' as instructed. The doorway is immediately to my left/front-left. Since the instruction is to 'wait in the doorway', and I am currently standing just inside the threshold of this room, I have reached the target location.",
"stuck": false,
"plan": "The task is complete. I have moved past the bed into the hallway, gone past the bookcase, and arrived at the doorway of the other bedroom.",
"curr_step": "Complete subtask P2 as I am now in the doorway of the other bedroom.",
"action": -1
}
```
Action: pause
waypoints: 18
skipped waypoints: edge 1,  distance 2,  no_path 0,  occlusion 3
2026-09-18 17:02:35,864 - INFO - --- Episode 33, Step 27/100 ---
2026-09-18 17:03:00,491 - INFO - HTTP Request: POST http://127.0.0.1:22446/v1/chat/completions "HTTP/1.1 200 OK"
 68%|██████▊   | 34/50 [5:26:35<2:39:14, 597.13s/it]Renderer: NVIDIA GeForce RTX 4090/PCIe/SSE2 by NVIDIA Corporation
OpenGL version: 4.6.0 NVIDIA 590.48.01
Using optional features:
    GL_ARB_vertex_array_object
    GL_ARB_separate_shader_objects
    GL_ARB_robustness
    GL_ARB_texture_storage
    GL_ARB_texture_view
    GL_ARB_framebuffer_no_attachments
    GL_ARB_invalidate_subdata
    GL_ARB_texture_storage_multisample
    GL_ARB_multi_bind
    GL_ARB_direct_state_access
    GL_ARB_get_texture_sub_image
    GL_ARB_texture_filter_anisotropic
    GL_KHR_debug
    GL_KHR_parallel_shader_compile
    GL_NV_depth_buffer_float
Using driver workarounds:
    no-forward-compatible-core-context
    nv-egl-incorrect-gl11-function-pointers
    no-layout-qualifiers-on-old-glsl
    nv-zero-context-profile-mask
    nv-implementation-color-read-format-dsa-broken
    nv-cubemap-inconsistent-compressed-image-size
    nv-cubemap-broken-full-compressed-image-query
    nv-compressed-block-size-in-bits
[17:03:03:229617]:[Warning]:[Metadata] SceneDatasetAttributes.cpp(107)::addNewSceneInstanceToDataset : Dataset : 'default' : Lighting Layout Attributes 'no_lights' specified in Scene Attributes but does not exist in dataset, so creating default.
2026-09-18 17:03:12,876 - INFO - Simulator initialized!
2026-09-18 17:03:46,867 - INFO - HTTP Request: POST http://127.0.0.1:22446/v1/chat/completions "HTTP/1.1 200 OK"
2026-09-18 17:03:47,561 - INFO - --- Episode 34, Step 1/100 ---
2026-09-18 17:07:10,905 - INFO - HTTP Request: POST http://127.0.0.1:22446/v1/chat/completions "HTTP/1.1 200 OK"
2026-09-18 17:10:20,846 - INFO - HTTP Request: POST http://127.0.0.1:22446/v1/chat/completions "HTTP/1.1 200 OK"
2026-09-18 17:13:18,465 - INFO - HTTP Request: POST http://127.0.0.1:22446/v1/chat/completions "HTTP/1.1 200 OK"
2026-09-18 17:13:19,301 - INFO - --- Episode 34, Step 2/100 ---
2026-09-18 17:15:59,144 - INFO - HTTP Request: POST http://127.0.0.1:22446/v1/chat/completions "HTTP/1.1 200 OK"
2026-09-18 17:16:47,035 - INFO - HTTP Request: POST http://127.0.0.1:22446/v1/chat/completions "HTTP/1.1 200 OK"
2026-09-18 17:16:47,743 - INFO - --- Episode 34, Step 3/100 ---
2026-09-18 17:16:48,499 - INFO - --- Episode 34, Step 4/100 ---
2026-09-18 17:16:49,468 - INFO - --- Episode 34, Step 5/100 ---
2026-09-18 17:18:34,122 - INFO - HTTP Request: POST http://127.0.0.1:22446/v1/chat/completions "HTTP/1.1 200 OK"
2026-09-18 17:19:55,254 - INFO - HTTP Request: POST http://127.0.0.1:22446/v1/chat/completions "HTTP/1.1 200 OK"
2026-09-18 17:19:56,170 - INFO - --- Episode 34, Step 6/100 ---
2026-09-18 17:19:57,066 - INFO - --- Episode 34, Step 7/100 ---
2026-09-18 17:19:58,042 - INFO - --- Episode 34, Step 8/100 ---
2026-09-18 17:19:58,963 - INFO - --- Episode 34, Step 9/100 ---
2026-09-18 17:20:00,134 - INFO - --- Episode 34, Step 10/100 ---
2026-09-18 17:20:01,124 - INFO - --- Episode 34, Step 11/100 ---
2026-09-18 17:20:02,042 - INFO - --- Episode 34, Step 12/100 ---
2026-09-18 17:20:02,957 - INFO - --- Episode 34, Step 13/100 ---
2026-09-18 17:20:03,937 - INFO - --- Episode 34, Step 14/100 ---
2026-09-18 17:20:05,110 - INFO - --- Episode 34, Step 15/100 ---
2026-09-18 17:20:06,112 - INFO - --- Episode 34, Step 16/100 ---
2026-09-18 17:20:36,647 - INFO - HTTP Request: POST http://127.0.0.1:22446/v1/chat/completions "HTTP/1.1 200 OK"
```json
{
"movement": "I have moved from the hallway, past the bookcase, and entered the doorway of the second bedroom. I am now standing just inside the entrance of this room.",
"observation": {
"front view": "I see the interior of the second bedroom with a large bed, nightstands, and glass doors leading to a balcony.",
"left view": "The doorway I entered from is visible to my left, showing the hallway and the bookcase further back.",
"right view": "A white door and the top of the stairs are visible to my right.",
"map": "I am located at the entrance of the blue bedroom area on the map, which corresponds to the 'other bedroom' mentioned in the instructions."
},
"thought": "I have successfully followed the instructions: moved past the first bed into the hallway, went past the bookcase, and arrived at the doorway of the other bedroom. The instruction is to 'wait in the doorway'. I am currently standing right at the threshold/entrance of this room. Therefore, the task is complete.",
"stuck": false,
"plan": "The task is complete as I have reached the specified destination.",
"curr_step": "Complete subtask P2.",
"action": -1
}
```
Action: stop
waypoints: 18
skipped waypoints: edge 1,  distance 2,  no_path 0,  occlusion 3
```json
{
"movement": "I have moved from the hallway, past the bookcase, and arrived at the entrance of the second bedroom.",
"observation": {
"front view": "I am looking into a bedroom with a large bed, nightstands, and glass doors leading to a balcony. The doorway I entered is to my left.",
"left view": "The hallway and the bookcase are visible through the open door.",
"right view": "A white door and the top of the stairs are visible to the right.",
"map": "I am located at the entrance of the blue bedroom area on the map, which corresponds to the 'other bedroom' mentioned in the instructions."
},
"thought": "I have successfully followed the instructions: moved past the first bed into the hallway, went past the bookcase, and arrived at the doorway of the other bedroom. The instruction is to 'wait in the doorway'. I am currently standing right at the threshold/entrance of this room. Therefore, the task is complete.",
"stuck": false,
"plan": "The task is complete as I have reached the specified destination.",
"curr_step": "Complete subtask P2.",
"action": -1
}
```
Action: stop
['Walk over to the master bedroom with the large sun burst mirror', 'its straight past the potted plant in the hallway.']
Initialized data for new floor level: 0
Switching pcds to floor level: 0
Initialized data for new floor level: 0
Switching pcds to floor level: 0
Initialized data for new floor level: 0
Switching pcds to floor level: 0
[StairDetect] normals=0.0031s, cpu=0.0003s, cluster=0.0474s, loop=0.0252s, total=0.0834s
waypoints: 27
skipped waypoints: edge 1,  distance 7,  no_path 0,  occlusion 5



Calculated floor height difference: 2.33m
Action: stop
waypoints: 17
skipped waypoints: edge 1,  distance 4,  no_path 0,  occlusion 4

```json
{
"movement": "I am currently standing in a narrow space, likely a walk-in closet or entryway, indicated by the white wire shelving units visible on my left and right. Directly ahead through the doorway is the master bedroom containing a bed with a blue and green quilt, a window labeled 'B', and a desk area.",
"observation": {
    "front view": "A bedroom is visible ahead with a bed, a window (labeled B), and a desk on the right. Waypoints 1, 2, 3, 4, 7 are visible on the floor/walls near the bed and window.",
    "left view": "White wire shelving units typical of a closet are visible on the left wall.",
    "right view": "More white wire shelving and a door frame are visible on the right, confirming I am in a narrow space like a closet.",
    "map": "The map shows my current position (blue triangle) at 'START' near the entrance of the room labeled 'bed'. Waypoints 1, 2, 4, 6, 7 are marked in orange circles nearby."
},
"thought": "The instruction is to walk over to the master bedroom. I am currently at the threshold (likely a closet) looking into the bedroom. To fulfill the instruction and reach the main area of the bedroom where the sunburst mirror should be located, I need to move forward into the room. Waypoint 3 is directly ahead on the floor, leading out of this narrow space and into the main bedroom area.",
"stuck": false,
"plan": "Move forward into the master bedroom towards the center/floor area near the foot of the bed (waypoint 3) to locate the large sunburst mirror mentioned in the instruction.",
"curr_step": "I am at the entrance. Waypoint 3 is the closest valid waypoint leading directly into the main room area, away from the closet shelves.",
"action": 3
}
```
Action: turn
--- Height change stabilized. Height diff: 0.16, On platform: True, Metrics: {'inlier_count': 912, 'local_count': 14194, 'support_ratio': 0.06425250105225781, 'vertical_score': 1.0, 'plane_height_mean': -1.0551769733428955, 'agent_z': -1.0445723056793212, 'vertical_diff': 0.010604667663574263, 'area_xy': 0.4896, 'radius_est': 0.3947714785487724, 'z_std': 0.043161045759916306, 'occupied_cells': 34, 'bottom_height_tolerance': 0.1}
--- No significant floor change. Height diff: 0.16, On platform: True, Metrics: {'inlier_count': 912, 'local_count': 14194, 'support_ratio': 0.06425250105225781, 'vertical_score': 1.0, 'plane_height_mean': -1.0551769733428955, 'agent_z': -1.0445723056793212, 'vertical_diff': 0.010604667663574263, 'area_xy': 0.4896, 'radius_est': 0.3947714785487724, 'z_std': 0.043161045759916306, 'occupied_cells': 34, 'bottom_height_tolerance': 0.1}
Updated floor height: -0.84, ceiling height: 0.96
Action: move_forward
Action: null
waypoints: 26
skipped waypoints: edge 3,  distance 4,  no_path 0,  occlusion 7

```json
{
"movement": "I am currently standing in a bedroom near the foot of the bed, facing towards the window and the headboard. To my right, there is a desk and a doorway leading out to a hallway. I have not yet found the large sunburst mirror mentioned in the instruction.",
"observation": {
    "front view": "A bed with blue and green bedding is directly ahead, with a window labeled 'B' to the left of it. There are two framed pictures on the wall to the left of the window.",
    "left view": "A walk-in closet with white wire shelving and a doorway leading to a bathroom are visible on the left.",
    "right view": "A desk is visible, and further to the right, an open doorway leads out to a hallway. On the wall near the door frame, there is a large letter 'B'.",
    "map": "The map shows my current position (blue triangle) near the bed in a room labeled 'bed'. Waypoints 1, 2, 4, 6, 7, 9 are marked nearby. The exit door appears to be towards the bottom right of the room on the map."
},
"thought": "The instruction is to walk over to the master bedroom with the large sunburst mirror, which is located straight past a potted plant in the hallway. I am currently in a bedroom that does not appear to have the sunburst mirror (the artwork above the bed looks like a blue panel/painting, not a mirror). The doorway in the right view leads to a hallway. Therefore, I need to exit this room and go down the hallway to find the master bedroom.",
"stuck": false,
"plan": "Exit the current room through the door visible in the right view. Once in the hallway, look for a potted plant and continue straight past it to find the master bedroom with the sunburst mirror.",
"curr_step": "I need to move towards the exit door to leave this room. Waypoint 6 is located near the door frame on the map, which aligns with the exit visible in the right view.",
"action": 6
}
```
Action: turn
Action: move_forward
Action: move_forward
Action: move_forward
Action: move_forward
Action: move_forward
Action: move_forward
Action: move_forward
Action: move_forward
Action: move_forward
detected agent stuck, last8 steps position changes: [0.013430297, 0.0, 0.0, 0.0, 0.0, 0.0, 0.0, 0.0]
Action: turn
detected agent stuck, last8 steps position changes: [0.0, 0.0, 0.0, 0.0, 0.0, 0.0, 0.0, 0.0]
waypoints: 30
skipped waypoints: edge 2,  distance 4,  no_path 0,  occlusion 13
2026-09-18 17:20:51,333 - INFO - HTTP Request: POST http://127.0.0.1:22446/v1/chat/completions "HTTP/1.1 200 OK"
2026-09-18 17:20:52,206 - INFO - --- Episode 34, Step 17/100 ---
2026-09-18 17:20:52,923 - INFO - --- Episode 34, Step 18/100 ---
2026-09-18 17:20:53,687 - INFO - --- Episode 34, Step 19/100 ---
2026-09-18 17:20:54,563 - INFO - --- Episode 34, Step 20/100 ---
2026-09-18 17:20:55,257 - INFO - --- Episode 34, Step 21/100 ---
2026-09-18 17:20:55,960 - INFO - --- Episode 34, Step 22/100 ---
2026-09-18 17:20:56,646 - INFO - --- Episode 34, Step 23/100 ---
2026-09-18 17:20:57,428 - INFO - --- Episode 34, Step 24/100 ---
2026-09-18 17:20:58,527 - INFO - --- Episode 34, Step 25/100 ---
2026-09-18 17:21:16,085 - INFO - HTTP Request: POST http://127.0.0.1:22446/v1/chat/completions "HTTP/1.1 200 OK"
2026-09-18 17:21:16,870 - INFO - --- Episode 34, Step 26/100 ---
2026-09-18 17:21:17,551 - INFO - --- Episode 34, Step 27/100 ---
2026-09-18 17:21:18,287 - INFO - --- Episode 34, Step 28/100 ---
2026-09-18 17:21:18,934 - INFO - --- Episode 34, Step 29/100 ---
2026-09-18 17:21:19,650 - INFO - --- Episode 34, Step 30/100 ---
2026-09-18 17:21:20,044 - INFO - --- Episode 34, Step 31/100 ---
2026-09-18 17:21:40,742 - INFO - HTTP Request: POST http://127.0.0.1:22446/v1/chat/completions "HTTP/1.1 200 OK"
2026-09-18 17:21:50,858 - INFO - HTTP Request: POST http://127.0.0.1:22446/v1/chat/completions "HTTP/1.1 200 OK"
2026-09-18 17:21:52,574 - INFO - HTTP Request: POST http://127.0.0.1:22446/v1/chat/completions "HTTP/1.1 400 Bad Request"
 70%|███████   | 35/50 [5:45:27<3:09:24, 757.60s/it]Renderer: NVIDIA GeForce RTX 4090/PCIe/SSE2 by NVIDIA Corporation
OpenGL version: 4.6.0 NVIDIA 590.48.01
Using optional features:
    GL_ARB_vertex_array_object
    GL_ARB_separate_shader_objects
    GL_ARB_robustness
    GL_ARB_texture_storage
    GL_ARB_texture_view
    GL_ARB_framebuffer_no_attachments
    GL_ARB_invalidate_subdata
    GL_ARB_texture_storage_multisample
    GL_ARB_multi_bind
    GL_ARB_direct_state_access
    GL_ARB_get_texture_sub_image
    GL_ARB_texture_filter_anisotropic
    GL_KHR_debug
    GL_KHR_parallel_shader_compile
    GL_NV_depth_buffer_float
Using driver workarounds:
    no-forward-compatible-core-context
    nv-egl-incorrect-gl11-function-pointers
    no-layout-qualifiers-on-old-glsl
    nv-zero-context-profile-mask
    nv-implementation-color-read-format-dsa-broken
    nv-cubemap-inconsistent-compressed-image-size
    nv-cubemap-broken-full-compressed-image-query
    nv-compressed-block-size-in-bits
[17:21:55:266659]:[Warning]:[Metadata] SceneDatasetAttributes.cpp(107)::addNewSceneInstanceToDataset : Dataset : 'default' : Lighting Layout Attributes 'no_lights' specified in Scene Attributes but does not exist in dataset, so creating default.
2026-09-18 17:22:05,003 - INFO - Simulator initialized!
2026-09-18 17:22:24,732 - INFO - HTTP Request: POST http://127.0.0.1:22446/v1/chat/completions "HTTP/1.1 200 OK"
2026-09-18 17:22:25,423 - INFO - --- Episode 35, Step 1/100 ---
2026-09-18 17:26:03,888 - INFO - HTTP Request: POST http://127.0.0.1:22446/v1/chat/completions "HTTP/1.1 200 OK"
2026-09-18 17:26:49,678 - INFO - HTTP Request: POST http://127.0.0.1:22446/v1/chat/completions "HTTP/1.1 200 OK"
2026-09-18 17:26:50,536 - INFO - --- Episode 35, Step 2/100 ---
2026-09-18 17:26:51,274 - INFO - --- Episode 35, Step 3/100 ---
```json
{
"movement": "I am currently facing the bed in a bedroom. To my right, there is an open doorway leading to a hallway with stairs visible. The instruction indicates the master bedroom is past a potted plant in the hallway, so I need to exit this room.",
"observation": {
    "front view": "A bed with blue and green bedding is directly ahead. To the left is a window. To the right is a desk and a shelving
```json
{
"movement": "I am currently standing in a bedroom with a blue and green bed, facing the headboard. I have not found the sunburst mirror yet. The exit door is visible to my right/front-right.",
"observation": {
    "front view": "A bed with blue and green bedding is directly ahead. To the left is a window. To the right is a desk and a shelving unit.",
    "left view": "A walk-in closet with white wire shelving and a doorway leading to a bathroom are visible on the left.",
    "right view": "An open doorway leads out to a hallway with stairs visible in the distance. A large letter 'B' is on the wall near the door frame.",
    "map": "The map shows my current position (blue triangle) near the bed in a room labeled 'bed'. Waypoints 1, 2, 4, 6, 7, 9 are marked nearby. The exit door appears to be towards the bottom right of the room on the map."
},
"thought": "The instruction is to walk over to the master bedroom with the large sunburst mirror, which is located straight past a potted plant in the hallway. I am currently in a bedroom that does not appear to have the sunburst mirror (the artwork above the bed looks like a blue panel/painting, not a mirror). The doorway in the right view leads to a hallway. Therefore, I need to exit this room and go down the hallway to find the master bedroom.",
"stuck": false,
"plan": "Exit the current room through the door visible in the right view. Once in the hallway, look for a potted plant and continue straight past it to find the master bedroom with the sunburst mirror.",
"curr_step": "I need to move towards the exit door to leave this room. Waypoint 4 is located near the door frame on the map, which aligns with the exit visible in the right view.",
"action": 4
}
```
Action: turn
Action: move_forward
Action: move_forward
Action: move_forward
Action: move_forward
Action: move_forward
Action: move_forward
Action: move_forward
detected agent stuck, last8 steps position changes: [0.0, 0.0, 0.0, 0.0, 0.0, 0.0, 0.0, 0.0]
Action: turn
detected agent stuck, last8 steps position changes: [0.0, 0.0, 0.0, 0.0, 0.0, 0.0, 0.0, 0.0]
waypoints: 34
skipped waypoints: edge 6,  distance 3,  no_path 0,  occlusion 15
```json
{
"movement": "I am currently standing in a bedroom with a blue and green bed, facing the headboard. I have not found the sunburst mirror yet. The exit door is visible to my right/front-right.",
"observation": {
    "front view": "A bed with blue and green bedding is directly ahead. To the left is a window. To the right is a desk and a shelving unit.",
    "left view": "A walk-in closet with white wire shelving and a doorway leading to a bathroom are visible on the left.",
    "right view": "An open doorway leads out to a hallway with stairs visible in the distance. A large letter 'B' is on the wall near the door frame.",
    "map": "The map shows my current position (blue triangle) near the bed in a room labeled 'bed'. Waypoints 1, 2, 4, 6, 7, 9 are marked nearby. The exit door appears to be towards the bottom right of the room on the map."
},
"thought": "The instruction is to walk over to the master bedroom with the large sunburst mirror, which is located straight past a potted plant in the hallway. I am currently in a bedroom that does not appear to have the sunburst mirror (the artwork above the bed looks like a blue panel/painting, not a mirror). The doorway in the right view leads to a hallway. Therefore, I need to exit this room and go down the hallway to find the master bedroom.",
"stuck": false,
"plan": "Exit the current room through the door visible in the right view. Once in the hallway, look for a potted plant and continue straight past it to find the master bedroom with the sunburst mirror.",
"curr_step": "I need to move towards the exit door to leave this room. Waypoint 4 is located near the door frame on the map, which aligns with the exit visible in the right view.",
"action": 4
}
```
Action: turn
--- Height change stabilized. Height diff: 0.04, On platform: True, Metrics: {'inlier_count': 12106, 'local_count': 32351, 'support_ratio': 0.37420790700830864, 'vertical_score': 1.0, 'plane_height_mean': -1.2151820659637451, 'agent_z': -1.1624249935150146, 'vertical_diff': 0.05275707244873051, 'area_xy': 6.379199999999999, 'radius_est': 1.4249780440216044, 'z_std': 0.030253516510128975, 'occupied_cells': 443, 'bottom_height_tolerance': 0.1}
--- No significant floor change. Height diff: 0.04, On platform: True, Metrics: {'inlier_count': 12106, 'local_count': 32351, 'support_ratio': 0.37420790700830864, 'vertical_score': 1.0, 'plane_height_mean': -1.2151820659637451, 'agent_z': -1.1624249935150146, 'vertical_diff': 0.05275707244873051, 'area_xy': 6.379199999999999, 'radius_est': 1.4249780440216044, 'z_std': 0.030253516510128975, 'occupied_cells': 443, 'bottom_height_tolerance': 0.1}
Updated floor height: -0.96, ceiling height: 0.84
Action: move_forward
Action: turn
Action: move_forward
Action: null
Action: turn
waypoints: 9
skipped waypoints: edge 2,  distance 2,  no_path 1,  occlusion 2


Action: stop
['Walk through the bedroom and out of the door into the hallway.', 'Walk down the hall along the banister rail through the open door.', 'Continue into the bedroom with a round mirror on the wall and butterfly sculpture.']
Initialized data for new floor level: 0
Switching pcds to floor level: 0
Initialized data for new floor level: 0
Switching pcds to floor level: 0
Initialized data for new floor level: 0
Switching pcds to floor level: 0
[StairDetect] normals=0.0030s, cpu=0.0002s, cluster=0.0479s, loop=0.0259s, total=0.0845s
waypoints: 27
skipped waypoints: edge 1,  distance 7,  no_path 0,  occlusion 5

```json
{
"movement": "I am currently facing the window and the bed. To exit the bedroom as instructed, I need to move towards the doorway visible in the right view. This doorway leads to the hallway. Based on the map and views, the exit is located towards the right side of the room, near the foot of the bed and the rug.",
"observation": {
    "front view": "I see the bed with a blue and green blanket, a window (B) above it, and a colorful rug on the floor to the right. Waypoint 12 is on the rug near the bottom right corner.",
    "left view": "I see white shelves inside what appears to be a closet or storage area.",
    "right view": "I see the foot of the bed, a black shelving unit, and an open doorway leading to a hallway. This matches the description of the exit.",
    "map": "The map shows my current position (START) in the blue bedroom area. The grey hallway is to the right/bottom-right of the bedroom. Waypoint 12 is located near the bottom-right corner of the bedroom, close to the boundary with the hallway."
},
"thought": "The current task is to walk out of the bedroom into the hallway. The exit door is visible in the right view. To reach it, I need to move towards the right side of the room where the rug and the doorway are located. Waypoint 12 is situated on the rug near the foot of the bed, which is the closest waypoint to the exit door seen in the right view. Moving to waypoint 12 will position me at the threshold of the hallway.",
"stuck": false,
"plan": "Move towards waypoint 12 on the rug near the foot of the bed to reach the bedroom exit and enter the hallway.",
"curr_step": "I need to move from my current position (near START/9/13) towards the exit. Waypoint 12 is the most strategic point as it is near the door seen in the right view. I will move towards waypoint 12.",
"action": 12
}
```
Calculated floor height difference: 2.33m
Action: turn
Action: move_forward
2026-09-18 17:26:52,155 - INFO - --- Episode 35, Step 4/100 ---
2026-09-18 17:26:53,332 - INFO - --- Episode 35, Step 5/100 ---
2026-09-18 17:26:54,188 - INFO - --- Episode 35, Step 6/100 ---
2026-09-18 17:28:00,147 - INFO - HTTP Request: POST http://127.0.0.1:22446/v1/chat/completions "HTTP/1.1 200 OK"
2026-09-18 17:28:00,745 - INFO - --- Episode 35, Step 7/100 ---
2026-09-18 17:28:15,804 - INFO - HTTP Request: POST http://127.0.0.1:22446/v1/chat/completions "HTTP/1.1 200 OK"
2026-09-18 17:28:16,495 - INFO - --- Episode 35, Step 8/100 ---
2026-09-18 17:28:17,026 - INFO - --- Episode 35, Step 9/100 ---
2026-09-18 17:28:17,912 - INFO - --- Episode 35, Step 10/100 ---
2026-09-18 17:28:18,522 - INFO - --- Episode 35, Step 11/100 ---
2026-09-18 17:28:19,198 - INFO - --- Episode 35, Step 12/100 ---
2026-09-18 17:30:06,053 - INFO - HTTP Request: POST http://127.0.0.1:22446/v1/chat/completions "HTTP/1.1 200 OK"
2026-09-18 17:30:31,762 - INFO - HTTP Request: POST http://127.0.0.1:22446/v1/chat/completions "HTTP/1.1 200 OK"
2026-09-18 17:30:32,335 - INFO - --- Episode 35, Step 13/100 ---
2026-09-18 17:30:47,763 - INFO - HTTP Request: POST http://127.0.0.1:22446/v1/chat/completions "HTTP/1.1 200 OK"
2026-09-18 17:30:48,459 - INFO - --- Episode 35, Step 14/100 ---
--- Height change stabilized. Height diff: 0.17, On platform: True, Metrics: {'inlier_count': 1034, 'local_count': 21927, 'support_ratio': 0.04715647375166888, 'vertical_score': 1.0, 'plane_height_mean': -1.0124479532241821, 'agent_z': -1.0282361030578613, 'vertical_diff': 0.015788149833679155, 'area_xy': 0.6048, 'radius_est': 0.4387639674858871, 'z_std': 0.0433347262442112, 'occupied_cells': 42, 'bottom_height_tolerance': 0.1}
--- No significant floor change. Height diff: 0.17, On platform: True, Metrics: {'inlier_count': 1034, 'local_count': 21927, 'support_ratio': 0.04715647375166888, 'vertical_score': 1.0, 'plane_height_mean': -1.0124479532241821, 'agent_z': -1.0282361030578613, 'vertical_diff': 0.015788149833679155, 'area_xy': 0.6048, 'radius_est': 0.4387639674858871, 'z_std': 0.0433347262442112, 'occupied_cells': 42, 'bottom_height_tolerance': 0.1}
Updated floor height: -0.83, ceiling height: 0.97
Action: move_forward
Action: null
Action: turn
waypoints: 18
skipped waypoints: edge 2,  distance 1,  no_path 0,  occlusion 7
```json
{
"movement": "I have moved into the bedroom and am currently standing near the foot of the bed on the rug. I turned left previously to face the bed/window area, but the exit door is located to my right.",
"observation": {
    "front view": "I see the bed with a blue and green blanket, a window to the left, and a nightstand to the right.",
    "left view": "I see a closet with white shelves and another doorway leading to a bathroom.",
    "right view": "I see a black shelving unit and an open doorway leading to a hallway with a banister rail visible in the distance.",
    "map": "The map shows my current position near the foot of the bed (blue area) and the hallway (grey area) to the right."
},
"thought": "The current task is to walk out of the bedroom into the hallway. The exit door is clearly visible in the right view, located past the black shelving unit. Since I am currently facing the bed/window, I need to turn right to face the exit door before moving forward.",
"stuck": false,
"plan": "Turn right to face the exit door seen in the right view, then move forward into the hallway towards the banister rail.",
"curr_step": "The exit door is to my right. I need to turn right to align myself with the doorway. There are no numbered waypoints directly at the door, so a turning action is required first.",
"action": "R"
}
```
Action: turn
waypoints: 41
skipped waypoints: edge 4,  distance 17,  no_path 0,  occlusion 8
```json
{
"movement": "I have turned right and am now facing the black shelving unit and the doorway leading to the hallway. I am standing on the rug near the foot of the bed.",
"observation": {
    "front view": "I see a black shelving unit (B) in the center-right. To its right is an open doorway leading to a hallway with a banister. Waypoint 4 is at the base of the shelf. Waypoint 8 is further right, near the door frame.",
    "left view": "I see the bed and a nightstand with a lamp.",
    "right view": "I see the doorway more clearly, leading to the hallway. There is also a closet or storage area visible.",
    "map": "The map shows my position near the carpet (blue triangle). The hallway is the grey area to the top right. Waypoint 4 is near the shelf inside the room."
},
"thought": "I need to exit the bedroom through the door next to the black shelving unit. Waypoint 4 is located at the base of this shelf, which is directly adjacent to the exit path. Moving towards waypoint 4 will bring me close to the doorway so I can then step into the hallway.",
"stuck": false,
"plan": "Move forward towards the black shelving unit (waypoint 4) to reach the bedroom exit and prepare to enter the hallway.",
"curr_step": "I am facing the exit. Waypoint 4 is the closest waypoint near the shelf which is next to the door. I will move towards it.",
"action": 4
}
```
Action: turn
Action: move_forward
Action: turn
--- Height change stabilized. Height diff: 0.02, On platform: True, Metrics: {'inlier_count': 11733, 'local_count': 32238, 'support_ratio': 0.36394937650090115, 'vertical_score': 1.0, 'plane_height_mean': -1.2143537998199463, 'agent_z': -1.177003812789917, 'vertical_diff': 0.03734998703002934, 'area_xy': 6.177599999999999, 'radius_est': 1.402280696896661, 'z_std': 0.03127363324165344, 'occupied_cells': 429, 'bottom_height_tolerance': 0.1}
--- No significant floor change. Height diff: 0.02, On platform: True, Metrics: {'inlier_count': 11733, 'local_count': 32238, 'support_ratio': 0.36394937650090115, 'vertical_score': 1.0, 'plane_height_mean': -1.2143537998199463, 'agent_z': -1.177003812789917, 'vertical_diff': 0.03734998703002934, 'area_xy': 6.177599999999999, 'radius_est': 1.402280696896661, 'z_std': 0.03127363324165344, 'occupied_cells': 429, 'bottom_height_tolerance': 0.1}
Updated floor height: -0.98, ceiling height: 0.82
Action: move_forward
Action: null
waypoints: 14
skipped waypoints: edge 1,  distance 2,  no_path 1,  occlusion 4

```json
{
"movement": "I have moved closer to the black shelving unit at the exit of the bedroom. I am currently facing the shelf and the wall to its right. The doorway leading to the hallway is located to the right of this shelf.",
"observation": {
    "front view": "I see the black shelving unit (B) directly in front of me, slightly to the left. To the right of the shelf is a white wall and the edge of the door frame leading out.",
    "left view": "I see the bed and the desk area I just passed.",
    "right view": "I see the open doorway leading into the hallway. Through the door, I can see a banister rail and the stairs going down.",
    "map": "The map shows my current position near the carpet edge (blue triangle) in the bedroom (blue area). The hallway is the grey area to the top-right. The exit is the gap between the shelf wall and the right wall."
},
"thought": "My current task is to walk out of the bedroom into the hallway. I am currently facing the shelving unit which blocks the direct path forward. The exit door is clearly visible in my right view. To proceed, I need to turn towards the door and move through it.",
"stuck": false,
"plan": "Turn right to face the doorway, then move forward into the hallway towards the banister rail as instructed for the next subtask.",
"curr_step": "The exit is to my right. I need to turn right to align with the door. There are no visible waypoints in the hallway from this angle yet, so a turning action is required first.",
"action": "R"
}
```
Action: turn
waypoints: 16
skipped waypoints: edge 1,  distance 5,  no_path 0,  occlusion 0
```json
{
"movement": "I have turned towards the exit door and am now facing the doorway leading to the hallway. I am standing just inside the bedroom near the threshold.",
"observation": {
    "front view": "I see the open white door leading to a hallway. There are several waypoints (1, 2, 3, 4, 5, 6, 7) visible in the hallway area. Waypoint 8 is located just outside the door frame on the floor.",
    "left view": "I see the wall of the bedroom and the edge of the black shelving unit.",
    "right view": "I see the open white door and the hallway extending further.",
    "map": "The map shows my position near the carpet in the bedroom. The hallway is the grey area to the top-left. Waypoint 8 is at the transition point between the bedroom and the hallway."
},
"thought": "My current task is to walk out of the bedroom into the hallway. I am facing the exit door. Waypoint 8 is located just outside the door, marking the entry into the hallway. Moving to this waypoint will complete the first part of the instruction.",
"stuck": false,
"plan": "Move forward through the doorway into the hallway towards waypoint 8.",
"curr_step": "I am facing the exit. Waypoint 8 is the closest waypoint in the hallway direction, located just past the door frame. I will move to it.",
"action": 8
}
```
Action: turn
2026-09-18 17:30:49,291 - INFO - --- Episode 35, Step 15/100 ---
2026-09-18 17:30:49,726 - INFO - --- Episode 35, Step 16/100 ---
2026-09-18 17:30:50,307 - INFO - --- Episode 35, Step 17/100 ---
2026-09-18 17:31:31,807 - INFO - HTTP Request: POST http://127.0.0.1:22446/v1/chat/completions "HTTP/1.1 200 OK"
2026-09-18 17:32:02,625 - INFO - HTTP Request: POST http://127.0.0.1:22446/v1/chat/completions "HTTP/1.1 200 OK"
2026-09-18 17:32:25,755 - INFO - HTTP Request: POST http://127.0.0.1:22446/v1/chat/completions "HTTP/1.1 200 OK"
2026-09-18 17:32:26,320 - INFO - --- Episode 35, Step 18/100 ---
2026-09-18 17:32:56,187 - INFO - HTTP Request: POST http://127.0.0.1:22446/v1/chat/completions "HTTP/1.1 200 OK"
2026-09-18 17:33:14,243 - INFO - HTTP Request: POST http://127.0.0.1:22446/v1/chat/completions "HTTP/1.1 200 OK"
2026-09-18 17:33:24,374 - INFO - HTTP Request: POST http://127.0.0.1:22446/v1/chat/completions "HTTP/1.1 200 OK"
 72%|███████▏  | 36/50 [5:56:58<2:52:06, 737.64s/it]Renderer: NVIDIA GeForce RTX 4090/PCIe/SSE2 by NVIDIA Corporation
OpenGL version: 4.6.0 NVIDIA 590.48.01
Using optional features:
    GL_ARB_vertex_array_object
    GL_ARB_separate_shader_objects
    GL_ARB_robustness
    GL_ARB_texture_storage
    GL_ARB_texture_view
    GL_ARB_framebuffer_no_attachments
    GL_ARB_invalidate_subdata
    GL_ARB_texture_storage_multisample
    GL_ARB_multi_bind
    GL_ARB_direct_state_access
    GL_ARB_get_texture_sub_image
    GL_ARB_texture_filter_anisotropic
    GL_KHR_debug
    GL_KHR_parallel_shader_compile
    GL_NV_depth_buffer_float
Using driver workarounds:
    no-forward-compatible-core-context
    nv-egl-incorrect-gl11-function-pointers
    no-layout-qualifiers-on-old-glsl
    nv-zero-context-profile-mask
    nv-implementation-color-read-format-dsa-broken
    nv-cubemap-inconsistent-compressed-image-size
    nv-cubemap-broken-full-compressed-image-query
    nv-compressed-block-size-in-bits
[17:33:26:320987]:[Warning]:[Metadata] SceneDatasetAttributes.cpp(107)::addNewSceneInstanceToDataset : Dataset : 'default' : Lighting Layout Attributes 'no_lights' specified in Scene Attributes but does not exist in dataset, so creating default.
2026-09-18 17:33:31,570 - INFO - Simulator initialized!
2026-09-18 17:33:53,435 - INFO - HTTP Request: POST http://127.0.0.1:22446/v1/chat/completions "HTTP/1.1 200 OK"
2026-09-18 17:33:54,167 - INFO - --- Episode 36, Step 1/100 ---
2026-09-18 17:37:21,202 - INFO - HTTP Request: POST http://127.0.0.1:22446/v1/chat/completions "HTTP/1.1 200 OK"
2026-09-18 17:40:25,639 - INFO - HTTP Request: POST http://127.0.0.1:22446/v1/chat/completions "HTTP/1.1 200 OK"
2026-09-18 17:43:12,049 - INFO - HTTP Request: POST http://127.0.0.1:22446/v1/chat/completions "HTTP/1.1 200 OK"
2026-09-18 17:43:12,803 - INFO - --- Episode 36, Step 2/100 ---
2026-09-18 17:45:35,858 - INFO - HTTP Request: POST http://127.0.0.1:22446/v1/chat/completions "HTTP/1.1 200 OK"
2026-09-18 17:47:45,180 - INFO - HTTP Request: POST http://127.0.0.1:22446/v1/chat/completions "HTTP/1.1 200 OK"
2026-09-18 17:49:36,833 - INFO - HTTP Request: POST http://127.0.0.1:22446/v1/chat/completions "HTTP/1.1 200 OK"
 74%|███████▍  | 37/50 [6:13:10<2:55:02, 807.89s/it]Renderer: NVIDIA GeForce RTX 4090/PCIe/SSE2 by NVIDIA Corporation
OpenGL version: 4.6.0 NVIDIA 590.48.01
Using optional features:
    GL_ARB_vertex_array_object
    GL_ARB_separate_shader_objects
    GL_ARB_robustness
    GL_ARB_texture_storage
    GL_ARB_texture_view
    GL_ARB_framebuffer_no_attachments
    GL_ARB_invalidate_subdata
    GL_ARB_texture_storage_multisample
    GL_ARB_multi_bind
    GL_ARB_direct_state_access
    GL_ARB_get_texture_sub_image
    GL_ARB_texture_filter_anisotropic
    GL_KHR_debug
    GL_KHR_parallel_shader_compile
    GL_NV_depth_buffer_float
Using driver workarounds:
    no-forward-compatible-core-context
    nv-egl-incorrect-gl11-function-pointers
    no-layout-qualifiers-on-old-glsl
    nv-zero-context-profile-mask
    nv-implementation-color-read-format-dsa-broken
    nv-cubemap-inconsistent-compressed-image-size
    nv-cubemap-broken-full-compressed-image-query
    nv-compressed-block-size-in-bits
[17:49:38:142274]:[Warning]:[Metadata] SceneDatasetAttributes.cpp(107)::addNewSceneInstanceToDataset : Dataset : 'default' : Lighting Layout Attributes 'no_lights' specified in Scene Attributes but does not exist in dataset, so creating default.
2026-09-18 17:49:43,289 - INFO - Simulator initialized!
2026-09-18 17:50:06,896 - INFO - HTTP Request: POST http://127.0.0.1:22446/v1/chat/completions "HTTP/1.1 200 OK"
2026-09-18 17:50:07,610 - INFO - --- Episode 37, Step 1/100 ---
2026-09-18 17:50:34,593 - INFO - HTTP Request: POST http://127.0.0.1:22446/v1/chat/completions "HTTP/1.1 200 OK"
2026-09-18 17:50:35,260 - INFO - --- Episode 37, Step 2/100 ---
2026-09-18 17:50:36,061 - INFO - --- Episode 37, Step 3/100 ---
2026-09-18 17:50:36,792 - INFO - --- Episode 37, Step 4/100 ---
2026-09-18 17:50:37,669 - INFO - --- Episode 37, Step 5/100 ---
2026-09-18 17:50:38,296 - INFO - --- Episode 37, Step 6/100 ---
2026-09-18 17:50:38,850 - INFO - --- Episode 37, Step 7/100 ---
2026-09-18 17:50:39,428 - INFO - --- Episode 37, Step 8/100 ---
2026-09-18 17:50:40,043 - INFO - --- Episode 37, Step 9/100 ---
2026-09-18 17:50:40,826 - INFO - --- Episode 37, Step 10/100 ---
2026-09-18 17:51:04,248 - INFO - HTTP Request: POST http://127.0.0.1:22446/v1/chat/completions "HTTP/1.1 200 OK"
2026-09-18 17:51:04,966 - INFO - --- Episode 37, Step 11/100 ---
2026-09-18 17:51:05,665 - INFO - --- Episode 37, Step 12/100 ---
2026-09-18 17:51:06,335 - INFO - --- Episode 37, Step 13/100 ---
2026-09-18 17:51:06,929 - INFO - --- Episode 37, Step 14/100 ---
2026-09-18 17:51:07,839 - INFO - --- Episode 37, Step 15/100 ---
2026-09-18 17:51:08,448 - INFO - --- Episode 37, Step 16/100 ---
2026-09-18 17:52:13,161 - INFO - HTTP Request: POST http://127.0.0.1:22446/v1/chat/completions "HTTP/1.1 200 OK"
2026-09-18 17:52:13,971 - INFO - --- Episode 37, Step 17/100 ---
2026-09-18 17:52:14,657 - INFO - --- Episode 37, Step 18/100 ---
2026-09-18 17:52:15,309 - INFO - --- Episode 37, Step 19/100 ---
2026-09-18 17:52:16,116 - INFO - --- Episode 37, Step 20/100 ---
2026-09-18 17:52:16,806 - INFO - --- Episode 37, Step 21/100 ---
2026-09-18 17:52:17,426 - INFO - --- Episode 37, Step 22/100 ---
2026-09-18 17:52:18,039 - INFO - --- Episode 37, Step 23/100 ---
2026-09-18 17:52:48,609 - INFO - HTTP Request: POST http://127.0.0.1:22446/v1/chat/completions "HTTP/1.1 200 OK"
--- Height change stabilized. Height diff: 0.08, On platform: True, Metrics: {'inlier_count': 2019, 'local_count': 29496, 'support_ratio': 0.06844995931419684, 'vertical_score': 1.0, 'plane_height_mean': -1.1293518543243408, 'agent_z': -1.119438600540161, 'vertical_diff': 0.009913253784179732, 'area_xy': 1.08, 'radius_est': 0.586323014283504, 'z_std': 0.04756702855229378, 'occupied_cells': 75, 'bottom_height_tolerance': 0.1}
--- No significant floor change. Height diff: 0.08, On platform: True, Metrics: {'inlier_count': 2019, 'local_count': 29496, 'support_ratio': 0.06844995931419684, 'vertical_score': 1.0, 'plane_height_mean': -1.1293518543243408, 'agent_z': -1.119438600540161, 'vertical_diff': 0.009913253784179732, 'area_xy': 1.08, 'radius_est': 0.586323014283504, 'z_std': 0.04756702855229378, 'occupied_cells': 75, 'bottom_height_tolerance': 0.1}
Updated floor height: -0.92, ceiling height: 0.88
Action: move_forward
Action: null
Action: turn
waypoints: 37
skipped waypoints: edge 2,  distance 18,  no_path 2,  occlusion 8
```json
{
"movement": "I have exited the bedroom and am now standing in the hallway near the threshold. The banister rail is visible on my left, overlooking the stairs. I am facing down the hallway


Action: stop
waypoints: 37
skipped waypoints: edge 2,  distance 18,  no_path 2,  occlusion 8



Action: stop
['Turn right and walk straight until you are standing in a bedroom door, then stop.']
Initialized data for new floor level: 0
Switching pcds to floor level: 0
Initialized data for new floor level: 0
Switching pcds to floor level: 0
Initialized data for new floor level: 0
Switching pcds to floor level: 0
[StairDetect] normals=0.0034s, cpu=0.0002s, cluster=0.0331s, loop=0.0413s, total=0.0834s
waypoints: 34
skipped waypoints: edge 1,  distance 7,  no_path 0,  occlusion 8



Calculated floor height difference: 2.67m
Action: stop
waypoints: 21
skipped waypoints: edge 0,  distance 5,  no_path 0,  occlusion 6



Action: stop
['Go straight past the bed and into the hallway.', 'Enter the bedroom straight ahead and wait there.']
Initialized data for new floor level: 0
Switching pcds to floor level: 0
Initialized data for new floor level: 0
Switching pcds to floor level: 0
Initialized data for new floor level: 0
Switching pcds to floor level: 0
[StairDetect] normals=0.0035s, cpu=0.0002s, cluster=0.0331s, loop=0.0416s, total=0.0838s
waypoints: 34
skipped waypoints: edge 1,  distance 7,  no_path 0,  occlusion 8
```json
{
"movement": "I am currently standing near the foot of the bed, facing the wall with pictures (B). The hallway exit is visible to the left in the front view. I need to move towards that exit.",
"observation": {
    "front view": "I see the foot of the bed and the wall with two framed pictures (B) behind it. To the left, there is an open doorway leading to a hallway. Waypoints 14 and 12 are visible near this doorway.",
    "left view": "A white wall is immediately to my left.",
    "right view": "Windows with blinds and a grey armchair with an orange pillow are to my right.",
    "map": "The map shows the bedroom layout. The bed is the blue area in the center. The hallway is the long grey area extending to the top-left. I am near the 'START' point (bottom right) and need to move towards the hallway entrance near waypoint 14."
},
"thought": "My current subtask is to go past the bed and into the hallway. I am currently positioned near the foot of the bed. The exit to the hallway is clearly visible to the left in the front view and corresponds to the area near waypoint 14 on the map. Moving towards waypoint 14 will take me past the bed and into the hallway entrance.",
"stuck": false,
"plan": "Move towards waypoint 14 to exit the bedroom and enter the hallway.",
"curr_step": "I am near the foot of the bed. To complete P1, I need to reach the hallway. Waypoint 14 is located at the threshold of the hallway entrance. Moving there will fulfill the instruction.",
"action": 14
}
```
Calculated floor height difference: 2.67m
Action: turn
Action: move_forward
Action: turn
Action: move_forward
Action: move_forward
Action: turn
Action: move_forward
Action: null
Action: turn
waypoints: 22
skipped waypoints: edge 1,  distance 9,  no_path 1,  occlusion 5
```json
{
"movement": "I have moved from the bedroom towards the hallway entrance. I am currently standing near the threshold, facing a closet wall/closet doors (B). The hallway extends to the left of these doors.",
"observation": {
    "front view": "I see white closet doors (B) directly ahead. To the left of the closet doors is the opening to the hallway. Waypoint 1 is visible further down in the hallway. Waypoint 3 is near the door frame on the right side of the hallway entrance.",
    "left view": "I see the hallway extending away, with a couch and shelves visible in the distance (from previous turns).",
    "right view": "I see the interior of the bedroom I just left, including the bed and windows.",
    "map": "The map shows my current position (red triangle) near waypoint 6. The hallway is the long grey area extending upwards/leftwards. Waypoint 1 is located in the middle of this hallway."
},
"thought": "I have successfully passed the bed and reached the bedroom exit. My current subtask is to go 'into the hallway'. I am currently facing a closet wall, but the hallway entrance is just to the left. To complete P1, I need to move into that hallway space. Waypoint 1 is located clearly within the hallway, making it a good target to fulfill the instruction.",
"stuck": false,
"plan": "Move forward into the hallway towards waypoint 1.",
"curr_step": "I am at the bedroom exit. To enter the hallway as instructed, I need to move past the door frame and down the hall. Waypoint 1 is a suitable target in the hallway.",
"action": 1
}
```
Action: move_forward
Action: turn
Action: move_forward
Action: turn
Action: move_forward
Action: null
waypoints: 19
skipped waypoints: edge 2,  distance 10,  no_path 0,  occlusion 1
```json
{
"movement": "I have moved from the bedroom into the hallway and am now proceeding down the corridor. I passed the living area on my left and closet doors on my right.",
"observation": {
    "front view": "The hallway continues straight ahead. There are doorways on both the left (near waypoint 3) and right (near waypoint 1) sides further down. The path leads towards an opening at the end of the hall.",
    "left view": "I see the living area with a sofa and bookshelf that I just passed.",
    "right view": "I see white closet doors/walls immediately to my right.",
    "map": "The map shows my current position (red triangle) near waypoint 5. The path continues forward (North) towards the top of the map. Waypoint 1 is located further down the hallway, slightly to the right."
},
"thought": "I have completed the first part of the instruction by entering the hallway. Now I need to 'Enter the bedroom straight ahead'. The bedroom is likely at the end of this hallway or near waypoint 1. Since waypoint 1 is further down the path in the direction of travel, moving towards it is the correct next step to reach the target bedroom.",
"stuck": false,
"plan": "Move forward down the hallway towards waypoint 1 to reach the bedroom at the end/side.",
"curr_step": "I am in the hallway. To complete P2 (Enter the bedroom straight ahead), I need to continue moving forward. Waypoint 1 is the next logical point along the path down the hall.",
"action": 1
}
```
Action: turn
Action: move_forward
Action: turn
Action: move_forward
Action: turn
Action: move_forward
Action: null
waypoints: 9
skipped waypoints: edge 1,  distance 1,  no_path 0,  occlusion 2
2026-09-18 17:52:49,456 - INFO - --- Episode 37, Step 24/100 ---
2026-09-18 17:52:50,322 - INFO - --- Episode 37, Step 25/100 ---
2026-09-18 17:52:50,984 - INFO - --- Episode 37, Step 26/100 ---
2026-09-18 17:52:51,602 - INFO - --- Episode 37, Step 27/100 ---
2026-09-18 17:52:52,231 - INFO - --- Episode 37, Step 28/100 ---
2026-09-18 17:52:52,887 - INFO - --- Episode 37, Step 29/100 ---
2026-09-18 17:53:20,075 - INFO - HTTP Request: POST http://127.0.0.1:22446/v1/chat/completions "HTTP/1.1 200 OK"
2026-09-18 17:53:21,261 - INFO - --- Episode 37, Step 30/100 ---
2026-09-18 17:53:22,006 - INFO - --- Episode 37, Step 31/100 ---
2026-09-18 17:53:22,725 - INFO - --- Episode 37, Step 32/100 ---
2026-09-18 17:53:23,461 - INFO - --- Episode 37, Step 33/100 ---
2026-09-18 17:53:24,171 - INFO - --- Episode 37, Step 34/100 ---
2026-09-18 17:53:25,201 - INFO - --- Episode 37, Step 35/100 ---
2026-09-18 17:53:25,992 - INFO - --- Episode 37, Step 36/100 ---
2026-09-18 17:53:55,678 - INFO - HTTP Request: POST http://127.0.0.1:22446/v1/chat/completions "HTTP/1.1 200 OK"
2026-09-18 17:53:56,801 - INFO - --- Episode 37, Step 37/100 ---
2026-09-18 17:53:57,623 - INFO - --- Episode 37, Step 38/100 ---
2026-09-18 17:53:58,671 - INFO - --- Episode 37, Step 39/100 ---
2026-09-18 17:55:06,277 - INFO - HTTP Request: POST http://127.0.0.1:22446/v1/chat/completions "HTTP/1.1 200 OK"
2026-09-18 17:55:48,976 - INFO - HTTP Request: POST http://127.0.0.1:22446/v1/chat/completions "HTTP/1.1 200 OK"
2026-09-18 17:55:52,834 - INFO - HTTP Request: POST http://127.0.0.1:22446/v1/chat/completions "HTTP/1.1 500 Internal Server Error"
2026-09-18 17:55:52,835 - INFO - Retrying request to /chat/completions in 0.487919 seconds
2026-09-18 17:56:40,918 - INFO - HTTP Request: POST http://127.0.0.1:22446/v1/chat/completions "HTTP/1.1 200 OK"
2026-09-18 17:56:42,130 - INFO - --- Episode 37, Step 40/100 ---
2026-09-18 17:57:25,053 - INFO - HTTP Request: POST http://127.0.0.1:22446/v1/chat/completions "HTTP/1.1 200 OK"
2026-09-18 17:57:56,673 - INFO - HTTP Request: POST http://127.0.0.1:22446/v1/chat/completions "HTTP/1.1 200 OK"
2026-09-18 17:58:18,818 - INFO - HTTP Request: POST http://127.0.0.1:22446/v1/chat/completions "HTTP/1.1 200 OK"
 76%|███████▌  | 38/50 [6:21:54<2:24:34, 722.88s/it]Renderer: NVIDIA GeForce RTX 4090/PCIe/SSE2 by NVIDIA Corporation
OpenGL version: 4.6.0 NVIDIA 590.48.01
Using optional features:
    GL_ARB_vertex_array_object
    GL_ARB_separate_shader_objects
    GL_ARB_robustness
    GL_ARB_texture_storage
    GL_ARB_texture_view
    GL_ARB_framebuffer_no_attachments
    GL_ARB_invalidate_subdata
    GL_ARB_texture_storage_multisample
    GL_ARB_multi_bind
    GL_ARB_direct_state_access
    GL_ARB_get_texture_sub_image
    GL_ARB_texture_filter_anisotropic
    GL_KHR_debug
    GL_KHR_parallel_shader_compile
    GL_NV_depth_buffer_float
Using driver workarounds:
    no-forward-compatible-core-context
    nv-egl-incorrect-gl11-function-pointers
    no-layout-qualifiers-on-old-glsl
    nv-zero-context-profile-mask
    nv-implementation-color-read-format-dsa-broken
    nv-cubemap-inconsistent-compressed-image-size
    nv-cubemap-broken-full-compressed-image-query
    nv-compressed-block-size-in-bits
[17:58:22:669434]:[Warning]:[Metadata] SceneDatasetAttributes.cpp(107)::addNewSceneInstanceToDataset : Dataset : 'default' : Lighting Layout Attributes 'no_lights' specified in Scene Attributes but does not exist in dataset, so creating default.
2026-09-18 17:58:28,021 - INFO - Simulator initialized!
2026-09-18 17:58:55,720 - INFO - HTTP Request: POST http://127.0.0.1:22446/v1/chat/completions "HTTP/1.1 200 OK"
2026-09-18 17:58:56,431 - INFO - --- Episode 38, Step 1/100 ---
2026-09-18 17:59:27,644 - INFO - HTTP Request: POST http://127.0.0.1:22446/v1/chat/completions "HTTP/1.1 200 OK"
2026-09-18 17:59:28,538 - INFO - --- Episode 38, Step 2/100 ---
2026-09-18 17:59:29,166 - INFO - --- Episode 38, Step 3/100 ---
2026-09-18 17:59:29,819 - INFO - --- Episode 38, Step 4/100 ---
2026-09-18 17:59:30,651 - INFO - --- Episode 38, Step 5/100 ---
2026-09-18 17:59:51,046 - INFO - HTTP Request: POST http://127.0.0.1:22446/v1/chat/completions "HTTP/1.1 200 OK"
2026-09-18 17:59:51,758 - INFO - --- Episode 38, Step 6/100 ---
2026-09-18 17:59:52,343 - INFO - --- Episode 38, Step 7/100 ---
2026-09-18 17:59:52,888 - INFO - --- Episode 38, Step 8/100 ---
2026-09-18 17:59:53,434 - INFO - --- Episode 38, Step 9/100 ---
2026-09-18 17:59:54,145 - INFO - --- Episode 38, Step 10/100 ---
2026-09-18 18:00:08,616 - INFO - HTTP Request: POST http://127.0.0.1:22446/v1/chat/completions "HTTP/1.1 200 OK"
```json
{
"movement": "I have walked down the hallway and reached a junction where a white wall corner (B) blocks my direct path forward. To the left of this wall, there is an opening leading into another room.",
"observation": {
    "front view": "I see a white wall corner (B) directly ahead. To the left of it, there is a doorway/opening through which I can see a bed in the distance. To the right is a kitchen/dining area.",
    "left view": "I see a living area with a sofa and desk.",
    "right view": "I see a bathroom with a toilet visible.",
    "map": "My current position (red triangle) is near waypoint 4. Waypoint 2 is located to the left, around the corner of the wall B, leading towards the room with the bed."
},
"thought": "The instruction is to 'Enter the bedroom straight ahead'. Looking through the opening to the left of wall B in the front view, I can see a bed, which confirms this is the target bedroom. To reach it, I need to navigate around the corner of wall B. Waypoint 2 is positioned to guide me around this corner and into that area.",
"stuck": false,
"plan": "Move towards waypoint 2 to go around the wall corner and enter the bedroom visible ahead.",
"curr_step": "I am at the junction facing wall B. The target bedroom is through the opening to the left of B. Moving to waypoint 2 will take me around the corner towards that entrance.",
"action": 2
}
```
Action: turn
Action: move_forward
Action: turn
Action: move_forward
Action: null
Action: turn
waypoints: 9
skipped waypoints: edge 1,  distance 2,  no_path 0,  occlusion 0
```json
{
"movement": "I have navigated from the initial bedroom, through the hallway, past the living area, and arrived at a junction near a bathroom. I am currently facing an opening that leads into a carpeted room.",
"observation": {
    "front view": "Directly ahead is an opening leading into a room with carpet flooring. Through the opening, I can see furniture in the distance. To the left is a bathroom with a tub. To the right is a wall/door frame.",
    "left view": "I see the bathroom area with a bathtub and window blinds.",
    "right view": "I see a white wall and a doorway leading to another area (possibly a closet or another room).",
    "map": "My current position (red triangle) is near waypoint 2. Waypoint 1 is located inside the carpeted room straight ahead, which appears to be the target bedroom."
},
"thought": "The instruction is to 'Enter the bedroom straight ahead'. The room visible through the opening in front of me has carpet and looks like a bedroom. I am currently at the threshold (near waypoint 2). To enter it, I need to move forward into that space. Waypoint 1 is located inside that room.",
"stuck": false,
"plan": "Move forward into the carpeted bedroom through the opening ahead.",
"curr_step": "I am at the entrance of the target bedroom. Moving to waypoint 1 will place me inside the room as instructed.",
"action": 1
}
```
Action: turn
Action: move_forward
Action: turn
Action: move_forward
Action: turn
Action: move_forward
Action: null
waypoints: 10
skipped waypoints: edge 1,  distance 0,  no_path 0,  occlusion 4
```json
{
"movement": "I have moved from the hallway junction, turned left, and entered the doorway of the bedroom. I am now standing at the threshold looking into the room.",
"observation": {
    "front view": "I see a bed with orange and grey pillows directly ahead. To the left is a window with blinds. To the right is a wall with circular decorations.",
    "left view": "A large window with blinds is visible on the left wall.",
    "right view": "A white wall with three black circular decorations is immediately to my right.",
    "map": "My current position (red triangle) is just inside the entrance of the bedroom (blue area). Waypoint 4 is located in the open floor space in the middle of the room."
},
"thought": "The instruction is to 'Enter the bedroom straight ahead and wait there.' I am currently at the entrance. To fully enter the room and position myself appropriately, I need to move further into the open space. Waypoint 4 is located in the center of the room's floor area, which is a good spot to be inside the room.",
"stuck": false,
"plan": "Move forward into the bedroom towards the center of the room (waypoint 4).",
"curr_step": "I am at the entrance. Moving to waypoint 4 will take me fully into the bedroom.",
"action": 4
}
```
Action: turn
Action: move_forward
Action: null
waypoints: 7
skipped waypoints: edge 1,  distance 0,  no_path 0,  occlusion 2



Action: stop
waypoints: 7
skipped waypoints: edge 1,  distance 0,  no_path 0,  occlusion 2



Action: stop
['Walk past the bed', 'move straight until you have pasts through 3 doorways.']
Initialized data for new floor level: 0
Switching pcds to floor level: 0
Initialized data for new floor level: 0
Switching pcds to floor level: 0
Initialized data for new floor level: 0
Switching pcds to floor level: 0
[StairDetect] normals=0.0042s, cpu=0.0002s, cluster=0.0334s, loop=0.0425s, total=0.0859s
waypoints: 34
skipped waypoints: edge 1,  distance 7,  no_path 0,  occlusion 8
```json
{
"movement": "Move forward and slightly left towards the open space near the foot of the bed, aiming for waypoint 16.",
"observation": {
    "front view": "The foot of the bed is directly ahead. To the left, there is an open doorway leading out of the room. To the right are windows with blinds.",
    "left view": "A white wall and the edge of the doorway are visible.",
    "right view": "A chair with an orange pillow and windows with blinds are visible.",
    "map": "I am near the 'START' position at the foot of the bed. Waypoint 16 is located in the open space to the left of the foot of the bed, leading towards the exit."
},
"thought": "I am currently at the foot of the bed. The instruction is to 'Walk past the bed'. The exit door is visible to the left in the front view. To walk past the bed and head towards the exit, I need to move into the open space on the left side of the room. Waypoint 16 is located in this open space near the foot of the bed, which will allow me to clear the bed and align with the doorway for the next subtask.",
"stuck": false,
"plan": "Move towards waypoint 16 to get past the foot of the bed and position myself to exit through the doorway on the left. After exiting, I will proceed to the next subtask of moving through three doorways.",
"curr_step": "I need to move from my current position towards waypoint 16 to clear the foot of the bed.",
"action": 16
}
```
Calculated floor height difference: 2.67m
Action: turn
Action: move_forward
Action: null
Action: turn
waypoints: 18
skipped waypoints: edge 1,  distance 6,  no_path 1,  occlusion 5
```json
{
"movement": "Move forward and slightly left towards the doorway exit.",
"observation": {
    "front view": "I see the foot of the bed with a tree pattern on the duvet. To the left is an open doorway leading out of the bedroom into a hallway. Waypoint 4 is located just outside this doorway.",
    "left view": "A white wall and the edge of the door frame are visible.",
    "right view": "The bed and windows with blinds are visible.",
    "map": "I am near the foot of the bed (START area). Waypoint 4 is through the doorway on the left side of the room, leading to the hallway."
},
"thought": "I have reached the foot of the bed. The instruction 'Walk past the bed' implies leaving the immediate vicinity of the bed. The exit door is to my front-left (waypoint 4). Moving through this door will complete the task of walking past the bed and position me in the hallway to begin the next subtask of moving through three doorways.",
"stuck": false,
"plan": "Move towards waypoint 4 to exit the bedroom through the doorway. This will complete P1 and allow me to proceed to P2.",
"curr_step": "I need to move from my current position at the foot of the bed towards the exit doorway (waypoint 4).",
"action": 4
}
```
Action: move_forward
Action: turn
Action: move_forward
Action: null
Action: turn
waypoints: 19
skipped waypoints: edge 2,  distance 9,  no_path 0,  occlusion 4
2026-09-18 18:00:09,319 - INFO - --- Episode 38, Step 11/100 ---
2026-09-18 18:00:09,906 - INFO - --- Episode 38, Step 12/100 ---
2026-09-18 18:00:10,670 - INFO - --- Episode 38, Step 13/100 ---
2026-09-18 18:00:11,369 - INFO - --- Episode 38, Step 14/100 ---
2026-09-18 18:00:12,221 - INFO - --- Episode 38, Step 15/100 ---
2026-09-18 18:00:12,844 - INFO - --- Episode 38, Step 16/100 ---
2026-09-18 18:00:13,496 - INFO - --- Episode 38, Step 17/100 ---
2026-09-18 18:00:38,511 - INFO - HTTP Request: POST http://127.0.0.1:22446/v1/chat/completions "HTTP/1.1 200 OK"
2026-09-18 18:00:39,355 - INFO - --- Episode 38, Step 18/100 ---
2026-09-18 18:00:39,990 - INFO - --- Episode 38, Step 19/100 ---
2026-09-18 18:00:40,635 - INFO - --- Episode 38, Step 20/100 ---
2026-09-18 18:00:41,253 - INFO - --- Episode 38, Step 21/100 ---
2026-09-18 18:00:41,880 - INFO - --- Episode 38, Step 22/100 ---
2026-09-18 18:00:42,492 - INFO - --- Episode 38, Step 23/100 ---
2026-09-18 18:00:43,113 - INFO - --- Episode 38, Step 24/100 ---
2026-09-18 18:01:01,129 - INFO - HTTP Request: POST http://127.0.0.1:22446/v1/chat/completions "HTTP/1.1 200 OK"
2026-09-18 18:01:02,246 - INFO - --- Episode 38, Step 25/100 ---
2026-09-18 18:01:02,907 - INFO - --- Episode 38, Step 26/100 ---
2026-09-18 18:01:03,566 - INFO - --- Episode 38, Step 27/100 ---
2026-09-18 18:01:04,193 - INFO - --- Episode 38, Step 28/100 ---
2026-09-18 18:01:04,857 - INFO - --- Episode 38, Step 29/100 ---
2026-09-18 18:01:05,720 - INFO - --- Episode 38, Step 30/100 ---
2026-09-18 18:01:23,151 - INFO - HTTP Request: POST http://127.0.0.1:22446/v1/chat/completions "HTTP/1.1 200 OK"
2026-09-18 18:01:24,062 - INFO - --- Episode 38, Step 31/100 ---
2026-09-18 18:01:24,772 - INFO - --- Episode 38, Step 32/100 ---
2026-09-18 18:01:25,485 - INFO - --- Episode 38, Step 33/100 ---
2026-09-18 18:01:26,268 - INFO - --- Episode 38, Step 34/100 ---
2026-09-18 18:01:27,291 - INFO - --- Episode 38, Step 35/100 ---
2026-09-18 18:01:28,141 - INFO - --- Episode 38, Step 36/100 ---
2026-09-18 18:01:29,234 - INFO - --- Episode 38, Step 37/100 ---
2026-09-18 18:02:05,234 - INFO - HTTP Request: POST http://127.0.0.1:22446/v1/chat/completions "HTTP/1.1 200 OK"
2026-09-18 18:02:06,491 - INFO - --- Episode 38, Step 38/100 ---
2026-09-18 18:02:07,449 - INFO - --- Episode 38, Step 39/100 ---
2026-09-18 18:02:08,617 - INFO - --- Episode 38, Step 40/100 ---
2026-09-18 18:02:09,708 - INFO - --- Episode 38, Step 41/100 ---
2026-09-18 18:02:10,588 - INFO - --- Episode 38, Step 42/100 ---
2026-09-18 18:02:11,586 - INFO - --- Episode 38, Step 43/100 ---
2026-09-18 18:02:13,048 - INFO - --- Episode 38, Step 44/100 ---
2026-09-18 18:02:48,195 - INFO - HTTP Request: POST http://127.0.0.1:22446/v1/chat/completions "HTTP/1.1 200 OK"
2026-09-18 18:03:06,712 - INFO - HTTP Request: POST http://127.0.0.1:22446/v1/chat/completions "HTTP/1.1 200 OK"
```json
{
"movement": "Move forward into the hallway, passing the bedroom exit.",
"observation": {
    "front view": "I see a hallway extending forward with white closet doors on the right and an opening to a living area on the left. Waypoint 2 is further down this hallway.",
    "left view": "A living area with a couch and a large boombox poster is visible through an opening.",
    "right view": "White closet doors are immediately to my right.",
    "map": "I am at the threshold of the bedroom, facing down the hallway. Waypoint 2 is located further down the hall."
},
"thought": "I have successfully walked past the bed and exited the bedroom. I am now in the hallway. The next part of the instruction is to 'move straight until you have pasts through 3 doorways'. I need to proceed down this hallway to start counting the doorways.",
"stuck": false,
"plan": "Move forward down the hallway towards waypoint 2 to continue the path and approach the first few doorways.",
"curr_step": "I need to move from my current position at the bedroom exit into the hallway. Waypoint 2 is the next logical step down the hall.",
"action": 2
}
```
Action: turn
Action: move_forward
Action: turn
Action: move_forward
Action: turn
Action: move_forward
Action: null
waypoints: 21
skipped waypoints: edge 2,  distance 12,  no_path 0,  occlusion 1
```json
{
"movement": "Move forward and slightly right towards the hallway entrance, aiming for waypoint 1.",
"observation": {
    "front view": "I see a wall corner ahead. To the left is the end of the black shelving unit. To the right are white closet doors. Straight ahead past the corner seems to be a continuation of the path or another room.",
    "left view": "The living area with a sofa and rug is visible to the left.",
    "right view": "White closet doors are immediately to my right.",
    "map": "I am in the central area near the black shelf. Waypoint 1 is located further ahead, slightly to the right, near the wall/corner that marks the entrance to the next section of the house."
},
"thought": "I have completed P1 (walking past the bed). I am now working on P2 (moving straight through 3 doorways). I need to continue moving forward into the hallway/next area. Waypoint 1 is positioned in the path leading away from the living area towards the rest of the house.",
"stuck": false,
"plan": "Move towards waypoint 1 to enter the next section of the hallway and continue counting doorways.",
"curr_step": "I need to move from my current position near the black shelf towards waypoint 1 to proceed down the hall.",
"action": 1
}
```
Action: turn
Action: move_forward
Action: turn
Action: move_forward
Action: turn
Action: move_forward
Action: null
waypoints: 10
skipped waypoints: edge 1,  distance 1,  no_path 0,  occlusion 2
```json
{
"movement": "Move forward and slightly left towards the hallway entrance, aiming for waypoint 3.",
"observation": {
    "front view": "I am facing a white wall/pillar. To the left is an opening leading into a hallway/corridor area. To the right is the kitchen/living area.",
    "left view": "A living room with a sofa and large windows is visible to the left.",
    "right view": "A kitchen counter and another room entrance are visible to the right.",
    "map": "I am at the central junction. Waypoint 3 is located in the hallway/corridor to the left of the central pillar, leading further into the house."
},
"thought": "I have completed P1. I am now working on P2 (move straight through 3 doorways). I need to continue moving forward into the next section of the house. The path straight ahead is blocked by a wall/pillar, so I must veer slightly left into the hallway (towards waypoint 3) to continue the journey and find the remaining doorways.",
"stuck": false,
"plan": "Move towards waypoint 3 to enter the hallway and continue counting doorways as I proceed through the house.",
"curr_step": "I need to move from my current position near the pillar towards waypoint 3 to align with the hallway path.",
"action": 3
}
```
Action: turn
Action: move_forward
Action: turn
Action: move_forward
Action: null
Action: turn
waypoints: 9
skipped waypoints: edge 1,  distance 2,  no_path 0,  occlusion 0
```json
{
"movement": "Move forward and slightly right towards the carpeted hallway entrance, aiming for waypoint 1.",
"observation": {
    "front view": "I see a carpeted hallway extending straight ahead. To the left is a bathroom with a tub. To the right is a wall/door frame.",
    "left view": "A bathroom with a large window and bathtub is visible.",
    "right view": "A white wall with a framed picture and a doorway leading to another room (possibly a closet or bedroom) is visible.",
    "map": "I am at the junction near the bathroom. Waypoint 1 is located on the carpeted path straight ahead, leading further into the upper floor."
},
"thought": "I have completed P1. I am now working on P2 (move straight through 3 doorways). I have passed the bedroom exit and entered the central landing area. The instruction says to move straight until I pass through 3 doorways. Moving down this carpeted hallway (towards waypoint 1) is the logical next step to encounter more doorways.",
"stuck": false,
"plan": "Move towards waypoint 1 to proceed down the carpeted hallway and continue counting doorways.",
"curr_step": "I need to move from my current position at the landing into the carpeted hallway. Waypoint 1 is the next logical step forward.",
"action": 1
}
```
Action: turn
Action: move_forward
Action: turn
Action: move_forward
Action: turn
Action: move_forward
Action: null
waypoints: 10
skipped waypoints: edge 1,  distance 0,  no_path 0,  occlusion 4
```json
{
"movement": "Move forward and slightly right towards the foot of the bed, aiming for waypoint 3.",
"observation": {
    "front view": "I am facing a bed with orange pillows. To the right is a wall with record players. To the left is a window.",
    "left view": "A window and the side of the bed are visible.",
    "right view": "A white wall with record player decorations is close by.",
    "map": "I am in a bedroom at the top of the map. Waypoint 3 is located near the foot of the bed, leading towards the exit of this room."
},
"thought": "I have entered a new bedroom with a bed featuring orange pillows. The current subtask P1 is 'Walk past the bed'. I am currently facing the bed. To walk past it and continue towards the next area (and eventually pass 3 doorways), I need to move around the foot of the bed. Waypoint 3 is positioned at the foot of the bed, which is the logical path to traverse this room.",
"stuck": false,
"plan": "Move towards waypoint 3 to walk along the foot of the bed and exit this room, continuing the journey through the house.",
"curr_step": "I need to move from my current position facing the bed towards waypoint 3 at the foot of the bed.",
"action": 3
}
```
Action: turn
Action: move_forward
Action: turn
Action: move_forward
Action: turn
Action: move_forward
Action: null
waypoints: 3
skipped waypoints: edge 2,  distance 0,  no_path 0,  occlusion 1

```json
{
"movement": "Turn left to face the doorway at the foot of the bed.",
"observation": {
    "front view": "I am facing the headboard of the bed with orange pillows and a nightstand. To the left is a window.",
    "left view": "The foot of the bed and a doorway leading out of the room are visible to the left.",
    "right view": "A wall and a mirror reflecting the bed are visible to the right.",
    "map": "I am in the blue 'bed' room at the top of the map. The exit path leads back towards the 'carpet' area below."
},
"thought": "I am currently facing the headboard of the bed. The instruction is to 'Walk past the bed'. The exit from this room is visible in my left view, located near the foot of the bed. To proceed with the task and eventually move through 3 doorways, I first need to exit this bedroom. Therefore, I need to turn left to face the doorway.",
"stuck": false,
"plan": "Turn left to face the exit doorway at the foot of the bed, then move forward to leave the room and continue down the hallway.",
"curr_step": "I need to orient myself towards the exit. The doorway is to my left.",
"action": "L"
}
```
Action: 2026-09-18 18:03:08,325 - INFO - --- Episode 38, Step 45/100 ---
2026-09-18 18:03:26,774 - INFO - HTTP Request: POST http://127.0.0.1:22446/v1/chat/completions "HTTP/1.1 200 OK"
2026-09-18 18:03:28,164 - INFO - --- Episode 38, Step 46/100 ---
2026-09-18 18:03:28,976 - INFO - --- Episode 38, Step 47/100 ---
2026-09-18 18:03:29,644 - INFO - --- Episode 38, Step 48/100 ---
2026-09-18 18:03:30,310 - INFO - --- Episode 38, Step 49/100 ---
2026-09-18 18:03:31,196 - INFO - --- Episode 38, Step 50/100 ---
2026-09-18 18:03:31,894 - INFO - --- Episode 38, Step 51/100 ---
2026-09-18 18:03:32,644 - INFO - --- Episode 38, Step 52/100 ---
2026-09-18 18:03:36,619 - INFO - HTTP Request: POST http://127.0.0.1:22446/v1/chat/completions "HTTP/1.1 400 Bad Request"
2026-09-18 18:03:38,135 - INFO - HTTP Request: POST http://127.0.0.1:22446/v1/chat/completions "HTTP/1.1 400 Bad Request"
2026-09-18 18:03:39,743 - INFO - HTTP Request: POST http://127.0.0.1:22446/v1/chat/completions "HTTP/1.1 400 Bad Request"
2026-09-18 18:03:41,929 - INFO - --- Episode 38, Step 53/100 ---
2026-09-18 18:04:14,593 - INFO - HTTP Request: POST http://127.0.0.1:22446/v1/chat/completions "HTTP/1.1 200 OK"
2026-09-18 18:04:38,380 - INFO - HTTP Request: POST http://127.0.0.1:22446/v1/chat/completions "HTTP/1.1 200 OK"
2026-09-18 18:04:54,718 - INFO - HTTP Request: POST http://127.0.0.1:22446/v1/chat/completions "HTTP/1.1 200 OK"
 78%|███████▊  | 39/50 [6:28:33<1:54:41, 625.58s/it]Renderer: NVIDIA GeForce RTX 4090/PCIe/SSE2 by NVIDIA Corporation
OpenGL version: 4.6.0 NVIDIA 590.48.01
Using optional features:
    GL_ARB_vertex_array_object
    GL_ARB_separate_shader_objects
    GL_ARB_robustness
    GL_ARB_texture_storage
    GL_ARB_texture_view
    GL_ARB_framebuffer_no_attachments
    GL_ARB_invalidate_subdata
    GL_ARB_texture_storage_multisample
    GL_ARB_multi_bind
    GL_ARB_direct_state_access
    GL_ARB_get_texture_sub_image
    GL_ARB_texture_filter_anisotropic
    GL_KHR_debug
    GL_KHR_parallel_shader_compile
    GL_NV_depth_buffer_float
Using driver workarounds:
    no-forward-compatible-core-context
    nv-egl-incorrect-gl11-function-pointers
    no-layout-qualifiers-on-old-glsl
    nv-zero-context-profile-mask
    nv-implementation-color-read-format-dsa-broken
    nv-cubemap-inconsistent-compressed-image-size
    nv-cubemap-broken-full-compressed-image-query
    nv-compressed-block-size-in-bits
[18:05:01:220794]:[Warning]:[Metadata] SceneDatasetAttributes.cpp(107)::addNewSceneInstanceToDataset : Dataset : 'default' : Lighting Layout Attributes 'no_lights' specified in Scene Attributes but does not exist in dataset, so creating default.
2026-09-18 18:05:06,813 - INFO - Simulator initialized!
2026-09-18 18:06:00,321 - INFO - HTTP Request: POST http://127.0.0.1:22446/v1/chat/completions "HTTP/1.1 200 OK"
2026-09-18 18:06:00,930 - INFO - --- Episode 39, Step 1/100 ---
2026-09-18 18:06:16,683 - INFO - HTTP Request: POST http://127.0.0.1:22446/v1/chat/completions "HTTP/1.1 200 OK"
2026-09-18 18:06:17,389 - INFO - --- Episode 39, Step 2/100 ---
2026-09-18 18:06:17,942 - INFO - --- Episode 39, Step 3/100 ---
2026-09-18 18:06:18,489 - INFO - --- Episode 39, Step 4/100 ---
2026-09-18 18:06:19,288 - INFO - --- Episode 39, Step 5/100 ---
2026-09-18 18:06:19,898 - INFO - --- Episode 39, Step 6/100 ---
2026-09-18 18:06:20,557 - INFO - --- Episode 39, Step 7/100 ---
2026-09-18 18:06:35,774 - INFO - HTTP Request: POST http://127.0.0.1:22446/v1/chat/completions "HTTP/1.1 200 OK"
2026-09-18 18:06:36,540 - INFO - --- Episode 39, Step 8/100 ---
2026-09-18 18:06:37,243 - INFO - --- Episode 39, Step 9/100 ---
2026-09-18 18:06:38,195 - INFO - --- Episode 39, Step 10/100 ---
2026-09-18 18:06:39,025 - INFO - --- Episode 39, Step 11/100 ---
2026-09-18 18:06:39,638 - INFO - --- Episode 39, Step 12/100 ---
2026-09-18 18:06:40,253 - INFO - --- Episode 39, Step 13/100 ---
2026-09-18 18:06:40,881 - INFO - --- Episode 39, Step 14/100 ---
2026-09-18 18:06:56,065 - INFO - HTTP Request: POST http://127.0.0.1:22446/v1/chat/completions "HTTP/1.1 200 OK"
2026-09-18 18:06:57,204 - INFO - --- Episode 39, Step 15/100 ---
2026-09-18 18:06:57,946 - INFO - --- Episode 39, Step 16/100 ---
2026-09-18 18:06:58,680 - INFO - --- Episode 39, Step 17/100 ---
2026-09-18 18:06:59,297 - INFO - --- Episode 39, Step 18/100 ---
2026-09-18 18:06:59,966 - INFO - --- Episode 39, Step 19/100 ---
2026-09-18 18:07:00,891 - INFO - --- Episode 39, Step 20/100 ---
2026-09-18 18:07:01,680 - INFO - --- Episode 39, Step 21/100 ---
2026-09-18 18:07:17,749 - INFO - HTTP Request: POST http://127.0.0.1:22446/v1/chat/completions "HTTP/1.1 200 OK"
turn
waypoints: 12
skipped waypoints: edge 1,  distance 6,  no_path 0,  occlusion 3
```json
{
"movement": "Move forward and slightly left towards the foot of the bed, aiming for waypoint 1.",
"observation": {
    "front view": "I see the side and foot of the bed with orange pillows. To the left is an opening leading out of the room.",
    "left view": "The exit doorway is visible to the left.",
    "right view": "The headboard and a nightstand are visible to the right.",
    "map": "I am in the blue 'bed' room. Waypoint 1 is located near the foot of the bed, leading towards the exit door."
},
"thought": "I have turned left and am now facing the foot of the bed. The exit is just ahead to the left. To complete 'Walk past the bed', I need to move towards the exit. Waypoint 1 is positioned at the foot of the bed, which is the correct path to leave this room.",
"stuck": false,
"plan": "Move towards waypoint 1 to walk past the foot of the bed and exit the bedroom through the doorway.",
"curr_step": "I need to move from my current position near the side of the bed towards waypoint 1 at the foot of the bed.",
"action": 1
}
```
Action: turn
Action: move_forward
Action: move_forward
Action: turn
Action: move_forward
Action: null
Action: turn
waypoints: 3
skipped waypoints: edge 1,  distance 0,  no_path 0,  occlusion 0
Action: stop
waypoints: 3
skipped waypoints: edge 1,  distance 0,  no_path 0,  occlusion 0



Action: stop
['Walk into the kitchen area. Walk by the sink and oven.', 'Walk straight into the hallway. turn right into the little room. Turn left and walk into the bedroom. Stop by the corner of the bed.']
Initialized data for new floor level: 0
Switching pcds to floor level: 0
Initialized data for new floor level: 0
Switching pcds to floor level: 0
Initialized data for new floor level: 0
Switching pcds to floor level: 0
[StairDetect] normals=0.0035s, cpu=0.0004s, cluster=0.0214s, loop=0.0132s, total=0.0525s
waypoints: 37
skipped waypoints: edge 1,  distance 20,  no_path 0,  occlusion 4
```json
{
"movement": "I am currently standing in the open living/dining area. I have moved slightly forward from the start position. The kitchen area is visible ahead and slightly to the right, characterized by a white island and dark cabinetry along the wall.",
"observation": {
    "front view": "Directly ahead is a hallway leading further into the house. To the right of the hallway is the kitchen area with a large white island and counters along the back wall.",
    "left view": "To my left is a living room area with a large grey sofa and a TV on the wall.",
    "right view": "To my right is a large wooden dining table near a window looking out onto greenery.",
    "map": "The map shows my current position near the 'START' point. The kitchen area corresponds to the space with the counters seen in the front view, located towards the upper right relative to my start."
},
"thought": "My current subtask is to walk into the kitchen area and pass by the sink and oven. Looking at the front view, the kitchen is situated just past the living area, towards the right side of the hallway entrance. Waypoint 1 is positioned directly in front of me, slightly to the right, leading towards the kitchen island. This is the correct path to enter the kitchen workspace.",
"stuck": false,
"plan": "I will move forward towards the kitchen island (waypoint 1) to enter the kitchen area. Once there, I will look for the sink and oven to walk past them as instructed.",
"curr_step": "I am approaching the kitchen. Waypoint 1 is the most logical next step to get closer to the kitchen counters and island.",
"action": 1
}
```
Calculated floor height difference: 2.64m
Action: turn
Action: move_forward
Action: move_forward
Action: move_forward
Action: move_forward
Action: null
waypoints: 32
skipped waypoints: edge 1,  distance 15,  no_path 0,  occlusion 9
```json
{
"movement": "I have moved forward from the previous position, approaching the gap between the white kitchen island and the main kitchen counter. I am now positioned at the entrance of the kitchen workspace.",
"observation": {
    "front view": "Directly ahead is the kitchen aisle. To the left is the end of the white island. Straight ahead/slightly right are the main kitchen counters with dark upper cabinets and light lower cabinets. The oven and sink appear to be along this back counter.",
    "left view": "The living room area with a sofa and TV is visible to the far left.",
    "right view": "A dining table and a hallway entrance are visible to the right.",
    "map": "I am currently near waypoint 1/2 on the map, positioned between the island (labeled workbench) and the main counter area."
},
"thought": "I have successfully entered the kitchen area. The instruction is to walk by the sink and oven. These appliances are located along the back counter. To do this effectively, I need to move further into the aisle between the island and the counter. Waypoint 2 is the best next step to position myself correctly within the kitchen workspace.",
"stuck": false,
"plan": "Move forward into the kitchen aisle towards waypoint 2. This will place me directly alongside the sink and oven area. After passing these, I will head towards the hallway entrance (waypoint 7) as per the next subtask.",
"curr_step": "I am at the threshold of the kitchen. Waypoint 2 is the clear path forward into the kitchen workspace to fulfill the 'walk by' requirement.",
"action": 2
}
```
Action: turn
Action: move_forward
Action: turn
Action: move_forward
Action: move_forward
Action: null
Action: turn
waypoints: 19
skipped waypoints: edge 1,  distance 9,  no_path 0,  occlusion 7
```json
{
"movement": "I have moved forward through the kitchen aisle, passing the sink on the island to my left and approaching the oven/stove area on the right counter.",
"observation": {
    "front view": "Ahead is the continuation of the kitchen aisle leading into a hallway. To the right is the main kitchen counter with the oven and stovetop. To the left is the end of the kitchen island.",
    "left view": "The kitchen island with the sink is to my left.",
    "right view": "The main kitchen counter with the oven and stovetop is to my right.",
    "map": "I am positioned near waypoint 2 on the map, moving towards the exit of the kitchen area."
},
"thought": "I am currently walking by the sink (on the island) and the oven (on the right counter). The instruction 'Walk by the sink and oven' is being fulfilled. The next part of the instruction is to 'Walk straight into the hallway'. Waypoint 1 is directly ahead and leads out of the kitchen towards that hallway.",
"stuck": false,
"plan": "Move forward through the kitchen aisle towards the hallway entrance (waypoint 1). Once in the hallway, I will look for the turn right into the little room.",
"curr_step": "I am currently alongside the oven. Moving to waypoint 1 will complete the 'walk by' action and position me to enter the hallway.",
"action": 1
}
```
Action: turn
Action: move_forward
Action: turn
Action: move_forward
Action: turn
Action: move_forward
Action: null
waypoints: 12
skipped waypoints: edge 1,  distance 5,  no_path 1,  occlusion 2
2026-09-18 18:07:18,770 - INFO - --- Episode 39, Step 22/100 ---
2026-09-18 18:07:19,438 - INFO - --- Episode 39, Step 23/100 ---
2026-09-18 18:07:20,238 - INFO - --- Episode 39, Step 24/100 ---
2026-09-18 18:07:21,105 - INFO - --- Episode 39, Step 25/100 ---
2026-09-18 18:07:21,729 - INFO - --- Episode 39, Step 26/100 ---
2026-09-18 18:07:22,381 - INFO - --- Episode 39, Step 27/100 ---
2026-09-18 18:07:23,012 - INFO - --- Episode 39, Step 28/100 ---
2026-09-18 18:07:38,651 - INFO - HTTP Request: POST http://127.0.0.1:22446/v1/chat/completions "HTTP/1.1 200 OK"
2026-09-18 18:07:39,721 - INFO - --- Episode 39, Step 29/100 ---
2026-09-18 18:07:40,584 - INFO - --- Episode 39, Step 30/100 ---
2026-09-18 18:07:41,249 - INFO - --- Episode 39, Step 31/100 ---
2026-09-18 18:07:41,883 - INFO - --- Episode 39, Step 32/100 ---
2026-09-18 18:07:42,482 - INFO - --- Episode 39, Step 33/100 ---
2026-09-18 18:07:43,202 - INFO - --- Episode 39, Step 34/100 ---
2026-09-18 18:07:44,107 - INFO - --- Episode 39, Step 35/100 ---
2026-09-18 18:08:02,526 - INFO - HTTP Request: POST http://127.0.0.1:22446/v1/chat/completions "HTTP/1.1 200 OK"
2026-09-18 18:08:03,620 - INFO - --- Episode 39, Step 36/100 ---
2026-09-18 18:08:05,282 - INFO - --- Episode 39, Step 37/100 ---
2026-09-18 18:08:06,392 - INFO - --- Episode 39, Step 38/100 ---
2026-09-18 18:08:07,304 - INFO - --- Episode 39, Step 39/100 ---
2026-09-18 18:08:08,656 - INFO - --- Episode 39, Step 40/100 ---
2026-09-18 18:08:09,494 - INFO - --- Episode 39, Step 41/100 ---
2026-09-18 18:08:10,336 - INFO - --- Episode 39, Step 42/100 ---
2026-09-18 18:09:06,670 - INFO - HTTP Request: POST http://127.0.0.1:22446/v1/chat/completions "HTTP/1.1 200 OK"
2026-09-18 18:09:33,535 - INFO - HTTP Request: POST http://127.0.0.1:22446/v1/chat/completions "HTTP/1.1 200 OK"
2026-09-18 18:09:53,673 - INFO - HTTP Request: POST http://127.0.0.1:22446/v1/chat/completions "HTTP/1.1 200 OK"
2026-09-18 18:09:54,807 - INFO - --- Episode 39, Step 43/100 ---
2026-09-18 18:10:35,815 - INFO - HTTP Request: POST http://127.0.0.1:22446/v1/chat/completions "HTTP/1.1 200 OK"
2026-09-18 18:10:54,068 - INFO - HTTP Request: POST http://127.0.0.1:22446/v1/chat/completions "HTTP/1.1 200 OK"
2026-09-18 18:10:55,055 - INFO - --- Episode 39, Step 44/100 ---
2026-09-18 18:11:18,533 - INFO - HTTP Request: POST http://127.0.0.1:22446/v1/chat/completions "HTTP/1.1 200 OK"
2026-09-18 18:11:29,204 - INFO - HTTP Request: POST http://127.0.0.1:22446/v1/chat/completions "HTTP/1.1 200 OK"
2026-09-18 18:11:30,898 - INFO - HTTP Request: POST http://127.0.0.1:22446/v1/chat/completions "HTTP/1.1 400 Bad Request"
 80%|████████  | 40/50 [6:35:06<1:32:40, 556.01s/it]Renderer: NVIDIA GeForce RTX 4090/PCIe/SSE2 by NVIDIA Corporation
OpenGL version: 4.6.0 NVIDIA 590.48.01
Using optional features:
    GL_ARB_vertex_array_object
    GL_ARB_separate_shader_objects
    GL_ARB_robustness
    GL_ARB_texture_storage
    GL_ARB_texture_view
    GL_ARB_framebuffer_no_attachments
    GL_ARB_invalidate_subdata
    GL_ARB_texture_storage_multisample
    GL_ARB_multi_bind
    GL_ARB_direct_state_access
    GL_ARB_get_texture_sub_image
    GL_ARB_texture_filter_anisotropic
    GL_KHR_debug
    GL_KHR_parallel_shader_compile
    GL_NV_depth_buffer_float
Using driver workarounds:
    no-forward-compatible-core-context
    nv-egl-incorrect-gl11-function-pointers
    no-layout-qualifiers-on-old-glsl
    nv-zero-context-profile-mask
    nv-implementation-color-read-format-dsa-broken
    nv-cubemap-inconsistent-compressed-image-size
    nv-cubemap-broken-full-compressed-image-query
    nv-compressed-block-size-in-bits
[18:11:34:886200]:[Warning]:[Metadata] SceneDatasetAttributes.cpp(107)::addNewSceneInstanceToDataset : Dataset : 'default' : Lighting Layout Attributes 'no_lights' specified in Scene Attributes but does not exist in dataset, so creating default.
2026-09-18 18:11:40,153 - INFO - Simulator initialized!
2026-09-18 18:12:00,185 - INFO - HTTP Request: POST http://127.0.0.1:22446/v1/chat/completions "HTTP/1.1 200 OK"
2026-09-18 18:12:00,830 - INFO - --- Episode 40, Step 1/100 ---
2026-09-18 18:15:35,355 - INFO - HTTP Request: POST http://127.0.0.1:22446/v1/chat/completions "HTTP/1.1 200 OK"
2026-09-18 18:18:56,346 - INFO - HTTP Request: POST http://127.0.0.1:22446/v1/chat/completions "HTTP/1.1 200 OK"
2026-09-18 18:19:17,376 - INFO - HTTP Request: POST http://127.0.0.1:22446/v1/chat/completions "HTTP/1.1 200 OK"
```json
{
"movement": "I have moved forward through the kitchen aisle, passing the sink on the island to my left and the oven/stove area on the right counter.",
"observation": {
    "front view": "Ahead is the continuation of the kitchen aisle leading into a hallway. To the right is the main kitchen counter with the oven and stovetop. To the left is the end of the kitchen island.",
    "left view": "The kitchen island with the sink is to my left.",
    "right view": "The main kitchen counter with the oven and stovetop is to my right.",
    "map": "I am positioned near waypoint 2 on the map, moving towards the exit of the kitchen area."
},
"thought": "I am currently walking by the sink (on the island) and the oven (on the right counter). The instruction 'Walk by the sink and oven' is being fulfilled. The next part of the instruction is to 'Walk straight into the hallway'. Waypoint 1 is directly ahead and leads out of the kitchen towards that hallway.",
"stuck": false,
"plan": "Move forward through the kitchen aisle towards the hallway entrance (waypoint 1). Once in the hallway, I will look for the turn right into the little room.",
"curr_step": "I am currently alongside the oven. Moving to waypoint 1 will complete the 'walk by' action and position me to enter the hallway.",
"action": 1
}
```
Action: turn
Action: move_forward
Action: turn
Action: move_forward
Action: turn
Action: move_forward
Action: null
waypoints: 11
skipped waypoints: edge 1,  distance 5,  no_path 0,  occlusion 2
```json
{
"movement": "I have moved forward through the kitchen aisle, passing the sink on the island to my left and the oven/stove area on the right counter.",
"observation": {
    "front view": "Ahead is the continuation of the kitchen aisle leading into a hallway. To the right is the main kitchen counter with the oven and stovetop. To the left is the end of the kitchen island.",
    "left view": "The kitchen island with the sink is to my left.",
    "right view": "The main kitchen counter with the oven and stovetop is to my right.",
    "map": "I am positioned near waypoint 2 on the map, moving towards the exit of the kitchen area."
},
"thought": "I am currently walking by the sink (on the island) and the oven (on the right counter). The instruction 'Walk by the sink and oven' is being fulfilled. The next part of the instruction is to 'Walk straight into the hallway'. Waypoint 1 is directly ahead and leads out of the kitchen towards that hallway.",
"stuck": false,
"plan": "Move forward through the kitchen aisle towards the hallway entrance (waypoint 1). Once in the hallway, I will look for the turn right into the little room.",
"curr_step": "I am currently alongside the oven. Moving to waypoint 1 will complete the 'walk by' action and position me to enter the hallway.",
"action": 1
}
```
Action: turn
Action: move_forward
Action: turn
Action: move_forward
Action: turn
Action: move_forward
Action: null
waypoints: 10
skipped waypoints: edge 1,  distance 1,  no_path 1,  occlusion 0
```json
{
"movement": "I have moved forward through the narrow kitchen aisle, passing the sink on my left and the oven/shelving on my right. I am now at the end of the kitchen area, facing a hallway.",
"observation": {
    "front view": "Directly ahead is a hallway. To the left is an open doorway leading to a bathroom with a visible sink. Straight ahead, the hallway continues.",
    "left view": "The kitchen counter and the entrance to the bathroom are visible.",
    "right view": "Shelving units are visible on the right side of the kitchen exit.",
    "map": "I am at the end of the 'workbench' area on the map, ready to enter the hallway space marked near waypoints 1 and 2."
},
"thought": "I have completed the subtask of walking by the sink and oven. The next instruction is to 'Walk straight into the hallway.' The path forward leads directly into this hallway. I need to move forward to clear the kitchen area and enter the hallway space.",
"stuck": false,
"plan": "Move forward into the hallway. Once in the hallway, I will look for a turn to the right into a 'little room' as per the next subtask.",
"curr_step": "I am at the exit of the kitchen. Moving forward towards waypoint 1 will take me into the hallway.",
"action": 1
}
```
Action: turn
Action: move_forward
Action: turn
Action: move_forward
Action: move_forward
Action: null
Action: turn
waypoints: 9
skipped waypoints: edge 2,  distance 1,  no_path 0,  occlusion 3



Action: stop
waypoints: 9
skipped waypoints: edge 2,  distance 1,  no_path 0,  occlusion 3

```json
{
"movement": "I have moved forward through the narrow kitchen aisle, passing the sink on my left and the oven/shelving on my right. I am now at the end of the kitchen area, facing a wall/corner near the hallway entrance.",
"observation": {
    "front view": "Directly ahead is a white wall corner. To the right is a doorway leading to a bathroom (frosted glass door). To the left is an opening into another room/hallway.",
    "left view": "A wall with an eye chart poster and a view into a living area with a sofa.",
    "right view": "The end of the kitchen shelving unit and a doorway to a bathroom.",
    "map": "I am at the top end of the 'workbench' (kitchen island) area, near the transition to the hallway."
},
"thought": "I have successfully walked into the kitchen area and passed both the sink and the oven as instructed. I am now at the exit of the kitchen. The next subtask is to walk straight into the hallway. Since I have fulfilled the requirements for P1, I should mark it as complete.",
"stuck": false,
"plan": "Complete subtask P1. Then proceed with P2: Walk straight into the hallway, turn right into the little room, turn left into the bedroom, and stop by the corner of the bed.",
"curr_step": "Subtask P1 is completed as I have walked by the sink and oven.",
"action": -1
}
```
Action: pause
waypoints: 9
skipped waypoints: edge 2,  distance 1,  no_path 0,  occlusion 3


Action: stop
['Walk through the kitchen between the sink and the stove.', 'and down the hall.  Turn right before the bathroom.  Go into the bedroom.']
Initialized data for new floor level: 0
Switching pcds to floor level: 0
Initialized data for new floor level: 0
Switching pcds to floor level: 0
Initialized data for new floor level: 0
Switching pcds to floor level: 0
[StairDetect] normals=0.0035s, cpu=0.0004s, cluster=0.0216s, loop=0.0119s, total=0.0514s
waypoints: 37
skipped waypoints: edge 1,  distance 20,  no_path 0,  occlusion 4


2026-09-18 18:19:18,069 - INFO - --- Episode 40, Step 2/100 ---
2026-09-18 18:19:18,555 - INFO - --- Episode 40, Step 3/100 ---
2026-09-18 18:19:19,028 - INFO - --- Episode 40, Step 4/100 ---
2026-09-18 18:19:19,750 - INFO - --- Episode 40, Step 5/100 ---
2026-09-18 18:21:48,399 - INFO - HTTP Request: POST http://127.0.0.1:22446/v1/chat/completions "HTTP/1.1 200 OK"
2026-09-18 18:23:41,970 - INFO - HTTP Request: POST http://127.0.0.1:22446/v1/chat/completions "HTTP/1.1 200 OK"
2026-09-18 18:25:17,013 - INFO - HTTP Request: POST http://127.0.0.1:22446/v1/chat/completions "HTTP/1.1 200 OK"
2026-09-18 18:25:17,674 - INFO - --- Episode 40, Step 6/100 ---
2026-09-18 18:26:57,933 - INFO - HTTP Request: POST http://127.0.0.1:22446/v1/chat/completions "HTTP/1.1 200 OK"
2026-09-18 18:28:07,322 - INFO - HTTP Request: POST http://127.0.0.1:22446/v1/chat/completions "HTTP/1.1 200 OK"
2026-09-18 18:28:29,538 - INFO - HTTP Request: POST http://127.0.0.1:22446/v1/chat/completions "HTTP/1.1 200 OK"
2026-09-18 18:28:30,401 - INFO - --- Episode 40, Step 7/100 ---
2026-09-18 18:28:31,087 - INFO - --- Episode 40, Step 8/100 ---
2026-09-18 18:28:31,860 - INFO - --- Episode 40, Step 9/100 ---
2026-09-18 18:28:32,878 - INFO - --- Episode 40, Step 10/100 ---
2026-09-18 18:28:33,707 - INFO - --- Episode 40, Step 11/100 ---
2026-09-18 18:28:34,729 - INFO - --- Episode 40, Step 12/100 ---
2026-09-18 18:29:02,207 - INFO - HTTP Request: POST http://127.0.0.1:22446/v1/chat/completions "HTTP/1.1 200 OK"
2026-09-18 18:29:03,116 - INFO - --- Episode 40, Step 13/100 ---
2026-09-18 18:29:03,807 - INFO - --- Episode 40, Step 14/100 ---
2026-09-18 18:29:04,994 - INFO - --- Episode 40, Step 15/100 ---
2026-09-18 18:29:05,798 - INFO - --- Episode 40, Step 16/100 ---
2026-09-18 18:29:06,526 - INFO - --- Episode 40, Step 17/100 ---
2026-09-18 18:29:07,282 - INFO - --- Episode 40, Step 18/100 ---
2026-09-18 18:29:07,943 - INFO - --- Episode 40, Step 19/100 ---
2026-09-18 18:29:34,294 - INFO - HTTP Request: POST http://127.0.0.1:22446/v1/chat/completions "HTTP/1.1 200 OK"
2026-09-18 18:29:47,758 - INFO - HTTP Request: POST http://127.0.0.1:22446/v1/chat/completions "HTTP/1.1 200 OK"
2026-09-18 18:29:50,935 - INFO - HTTP Request: POST http://127.0.0.1:22446/v1/chat/completions "HTTP/1.1 400 Bad Request"
 82%|████████▏ | 41/50 [6:53:25<1:47:48, 718.72s/it]Renderer: NVIDIA GeForce RTX 4090/PCIe/SSE2 by NVIDIA Corporation
OpenGL version: 4.6.0 NVIDIA 590.48.01
Using optional features:
    GL_ARB_vertex_array_object
    GL_ARB_separate_shader_objects
    GL_ARB_robustness
    GL_ARB_texture_storage
    GL_ARB_texture_view
    GL_ARB_framebuffer_no_attachments
    GL_ARB_invalidate_subdata
    GL_ARB_texture_storage_multisample
    GL_ARB_multi_bind
    GL_ARB_direct_state_access
    GL_ARB_get_texture_sub_image
    GL_ARB_texture_filter_anisotropic
    GL_KHR_debug
    GL_KHR_parallel_shader_compile
    GL_NV_depth_buffer_float
Using driver workarounds:
    no-forward-compatible-core-context
    nv-egl-incorrect-gl11-function-pointers
    no-layout-qualifiers-on-old-glsl
    nv-zero-context-profile-mask
    nv-implementation-color-read-format-dsa-broken
    nv-cubemap-inconsistent-compressed-image-size
    nv-cubemap-broken-full-compressed-image-query
    nv-compressed-block-size-in-bits
[18:29:53:252472]:[Warning]:[Metadata] SceneDatasetAttributes.cpp(107)::addNewSceneInstanceToDataset : Dataset : 'default' : Lighting Layout Attributes 'no_lights' specified in Scene Attributes but does not exist in dataset, so creating default.
2026-09-18 18:29:58,521 - INFO - Simulator initialized!
2026-09-18 18:30:30,824 - INFO - HTTP Request: POST http://127.0.0.1:22446/v1/chat/completions "HTTP/1.1 200 OK"
2026-09-18 18:30:31,419 - INFO - --- Episode 41, Step 1/100 ---
2026-09-18 18:30:49,178 - INFO - HTTP Request: POST http://127.0.0.1:22446/v1/chat/completions "HTTP/1.1 200 OK"
```json
{
    "movement": "I am currently standing near the dining table, facing the kitchen and hallway area. The white kitchen island is directly ahead, slightly to the right, and the hallway entrance is visible further back. I need to move forward into the kitchen area to follow the instruction.",
    "observation": {
        "front view": "I see a large open living area with a sofa on the left and a dining table nearby. Ahead is a white kitchen island and a hallway leading further into the house. To the right of the island is the main kitchen counter with dark cabinets.",
        "left view": "A living room area with a grey sofa, coffee table, and TV stand is visible to my left.",
        "right view": "A large wooden dining table is immediately to my right, with a window looking out to greenery beyond it.",
        "map": "The map shows my current position near the start point (blue dot). The kitchen area is to the right (dark grey shape), and the hallway extends upwards from the center. Waypoint 2 is located centrally, leading towards the kitchen/hallway transition."
    },
    "thought": "The instruction is to walk through the kitchen between the sink and the stove. Looking at the front view, the kitchen island (likely containing the sink) is in front of me, and the stove is on the back counter to the right. The hallway is straight ahead. To navigate 'through' the kitchen towards the hall, I should move forward into the space between the living area and the kitchen counters. Waypoint 2 is positioned centrally in this path, leading towards the hallway entrance.",
    "stuck": false,
    "plan": "Move forward towards waypoint 2 to enter the kitchen/hallway transition area. This aligns with walking through the kitchen space towards the next subtask of going down the hall.",
    "curr_step": "I am at the start position. I need to move forward into the room towards the kitchen island and hallway. Waypoint 2 is the most direct path forward into that space.",
    "action": 2
}
```
Calculated floor height difference: 2.64m
Action: move_forward
Action: turn
Action: move_forward
Action: null
waypoints: 45
skipped waypoints: edge 3,  distance 27,  no_path 0,  occlusion 7



Action: stop
waypoints: 45
skipped waypoints: edge 3,  distance 27,  no_path 0,  occlusion 7

```json
{
    "movement": "I am currently standing in the open area between the living room and the kitchen island. I have moved forward from the start point towards the kitchen area. The kitchen island with the cooktop is directly ahead and slightly to the right. The hallway entrance is visible further ahead, to the left of the kitchen area.",
    "observation": {
        "front view": "I see the white kitchen island with a cooktop on it directly ahead. To the left of the island is open floor space leading towards a hallway in the distance. To the right of the island is the main kitchen counter with dark cabinets.",
        "left view": "A large grey sofa and living room area are to my left.",
        "right view": "A dining table is visible to my right, near a window.",
        "map": "The map shows the kitchen block (dark grey) to the top-right and the hallway (grey strip) to the top-left. I am positioned between the living room (left) and the kitchen (right). Waypoint 1 is located in
```json
{
    "movement": "I am currently standing in the open area between the living room and the kitchen. The white kitchen island is directly ahead and slightly to the right. The hallway entrance is visible further back, to the left of the kitchen area. I have moved forward from the start point towards the kitchen.",
    "observation": {
        "front view": "I see the white kitchen island with a cooktop on it directly ahead. To the left of the island is open floor space leading towards a hallway in the distance. To the right of the island is the main kitchen counter with dark cabinets.",
        "left view": "A large grey sofa and living room area are to my left.",
        "right view": "A dining table is visible to my right, near a window.",
        "map": "The map shows the kitchen block (dark grey) to the top-right and the hallway (grey strip) to the top-left. I am positioned between the living room (left) and the kitchen (right). Waypoint 1 is located in the gap between the living area and the kitchen/hallway transition, leading towards the hallway."
    },
    "thought": "The instruction is to walk through the kitchen between the sink and the stove and then down the hall. Looking at the front view, the hallway is straight ahead but slightly to the left of the kitchen island. To follow the path 'through the kitchen' and into the hall, I need to move forward towards the gap between the living area and the kitchen island/hallway entrance. Waypoint 1 is positioned perfectly for this transition.",
    "stuck": false,
    "plan": "Move forward towards waypoint 1 to enter the kitchen/hallway transition area. This aligns with walking through the kitchen space towards the next subtask of going down the hall.",
    "curr_step": "I am at the start position near the dining table. I need to move forward into the room towards the kitchen island and hallway. Waypoint 1 is the most direct path forward into that space.",
    "action": 1
}
```
Action: turn
Action: move_forward
Action: turn
Action: move_forward
Action: move_forward
Action: null
waypoints: 16
skipped waypoints: edge 2,  distance 7,  no_path 0,  occlusion 4
```json
{
    "movement": "I have moved forward from the dining area into the space between the living room sofa and the kitchen island. I am now positioned in the gap leading towards the hallway.",
    "observation": {
        "front view": "I see the hallway entrance straight ahead. To my right is the end of the white kitchen island with a cooktop. To my left is the end of the grey sofa.",
        "left view": "The living room area with the sofa and TV is to my left.",
        "right view": "The kitchen island and counters are to my right.",
        "map": "I am positioned near the start point, facing the hallway. Waypoint 1 is located just ahead in the gap between the wall/sofa and the kitchen island, leading into the hallway."
    },
    "thought": "I have successfully navigated into the space between the living area and the kitchen. The instruction is to walk through the kitchen between the sink and stove and then down the hall. I am currently walking alongside the kitchen island (which likely contains the stove). The path forward leads directly into the hallway. Waypoint 1 is positioned at the entrance of this hallway, making it the correct next target.",
    "stuck": false,
    "plan": "Move forward towards waypoint 1 to enter the hallway and continue with the next part of the instruction ('down the hall').",
    "curr_step": "I am currently in the gap between the sofa and the kitchen island. I need to move forward into the hallway. Waypoint 1 is the closest point in that direction.",
    "action": 1
}
```
Action: turn
Action: move_forward
Action: turn
Action: move_forward
Action: turn
Action: move_forward
Action: null
waypoints: 18
skipped waypoints: edge 2,  distance 12,  no_path 0,  occlusion 0


Action: stop
['Walk towards the kitchen area. Keep walking along the kitchen area towards the doorway.', 'Turn right and exit the kitchen area walking across the small living room area and into the bedroom to you left.']
Initialized data for new floor level: 0
Switching pcds to floor level: 0
Initialized data for new floor level: 0
Switching pcds to floor level: 0
Initialized data for new floor level: 0
Switching pcds to floor level: 0
[StairDetect] normals=0.0035s, cpu=0.0004s, cluster=0.0211s, loop=0.0119s, total=0.0508s
waypoints: 37
skipped waypoints: edge 1,  distance 20,  no_path 0,  occlusion 4
2026-09-18 18:30:49,765 - INFO - --- Episode 41, Step 2/100 ---
2026-09-18 18:30:50,301 - INFO - --- Episode 41, Step 3/100 ---
2026-09-18 18:30:50,679 - INFO - --- Episode 41, Step 4/100 ---
2026-09-18 18:30:51,255 - INFO - --- Episode 41, Step 5/100 ---
2026-09-18 18:33:51,893 - INFO - HTTP Request: POST http://127.0.0.1:22446/v1/chat/completions "HTTP/1.1 200 OK"
2026-09-18 18:34:12,998 - INFO - HTTP Request: POST http://127.0.0.1:22446/v1/chat/completions "HTTP/1.1 200 OK"
2026-09-18 18:34:13,786 - INFO - --- Episode 41, Step 6/100 ---
2026-09-18 18:34:14,528 - INFO - --- Episode 41, Step 7/100 ---
2026-09-18 18:34:15,299 - INFO - --- Episode 41, Step 8/100 ---
2026-09-18 18:34:16,167 - INFO - --- Episode 41, Step 9/100 ---
2026-09-18 18:34:17,286 - INFO - --- Episode 41, Step 10/100 ---
2026-09-18 18:34:18,334 - INFO - --- Episode 41, Step 11/100 ---
2026-09-18 18:34:32,851 - INFO - HTTP Request: POST http://127.0.0.1:22446/v1/chat/completions "HTTP/1.1 200 OK"
2026-09-18 18:34:33,730 - INFO - --- Episode 41, Step 12/100 ---
2026-09-18 18:34:34,396 - INFO - --- Episode 41, Step 13/100 ---
2026-09-18 18:34:35,221 - INFO - --- Episode 41, Step 14/100 ---
2026-09-18 18:34:36,203 - INFO - --- Episode 41, Step 15/100 ---
2026-09-18 18:34:36,893 - INFO - --- Episode 41, Step 16/100 ---
2026-09-18 18:34:37,588 - INFO - --- Episode 41, Step 17/100 ---
2026-09-18 18:34:38,243 - INFO - --- Episode 41, Step 18/100 ---
2026-09-18 18:35:19,893 - INFO - HTTP Request: POST http://127.0.0.1:22446/v1/chat/completions "HTTP/1.1 200 OK"
2026-09-18 18:35:20,759 - INFO - --- Episode 41, Step 19/100 ---
2026-09-18 18:35:21,554 - INFO - --- Episode 41, Step 20/100 ---
2026-09-18 18:35:22,223 - INFO - --- Episode 41, Step 21/100 ---
2026-09-18 18:35:23,005 - INFO - --- Episode 41, Step 22/100 ---
2026-09-18 18:35:23,758 - INFO - --- Episode 41, Step 23/100 ---
2026-09-18 18:35:24,471 - INFO - --- Episode 41, Step 24/100 ---
2026-09-18 18:35:25,309 - INFO - --- Episode 41, Step 25/100 ---
2026-09-18 18:36:04,829 - INFO - HTTP Request: POST http://127.0.0.1:22446/v1/chat/completions "HTTP/1.1 200 OK"
```json
{
"movement": "I am currently standing in the open living/dining area. I have not moved yet from the start position.",
"observation": {
    "front view": "I see a large white kitchen island directly ahead and slightly to the right. To the left is a living room with a sofa. Straight ahead, past the kitchen, is a hallway leading towards a doorway/stairs (labeled B).",
    "left view": "A dining table and chairs are visible on a wooden deck area through glass doors.",
    "right view": "A large wooden dining table is in the foreground, with a white sideboard against the wall. Large windows look out onto greenery.",
    "map": "The map shows my starting position near the bottom. The kitchen area is to the right-front. A hallway leads straight ahead towards 'B'."
},
"thought": "The instruction is to walk towards the kitchen area and then along it towards a doorway. Looking at the front view, the kitchen island is directly ahead. To follow the path towards the doorway (likely the one in the distance labeled B), I need to move forward into the space between the living room and the kitchen island. Waypoint 2 is positioned perfectly for this, leading me towards the kitchen area and the hallway beyond.",
"stuck": false,
"plan": "Move forward towards the kitchen island (waypoint 2). From there, continue straight towards the hallway/doorway in the distance to complete the first part of the instruction.",
"curr_step": "I need to move towards the kitchen area. Waypoint 2 is the most direct path forward into the kitchen zone and towards the distant doorway.",
"action": 2
}
```
Calculated floor height difference: 2.64m
Action: move_forward
Action: turn
Action: move_forward
Action: null
waypoints: 45
skipped waypoints: edge 3,  distance 27,  no_path 0,  occlusion 7

```json
{
"movement": "I have moved forward from the starting position into the open area between the living room sofa and the kitchen island. I am now facing the kitchen island directly.",
"observation": {
    "front view": "I see the white kitchen island directly ahead. To the left is a large grey sofa. Straight ahead, past the island, is a hallway leading to a doorway/stairs labeled B.",
    "left view": "A dining table and chairs are visible on a wooden deck area through glass doors.",
    "right view": "A large wooden dining table is in the foreground, with a white sideboard against the wall. Large windows look out onto greenery.",
    "map": "The map shows my position near the start. The kitchen area is to the right-front. A hallway leads straight ahead towards 'B'."
},
"thought": "I am currently in the open space between the living room and the kitchen. The instruction is to walk along the kitchen area towards the doorway. The doorway (labeled B) is straight ahead in the distance. To follow this path, I need to continue moving forward, passing the kitchen island. Waypoint 1 is positioned directly in front of me, slightly to the left of the island's center line, which aligns with the path towards the hallway/doorway.",
"stuck": false,
"plan": "Move forward towards waypoint 1 to get closer to the kitchen area and align myself with the path leading to the doorway in the distance.",
"curr_step": "I need to continue moving forward towards the kitchen area. Waypoint 1 is the next logical step as it is directly ahead and leads towards the hallway/doorway.",
"action": 1
}
```
Action: turn
Action: move_forward
Action: turn
Action: move_forward
Action: move_forward
Action: null
waypoints: 16
skipped waypoints: edge 2,  distance 7,  no_path 0,  occlusion 4
```json
{
"movement": "I have moved forward from the starting position into the open area between the living room sofa and the kitchen island. I am now facing the kitchen island directly.",
"observation": {
    "front view": "I see the white kitchen island directly ahead. To the left is a large grey sofa. Straight ahead, past the island, is a hallway leading to a doorway/stairs labeled B.",
    "left view": "A dining table and chairs are visible on a wooden deck area through glass doors.",
    "right view": "A large wooden dining table is in the foreground, with a white sideboard against the wall. Large windows look out onto greenery.",
    "map": "The map shows my position near the start. The kitchen area is to the right-front. A hallway leads straight ahead towards 'B'."
},
"thought": "I am currently in the open space between the living room and the kitchen. The instruction is to walk along the kitchen area towards the doorway. The doorway (labeled B) is straight ahead in the distance. To follow this path, I need to continue moving forward, passing the kitchen island. Waypoint 1 is positioned directly in front of me, slightly to the left of the island's center line, which aligns with the path towards the hallway/doorway.",
"stuck": false,
"plan": "Move forward towards waypoint 1 to get closer to the kitchen area and align myself with the path leading to the doorway in the distance.",
"curr_step": "I need to continue moving forward towards the kitchen area. Waypoint 1 is the next logical step as it is directly ahead and leads towards the hallway/doorway.",
"action": 1
}
```
Action: turn
Action: move_forward
Action: turn
Action: move_forward
Action: turn
Action: move_forward
Action: null
waypoints: 18
skipped waypoints: edge 2,  distance 12,  no_path 0,  occlusion 0
```json
{
"movement": "I have moved forward from the starting position into the open area between the living room sofa and the kitchen island. I am now facing the kitchen island directly.",
"observation": {
    "front view": "I see the white kitchen island directly ahead. To the left is a large grey sofa. Straight ahead, past the island, is a hallway leading to a doorway/stairs labeled B.",
    "left view": "A dining table and chairs are visible on a wooden deck area through glass doors.",
    "right view": "A large wooden dining table is in the foreground, with a white sideboard against the wall. Large windows look out onto greenery.",
    "map": "The map shows my position near the start. The kitchen area is to the right-front. A hallway leads straight ahead towards 'B'."
},
"thought": "I am currently in the open space between the living room and the kitchen. The instruction is to walk along the kitchen area towards the doorway. The doorway (labeled B) is straight ahead in the distance. To follow this path, I need to continue moving forward, passing the kitchen island. Waypoint 1 is positioned directly in front of me, slightly to the left of the island's center line, which aligns with the path towards the hallway/doorway.",
"stuck": false,
"plan": "Move forward towards waypoint 1 to get closer to the kitchen area and align myself with the path leading to the doorway in the distance.",
"curr_step": "I need to continue moving forward towards the kitchen area. Waypoint 1 is the next logical step as it is directly ahead and leads towards the hallway/doorway.",
"action": 1
}
```
Action: turn
Action: move_forward
Action: turn
Action: move_forward
Action: turn
Action: move_forward
Action: null
waypoints: 15
skipped waypoints: edge 1,  distance 7,  no_path 0,  occlusion 1
2026-09-18 18:36:05,925 - INFO - --- Episode 41, Step 26/100 ---
2026-09-18 18:36:06,646 - INFO - --- Episode 41, Step 27/100 ---
2026-09-18 18:36:07,518 - INFO - --- Episode 41, Step 28/100 ---
2026-09-18 18:36:08,353 - INFO - --- Episode 41, Step 29/100 ---
2026-09-18 18:36:09,590 - INFO - --- Episode 41, Step 30/100 ---
2026-09-18 18:36:10,595 - INFO - --- Episode 41, Step 31/100 ---
2026-09-18 18:36:11,590 - INFO - --- Episode 41, Step 32/100 ---
2026-09-18 18:36:35,009 - INFO - HTTP Request: POST http://127.0.0.1:22446/v1/chat/completions "HTTP/1.1 200 OK"
2026-09-18 18:36:36,209 - INFO - --- Episode 41, Step 33/100 ---
2026-09-18 18:36:36,966 - INFO - --- Episode 41, Step 34/100 ---
2026-09-18 18:36:37,992 - INFO - --- Episode 41, Step 35/100 ---
2026-09-18 18:36:38,901 - INFO - --- Episode 41, Step 36/100 ---
2026-09-18 18:36:39,854 - INFO - --- Episode 41, Step 37/100 ---
2026-09-18 18:36:40,858 - INFO - --- Episode 41, Step 38/100 ---
2026-09-18 18:36:41,895 - INFO - --- Episode 41, Step 39/100 ---
2026-09-18 18:37:03,432 - INFO - HTTP Request: POST http://127.0.0.1:22446/v1/chat/completions "HTTP/1.1 200 OK"
2026-09-18 18:37:05,791 - INFO - --- Episode 41, Step 40/100 ---
2026-09-18 18:37:06,872 - INFO - --- Episode 41, Step 41/100 ---
2026-09-18 18:37:09,720 - INFO - --- Episode 41, Step 42/100 ---
2026-09-18 18:37:11,854 - INFO - --- Episode 41, Step 43/100 ---
2026-09-18 18:37:12,775 - INFO - --- Episode 41, Step 44/100 ---
2026-09-18 18:37:13,770 - INFO - --- Episode 41, Step 45/100 ---
2026-09-18 18:37:15,326 - INFO - --- Episode 41, Step 46/100 ---
2026-09-18 18:37:44,553 - INFO - HTTP Request: POST http://127.0.0.1:22446/v1/chat/completions "HTTP/1.1 200 OK"
2026-09-18 18:37:59,268 - INFO - HTTP Request: POST http://127.0.0.1:22446/v1/chat/completions "HTTP/1.1 200 OK"
2026-09-18 18:38:02,357 - INFO - HTTP Request: POST http://127.0.0.1:22446/v1/chat/completions "HTTP/1.1 400 Bad Request"
2026-09-18 18:38:04,172 - INFO - --- Episode 41, Step 47/100 ---
2026-09-18 18:38:43,831 - INFO - HTTP Request: POST http://127.0.0.1:22446/v1/chat/completions "HTTP/1.1 200 OK"
2026-09-18 18:39:05,826 - INFO - HTTP Request: POST http://127.0.0.1:22446/v1/chat/completions "HTTP/1.1 200 OK"
2026-09-18 18:39:18,179 - INFO - HTTP Request: POST http://127.0.0.1:22446/v1/chat/completions "HTTP/1.1 200 OK"
 84%|████████▍ | 42/50 [7:02:54<1:29:51, 673.95s/it]Renderer: NVIDIA GeForce RTX 4090/PCIe/SSE2 by NVIDIA Corporation
OpenGL version: 4.6.0 NVIDIA 590.48.01
Using optional features:
    GL_ARB_vertex_array_object
    GL_ARB_separate_shader_objects
    GL_ARB_robustness
    GL_ARB_texture_storage
    GL_ARB_texture_view
    GL_ARB_framebuffer_no_attachments
    GL_ARB_invalidate_subdata
    GL_ARB_texture_storage_multisample
    GL_ARB_multi_bind
    GL_ARB_direct_state_access
    GL_ARB_get_texture_sub_image
    GL_ARB_texture_filter_anisotropic
    GL_KHR_debug
    GL_KHR_parallel_shader_compile
    GL_NV_depth_buffer_float
Using driver workarounds:
    no-forward-compatible-core-context
    nv-egl-incorrect-gl11-function-pointers
    no-layout-qualifiers-on-old-glsl
    nv-zero-context-profile-mask
    nv-implementation-color-read-format-dsa-broken
    nv-cubemap-inconsistent-compressed-image-size
    nv-cubemap-broken-full-compressed-image-query
    nv-compressed-block-size-in-bits
[18:39:22:761359]:[Warning]:[Metadata] SceneDatasetAttributes.cpp(107)::addNewSceneInstanceToDataset : Dataset : 'default' : Lighting Layout Attributes 'no_lights' specified in Scene Attributes but does not exist in dataset, so creating default.
2026-09-18 18:39:34,947 - INFO - Simulator initialized!
2026-09-18 18:40:00,901 - INFO - HTTP Request: POST http://127.0.0.1:22446/v1/chat/completions "HTTP/1.1 200 OK"
2026-09-18 18:40:01,532 - INFO - --- Episode 42, Step 1/100 ---
2026-09-18 18:41:16,357 - INFO - HTTP Request: POST http://127.0.0.1:22446/v1/chat/completions "HTTP/1.1 200 OK"
2026-09-18 18:41:17,011 - INFO - --- Episode 42, Step 2/100 ---
2026-09-18 18:41:17,637 - INFO - --- Episode 42, Step 3/100 ---
2026-09-18 18:41:18,251 - INFO - --- Episode 42, Step 4/100 ---
2026-09-18 18:41:18,994 - INFO - --- Episode 42, Step 5/100 ---
2026-09-18 18:41:19,511 - INFO - --- Episode 42, Step 6/100 ---
2026-09-18 18:41:20,021 - INFO - --- Episode 42, Step 7/100 ---
2026-09-18 18:41:20,532 - INFO - --- Episode 42, Step 8/100 ---
2026-09-18 18:44:16,103 - INFO - HTTP Request: POST http://127.0.0.1:22446/v1/chat/completions "HTTP/1.1 200 OK"
2026-09-18 18:45:24,571 - INFO - HTTP Request: POST http://127.0.0.1:22446/v1/chat/completions "HTTP/1.1 200 OK"
```json
{
"movement": "I have moved forward from the starting position into the open area between the living room sofa and the kitchen island. I am now facing the kitchen island directly.",
"observation": {
    "front view": "I see the white kitchen island directly ahead. To the left is a large grey sofa. Straight ahead, past the island, is a hallway leading to a doorway/stairs labeled B.",
    "left view": "A dining table and chairs are visible on a wooden deck area through glass doors.",
    "right view": "A large wooden dining table is in the foreground, with a white sideboard against the wall. Large windows look out onto greenery.",
    "map": "The map shows my position near the start. The kitchen area is to the right-front. A hallway leads straight ahead towards 'B'."
},
"thought": "I am currently in the open space between the living room and the kitchen. The instruction is to walk along the kitchen area towards the doorway. The doorway (labeled B) is straight ahead in the distance. To follow this path, I need to continue moving forward, passing the kitchen island. Waypoint 1 is positioned directly in front of me, slightly to the left of the island's center line, which aligns with the path towards the hallway/doorway.",
"stuck": false,
"plan": "Move forward towards waypoint 1 to get closer to the kitchen area and align myself with the path leading to the doorway in the distance.",
"curr_step": "I need to continue moving forward towards the kitchen area. Waypoint 1 is the next logical step as it is directly ahead and leads towards the hallway/doorway.",
"action": 1
}
```
Action: turn
Action: move_forward
Action: turn
Action: move_forward
Action: turn
Action: move_forward
Action: null
waypoints: 12
skipped waypoints: edge 1,  distance 4,  no_path 0,  occlusion 1
```json
{
"movement": "I have moved forward from the starting position into the open area between the living room sofa and the kitchen island. I am now facing the kitchen island directly.",
"observation": {
    "front view": "I see a hallway leading straight ahead towards a doorway/stairs labeled B. To my left is a white sofa in a living area. To my right is a wall and the edge of the kitchen/dining area.",
    "left view": "A large living room with a white sofa, coffee table, and artwork on the wall.",
    "right view": "A hallway wall and a glimpse into another room or area further down.",
    "map": "The map shows my position near the end of the kitchen/living area. The path ahead leads towards 'B'."
},
"thought": "I am currently in the corridor leading away from the kitchen area. The instruction is to keep walking along the kitchen area towards the doorway. The doorway (labeled B) is straight ahead at the end of this hallway. I need to continue moving forward down this path.",
"stuck": false,
"plan": "Move forward down the hallway towards the doorway labeled B. Waypoint 1 is directly in front of me on this path.",
"curr_step": "I need to continue moving forward towards the kitchen area's exit/doorway. Waypoint 1 is the next logical step as it is directly ahead and leads towards the hallway/doorway.",
"action": 1
}
```
Action: turn
Action: move_forward
Action: turn
Action: move_forward
Action: turn
Action: move_forward
Action: null
waypoints: 9
skipped waypoints: edge 2,  distance 4,  no_path 0,  occlusion 0
```json
{
"movement": "I have moved forward down the hallway, passing a console table on my right and artwork on the wall.",
"observation": {
    "front view": "I see the continuation of the hallway leading towards a door at the end. There is a wooden console table with art above it on the right wall.",
    "left view": "A plain white wall.",
    "right view": "The console table and artwork are visible, along with an opening further back.",
    "map": "The map shows I am in a corridor leading away from the main living/kitchen area. Waypoint 1 is ahead of me."
},
"thought": "I am currently walking down the hallway alongside the kitchen/living area. The instruction is to keep walking towards the doorway. Waypoint 1 is directly ahead on the path towards that doorway.",
"stuck": false,
"plan": "Continue moving forward down the hallway towards the doorway at the end. This aligns with the instruction to walk along the kitchen area towards the doorway.",
"curr_step": "I need to reach the doorway. Waypoint 1 is the next step in this direction.",
"action": 1
}
```
Action: turn
Action: move_forward
Action: turn
Action: move_forward
Action: turn
Action: move_forward
Action: null
waypoints: 6
skipped waypoints: edge 1,  distance 0,  no_path 0,  occlusion 0


Action: stop
waypoints: 6
skipped waypoints: edge 1,  distance 0,  no_path 0,  occlusion 0



Action: stop
['Go into the kitchen area. Turn left. Take the first right into the dining area.', 'Walk past the dining table. Stop left of the tall lamp with a white lampshade.']
Initialized data for new floor level: 0
Switching pcds to floor level: 0
Initialized data for new floor level: 0
Switching pcds to floor level: 0
Initialized data for new floor level: 0
Switching pcds to floor level: 0
[StairDetect] normals=0.0030s, cpu=0.0003s, cluster=0.0190s, loop=0.0086s, total=0.0364s
waypoints: 10
skipped waypoints: edge 1,  distance 2,  no_path 0,  occlusion 0
```json
{
"movement": "Move forward and slightly left towards the kitchen entrance.",
"observation": {
"front view": "A wall (B) is directly ahead. To the left is an opening into a kitchen with light-colored cabinets and an island. To the right is an opening into a room with dark cabinets (R).",
"left view": "The kitchen area is clearly visible with counters, an island, and wooden beams on the ceiling.",
"right view": "A hallway extends to the right. A doorway to a bathroom is visible on the left of this view.",
"map": "The map shows the current position in a hallway. The kitchen is the large room to the top-left. Waypoint 5 is inside the kitchen near an island."
},
"thought": "The instruction starts with 'Go into the kitchen area.' The kitchen is visible to my left. I need to enter it. Waypoint 5 is located inside the kitchen area, near the island. Moving there will fulfill the first part of the instruction. After entering, I will need to turn left and then take the first right into the dining area.",
"stuck": false,
"plan": "Move into the kitchen area towards waypoint 5. Once inside, I will look for a path to turn left and then find the dining area to the right.",
"curr_step": "I am currently in the hallway facing a wall. The kitchen is to my left. To 'Go into the kitchen area', I should move towards the opening on the left. Waypoint 5 is a good target as it is inside the kitchen.",
"action": 5
}
```
Calculated floor height difference: 2.83m
Action: turn
Action: move_forward
Action: turn
Action: move_forward
Action: move_forward
Action: null
Action: turn
waypoints: 14
skipped waypoints: edge 0,  distance 6,  no_path 0,  occlusion 0

2026-09-18 18:45:25,231 - INFO - --- Episode 42, Step 9/100 ---
2026-09-18 18:45:25,892 - INFO - --- Episode 42, Step 10/100 ---
2026-09-18 18:45:26,491 - INFO - --- Episode 42, Step 11/100 ---
2026-09-18 18:45:27,266 - INFO - --- Episode 42, Step 12/100 ---
2026-09-18 18:45:28,096 - INFO - --- Episode 42, Step 13/100 ---
2026-09-18 18:45:28,938 - INFO - --- Episode 42, Step 14/100 ---
2026-09-18 18:45:30,035 - INFO - --- Episode 42, Step 15/100 ---
2026-09-18 18:47:54,672 - INFO - HTTP Request: POST http://127.0.0.1:22446/v1/chat/completions "HTTP/1.1 200 OK"
2026-09-18 18:49:50,408 - INFO - HTTP Request: POST http://127.0.0.1:22446/v1/chat/completions "HTTP/1.1 200 OK"
2026-09-18 18:51:29,041 - INFO - HTTP Request: POST http://127.0.0.1:22446/v1/chat/completions "HTTP/1.1 200 OK"
2026-09-18 18:51:29,846 - INFO - --- Episode 42, Step 16/100 ---
2026-09-18 18:52:56,159 - INFO - HTTP Request: POST http://127.0.0.1:22446/v1/chat/completions "HTTP/1.1 200 OK"
2026-09-18 18:54:00,030 - INFO - HTTP Request: POST http://127.0.0.1:22446/v1/chat/completions "HTTP/1.1 200 OK"
2026-09-18 18:55:03,892 - INFO - HTTP Request: POST http://127.0.0.1:22446/v1/chat/completions "HTTP/1.1 200 OK"
 86%|████████▌ | 43/50 [7:18:37<1:28:03, 754.72s/it]Renderer: NVIDIA GeForce RTX 4090/PCIe/SSE2 by NVIDIA Corporation
OpenGL version: 4.6.0 NVIDIA 590.48.01
Using optional features:
    GL_ARB_vertex_array_object
    GL_ARB_separate_shader_objects
    GL_ARB_robustness
    GL_ARB_texture_storage
    GL_ARB_texture_view
    GL_ARB_framebuffer_no_attachments
    GL_ARB_invalidate_subdata
    GL_ARB_texture_storage_multisample
    GL_ARB_multi_bind
    GL_ARB_direct_state_access
    GL_ARB_get_texture_sub_image
    GL_ARB_texture_filter_anisotropic
    GL_KHR_debug
    GL_KHR_parallel_shader_compile
    GL_NV_depth_buffer_float
Using driver workarounds:
    no-forward-compatible-core-context
    nv-egl-incorrect-gl11-function-pointers
    no-layout-qualifiers-on-old-glsl
    nv-zero-context-profile-mask
    nv-implementation-color-read-format-dsa-broken
    nv-cubemap-inconsistent-compressed-image-size
    nv-cubemap-broken-full-compressed-image-query
    nv-compressed-block-size-in-bits
[18:55:05:921572]:[Warning]:[Metadata] SceneDatasetAttributes.cpp(107)::addNewSceneInstanceToDataset : Dataset : 'default' : Lighting Layout Attributes 'no_lights' specified in Scene Attributes but does not exist in dataset, so creating default.
2026-09-18 18:55:16,646 - INFO - Simulator initialized!
2026-09-18 18:55:43,948 - INFO - HTTP Request: POST http://127.0.0.1:22446/v1/chat/completions "HTTP/1.1 200 OK"
2026-09-18 18:55:44,623 - INFO - --- Episode 43, Step 1/100 ---
2026-09-18 18:59:17,708 - INFO - HTTP Request: POST http://127.0.0.1:22446/v1/chat/completions "HTTP/1.1 200 OK"
2026-09-18 19:02:26,778 - INFO - HTTP Request: POST http://127.0.0.1:22446/v1/chat/completions "HTTP/1.1 200 OK"
2026-09-18 19:02:51,540 - INFO - HTTP Request: POST http://127.0.0.1:22446/v1/chat/completions "HTTP/1.1 200 OK"
2026-09-18 19:02:52,207 - INFO - --- Episode 43, Step 2/100 ---
2026-09-18 19:02:52,808 - INFO - --- Episode 43, Step 3/100 ---
2026-09-18 19:02:53,313 - INFO - --- Episode 43, Step 4/100 ---
2026-09-18 19:02:54,040 - INFO - --- Episode 43, Step 5/100 ---
2026-09-18 19:02:54,613 - INFO - --- Episode 43, Step 6/100 ---
2026-09-18 19:02:55,094 - INFO - --- Episode 43, Step 7/100 ---
2026-09-18 19:02:55,651 - INFO - --- Episode 43, Step 8/100 ---
2026-09-18 19:03:17,225 - INFO - HTTP Request: POST http://127.0.0.1:22446/v1/chat/completions "HTTP/1.1 200 OK"
2026-09-18 19:03:17,972 - INFO - --- Episode 43, Step 9/100 ---
2026-09-18 19:03:18,754 - INFO - --- Episode 43, Step 10/100 ---
2026-09-18 19:03:19,412 - INFO - --- Episode 43, Step 11/100 ---
2026-09-18 19:03:20,274 - INFO - --- Episode 43, Step 12/100 ---
2026-09-18 19:03:21,084 - INFO - --- Episode 43, Step 13/100 ---
2026-09-18 19:03:21,949 - INFO - --- Episode 43, Step 14/100 ---
2026-09-18 19:03:22,918 - INFO - --- Episode 43, Step 15/100 ---
2026-09-18 19:03:52,509 - INFO - HTTP Request: POST http://127.0.0.1:22446/v1/chat/completions "HTTP/1.1 200 OK"
2026-09-18 19:03:53,368 - INFO - --- Episode 43, Step 16/100 ---
2026-09-18 19:04:09,669 - INFO - HTTP Request: POST http://127.0.0.1:22446/v1/chat/completions "HTTP/1.1 200 OK"
```json
{
"movement": "Move forward towards the island in the kitchen.",
"observation": {
"front view": "I see a large kitchen island directly ahead. To the left are dark wooden cabinets and counters. To the right is an open space leading to another room (likely the dining area) with a long table/counter visible.",
"left view": "The kitchen counters and cabinets are visible along the left wall.",
"right view": "An opening to the right leads into a brighter room with a large window and what looks like a dining table or bar counter.",
"map": "I am in the kitchen area (top-left on map). Waypoint 5 is near the island, which is my current target. The path to the dining area seems to be through the opening to the right of the island."
},
"thought": "I have entered the kitchen area. The instruction says 'Turn left. Take the first right into the dining area.' Currently, I am facing the island. Turning left would face the cabinets. Taking a right from there would face the dining area (visible through the archway to the right). So, effectively, I need to move towards the dining area. Waypoint 5 is located near the island, which is on the path between the kitchen and the dining area. Moving to waypoint 5 will put me in a position to take the 'first right' into the dining area.",
"stuck": false,
"plan": "Move towards waypoint 5 to get closer to the dining area entrance. Once there, I will look for the first right turn into the dining area as instructed.",
"curr_step": "I am in the kitchen facing the island. The dining area is to the right. Waypoint 5 is near the island and serves as a good intermediate point to reach the dining area entrance. I should move towards it.",
"action": 5
}
```
Action: turn
Action: move_forward
Action: move_forward
Action: move_forward
Action: turn
Action: move_forward
Action: null
waypoints: 10
skipped waypoints: edge 1,  distance 5,  no_path 0,  occlusion 0



Action: stop
waypoints: 10
skipped waypoints: edge 1,  distance 5,  no_path 0,  occlusion 0



Action: stop
['Walk down the hallway through the arched doorway. Walk into the kitchen area.', 'Walk through the doorway into teh dining room area passing by the stove.', 'Walk into the living room are towards the fireplace stopping near the couches.']
Initialized data for new floor level: 0
Switching pcds to floor level: 0
Initialized data for new floor level: 0
Switching pcds to floor level: 0
Initialized data for new floor level: 0
Switching pcds to floor level: 0
[StairDetect] normals=0.0029s, cpu=0.0002s, cluster=0.0189s, loop=0.0085s, total=0.0359s
waypoints: 10
skipped waypoints: edge 1,  distance 2,  no_path 0,  occlusion 0


```json
{
"movement": "I am currently standing at a junction in the hallway. To my left, there is an arched doorway leading into a kitchen with wooden cabinets and a large island. To my right, a long hallway extends away. Directly ahead is a wall corner separating these two areas.",
"observation": {
    "front view": "I see a wall corner directly ahead. To the left of the corner is an opening into a kitchen area with terracotta tile flooring transitioning to wood/stone inside. To the right of the corner is a doorway into a room with a sink (likely a bathroom or utility room).",
    "left view": "A clear view into the kitchen area showing wooden cabinets, a large island, and an arched entryway.",
    "right view": "A long hallway stretching away with terracotta tile flooring. There is a doorway on the left side of this hallway leading to a bathroom.",
    "map": "The map shows I am at a junction. The kitchen area is to the northwest (left), and a long hallway extends to the southeast (right). Waypoints 2 and 5 are in the kitchen direction."
},
"thought": "The current task is to walk into the kitchen area. The kitchen is clearly visible through the arched doorway to my left. I need to move from my current position at the junction into that room. Waypoint 5 is located inside the kitchen area, making it the appropriate target to complete this subtask.",
"stuck": false,
"plan": "Move forward and slightly left to enter the kitchen through the arched doorway, heading towards the interior of the room where waypoint 5 is located.",
"curr_step": "I am at the entrance of the kitchen. I need to proceed into the room. Waypoint 5 is inside the kitchen area and represents the target location for this subtask.",
"action": 5
}
```
Calculated floor height difference: 2.83m
Action: turn
Action: move_forward
Action: turn
Action: move_forward
Action: move_forward
Action: null
Action: turn
waypoints: 14
skipped waypoints: edge 0,  distance 6,  no_path 0,  occlusion 0
```json
{
"movement": "I have entered the kitchen area through the arched doorway and am now standing near the entrance, facing a large kitchen island. I have turned slightly right to align with the path into the room.",
"observation": {
    "front view": "I see a large kitchen island directly ahead. To the right of the island is an open floor space leading towards an arched doorway in the background. To the left are dark wooden cabinets and a stove hood.",
    "left view": "A view of the kitchen counter with a large range hood (stove area) and windows above it.",
    "right view": "A wall and a doorway leading back towards the hallway I came from.",
    "map": "I am at the entrance of the kitchen zone. Waypoint 5 is located further into the room, to the right of the island, near the path towards the back archway."
},
"thought": "The current subtask P1 is 'Walk into the kitchen area.' I have entered the room but am still near the threshold. To fully complete this and prepare for the next subtask (walking through the doorway to the dining room), I need to move deeper into the kitchen. Waypoint 5 is located in the open space to the right of the island, which provides a clear path through the kitchen towards the back archway.",
"stuck": false,
"plan": "Move forward into the kitchen, aiming for the open space to the right of the island (towards waypoint 5) to navigate through the room.",
"curr_step": "I am at the entrance of the kitchen. I need to move further in to complete 'Walk into the kitchen area'. Waypoint 5 is a strategic point in the middle of the kitchen floor.",
"action": 5
}
```
Action: turn
Action: move_forward
Action: move_forward
Action: move_forward
Action: turn
Action: move_forward
Action: null
waypoints: 10
skipped waypoints: edge 1,  distance 5,  no_path 0,  occlusion 0
```json
{
"movement": "I have moved forward into the kitchen area, positioning myself between the large kitchen islands and near the sink counter.",
"observation": {
    "front view": "Directly ahead is an arched doorway leading to a dining room with a table and chairs. To the right is a long kitchen counter with a sink. To the left is another island/counter section.",
    "left view": "A large range hood and stove area are visible on the wall, indicating the cooking zone of the kitchen.",
    "right view": "The long counter continues to the right, leading towards a living area with a fireplace in the distance.",
    "map": "I am located centrally in the kitchen near the 'workbench' and 'sink' labels. The path to the dining room is through the archway ahead (near waypoint 3)."
},
"thought": "The current subtask P1 is 'Walk down the hallway through the arched doorway. Walk into the kitchen area.' I have successfully entered the kitchen and am currently standing in the middle of it near the sink. Therefore, P1 is complete. The next subtask P2 is 'Walk through the doorway into teh dining room area passing by the stove.' This requires me to move towards the archway seen in the front view.",
"stuck": false,
"plan": "Complete subtask P1 as I am now inside the kitchen area. Prepare for subtask P2 which involves moving through the archway ahead towards the dining room.",
"curr_step": "P1 is completed. I am in the kitchen area. The next step is to address P2.",
"action": -1
}
```
Action: pause
waypoints: 10
skipped waypoints: edge 1,  distance 5,  no_path 0,  occlusion 0
2026-09-18 19:04:10,588 - INFO - --- Episode 43, Step 17/100 ---
2026-09-18 19:04:11,512 - INFO - --- Episode 43, Step 18/100 ---
2026-09-18 19:04:12,461 - INFO - --- Episode 43, Step 19/100 ---
2026-09-18 19:04:13,371 - INFO - --- Episode 43, Step 20/100 ---
2026-09-18 19:04:14,312 - INFO - --- Episode 43, Step 21/100 ---
2026-09-18 19:04:15,284 - INFO - --- Episode 43, Step 22/100 ---
2026-09-18 19:04:16,103 - INFO - --- Episode 43, Step 23/100 ---
2026-09-18 19:04:16,913 - INFO - --- Episode 43, Step 24/100 ---
2026-09-18 19:04:18,044 - INFO - --- Episode 43, Step 25/100 ---
2026-09-18 19:05:11,118 - INFO - HTTP Request: POST http://127.0.0.1:22446/v1/chat/completions "HTTP/1.1 200 OK"
2026-09-18 19:05:25,704 - INFO - HTTP Request: POST http://127.0.0.1:22446/v1/chat/completions "HTTP/1.1 200 OK"
2026-09-18 19:05:27,097 - INFO - --- Episode 43, Step 26/100 ---
2026-09-18 19:05:28,352 - INFO - --- Episode 43, Step 27/100 ---
2026-09-18 19:05:29,302 - INFO - --- Episode 43, Step 28/100 ---
2026-09-18 19:05:30,230 - INFO - --- Episode 43, Step 29/100 ---
2026-09-18 19:05:31,393 - INFO - --- Episode 43, Step 30/100 ---
2026-09-18 19:05:32,183 - INFO - --- Episode 43, Step 31/100 ---
2026-09-18 19:05:32,988 - INFO - --- Episode 43, Step 32/100 ---
2026-09-18 19:05:50,176 - INFO - HTTP Request: POST http://127.0.0.1:22446/v1/chat/completions "HTTP/1.1 200 OK"
2026-09-18 19:05:51,674 - INFO - --- Episode 43, Step 33/100 ---
2026-09-18 19:06:13,700 - INFO - HTTP Request: POST http://127.0.0.1:22446/v1/chat/completions "HTTP/1.1 200 OK"
2026-09-18 19:06:14,739 - INFO - --- Episode 43, Step 34/100 ---
2026-09-18 19:06:15,529 - INFO - --- Episode 43, Step 35/100 ---
2026-09-18 19:06:16,520 - INFO - --- Episode 43, Step 36/100 ---
2026-09-18 19:06:17,476 - INFO - --- Episode 43, Step 37/100 ---
2026-09-18 19:06:18,329 - INFO - --- Episode 43, Step 38/100 ---
2026-09-18 19:06:19,247 - INFO - --- Episode 43, Step 39/100 ---
2026-09-18 19:06:20,253 - INFO - --- Episode 43, Step 40/100 ---
2026-09-18 19:06:21,008 - INFO - --- Episode 43, Step 41/100 ---
2026-09-18 19:06:30,184 - INFO - HTTP Request: POST http://127.0.0.1:22446/v1/chat/completions "HTTP/1.1 400 Bad Request"
2026-09-18 19:06:31,577 - INFO - HTTP Request: POST http://127.0.0.1:22446/v1/chat/completions "HTTP/1.1 400 Bad Request"
2026-09-18 19:06:32,867 - INFO - HTTP Request: POST http://127.0.0.1:22446/v1/chat/completions "HTTP/1.1 400 Bad Request"
2026-09-18 19:06:33,811 - INFO - --- Episode 43, Step 42/100 ---
2026-09-18 19:07:10,440 - INFO - HTTP Request: POST http://127.0.0.1:22446/v1/chat/completions "HTTP/1.1 200 OK"
2026-09-18 19:07:11,725 - INFO - --- Episode 43, Step 43/100 ---
2026-09-18 19:07:12,499 - INFO - --- Episode 43, Step 44/100 ---
2026-09-18 19:07:13,719 - INFO - --- Episode 43, Step 45/100 ---
2026-09-18 19:07:14,550 - INFO - --- Episode 43, Step 46/100 ---
2026-09-18 19:07:15,532 - INFO - --- Episode 43, Step 47/100 ---
2026-09-18 19:07:16,436 - INFO - --- Episode 43, Step 48/100 ---
2026-09-18 19:07:17,305 - INFO - --- Episode 43, Step 49/100 ---
2026-09-18 19:07:18,444 - INFO - --- Episode 43, Step 50/100 ---
2026-09-18 19:07:28,248 - INFO - HTTP Request: POST http://127.0.0.1:22446/v1/chat/completions "HTTP/1.1 400 Bad Request"
2026-09-18 19:07:29,642 - INFO - HTTP Request: POST http://127.0.0.1:22446/v1/chat/completions "HTTP/1.1 400 Bad Request"
2026-09-18 19:07:30,906 - INFO - HTTP Request: POST http://127.0.0.1:22446/v1/chat/completions "HTTP/1.1 400 Bad Request"
 88%|████████▊ | 44/50 [7:31:06<1:15:18, 753.05s/it]Renderer: NVIDIA GeForce RTX 4090/PCIe/SSE2 by NVIDIA Corporation
OpenGL version: 4.6.0 NVIDIA 590.48.01
Using optional features:
    GL_ARB_vertex_array_object
    GL_ARB_separate_shader_objects
    GL_ARB_robustness
    GL_ARB_texture_storage
    GL_ARB_texture_view
    GL_ARB_framebuffer_no_attachments
    GL_ARB_invalidate_subdata
    GL_ARB_texture_storage_multisample
    GL_ARB_multi_bind
    GL_ARB_direct_state_access
    GL_ARB_get_texture_sub_image
    GL_ARB_texture_filter_anisotropic
    GL_KHR_debug
    GL_KHR_parallel_shader_compile
    GL_NV_depth_buffer_float
Using driver workarounds:
    no-forward-compatible-core-context
    nv-egl-incorrect-gl11-function-pointers
    no-layout-qualifiers-on-old-glsl
    nv-zero-context-profile-mask
    nv-implementation-color-read-format-dsa-broken
    nv-cubemap-inconsistent-compressed-image-size
    nv-cubemap-broken-full-compressed-image-query
    nv-compressed-block-size-in-bits
[19:07:35:068648]:[Warning]:[Metadata] SceneDatasetAttributes.cpp(107)::addNewSceneInstanceToDataset : Dataset : 'default' : Lighting Layout Attributes 'no_lights' specified in Scene Attributes but does not exist in dataset, so creating default.
2026-09-18 19:07:46,019 - INFO - Simulator initialized!
2026-09-18 19:08:18,325 - INFO - HTTP Request: POST http://127.0.0.1:22446/v1/chat/completions "HTTP/1.1 200 OK"
2026-09-18 19:08:19,007 - INFO - --- Episode 44, Step 1/100 ---
2026-09-18 19:08:40,627 - INFO - HTTP Request: POST http://127.0.0.1:22446/v1/chat/completions "HTTP/1.1 200 OK"
```json
{
"movement": "I have moved from the entrance of the kitchen towards the center, near the sink and rug. I am now positioned to walk through the archway ahead.",
"observation": {
    "front view": "Directly ahead is an arched doorway leading into a dining room with a table and chairs visible inside. To the right is a long counter with a sink. To the left is a large kitchen island.",
    "left view": "A large range hood (stove) is visible on the wall, indicating the cooking area I need to pass.",
    "right view": "The counter continues to the right, and further back, a living area with a fireplace is visible through another archway.",
    "map": "I am at P1. Waypoint 3 is located through the archway into the dining room. The stove area is to the left of my current path."
},
"thought": "The current subtask P2 is 'Walk through the doorway into teh dining room area passing by the stove.' I am currently in the kitchen. The stove is to my left (seen in Left View). The dining room is through the archway ahead. Waypoint 3 is located just inside that archway. Moving towards waypoint 3 will take me past the stove and into the dining room, fulfilling the instruction.",
"stuck": false,
"plan": "Move forward through the kitchen, passing the stove on my left, and head towards the archway leading to the dining room (towards waypoint 3).",
"curr_step": "I am in the kitchen. I need to enter the dining room. Waypoint 3 is the target location inside the dining room.",
"action": 3
}
```
Action: turn
Action: move_forward
Action: turn
Action: move_forward
Action: move_forward
Action: turn
Action: move_forward
Action: null
Action: turn
waypoints: 10
skipped waypoints: edge 1,  distance 2,  no_path 0,  occlusion 0

```json
{
"movement": "I have moved from the kitchen through the arched doorway and am now standing at the entrance of the dining room. I am facing a dining table with chairs.",
"observation": {
    "front view": "A dining table with wooden chairs is directly ahead. There are windows on the far wall.",
    "left view": "A large wooden cabinet or pantry door is close to my left.",
    "right view": "The edge of the doorway and a glimpse back towards the kitchen counter.",
    "map": "I am at the entrance of the dining room (the area with chairs). Waypoint 1 is just inside this room."
},
"thought": "I have completed the 'passing by the stove' part and am now entering the dining room. To complete P2, I need to fully enter the dining room area. Moving towards waypoint 1 will place me inside the dining room.",
"stuck": false,
"plan": "Move forward into the dining room towards the table (waypoint 1) to complete subtask P2 and prepare for P3.",
"curr_step": "I am at the threshold of the dining room. Moving to waypoint 1 will complete the entry into the dining room area.",
"action": 1
}
```
Action: turn
Action: move_forward
Action: turn
Action: move_forward
Action: move_forward
Action: move_forward
Action: null
waypoints: 5
skipped waypoints: edge 2,  distance 0,  no_path 0,  occlusion 3
```json
{
"movement": "I have moved into the dining room and am now standing near the dining table. I have completed entering the dining room area.",
"observation": {
    "front view": "A large round dining table with chairs is directly in front of me, surrounded by windows.",
    "left view": "An open doorway/hallway leads out of the dining room towards another room where a fireplace is visible in the distance.",
    "right view": "A console table against the wall and an archway leading back towards the kitchen area.",
    "map": "I am in the dining room area (labeled with chairs). The path to the living room is through the opening to the left of my current orientation."
},
"thought": "I have completed P2 by entering the dining room. Now I need to prepare for P3: 'Walk into the living room are towards the fireplace stopping near the couches.' The living room with the fireplace is visible through the doorway in my Left View. I need to turn left to face that exit.",
"stuck": false,
"plan": "Turn left to face the exit of the dining room that leads to the living room.",
"curr_step": "I am in the dining room. The exit to the living room is to my left. I need to turn towards it.",
"action": "L"
}
```
Action: turn
waypoints: 12
skipped waypoints: edge 0,  distance 7,  no_path 0,  occlusion 0
```json
{
"movement": "I have turned left from the dining table and am now facing the exit of the dining room. Through the doorway, I can see a hallway leading to another room with a fireplace in the distance.",
"observation": {
    "front view": "A doorway leads out of the dining room into a hallway. Further down, through another opening, a living room with a fireplace is visible.",
    "left view": "The interior wall of the dining room and the edge of the door frame.",
    "right view": "The dining table and chairs are to my right/behind me.",
    "map": "I am in the dining room area. The path forward leads out towards the living room."
},
"thought": "I have completed entering the dining room (P2). Now I need to fulfill P3: 'Walk into the living room are towards the fireplace stopping near the couches.' The living room is visible through the doorway ahead. I need to exit the dining room and move towards that area.",
"stuck": false,
"plan": "Move forward through the doorway in front of me to exit the dining room and head towards the living room/fireplace.",
"curr_step": "I am at the exit of the dining room. Moving forward (towards waypoint 1) will take me into the hallway leading to the living room.",
"action": 1
}
```
Action: turn
Action: move_forward
Action: turn
Action: move_forward
Action: move_forward
Action: turn
Action: move_forward
Action: null
waypoints: 21
skipped waypoints: edge 1,  distance 14,  no_path 0,  occlusion 1
Action: stop
waypoints: 21
skipped waypoints: edge 1,  distance 14,  no_path 0,  occlusion 1
```json
{
"movement": "I have moved from the dining table towards the exit of the dining room. I am now standing at the threshold looking out towards a patio area, with the living room visible to my left.",
"observation": {
    "front view": "A wall and a glass door leading to a patio are directly ahead. To the left is an opening into a living room with a fireplace and couches.",
    "left view": "The interior of the living room is visible, showing a rug, chairs, and a fireplace in the distance.",
    "right view": "A glass door leading to the outdoor patio area.",
    "map": "I am at the exit of the dining room (near the 'carpet' label). Waypoint 2 is located just inside the living room area."
},
"thought": "I have completed subtask P2 by entering the dining room and passing the stove. The next subtask P3 is to walk into the living room towards the fireplace. The living room entrance is to my left/front-left. Waypoint 2 is located inside the living room, making it the correct target to proceed with P3.",
"stuck": false,
"plan": "Move forward and slightly left into the living room area towards waypoint 2 to begin subtask P3.",
"curr_step": "I am at the exit of the dining room. I need to enter the living room. Waypoint 2 is inside the living room.",
"action": 2
}
```
Action: turn
Action: move_forward
Action: turn
Action: move_forward
Action: turn
Action: move_forward
Action: null
Action: turn
waypoints: 18
skipped waypoints: edge 2,  distance 10,  no_path 0,  occlusion 2
Action: stop
['Walk down the hallway and walk into the kitchen and take a left at the island counter', 'into the hallway and take a right into the dining room and walk through the dining room', 'into the living room and stop nest to the edge of the couch  behind the end table.']
Initialized data for new floor level: 0
Switching pcds to floor level: 0
Initialized data for new floor level: 0
Switching pcds to floor level: 0
Initialized data for new floor level: 0
Switching pcds to floor level: 0
[StairDetect] normals=0.0030s, cpu=0.0003s, cluster=0.0199s, loop=0.0097s, total=0.0386s
waypoints: 10
skipped waypoints: edge 1,  distance 2,  no_path 0,  occlusion 0
2026-09-18 19:08:41,215 - INFO - --- Episode 44, Step 2/100 ---
2026-09-18 19:08:41,698 - INFO - --- Episode 44, Step 3/100 ---
2026-09-18 19:08:42,244 - INFO - --- Episode 44, Step 4/100 ---
2026-09-18 19:08:42,960 - INFO - --- Episode 44, Step 5/100 ---
2026-09-18 19:08:43,530 - INFO - --- Episode 44, Step 6/100 ---
2026-09-18 19:08:44,009 - INFO - --- Episode 44, Step 7/100 ---
2026-09-18 19:08:44,580 - INFO - --- Episode 44, Step 8/100 ---
2026-09-18 19:09:10,813 - INFO - HTTP Request: POST http://127.0.0.1:22446/v1/chat/completions "HTTP/1.1 200 OK"
2026-09-18 19:09:11,551 - INFO - --- Episode 44, Step 9/100 ---
2026-09-18 19:09:12,322 - INFO - --- Episode 44, Step 10/100 ---
2026-09-18 19:09:12,917 - INFO - --- Episode 44, Step 11/100 ---
2026-09-18 19:09:13,657 - INFO - --- Episode 44, Step 12/100 ---
2026-09-18 19:09:14,386 - INFO - --- Episode 44, Step 13/100 ---
2026-09-18 19:09:15,093 - INFO - --- Episode 44, Step 14/100 ---
2026-09-18 19:09:34,428 - INFO - HTTP Request: POST http://127.0.0.1:22446/v1/chat/completions "HTTP/1.1 200 OK"
2026-09-18 19:09:35,532 - INFO - --- Episode 44, Step 15/100 ---
2026-09-18 19:09:36,325 - INFO - --- Episode 44, Step 16/100 ---
2026-09-18 19:09:36,970 - INFO - --- Episode 44, Step 17/100 ---
2026-09-18 19:09:37,530 - INFO - --- Episode 44, Step 18/100 ---
2026-09-18 19:09:38,024 - INFO - --- Episode 44, Step 19/100 ---
2026-09-18 19:09:38,691 - INFO - --- Episode 44, Step 20/100 ---
2026-09-18 19:09:56,312 - INFO - HTTP Request: POST http://127.0.0.1:22446/v1/chat/completions "HTTP/1.1 200 OK"
2026-09-18 19:09:57,457 - INFO - --- Episode 44, Step 21/100 ---
2026-09-18 19:09:58,041 - INFO - --- Episode 44, Step 22/100 ---
2026-09-18 19:09:58,801 - INFO - --- Episode 44, Step 23/100 ---
2026-09-18 19:09:59,530 - INFO - --- Episode 44, Step 24/100 ---
2026-09-18 19:10:00,494 - INFO - --- Episode 44, Step 25/100 ---
2026-09-18 19:10:01,155 - INFO - --- Episode 44, Step 26/100 ---
2026-09-18 19:10:01,934 - INFO - --- Episode 44, Step 27/100 ---
2026-09-18 19:10:03,466 - INFO - --- Episode 44, Step 28/100 ---
2026-09-18 19:10:52,496 - INFO - HTTP Request: POST http://127.0.0.1:22446/v1/chat/completions "HTTP/1.1 200 OK"
```json
{
"movement": "I am currently standing in a hallway junction. To my left is an opening into a kitchen with a large island. To my right is a small room. Ahead is a wall corner. Based on the map and views, the path to the kitchen involves moving forward and slightly left towards the kitchen entrance.",
"observation": {
    "front view": "I see a wall corner (B) directly ahead. To the left of it is an opening into a kitchen with wooden cabinets and an island. To the right is a doorway into a small room with dark cabinets.",
    "left view": "The view shows the hallway continuing towards the kitchen. The kitchen island is clearly visible in the distance.",
    "right view": "A long hallway stretches out to the right, past a bathroom door on the left.",
    "map": "The map shows my current position (START) near the center. The kitchen is the large room at the top-left. Waypoints 2 and 5 are along the path towards the kitchen."
},
"thought": "I am currently in the hallway as per the instruction 'Walk down the hallway'. The kitchen is visible to the left and ahead. The map indicates that waypoints 2 and 5 lead towards the kitchen. I need to enter the kitchen to find the island counter. Therefore, I should move towards the kitchen entrance, which corresponds to waypoint 5.",
"stuck": false,
"plan": "Move forward and slightly left towards the kitchen entrance (waypoint 5). Once inside the kitchen, I will look for the island counter to take a left as instructed.",
"curr_step": "I need to reach the kitchen. Waypoint 5 is located at the entrance of the kitchen area. Moving to waypoint 5 will bring me into the kitchen.",
"action": 5
}
```
Calculated floor height difference: 2.83m
Action: turn
Action: move_forward
Action: turn
Action: move_forward
Action: move_forward
Action: null
Action: turn
waypoints: 14
skipped waypoints: edge 0,  distance 6,  no_path 0,  occlusion 0
```json
{
"movement": "I have entered the kitchen and am facing the large island counter. I moved forward from the entrance towards the island.",
"observation": {
    "front view": "I see the kitchen island directly ahead. To its left is a long counter with a stove hood. To its right is another counter/island section. The floor is tiled.",
    "left view": "To my left, there is a wall and the side of the kitchen cabinetry.",
    "right view": "To my right, there is a hallway leading away from the kitchen area.",
    "map": "The map shows the kitchen with the island (dark square) in the center. I am near the entrance. Waypoints 4, 6, 7 are to the left of the island. Waypoint 5 is to the right/behind."
},
"thought": "I am currently in the kitchen facing the island. The instruction says 'take a left at the island counter into the hallway'. This implies I need to navigate around the left side of the island to find a hallway. Looking at the map, the path to the left of the island (towards waypoints 6 and 7) seems to lead further into the house. I need to get closer to the island first to 'take a left' at it. Waypoint 4 is located near the corner of the island on the left side.",
"stuck": false,
"plan": "Move towards waypoint 4 to get closer to the island counter. Once there, I will turn left and proceed into the hallway area (towards waypoints 6/7).",
"curr_step": "I am approaching the island. Waypoint 4 is the closest point on the floor near the left corner of the island. Moving to waypoint 4 will place me 'at the island counter' as described.",
"action": 4
}
```
Action: turn
Action: move_forward
Action: turn
Action: move_forward
Action: null
Action: turn
waypoints: 21
skipped waypoints: edge 3,  distance 1,  no_path 0,  occlusion 14
```json
{
"movement": "I have moved closer to the kitchen island and am now positioned near its left corner, facing towards the stove area. I have effectively navigated around the left side of the island as instructed.",
"observation": {
    "front view": "I am facing the side of the kitchen island. To the left is a large stove with a hood and dark wooden cabinets. The floor is tiled with terracotta tiles.",
    "left view": "To my left, there is a hallway with arches leading further into the house. This matches the description of 'into the hallway'.",
    "right view": "To my right is the rest of the kitchen island and another counter area leading towards a living space.",
    "map": "The map shows the 'workbench' (island) in the center. I am near waypoint 1, which is to the left of the workbench. The path continues past this point."
},
"thought": "I have completed the part of the instruction 'walk into the kitchen and take a left at the island counter'. I am now positioned on the left side of the island. The next part of the instruction is 'into the hallway'. Looking at my left view, there is clearly a hallway with arches. I need to proceed towards this hallway. Waypoint 1 is located in the space between the island and the stove wall, which leads towards that hallway area.",
"stuck": false,
"plan": "Move forward towards waypoint 1 to clear the island and enter the hallway area visible to the left. Once in the hallway, I will look for the dining room to the right.",
"curr_step": "I am currently at the left side of the island. To follow the instruction 'into the hallway', I need to move further into the kitchen space towards the hallway entrance. Waypoint 1 is the logical next step to position myself correctly relative to the island and the upcoming hallway.",
"action": 1
}
```
Action: turn
Action: move_forward
Action: move_forward
Action: move_forward
Action: null
Action: turn
waypoints: 12
skipped waypoints: edge 4,  distance 4,  no_path 0,  occlusion 0
```json
{
"movement": "I have moved past the stove area and am now positioned near the entrance of the hallway to the left of the kitchen counters.",
"observation": {
    "front view": "I am facing the stove and counter. To the left, there is an opening leading into a hallway with arched doorways.",
    "left view": "A long hallway stretches out to the left with glass doors on one side and arches on the other.",
    "right view": "The kitchen island and living area are visible to the right.",
    "map": "I am near the 'workbench' (island). Waypoint 4 is located in the hallway to the left, which matches the instruction to go 'into the hallway'."
},
"thought": "I have completed the part of the instruction to walk into the kitchen and reach the island/stove area. The next part is to 'take a left at the island counter into the hallway'. Looking at my current position and the map, the hallway is to my left (waypoint 4). I need to move towards that hallway.",
"stuck": false,
"plan": "Move towards waypoint 4 to enter the hallway. Once in the hallway, I will look for the dining room to the right as per the next subtask.",
"curr_step": "I am currently near the stove. Waypoint 4 is the entrance to the hallway on the left. Moving to waypoint 4 will fulfill the instruction 'into the hallway'.",
"action": 4
}
```
Action: turn
Action: move_forward
Action: move_forward
Action: turn
Action: move_forward
Action: turn
Action: move_forward
Action: null
waypoints: 27
skipped waypoints: edge 1,  distance 15,  no_path 0,  occlusion 2
2026-09-18 19:10:53,720 - INFO - --- Episode 44, Step 29/100 ---
2026-09-18 19:10:54,793 - INFO - --- Episode 44, Step 30/100 ---
2026-09-18 19:10:55,837 - INFO - --- Episode 44, Step 31/100 ---
2026-09-18 19:10:57,125 - INFO - --- Episode 44, Step 32/100 ---
2026-09-18 19:10:58,482 - INFO - --- Episode 44, Step 33/100 ---
2026-09-18 19:11:17,659 - INFO - HTTP Request: POST http://127.0.0.1:22446/v1/chat/completions "HTTP/1.1 200 OK"
2026-09-18 19:11:19,207 - INFO - --- Episode 44, Step 34/100 ---
2026-09-18 19:11:20,265 - INFO - --- Episode 44, Step 35/100 ---
2026-09-18 19:11:21,289 - INFO - --- Episode 44, Step 36/100 ---
2026-09-18 19:11:22,006 - INFO - --- Episode 44, Step 37/100 ---
2026-09-18 19:11:22,784 - INFO - --- Episode 44, Step 38/100 ---
2026-09-18 19:11:23,603 - INFO - --- Episode 44, Step 39/100 ---
2026-09-18 19:11:24,627 - INFO - --- Episode 44, Step 40/100 ---
2026-09-18 19:11:25,502 - INFO - --- Episode 44, Step 41/100 ---
2026-09-18 19:11:26,370 - INFO - --- Episode 44, Step 42/100 ---
2026-09-18 19:12:07,275 - INFO - HTTP Request: POST http://127.0.0.1:22446/v1/chat/completions "HTTP/1.1 200 OK"
2026-09-18 19:12:08,453 - INFO - --- Episode 44, Step 43/100 ---
2026-09-18 19:12:09,470 - INFO - --- Episode 44, Step 44/100 ---
2026-09-18 19:12:10,580 - INFO - --- Episode 44, Step 45/100 ---
2026-09-18 19:12:12,505 - INFO - --- Episode 44, Step 46/100 ---
2026-09-18 19:12:13,552 - INFO - --- Episode 44, Step 47/100 ---
2026-09-18 19:12:14,453 - INFO - --- Episode 44, Step 48/100 ---
2026-09-18 19:12:15,388 - INFO - --- Episode 44, Step 49/100 ---
2026-09-18 19:12:16,727 - INFO - --- Episode 44, Step 50/100 ---
2026-09-18 19:12:40,468 - INFO - HTTP Request: POST http://127.0.0.1:22446/v1/chat/completions "HTTP/1.1 200 OK"
2026-09-18 19:12:42,430 - INFO - HTTP Request: POST http://127.0.0.1:22446/v1/chat/completions "HTTP/1.1 400 Bad Request"
2026-09-18 19:12:43,817 - INFO - HTTP Request: POST http://127.0.0.1:22446/v1/chat/completions "HTTP/1.1 400 Bad Request"
2026-09-18 19:12:44,888 - INFO - --- Episode 44, Step 51/100 ---
2026-09-18 19:13:08,988 - INFO - HTTP Request: POST http://127.0.0.1:22446/v1/chat/completions "HTTP/1.1 200 OK"
2026-09-18 19:13:10,120 - INFO - --- Episode 44, Step 52/100 ---
2026-09-18 19:13:42,665 - INFO - HTTP Request: POST http://127.0.0.1:22446/v1/chat/completions "HTTP/1.1 200 OK"
2026-09-18 19:14:00,040 - INFO - HTTP Request: POST http://127.0.0.1:22446/v1/chat/completions "HTTP/1.1 200 OK"
2026-09-18 19:14:11,285 - INFO - HTTP Request: POST http://127.0.0.1:22446/v1/chat/completions "HTTP/1.1 200 OK"
 90%|█████████ | 45/50 [7:37:47<53:56, 647.29s/it]  Renderer: NVIDIA GeForce RTX 4090/PCIe/SSE2 by NVIDIA Corporation
OpenGL version: 4.6.0 NVIDIA 590.48.01
Using optional features:
    GL_ARB_vertex_array_object
    GL_ARB_separate_shader_objects
    GL_ARB_robustness
    GL_ARB_texture_storage
    GL_ARB_texture_view
    GL_ARB_framebuffer_no_attachments
    GL_ARB_invalidate_subdata
    GL_ARB_texture_storage_multisample
    GL_ARB_multi_bind
    GL_ARB_direct_state_access
    GL_ARB_get_texture_sub_image
    GL_ARB_texture_filter_anisotropic
    GL_KHR_debug
    GL_KHR_parallel_shader_compile
    GL_NV_depth_buffer_float
Using driver workarounds:
    no-forward-compatible-core-context
    nv-egl-incorrect-gl11-function-pointers
    no-layout-qualifiers-on-old-glsl
    nv-zero-context-profile-mask
    nv-implementation-color-read-format-dsa-broken
    nv-cubemap-inconsistent-compressed-image-size
    nv-cubemap-broken-full-compressed-image-query
    nv-compressed-block-size-in-bits
[19:14:15:600146]:[Warning]:[Metadata] SceneDatasetAttributes.cpp(107)::addNewSceneInstanceToDataset : Dataset : 'default' : Lighting Layout Attributes 'no_lights' specified in Scene Attributes but does not exist in dataset, so creating default.
2026-09-18 19:14:23,857 - INFO - Simulator initialized!
2026-09-18 19:14:52,697 - INFO - HTTP Request: POST http://127.0.0.1:22446/v1/chat/completions "HTTP/1.1 200 OK"
2026-09-18 19:14:53,393 - INFO - --- Episode 45, Step 1/100 ---
2026-09-18 19:15:00,708 - INFO - HTTP Request: POST http://127.0.0.1:22446/v1/chat/completions "HTTP/1.1 200 OK"
```json
{
"movement": "I have moved from the kitchen area into the hallway and reached the junction where the dining room is located to my right.",
"observation": {
    "front view": "I see a dark wooden pillar in front of me. To the right of the pillar is an opening into a dining room with a large table and chairs. To the left, the hallway continues with arched doorways.",
    "left view": "The hallway extends to the left with glass doors on one side.",
    "right view": "The dining room is visible through the opening, showing a wooden ceiling and furniture.",
    "map": "I am near the junction. Waypoint 3 is located just inside the entrance of the dining room area. Waypoint 6 is further into the dining room on the carpet."
},
"thought": "I have completed the instruction 'Walk down the hallway and walk into the kitchen and take a left at the island counter into the hallway'. I am now in the hallway mentioned. The next part of the full instruction is 'take a right into the dining room'. Looking at my current position, the dining room is to my right. Waypoint 3 is located at the entrance/threshold of the dining room. Moving to waypoint 3 will allow me to enter the dining room as instructed.",
"stuck": false,
"plan": "Move towards waypoint 3 to enter the dining room. Once inside, I will proceed through the dining room towards the living room as per the subsequent instructions.",
"curr_step": "I am at the junction of the hallway and the dining room. Waypoint 3 is the correct target to enter the dining room.",
"action": 3
}
```
Action: turn
Action: move_forward
Action: move_forward
Action: move_forward
Action: null
waypoints: 33
skipped waypoints: edge 1,  distance 18,  no_path 0,  occlusion 11
```json
{
"movement": "I have entered the dining room and am now walking past the dining table towards the living room area visible in the distance.",
"observation": {
    "front view": "I see the long dining table with chairs on my right. To the left, there is an open floor space leading into a living room with a fireplace and sofas.",
    "left view": "A wall with a picture frame and a doorway leading to another area (possibly the hallway I came from or another room).",
    "right view": "A wooden sideboard against the wall and windows in the background.",
    "map": "I am near the 'carpet' and 'chair' labels on the map. Waypoint 1 is located in the open space ahead, leading towards the 'sofa' area (living room)."
},
"thought": "I have completed entering the dining room. The next part of the instruction is to 'walk through the dining room into the living room'. The living room is clearly visible ahead and slightly to the left. Waypoint 1 is positioned in the walkway that leads from the dining area towards the living room entrance. Moving to waypoint 1 will bring me closer to the living room.",
"stuck": false,
"plan": "Move forward through the dining room towards the living room entrance. Waypoint 1 is the correct path to navigate around the dining table and towards the next room.",
"curr_step": "I am in the dining room. Waypoint 1 is the logical next step to continue 'walking through' the room into the living room.",
"action": 1
}
```
Action: turn
Action: move_forward
Action: turn
Action: move_forward
Action: turn
Action: move_forward
Action: turn
Action: move_forward
Action: null
waypoints: 40
skipped waypoints: edge 2,  distance 24,  no_path 0,  occlusion 6
```json
{
"movement": "I have walked through the dining room and entered the living room. I am now facing the seating area with a large beige couch and a small round end table.",
"observation": {
    "front view": "I see a large beige sofa/couch in the center of the living room. To its left (my left), there is a small round end table. Further back is a fireplace. To the right is a tall lamp.",
    "left view": "A doorway leading to another area, possibly a hallway or study.",
    "right view": "The entrance from the dining room and a sideboard against the wall.",
    "map": "I am near the 'sofa' label on the map. Waypoint 3 is located right next to the sofa and the end table."
},
"thought": "I have successfully navigated through the kitchen, hallway, and dining room into the living room. The final part of the instruction is to 'stop nest [next] to the edge of the couch behind the end table'. I can see the couch and the end table ahead of me. Waypoint 3 is positioned directly next to the couch and the end table, which matches the target description.",
"stuck": false,
"plan": "Move towards waypoint 3 to reach the edge of the couch near the end table as instructed.",
"curr_step": "I am in the living room facing the couch. Waypoint 3 is the closest point to the couch and end table.",
"action": 3
}
```
Action: turn
Action: move_forward
Action: turn
Action: move_forward
Action: turn
Action: move_forward
Action: null
Action: turn
waypoints: 35
skipped waypoints: edge 3,  distance 18,  no_path 0,  occlusion 11

Action: stop
waypoints: 35
skipped waypoints: edge 3,  distance 18,  no_path 0,  occlusion 11
```json
{
"movement": "I have walked through the dining room into the living room and approached the seating area. I am now standing directly next to the large beige couch and the small round end table.",
"observation": {
    "front view": "I see the side of a large beige couch with patterned pillows. Next to it is a small, dark wooden end table on a rug. Further ahead is a fireplace and more seating.",
    "left view": "Wooden paneling and an arched doorway leading back towards the hallway/dining area.",
    "right view": "The rest of the living room with a large window/door to the outside and another seating area.",
    "map": "I am positioned right next to the 'sofa' and 'umbrella' (likely a lamp or object on the table) on the map, which corresponds to the end table location."
},
"thought": "I have successfully followed the entire instruction: walked down the hallway, into the kitchen, left at the island, into the hallway, right into the dining room, through the dining room, and into the living room. I am now standing next to the edge of the couch near the end table as requested. The blue arc indicates I am within the target range (<1m).",
"stuck": false,
"plan": "The task is complete. I have reached the final destination.",
"curr_step": "I have reached the edge of the couch behind/next to the end table.",
"action": -1
}
```
Action: pause
waypoints: 35
skipped waypoints: edge 3,  distance 18,  no_path 0,  occlusion 11



Action: stop
["Finish climbing the stairs and walk straight through the doorway in front of you.  You'll be a bedroom at that point.", 'Turn right and walk across the room next to the bed to the doorway on your right.', 'Turn right and walk though the closet into the bathroom.  Stop in front of the toilet in the bathroom.']
Initialized data for new floor level: 0
Switching pcds to floor level: 0
Initialized data for new floor level: 0
Switching pcds to floor level: 0
Initialized data for new floor level: 0
Switching pcds to floor level: 0
[StairDetect] normals=0.0036s, cpu=0.0003s, cluster=0.0296s, loop=0.0124s, total=0.0507s
waypoints: 7
skipped waypoints: edge 1,  distance 1,  no_path 1,  occlusion 3
2026-09-18 19:15:01,309 - INFO - --- Episode 45, Step 2/100 ---
2026-09-18 19:15:01,942 - INFO - --- Episode 45, Step 3/100 ---
2026-09-18 19:15:02,507 - INFO - --- Episode 45, Step 4/100 ---
2026-09-18 19:15:03,429 - INFO - --- Episode 45, Step 5/100 ---
2026-09-18 19:17:53,484 - INFO - HTTP Request: POST http://127.0.0.1:22446/v1/chat/completions "HTTP/1.1 200 OK"
2026-09-18 19:20:23,230 - INFO - HTTP Request: POST http://127.0.0.1:22446/v1/chat/completions "HTTP/1.1 200 OK"
2026-09-18 19:21:11,132 - INFO - HTTP Request: POST http://127.0.0.1:22446/v1/chat/completions "HTTP/1.1 200 OK"
2026-09-18 19:21:11,999 - INFO - --- Episode 45, Step 6/100 ---
2026-09-18 19:21:12,647 - INFO - --- Episode 45, Step 7/100 ---
2026-09-18 19:21:13,231 - INFO - --- Episode 45, Step 8/100 ---
2026-09-18 19:21:13,814 - INFO - --- Episode 45, Step 9/100 ---
2026-09-18 19:21:14,600 - INFO - --- Episode 45, Step 10/100 ---
2026-09-18 19:21:15,239 - INFO - --- Episode 45, Step 11/100 ---
2026-09-18 19:21:43,903 - INFO - HTTP Request: POST http://127.0.0.1:22446/v1/chat/completions "HTTP/1.1 200 OK"
2026-09-18 19:21:44,535 - INFO - --- Episode 45, Step 12/100 ---
2026-09-18 19:21:56,909 - INFO - HTTP Request: POST http://127.0.0.1:22446/v1/chat/completions "HTTP/1.1 200 OK"
2026-09-18 19:21:57,625 - INFO - --- Episode 45, Step 13/100 ---
2026-09-18 19:21:58,268 - INFO - --- Episode 45, Step 14/100 ---
```json
{
"movement": "I am currently on the stairs facing upwards towards the landing. I need to continue moving forward to ascend the remaining steps.",
"observation": {
    "front view": "I see the top few steps of the staircase leading onto a carpeted landing. There is a doorway/opening straight ahead at the top of the landing (labeled B). To the left is a railing overlooking the floor below.",
    "left view": "I see the white railing and the open space of the stairwell going down.",
    "right view": "I see a plain white wall next to the stairs.",
    "map": "My current position (blue dot) is on the stairs. The path ahead leads up to the landing area."
},
"thought": "The instruction is to finish climbing the stairs and walk through the doorway in front. I am currently on the stairs facing the top. I need to move forward to reach the landing and then proceed towards the doorway.",
"stuck": false,
"plan": "Move forward up the stairs to reach the top landing. Once on the landing, continue straight towards the doorway visible ahead.",
"curr_step": "I am currently on the stairs. I need to move forward to climb them. The next sub-goal is to reach the top platform.",
"action": 1
}
```
Calculated floor height difference: 3.90m
Action: turn
--- Height change stabilized. Height diff: 0.30, On platform: True, Metrics: {'inlier_count': 1454, 'local_count': 19007, 'support_ratio': 0.07649813226303477, 'vertical_score': 1.0, 'plane_height_mean': -0.9130486249923706, 'agent_z': -0.8966855525970459, 'vertical_diff': 0.01636307239532475, 'area_xy': 0.6192, 'radius_est': 0.4439566212199151, 'z_std': 0.048566024750471115, 'occupied_cells': 43, 'bottom_height_tolerance': 0.1}
--- No significant floor change. Height diff: 0.30, On platform: True, Metrics: {'inlier_count': 1454, 'local_count': 19007, 'support_ratio': 0.07649813226303477, 'vertical_score': 1.0, 'plane_height_mean': -0.9130486249923706, 'agent_z': -0.8966855525970459, 'vertical_diff': 0.01636307239532475, 'area_xy': 0.6192, 'radius_est': 0.4439566212199151, 'z_std': 0.048566024750471115, 'occupied_cells': 43, 'bottom_height_tolerance': 0.1}
Updated floor height: -0.70, ceiling height: 1.10
[StairDetect] normals=0.0037s, cpu=0.0003s, cluster=0.0280s, loop=0.0023s, total=0.0393s
Action: move_forward
[StairDetect] normals=0.0037s, cpu=0.0003s, cluster=0.0281s, loop=0.0025s, total=0.0399s
Action: null
[StairDetect] normals=0.0042s, cpu=0.0002s, cluster=0.0279s, loop=0.0024s, total=0.0401s
Action: turn
waypoints: 11
skipped waypoints: edge 2,  distance 1,  no_path 0,  occlusion 6


```json
{
"movement": "I have reached the top of the stairs and am standing on the landing. I am facing a wall with closet doors (labeled B) and a doorway to the left (labeled 2). To my left, I can see into a bedroom with a bed.",
"observation": {
    "front view": "I see a carpeted landing area. Straight ahead/slightly right are tall white closet doors (B). To the left is an opening/doorway (2) leading to another room.",
    "left view": "I see a bedroom with a bed and white bedding through a doorway.",
    "right view": "I see the top of the stairs I just climbed and a wall.",
    "map": "My current position is at the top of the stairs (blue dot). The path forward leads to waypoint 1 on the landing, then curves left towards waypoint 2 near the bedroom door."
},
"thought": "I have finished climbing the stairs. The instruction says to 'walk straight through the doorway in front of you' into a bedroom. Looking at my views, the bedroom is to my left (seen in the Left View). The map shows a path along the landing to waypoint 1, then towards the bedroom door (waypoint 2). I need to move onto the landing first to clear the stairs and align with the path to the bedroom.",
"stuck": false,
"plan": "Move forward onto the landing towards waypoint 1. From there, I will turn left and walk through the doorway into the bedroom.",
"curr_step": "I am at the top of the stairs. The next logical step is to move forward onto the landing towards waypoint 1.",
"action": 1
}
```
Action: turn
--- Height change stabilized. Height diff: 0.61, On platform: True, Metrics: {'inlier_count': 6918, 'local_count': 18794, 'support_ratio': 0.36809620089559986, 'vertical_score': 1.0, 'plane_height_mean': -0.6278102993965149, 'agent_z': -0.5886966705322265, 'vertical_diff': 0.039113628864288374, 'area_xy': 3.902399999999999, 'radius_est': 1.1145279269016208, 'z_std': 0.027033017948269844, 'occupied_cells': 271, 'bottom_height_tolerance': 0.1}
---!Floor change detected. From level 0 to 1.
Saving data for floor level: 0
Initialized data for new floor level: 1
Switching pcds to floor level: 1
!Switched to floor level: 1
Updated floor height: -0.43, ceiling height: 1.37, height diff: 0.61
[StairDetect] normals=0.0034s, cpu=0.0002s, cluster=0.0221s, loop=0.0045s, total=0.0362s
Action: move_forward
[StairDetect] normals=0.0036s, cpu=0.0003s, cluster=0.0221s, loop=0.0069s, total=0.0392s
Action: move_forward
[StairDetect] normals=0.0038s, cpu=0.0002s, cluster=0.0227s, loop=0.0067s, total=0.0399s
Action: turn
[StairDetect] normals=0.0037s, cpu=0.0002s, cluster=0.0212s, loop=0.0071s, total=0.0388s
Action: move_forward
[StairDetect] normals=0.0038s, cpu=0.0002s, cluster=0.0214s, loop=0.0071s, total=0.0392s
Action: null
waypoints: 4
skipped waypoints: edge 2,  distance 0,  no_path 0,  occlusion 0
```json
{
"movement": "I have reached the top of the stairs and am standing on the landing facing a wall with closet doors. The bedroom is visible to my left.",
"observation": {
    "front view": "I see a white wall with a thermostat and tall white closet doors (labeled B). To the left, there is an opening leading to another room.",
    "left view": "I see the hallway/landing area extending to the left with a railing on the left side. Through a doorway further down/left, I can see a bed in a bedroom.",
    "right view": "I see the white closet doors close up.",
    "map": "My current position is at the top of the stairs (blue dot). The path to the bedroom is to the left."
},
"thought": "I have finished climbing the stairs. The instruction says to walk through the doorway in front of me into a bedroom. Currently, I am facing a wall/closet. The bedroom is to my left (visible in the Left View and map). I need to turn left to face the bedroom doorway and then enter it.",
"stuck": false,
"plan": "Turn left to face the bedroom doorway, then move forward into the bedroom.",
"curr_step": "I am on the landing facing the closet wall. The bedroom is to my left. I need to turn left to align with the bedroom door.",
"action": "L"
}
```
[StairDetect] normals=0.0036s, cpu=0.0003s, cluster=0.0218s, loop=0.0072s, total=0.0398s
Action: turn
waypoints: 25
skipped waypoints: edge 3,  distance 8,  no_path 0,  occlusion 7
```json
{
"movement": "I have reached the top of the stairs and am standing on the landing. I turned left to face down the hallway where the bedroom is located.",
"observation": {
    "front view": "I see a hallway leading to a doorway labeled 'B'. Through the doorway, I can see a bed, confirming it is the bedroom. There are waypoints 1, 3, 4 near the door.",
    "left view": "I see the railing of the stairwell and another room further down.",
    "right view": "I see a white wall and closet doors.",
    "map": "My current position is on the landing. Waypoint 4 is directly ahead, leading towards the bedroom door B."
},
"thought": "I have finished climbing the stairs. The instruction tells me to walk straight through the doorway in front of me into a bedroom. The doorway labeled 'B' is straight ahead and leads into a room with a bed. I need to move forward towards this doorway.",
"stuck": false,
"plan": "Move forward across the landing towards the bedroom door (waypoint 4).",
"curr_step": "I am on the landing facing the bedroom door. Waypoint 4 is the closest point leading into that room.",
"action": 4
}
```
[StairDetect] normals=0.0035s, cpu=0.0002s, cluster=0.0218s, loop=0.0074s, total=0.0396s
Action: turn
[StairDetect] normals=0.0039s, cpu=0.0003s, cluster=0.0277s, loop=0.0226s, total=0.0619s
Action: move_forward
2026-09-18 19:21:58,960 - INFO - --- Episode 45, Step 15/100 ---
2026-09-18 19:21:59,575 - INFO - --- Episode 45, Step 16/100 ---
2026-09-18 19:22:00,203 - INFO - --- Episode 45, Step 17/100 ---
2026-09-18 19:22:00,976 - INFO - --- Episode 45, Step 18/100 ---
2026-09-18 19:22:01,774 - INFO - --- Episode 45, Step 19/100 ---
2026-09-18 19:22:02,857 - INFO - --- Episode 45, Step 20/100 ---
2026-09-18 19:22:47,224 - INFO - HTTP Request: POST http://127.0.0.1:22446/v1/chat/completions "HTTP/1.1 200 OK"
2026-09-18 19:22:48,348 - INFO - --- Episode 45, Step 21/100 ---
2026-09-18 19:22:49,171 - INFO - --- Episode 45, Step 22/100 ---
2026-09-18 19:22:50,016 - INFO - --- Episode 45, Step 23/100 ---
2026-09-18 19:22:50,986 - INFO - --- Episode 45, Step 24/100 ---
2026-09-18 19:22:52,099 - INFO - --- Episode 45, Step 25/100 ---
2026-09-18 19:22:52,953 - INFO - --- Episode 45, Step 26/100 ---
2026-09-18 19:23:29,957 - INFO - HTTP Request: POST http://127.0.0.1:22446/v1/chat/completions "HTTP/1.1 200 OK"
2026-09-18 19:23:53,621 - INFO - HTTP Request: POST http://127.0.0.1:22446/v1/chat/completions "HTTP/1.1 200 OK"
2026-09-18 19:24:09,775 - INFO - HTTP Request: POST http://127.0.0.1:22446/v1/chat/completions "HTTP/1.1 200 OK"
2026-09-18 19:24:10,766 - INFO - --- Episode 45, Step 27/100 ---
2026-09-18 19:24:33,908 - INFO - HTTP Request: POST http://127.0.0.1:22446/v1/chat/completions "HTTP/1.1 200 OK"
2026-09-18 19:24:35,033 - INFO - --- Episode 45, Step 28/100 ---
2026-09-18 19:24:36,083 - INFO - --- Episode 45, Step 29/100 ---
2026-09-18 19:24:37,199 - INFO - --- Episode 45, Step 30/100 ---
2026-09-18 19:24:37,952 - INFO - --- Episode 45, Step 31/100 ---
2026-09-18 19:24:38,614 - INFO - --- Episode 45, Step 32/100 ---
2026-09-18 19:24:39,278 - INFO - --- Episode 45, Step 33/100 ---
2026-09-18 19:24:44,234 - INFO - HTTP Request: POST http://127.0.0.1:22446/v1/chat/completions "HTTP/1.1 400 Bad Request"
2026-09-18 19:24:45,412 - INFO - HTTP Request: POST http://127.0.0.1:22446/v1/chat/completions "HTTP/1.1 400 Bad Request"
2026-09-18 19:24:46,734 - INFO - HTTP Request: POST http://127.0.0.1:22446/v1/chat/completions "HTTP/1.1 400 Bad Request"
 92%|█████████▏| 46/50 [7:48:21<42:53, 643.35s/it]Renderer: NVIDIA GeForce RTX 4090/PCIe/SSE2 by NVIDIA Corporation
OpenGL version: 4.6.0 NVIDIA 590.48.01
Using optional features:
    GL_ARB_vertex_array_object
    GL_ARB_separate_shader_objects
    GL_ARB_robustness
    GL_ARB_texture_storage
    GL_ARB_texture_view
    GL_ARB_framebuffer_no_attachments
    GL_ARB_invalidate_subdata
    GL_ARB_texture_storage_multisample
    GL_ARB_multi_bind
    GL_ARB_direct_state_access
    GL_ARB_get_texture_sub_image
    GL_ARB_texture_filter_anisotropic
    GL_KHR_debug
    GL_KHR_parallel_shader_compile
    GL_NV_depth_buffer_float
Using driver workarounds:
    no-forward-compatible-core-context
    nv-egl-incorrect-gl11-function-pointers
    no-layout-qualifiers-on-old-glsl
    nv-zero-context-profile-mask
    nv-implementation-color-read-format-dsa-broken
    nv-cubemap-inconsistent-compressed-image-size
    nv-cubemap-broken-full-compressed-image-query
    nv-compressed-block-size-in-bits
[19:24:49:762727]:[Warning]:[Metadata] SceneDatasetAttributes.cpp(107)::addNewSceneInstanceToDataset : Dataset : 'default' : Lighting Layout Attributes 'no_lights' specified in Scene Attributes but does not exist in dataset, so creating default.
2026-09-18 19:24:57,457 - INFO - Simulator initialized!
2026-09-18 19:25:37,527 - INFO - HTTP Request: POST http://127.0.0.1:22446/v1/chat/completions "HTTP/1.1 200 OK"
2026-09-18 19:25:38,102 - INFO - --- Episode 46, Step 1/100 ---
2026-09-18 19:25:59,988 - INFO - HTTP Request: POST http://127.0.0.1:22446/v1/chat/completions "HTTP/1.1 200 OK"
2026-09-18 19:26:00,625 - INFO - --- Episode 46, Step 2/100 ---
[StairDetect] normals=0.0040s, cpu=0.0003s, cluster=0.0282s, loop=0.0235s, total=0.0635s
Action: turn
[StairDetect] normals=0.0050s, cpu=0.0003s, cluster=0.0317s, loop=0.0314s, total=0.0779s
Action: move_forward
[StairDetect] normals=0.0055s, cpu=0.0003s, cluster=0.0411s, loop=0.0317s, total=0.0902s
Action: move_forward
[StairDetect] normals=0.0057s, cpu=0.0003s, cluster=0.0409s, loop=0.0319s, total=0.0908s
Action: turn
[StairDetect] normals=0.0060s, cpu=0.0003s, cluster=0.0462s, loop=0.0262s, total=0.0917s
Action: move_forward
[StairDetect] normals=0.0060s, cpu=0.0004s, cluster=0.0461s, loop=0.0261s, total=0.0918s
Action: null
waypoints: 11
skipped waypoints: edge 2,  distance 1,  no_path 0,  occlusion 3
```json
{
"movement": "I have entered the bedroom and am standing near the entrance, facing the bed. The bed is directly ahead of me.",
"observation": {
    "front view": "I see a bed with white linens and a grey throw blanket. To the right of the bed, there is open floor space leading towards the right wall. Waypoints 1, 2, 3, and 4 are visible on the floor.",
    "left view": "I see the railing of the stairwell and another room further down the hall.",
    "right view": "I see a doorway leading to another area (likely the closet/bathroom mentioned in the instructions).",
    "map": "My current position is near the entrance (blue dot). Waypoint 2 is located near the foot of the bed on the right side."
},
"thought": "The instruction tells me to 'Turn right and walk across the room next to the bed to the doorway on your right.' I am currently facing the bed. To follow the instruction, I need to move into the room along the right side of the bed towards the doorway seen in the Right View. Waypoint 2 is positioned near the foot of the bed on the right side, which aligns with 'next to the bed'. Moving there will put me in the correct position to then turn right and face the doorway.",
"stuck": false,
"plan": "Move forward towards waypoint 2, which is next to the foot of the bed on the right side. From there, I will be able to reach the doorway on the right.",
"curr_step": "I am at the bedroom entrance. Waypoint 2 is the appropriate target to get 'next to the bed' as instructed.",
"action": 2
}
```
[StairDetect] normals=0.0057s, cpu=0.0003s, cluster=0.0467s, loop=0.0263s, total=0.0924s
Action: turn
[StairDetect] normals=0.0060s, cpu=0.0004s, cluster=0.0680s, loop=0.0408s, total=0.1284s
Action: move_forward
[StairDetect] normals=0.0067s, cpu=0.0003s, cluster=0.0637s, loop=0.0415s, total=0.1259s
Action: turn
[StairDetect] normals=0.0064s, cpu=0.0003s, cluster=0.0507s, loop=0.0452s, total=0.1144s
Action: move_forward
[StairDetect] normals=0.0101s, cpu=0.0004s, cluster=0.0509s, loop=0.0449s, total=0.1181s
Action: null
[StairDetect] normals=0.0065s, cpu=0.0003s, cluster=0.0509s, loop=0.0452s, total=0.1148s
Action: turn
waypoints: 16
skipped waypoints: edge 1,  distance 0,  no_path 0,  occlusion 2



[StairDetect] normals=0.0061s, cpu=0.0003s, cluster=0.0512s, loop=0.0473s, total=0.1170s
Action: stop
waypoints: 16
skipped waypoints: edge 1,  distance 0,  no_path 0,  occlusion 2
```json
{
"movement": "I have entered the bedroom and am standing near the entrance, facing the bed. The bed is directly ahead of me.",
"observation": {
    "front view": "I see a bed with white linens and a grey throw blanket. To the right of the bed, there is open floor space leading towards the right wall. Waypoints 1, 3, 4 are visible on the floor.",
    "left view": "I see the railing of the stairwell and another room further down the hall.",
    "right view": "I see a doorway leading to another area (likely the closet/bathroom mentioned in the instructions).",
    "map": "My current position is near the entrance (blue dot). Waypoint 4 is located near the foot of the bed on the right side."
},
"thought": "The instruction tells me to 'Turn right and walk across the room next to the bed to the doorway on your right.' I am currently facing the bed. To follow the instruction, I need to move into the room along the right side of the bed towards the doorway seen in the Right View. Waypoint 4 is positioned near the foot of the bed on the right side, which aligns with 'next to the bed'. Moving there will put me in the correct position to then turn right and face the doorway.",
"stuck": false,
"plan": "Move forward towards waypoint 4, which is next to the foot of the bed on the right side. From there, I will be able to reach the doorway on the right.",
"curr_step": "I am at the bedroom entrance. Waypoint 4 is the appropriate target to get 'next to the bed' as instructed.",
"action": 4
}
```
[StairDetect] normals=0.0059s, cpu=0.0003s, cluster=0.0515s, loop=0.0485s, total=0.1185s
Action: turn
[StairDetect] normals=0.0066s, cpu=0.0003s, cluster=0.0496s, loop=0.0682s, total=0.1364s
Action: move_forward
[StairDetect] normals=0.0069s, cpu=0.0004s, cluster=0.0515s, loop=0.0678s, total=0.1383s
Action: turn
Action: move_forward
Action: null
Action: turn
waypoints: 7
skipped waypoints: edge 2,  distance 0,  no_path 0,  occlusion 0
Action: stop
['Turn left and continue up the stairs.', 'Go straight through to the bedroom, turn to the right and walk past the bed.', 'Turn right again and go through the closet.', 'Continue straight, into the bathroom.', 'Wait right there, in front of the mirror.']
Initialized data for new floor level: 0
Switching pcds to floor level: 0
Initialized data for new floor level: 0
Switching pcds to floor level: 0
Initialized data for new floor level: 0
Switching pcds to floor level: 0
[StairDetect] normals=0.0029s, cpu=0.0002s, cluster=0.0295s, loop=0.0116s, total=0.0488s
waypoints: 7
skipped waypoints: edge 1,  distance 1,  no_path 1,  occlusion 3
```json
{
"movement": "I am currently standing at the bottom of a flight of stairs, facing upwards. The front view shows carpeted steps leading up to a landing with a white wall/door. To my left is a railing, and to my right is a wall.",
"observation": {
    "front view": "I see the top few steps of the staircase (labeled 1) leading up to a carpeted landing area. Beyond the landing, there appears to be a hallway or room entrance.",
    "left view": "I see the white railing of the staircase and the open space of the stairwell below/adjacent.",
    "right view": "I see a plain white wall running alongside the stairs.",
    "map": "The map shows my current position (blue dot) at the start of the path. The path extends forward (F) up the stairs, and then appears to turn left (L) further up."
},
"thought": "The instruction is to 'Turn left and continue up the stairs.' Currently, I am facing the stairs directly. The map indicates the path goes up (F) and then turns left. My immediate goal is to reach the top of this flight of stairs (the landing). The steps are directly in front of me. I need to move forward onto them.",
"stuck": false,
"plan": "Move forward up the stairs towards the landing. Once at the landing, I will look for the path that turns left to continue up the next flight.",
"curr_step": "I am facing the stairs. The waypoint '1' is on the step directly in front of me. Moving forward will take me up the stairs.",
"action": 1
}
```
Calculated floor height difference: 3.90m
Action: turn
--- Height change stabilized. Height diff: 0.30, On platform: True, Metrics: {'inlier_count': 1455, 'local_count': 18997, 'support_ratio': 0.07659104068660362, 'vertical_score': 1.0, 'plane_height_mean': -0.9129620790481567, 'agent_z': -0.896711778640747, 'vertical_diff': 0.016250300407409712, 'area_xy': 0.6192, 'radius_est': 0.4439566212199151, 'z_std': 0.048558060079813004, 'occupied_cells': 43, 'bottom_height_tolerance': 0.1}
--- No significant floor change. Height diff: 0.30, On platform: True, Metrics: {'inlier_count': 1455, 'local_count': 18997, 'support_ratio': 0.07659104068660362, 'vertical_score': 1.0, 'plane_height_mean': -0.9129620790481567, 'agent_z': -0.896711778640747, 'vertical_diff': 0.016250300407409712, 'area_xy': 0.6192, 'radius_est': 0.4439566212199151, 'z_std': 0.048558060079813004, 'occupied_cells': 43, 'bottom_height_tolerance': 0.1}
Updated floor height: -0.70, ceiling height: 1.10
2026-09-18 19:26:01,178 - INFO - --- Episode 46, Step 3/100 ---
2026-09-18 19:26:01,761 - INFO - --- Episode 46, Step 4/100 ---
2026-09-18 19:26:02,462 - INFO - --- Episode 46, Step 5/100 ---
2026-09-18 19:28:51,362 - INFO - HTTP Request: POST http://127.0.0.1:22446/v1/chat/completions "HTTP/1.1 200 OK"
2026-09-18 19:31:19,168 - INFO - HTTP Request: POST http://127.0.0.1:22446/v1/chat/completions "HTTP/1.1 200 OK"
2026-09-18 19:33:28,828 - INFO - HTTP Request: POST http://127.0.0.1:22446/v1/chat/completions "HTTP/1.1 200 OK"
2026-09-18 19:33:29,496 - INFO - --- Episode 46, Step 6/100 ---
2026-09-18 19:35:31,369 - INFO - HTTP Request: POST http://127.0.0.1:22446/v1/chat/completions "HTTP/1.1 200 OK"
2026-09-18 19:35:56,831 - INFO - HTTP Request: POST http://127.0.0.1:22446/v1/chat/completions "HTTP/1.1 200 OK"
2026-09-18 19:35:57,653 - INFO - --- Episode 46, Step 7/100 ---
2026-09-18 19:35:58,229 - INFO - --- Episode 46, Step 8/100 ---
2026-09-18 19:35:58,833 - INFO - --- Episode 46, Step 9/100 ---
2026-09-18 19:35:59,810 - INFO - --- Episode 46, Step 10/100 ---
2026-09-18 19:36:00,679 - INFO - --- Episode 46, Step 11/100 ---
2026-09-18 19:36:01,468 - INFO - --- Episode 46, Step 12/100 ---
2026-09-18 19:36:02,336 - INFO - --- Episode 46, Step 13/100 ---
2026-09-18 19:36:03,222 - INFO - --- Episode 46, Step 14/100 ---
2026-09-18 19:36:04,119 - INFO - --- Episode 46, Step 15/100 ---
2026-09-18 19:36:50,495 - INFO - HTTP Request: POST http://127.0.0.1:22446/v1/chat/completions "HTTP/1.1 200 OK"
2026-09-18 19:36:51,414 - INFO - --- Episode 46, Step 16/100 ---
2026-09-18 19:36:52,351 - INFO - --- Episode 46, Step 17/100 ---
2026-09-18 19:36:53,125 - INFO - --- Episode 46, Step 18/100 ---
2026-09-18 19:36:54,020 - INFO - --- Episode 46, Step 19/100 ---
2026-09-18 19:36:55,004 - INFO - --- Episode 46, Step 20/100 ---
2026-09-18 19:36:55,896 - INFO - --- Episode 46, Step 21/100 ---
2026-09-18 19:36:56,760 - INFO - --- Episode 46, Step 22/100 ---
2026-09-18 19:36:57,754 - INFO - --- Episode 46, Step 23/100 ---
2026-09-18 19:36:58,636 - INFO - --- Episode 46, Step 24/100 ---
2026-09-18 19:36:59,677 - INFO - --- Episode 46, Step 25/100 ---
2026-09-18 19:37:23,017 - INFO - HTTP Request: POST http://127.0.0.1:22446/v1/chat/completions "HTTP/1.1 200 OK"
2026-09-18 19:37:33,596 - INFO - HTTP Request: POST http://127.0.0.1:22446/v1/chat/completions "HTTP/1.1 200 OK"
2026-09-18 19:37:35,840 - INFO - HTTP Request: POST http://127.0.0.1:22446/v1/chat/completions "HTTP/1.1 400 Bad Request"
 94%|█████████▍| 47/50 [8:01:10<34:02, 680.96s/it]Renderer: NVIDIA GeForce RTX 4090/PCIe/SSE2 by NVIDIA Corporation
OpenGL version: 4.6.0 NVIDIA 590.48.01
Using optional features:
    GL_ARB_vertex_array_object
    GL_ARB_separate_shader_objects
    GL_ARB_robustness
    GL_ARB_texture_storage
    GL_ARB_texture_view
    GL_ARB_framebuffer_no_attachments
    GL_ARB_invalidate_subdata
    GL_ARB_texture_storage_multisample
    GL_ARB_multi_bind
    GL_ARB_direct_state_access
    GL_ARB_get_texture_sub_image
    GL_ARB_texture_filter_anisotropic
    GL_KHR_debug
    GL_KHR_parallel_shader_compile
    GL_NV_depth_buffer_float
Using driver workarounds:
    no-forward-compatible-core-context
    nv-egl-incorrect-gl11-function-pointers
    no-layout-qualifiers-on-old-glsl
    nv-zero-context-profile-mask
    nv-implementation-color-read-format-dsa-broken
    nv-cubemap-inconsistent-compressed-image-size
    nv-cubemap-broken-full-compressed-image-query
    nv-compressed-block-size-in-bits
[19:37:38:488626]:[Warning]:[Metadata] SceneDatasetAttributes.cpp(107)::addNewSceneInstanceToDataset : Dataset : 'default' : Lighting Layout Attributes 'no_lights' specified in Scene Attributes but does not exist in dataset, so creating default.
2026-09-18 19:37:45,383 - INFO - Simulator initialized!
2026-09-18 19:38:10,720 - INFO - HTTP Request: POST http://127.0.0.1:22446/v1/chat/completions "HTTP/1.1 200 OK"
2026-09-18 19:38:11,431 - INFO - --- Episode 47, Step 1/100 ---
2026-09-18 19:41:31,527 - INFO - HTTP Request: POST http://127.0.0.1:22446/v1/chat/completions "HTTP/1.1 200 OK"
2026-09-18 19:41:40,158 - INFO - HTTP Request: POST http://127.0.0.1:22446/v1/chat/completions "HTTP/1.1 200 OK"
[StairDetect] normals=0.0037s, cpu=0.0003s, cluster=0.0278s, loop=0.0023s, total=0.0391s
Action: move_forward
[StairDetect] normals=0.0038s, cpu=0.0003s, cluster=0.0279s, loop=0.0023s, total=0.0392s
Action: null
[StairDetect] normals=0.0041s, cpu=0.0003s, cluster=0.0278s, loop=0.0020s, total=0.0395s
Action: turn
waypoints: 11
skipped waypoints: edge 2,  distance 1,  no_path 0,  occlusion 6



[StairDetect] normals=0.0043s, cpu=0.0003s, cluster=0.0285s, loop=0.0032s, total=0.0421s
Action: stop
waypoints: 11
skipped waypoints: edge 2,  distance 1,  no_path 0,  occlusion 6

```json
{
"movement": "I have reached the top landing of the first flight of stairs. I am currently facing a wall/door (B) with a hallway extending to my left. The map indicates the path continues to the left towards waypoint 2 and then up towards the chair.",
"observation": {
    "front view": "I see a white door labeled B and a hallway extending to the left. Waypoint 2 is visible further down this hallway.",
    "left view": "I see the railing of the staircase I just climbed, looking down into the stairwell.",
    "right view": "I see a wall and another flight of stairs going up to the right.",
    "map": "The map shows my current position at the top of the first flight. The path continues left towards waypoint 2, then up towards the chair."
},
"thought": "The instruction is to 'Turn left and continue up the stairs.' I am currently on a landing. The map shows the path turning left towards waypoint 2. This aligns with the instruction to turn left. After reaching waypoint 2, the path goes up towards the chair, which corresponds to 'continue up the stairs'. So my next sub-goal is to reach waypoint 2.",
"stuck": false,
"plan": "Move forward and turn left towards waypoint 2 to follow the hallway and find the next flight of stairs.",
"curr_step": "I am at the landing. Waypoint 2 is the next logical step on the path shown in the map. It is located down the hallway to the left.",
"action": 2
}
```
[StairDetect] normals=0.0047s, cpu=0.0003s, cluster=0.0288s, loop=0.0028s, total=0.0420s
Action: turn
--- Height change stabilized. Height diff: 0.61, On platform: True, Metrics: {'inlier_count': 7812, 'local_count': 19369, 'support_ratio': 0.4033249005935606, 'vertical_score': 1.0, 'plane_height_mean': -0.6287378668785095, 'agent_z': -0.5886966705322265, 'vertical_diff': 0.040041196346283, 'area_xy': 4.5648, 'radius_est': 1.2054131940756945, 'z_std': 0.024736596271395683, 'occupied_cells': 317, 'bottom_height_tolerance': 0.1}
---!Floor change detected. From level 0 to 1.
Saving data for floor level: 0
Initialized data for new floor level: 1
Switching pcds to floor level: 1
!Switched to floor level: 1
Updated floor height: -0.43, ceiling height: 1.37, height diff: 0.61
[StairDetect] normals=0.0040s, cpu=0.0003s, cluster=0.0222s, loop=0.0042s, total=0.0368s
Action: move_forward
[StairDetect] normals=0.0046s, cpu=0.0003s, cluster=0.0233s, loop=0.0043s, total=0.0389s
Action: turn
[StairDetect] normals=0.0044s, cpu=0.0003s, cluster=0.0304s, loop=0.0046s, total=0.0475s
Action: move_forward
[StairDetect] normals=0.0048s, cpu=0.0003s, cluster=0.0376s, loop=0.0313s, total=0.0848s
Action: move_forward
[StairDetect] normals=0.0050s, cpu=0.0003s, cluster=0.0509s, loop=0.0315s, total=0.0991s
Action: turn
[StairDetect] normals=0.0054s, cpu=0.0003s, cluster=0.0405s, loop=0.0362s, total=0.0950s
Action: move_forward
[StairDetect] normals=0.0054s, cpu=0.0003s, cluster=0.0407s, loop=0.0360s, total=0.0949s
Action: null
[StairDetect] normals=0.0056s, cpu=0.0003s, cluster=0.0418s, loop=0.0365s, total=0.0969s
Action: turn
waypoints: 14
skipped waypoints: edge 1,  distance 2,  no_path 0,  occlusion 5
```json
{
"movement": "I have reached the top landing of the stairs. I am currently facing a wall corner with a doorway to a bedroom visible on the left and another room/closet area on the right.",
"observation": {
    "front view": "I see a white wall corner (B) directly ahead. To the left of it is a doorway leading into a bedroom with a white bed. To the right is another doorway/area.",
    "left view": "I see the hallway and the entrance to the bedroom with the white bed.",
    "right view": "I see white closet doors and the top of the staircase railing going down.",
    "map": "The map shows my current position near waypoint 5. The path leads left towards waypoint 4, which is inside the bedroom (blue 'bed' area)."
},
"thought": "I have completed the first part of the instruction 'Turn left and continue up the stairs' as I am now at the top landing (z=0.61). The next instruction is 'Go straight through to the bedroom'. Looking at the map and front view, the bedroom with the white bed is accessible via the doorway to the left-front, corresponding to waypoint 4. Therefore, I should move towards that bedroom.",
"stuck": false,
"plan": "Move forward and turn slightly left to enter the bedroom through the doorway, heading towards waypoint 4.",
"curr_step": "P1 is completed as I have reached the top platform. I am now proceeding to P2: 'Go straight through to the bedroom'. The target is the bedroom with the white bed (waypoint 4).",
"action": 4
}
```
[StairDetect] normals=0.0053s, cpu=0.0003s, cluster=0.0417s, loop=0.0367s, total=0.0972s
Action: turn
[StairDetect] normals=0.0054s, cpu=0.0003s, cluster=0.0433s, loop=0.0372s, total=0.0998s
Action: move_forward
[StairDetect] normals=0.0060s, cpu=0.0003s, cluster=0.0548s, loop=0.0365s, total=0.1112s
Action: turn
[StairDetect] normals=0.0136s, cpu=0.0003s, cluster=0.0528s, loop=0.0408s, total=0.1210s
Action: move_forward
[StairDetect] normals=0.0060s, cpu=0.0003s, cluster=0.0627s, loop=0.0438s, total=0.1267s
Action: turn
[StairDetect] normals=0.0064s, cpu=0.0003s, cluster=0.0517s, loop=0.0403s, total=0.1119s
Action: move_forward
[StairDetect] normals=0.0066s, cpu=0.0003s, cluster=0.0549s, loop=0.0399s, total=0.1153s
Action: turn
[StairDetect] normals=0.0066s, cpu=0.0003s, cluster=0.0518s, loop=0.0196s, total=0.0900s
Action: move_forward
[StairDetect] normals=0.0066s, cpu=0.0003s, cluster=0.0522s, loop=0.0194s, total=0.0900s
Action: null
[StairDetect] normals=0.0068s, cpu=0.0004s, cluster=0.0522s, loop=0.0196s, total=0.0907s
Action: turn
waypoints: 15
skipped waypoints: edge 0,  distance 2,  no_path 1,  occlusion 5


[StairDetect] normals=0.0066s, cpu=0.0004s, cluster=0.0525s, loop=0.0196s, total=0.0910s
Action: stop
['Go up the stairs and straight forward through the doorway.', 'Turn right, move forward, and enter the doorway on the right.', 'Move forward into the bathroom and stop in front of the toilet.']
Initialized data for new floor level: 0
Switching pcds to floor level: 0
Initialized data for new floor level: 0
Switching pcds to floor level: 0
Initialized data for new floor level: 0
Switching pcds to floor level: 0
[StairDetect] normals=0.0033s, cpu=0.0002s, cluster=0.0302s, loop=0.0130s, total=0.0517s
waypoints: 7
skipped waypoints: edge 1,  distance 1,  no_path 1,  occlusion 3

2026-09-18 19:41:55,112 - INFO - HTTP Request: POST http://127.0.0.1:22446/v1/chat/completions "HTTP/1.1 200 OK"
2026-09-18 19:41:55,838 - INFO - --- Episode 47, Step 2/100 ---
2026-09-18 19:41:56,407 - INFO - --- Episode 47, Step 3/100 ---
2026-09-18 19:41:56,965 - INFO - --- Episode 47, Step 4/100 ---
2026-09-18 19:41:57,748 - INFO - --- Episode 47, Step 5/100 ---
2026-09-18 19:44:09,299 - INFO - HTTP Request: POST http://127.0.0.1:22446/v1/chat/completions "HTTP/1.1 200 OK"
2026-09-18 19:46:00,683 - INFO - HTTP Request: POST http://127.0.0.1:22446/v1/chat/completions "HTTP/1.1 200 OK"
2026-09-18 19:47:37,491 - INFO - HTTP Request: POST http://127.0.0.1:22446/v1/chat/completions "HTTP/1.1 200 OK"
2026-09-18 19:47:38,123 - INFO - --- Episode 47, Step 6/100 ---
2026-09-18 19:47:43,719 - INFO - HTTP Request: POST http://127.0.0.1:22446/v1/chat/completions "HTTP/1.1 500 Internal Server Error"
2026-09-18 19:47:43,720 - INFO - Retrying request to /chat/completions in 0.489184 seconds
2026-09-18 19:49:16,176 - INFO - HTTP Request: POST http://127.0.0.1:22446/v1/chat/completions "HTTP/1.1 200 OK"
2026-09-18 19:50:27,447 - INFO - HTTP Request: POST http://127.0.0.1:22446/v1/chat/completions "HTTP/1.1 200 OK"
2026-09-18 19:51:30,508 - INFO - HTTP Request: POST http://127.0.0.1:22446/v1/chat/completions "HTTP/1.1 200 OK"
 96%|█████████▌| 48/50 [8:15:04<24:13, 726.77s/it]Renderer: NVIDIA GeForce RTX 4090/PCIe/SSE2 by NVIDIA Corporation
OpenGL version: 4.6.0 NVIDIA 590.48.01
Using optional features:
    GL_ARB_vertex_array_object
    GL_ARB_separate_shader_objects
    GL_ARB_robustness
    GL_ARB_texture_storage
    GL_ARB_texture_view
    GL_ARB_framebuffer_no_attachments
    GL_ARB_invalidate_subdata
    GL_ARB_texture_storage_multisample
    GL_ARB_multi_bind
    GL_ARB_direct_state_access
    GL_ARB_get_texture_sub_image
    GL_ARB_texture_filter_anisotropic
    GL_KHR_debug
    GL_KHR_parallel_shader_compile
    GL_NV_depth_buffer_float
Using driver workarounds:
    no-forward-compatible-core-context
    nv-egl-incorrect-gl11-function-pointers
    no-layout-qualifiers-on-old-glsl
    nv-zero-context-profile-mask
    nv-implementation-color-read-format-dsa-broken
    nv-cubemap-inconsistent-compressed-image-size
    nv-cubemap-broken-full-compressed-image-query
    nv-compressed-block-size-in-bits
[19:51:32:182107]:[Warning]:[Metadata] SceneDatasetAttributes.cpp(107)::addNewSceneInstanceToDataset : Dataset : 'default' : Lighting Layout Attributes 'no_lights' specified in Scene Attributes but does not exist in dataset, so creating default.
2026-09-18 19:51:46,051 - INFO - Simulator initialized!
2026-09-18 19:52:09,243 - INFO - HTTP Request: POST http://127.0.0.1:22446/v1/chat/completions "HTTP/1.1 200 OK"
2026-09-18 19:52:10,040 - INFO - --- Episode 48, Step 1/100 ---
2026-09-18 19:52:26,072 - INFO - HTTP Request: POST http://127.0.0.1:22446/v1/chat/completions "HTTP/1.1 200 OK"
2026-09-18 19:52:27,025 - INFO - --- Episode 48, Step 2/100 ---
2026-09-18 19:52:27,826 - INFO - --- Episode 48, Step 3/100 ---
2026-09-18 19:52:28,665 - INFO - --- Episode 48, Step 4/100 ---
2026-09-18 19:52:29,677 - INFO - --- Episode 48, Step 5/100 ---
2026-09-18 19:52:49,249 - INFO - HTTP Request: POST http://127.0.0.1:22446/v1/chat/completions "HTTP/1.1 200 OK"
```json
{
    "movement": "I am currently at the bottom of the stairs facing upwards. The stairs are directly in front of me, leading to a landing marked with 'B'.",
    "observation": {
        "front view": "I see the carpeted stairs going up towards a landing. There is a white railing on the left and a wall on the right. At the top of the stairs (landing B), there appears to be a hallway or doorway area.",
        "left view": "I see the white railing of the staircase and the open space below/next to it.",
        "right view": "I see a plain white wall running alongside the stairs.",
        "map": "My current position is at the bottom of the stairs (START). The path leads upwards towards the top landing."
    },
    "thought": "The instruction is to 'Go up the stairs and straight forward through the doorway.' I am currently facing the stairs. To begin this task, I need to climb the stairs. The stairs are directly in front of me.",
    "stuck": false,
    "plan": "Move forward to climb the stairs towards the landing marked 'B'. Once at the top, I will look for the doorway to go straight through.",
    "curr_step": "I am at the bottom of the stairs. The next step is to move forward onto the first step and continue up.",
    "action": "F"
}
```
```json
{
    "movement": "I am standing at the bottom of the stairs, facing upwards towards the landing.",
    "observation": {
        "front view": "I see carpeted stairs leading up to a landing marked with 'B'. There is a doorway visible further ahead on the landing. A waypoint '1' is located on the stairs.",
        "left view": "I see a white railing and the open space of the stairwell.",
        "right view": "I see a plain white wall running alongside the stairs.",
        "map": "My current position is at the start (blue dot). The path leads upwards along the stairs towards the top landing."
    },
    "thought": "The instruction is to 'Go up the stairs'. I am currently at the bottom. Waypoint 1 is on the stairs directly in front of me, which is the logical next step to climb up.",
    "stuck": false,
    "plan": "Move forward onto the stairs towards waypoint 1 to begin climbing up to the landing.",
    "curr_step": "I am at the bottom of the stairs. The next step is to move onto the first visible step, which corresponds to waypoint 1.",
    "action": 1
}
```
Calculated floor height difference: 3.90m
Action: turn
--- Height change stabilized. Height diff: 0.30, On platform: True, Metrics: {'inlier_count': 1455, 'local_count': 18997, 'support_ratio': 0.07659104068660362, 'vertical_score': 1.0, 'plane_height_mean': -0.9129628539085388, 'agent_z': -0.8967115402221679, 'vertical_diff': 0.016251313686370894, 'area_xy': 0.6192, 'radius_est': 0.4439566212199151, 'z_std': 0.048558007925748825, 'occupied_cells': 43, 'bottom_height_tolerance': 0.1}
--- No significant floor change. Height diff: 0.30, On platform: True, Metrics: {'inlier_count': 1455, 'local_count': 18997, 'support_ratio': 0.07659104068660362, 'vertical_score': 1.0, 'plane_height_mean': -0.9129628539085388, 'agent_z': -0.8967115402221679, 'vertical_diff': 0.016251313686370894, 'area_xy': 0.6192, 'radius_est': 0.4439566212199151, 'z_std': 0.048558007925748825, 'occupied_cells': 43, 'bottom_height_tolerance': 0.1}
Updated floor height: -0.70, ceiling height: 1.10
[StairDetect] normals=0.0037s, cpu=0.0003s, cluster=0.0278s, loop=0.0024s, total=0.0393s
Action: move_forward
[StairDetect] normals=0.0037s, cpu=0.0005s, cluster=0.0276s, loop=0.0024s, total=0.0391s
Action: null
[StairDetect] normals=0.0041s, cpu=0.0003s, cluster=0.0278s, loop=0.0021s, total=0.0396s
Action: turn
waypoints: 11
skipped waypoints: edge 2,  distance 1,  no_path 0,  occlusion 6



[StairDetect] normals=0.0038s, cpu=0.0002s, cluster=0.0290s, loop=0.0027s, total=0.0413s
Action: stop
waypoints: 11
skipped waypoints: edge 2,  distance 1,  no_path 0,  occlusion 6



[StairDetect] normals=0.0039s, cpu=0.0003s, cluster=0.0289s, loop=0.0024s, total=0.0412s
Action: stop
['Walk through the kitchen passed the sink and around the corner out into the hallway.', 'Walk into the arched entry well to the left of the stairwell.', 'Continue into the room with the armchair and bed.']
Initialized data for new floor level: 0
Switching pcds to floor level: 0
Initialized data for new floor level: 0
Switching pcds to floor level: 0
Initialized data for new floor level: 0
Switching pcds to floor level: 0
[StairDetect] normals=0.0037s, cpu=0.0004s, cluster=0.0460s, loop=0.0128s, total=0.0717s
waypoints: 17
skipped waypoints: edge 2,  distance 0,  no_path 1,  occlusion 10
```json
{
"movement": "I am currently standing in the kitchen facing the island with the sink. To follow the instruction 'Walk through the kitchen passed the sink and around the corner out into the hallway', I need to move past the end of the island towards the arched opening visible in the distance.",
"observation": {
    "front view": "I see the kitchen island directly in front with a plate of fruit on it. To the right are wooden cabinets and a window. To the left are glass doors leading outside.",
    "left view": "I see the side of the island and glass doors leading to an outdoor patio area.",
    "right view": "I see the main kitchen counter with a large stove and hood. Further back, there is an arched doorway leading out of the kitchen into a hallway area.",
    "map": "The map shows my current position at 'START' near the workbench/island. The path forward leads towards the top right of the map, indicating the exit from the kitchen."
},
"thought": "I am currently at the start of the kitchen task. The sink is on the island in front of me. The instruction requires me to pass the sink and go around the corner into the hallway. Looking at the Right View, there is a clear path past the stove towards an archway that leads to a hallway. In the Front View, waypoint 1 is positioned just past the corner of the island, which seems like the correct path to navigate around the obstacle and head towards the exit.",
"stuck": false,
"plan": "Move forward and slightly right to pass the end of the kitchen island (waypoint 1). From there, I will continue towards the arched doorway visible in the distance to enter the hallway.",
"curr_step": "I need to move past the island corner. Waypoint 1 is the closest waypoint that allows me to clear the island and head towards the hallway exit.",
"action": 1
}
```
Calculated floor height difference: 2.99m
[StairDetect] normals=0.0039s, cpu=0.0003s, cluster=0.0454s, loop=0.0131s, total=0.0731s
Action: turn
[StairDetect] normals=0.0037s, cpu=0.0003s, cluster=0.0426s, loop=0.0129s, total=0.0713s
Action: move_forward
[StairDetect] normals=0.0040s, cpu=0.0003s, cluster=0.0425s, loop=0.0131s, total=0.0717s
Action: null
[StairDetect] normals=0.0041s, cpu=0.0003s, cluster=0.0635s, loop=0.0133s, total=0.0933s
Action: turn
waypoints: 34
skipped waypoints: edge 0,  distance 9,  no_path 4,  occlusion 17
2026-09-18 19:52:50,102 - INFO - --- Episode 48, Step 6/100 ---
2026-09-18 19:52:50,897 - INFO - --- Episode 48, Step 7/100 ---
2026-09-18 19:52:51,746 - INFO - --- Episode 48, Step 8/100 ---
2026-09-18 19:52:52,637 - INFO - --- Episode 48, Step 9/100 ---
2026-09-18 19:52:53,760 - INFO - --- Episode 48, Step 10/100 ---
2026-09-18 19:52:54,614 - INFO - --- Episode 48, Step 11/100 ---
2026-09-18 19:52:55,403 - INFO - --- Episode 48, Step 12/100 ---
2026-09-18 19:52:56,227 - INFO - --- Episode 48, Step 13/100 ---
2026-09-18 19:53:21,270 - INFO - HTTP Request: POST http://127.0.0.1:22446/v1/chat/completions "HTTP/1.1 200 OK"
2026-09-18 19:53:22,470 - INFO - --- Episode 48, Step 14/100 ---
2026-09-18 19:53:24,570 - INFO - --- Episode 48, Step 15/100 ---
2026-09-18 19:53:27,132 - INFO - --- Episode 48, Step 16/100 ---
2026-09-18 19:53:28,188 - INFO - --- Episode 48, Step 17/100 ---
2026-09-18 19:53:29,994 - INFO - --- Episode 48, Step 18/100 ---
```json
{
"movement": "I have turned left and am now facing a wooden cabinet/hutch structure in the kitchen. To my right, there is an opening/archway leading out of the kitchen area.",
"observation": {
    "front view": "I see a large wooden cabinet directly ahead. To its right is an arched opening leading to a room with windows (likely a dining area). To the left is the side of the kitchen island.",
    "left view": "I see the kitchen island with the sink and a plant. Behind it are glass doors.",
    "right view": "I see the stove area and another part of the island with a farmhouse sink. Further right, past a stone pillar, there appears to be a passage or hallway.",
    "map": "The map shows my current position near the 'workbench' (island). The path needs to go towards the top right, exiting the kitchen area."
},
"thought": "I am currently facing the cabinet. The instruction is to walk through the kitchen past the sink and around the corner into the hallway. The exit from the kitchen appears to be to my right, past the stove and stone pillar. In the Front View, waypoint 1 is located to the right of the cabinet, which aligns with the path towards the archway/hallway exit. I need to move in that direction to clear the current obstacles.",
"stuck": false,
"plan": "Move forward and slightly right towards the opening on the right side of the kitchen to exit into the hallway area.",
"curr_step": "I need to navigate around the cabinet/island structure. Waypoint 1 is positioned to the right, which leads towards the archway seen in the Right View and the right side of the Front View. This is the correct path to exit the kitchen.",
"action": 1
}
```
[StairDetect] normals=0.0040s, cpu=0.0003s, cluster=0.0475s, loop=0.0134s, total=0.0774s
Action: turn
[StairDetect] normals=0.0044s, cpu=0.0003s, cluster=0.0476s, loop=0.0271s, total=0.0935s
Action: move_forward
[StairDetect] normals=0.0049s, cpu=0.0003s, cluster=0.0575s, loop=0.0274s, total=0.1048s
Action: turn
[StairDetect] normals=0.0060s, cpu=0.0003s, cluster=0.0538s, loop=0.0286s, total=0.1055s
Action: move_forward
[StairDetect] normals=0.0059s, cpu=0.0004s, cluster=0.0560s, loop=0.0286s, total=0.1081s
Action: turn
--- Height change stabilized. Height diff: -0.18, On platform: True, Metrics: {'inlier_count': 10448, 'local_count': 26535, 'support_ratio': 0.3937441115359433, 'vertical_score': 1.0, 'plane_height_mean': -1.4011485576629639, 'agent_z': -1.3819783002138137, 'vertical_diff': 0.01917025744915013, 'area_xy': 5.7168, 'radius_est': 1.3489677376926013, 'z_std': 0.011672486551105976, 'occupied_cells': 397, 'bottom_height_tolerance': 0.1}
--- No significant floor change. Height diff: -0.18, On platform: True, Metrics: {'inlier_count': 10448, 'local_count': 26535, 'support_ratio': 0.3937441115359433, 'vertical_score': 1.0, 'plane_height_mean': -1.4011485576629639, 'agent_z': -1.3819783002138137, 'vertical_diff': 0.01917025744915013, 'area_xy': 5.7168, 'radius_est': 1.3489677376926013, 'z_std': 0.011672486551105976, 'occupied_cells': 397, 'bottom_height_tolerance': 0.1}
Updated floor height: -1.18, ceiling height: 0.62
[StairDetect] normals=0.0068s, cpu=0.0004s, cluster=0.0652s, loop=0.0478s, total=0.1392s
Action: move_forward
[StairDetect] normals=0.0067s, cpu=0.0004s, cluster=0.0657s, loop=0.0476s, total=0.1391s
Action: null
[StairDetect] normals=0.0068s, cpu=0.0004s, cluster=0.0656s, loop=0.0476s, total=0.1395s
Action: turn
waypoints: 59
skipped waypoints: edge 8,  distance 21,  no_path 0,  occlusion 21
```json
{
"movement": "I have moved past the kitchen island and am now facing the exit of the kitchen area. To my right is a large stone pillar which forms a corner. The instruction requires me to go around this corner into the hallway.",
"observation": {
    "front view": "I see a tiled floor area leading towards an archway (labeled B in previous views) and a dining table beyond it. To the right of the tiled area is a large stone pillar/wall section. Waypoints 1, 2, 3, 4 are visible on the floor/wall area.",
    "left view": "I see the side of the kitchen island/counter I just passed.",
    "right view": "I see a long hallway extending away from the kitchen, past the stone pillar. There is a desk and lamp further down.",
    "map": "The map shows my current position near the 'workbench' end. The path forward leads towards the area labeled 'desk' and 'lamp desk', which corresponds to the hallway seen in the right view."
},
"thought": "I have passed the sink on the island. Now I need to go 'around the corner' (the stone pillar) into the hallway. The Right View clearly shows a hallway extending to the right of the stone pillar. Waypoint 4 is positioned in that direction, just past the pillar, leading into that hallway space. This aligns with the instruction to go out into the hallway.",
"stuck": false,
"plan": "Move towards waypoint 4 to pass the stone pillar and enter the hallway area on the right.",
"curr_step": "I am at the corner of the kitchen. To exit into the hallway as instructed, I need to move past the stone pillar on my right. Waypoint 4 is the correct target to achieve this.",
"action": 4
}
```
[StairDetect] normals=0.0066s, cpu=0.0005s, cluster=0.0752s, loop=0.0551s, total=0.1591s
Action: turn
[StairDetect] normals=0.0076s, cpu=0.0008s, cluster=0.0919s, loop=0.0684s, total=0.1930s
Action: move_forward
[StairDetect] normals=0.0075s, cpu=0.0005s, cluster=0.1004s, loop=0.0675s, total=0.2004s
Action: turn
--- Height change stabilized. Height diff: -0.13, On platform: True, Metrics: {'inlier_count': 11157, 'local_count': 23466, 'support_ratio': 0.47545384810042385, 'vertical_score': 1.0, 'plane_height_mean': -1.4049203395843506, 'agent_z': -1.3264483034610748, 'vertical_diff': 0.0784720361232758, 'area_xy': 6.739199999999999, 'radius_est': 1.4646344202461588, 'z_std': 0.018134266138076782, 'occupied_cells': 468, 'bottom_height_tolerance': 0.1}
--- No significant floor change. Height diff: -0.13, On platform: True, Metrics: {'inlier_count': 11157, 'local_count': 23466, 'support_ratio': 0.47545384810042385, 'vertical_score': 1.0, 'plane_height_mean': -1.4049203395843506, 'agent_z': -1.3264483034610748, 'vertical_diff': 0.0784720361232758, 'area_xy': 6.739199999999999, 'radius_est': 1.4646344202461588, 'z_std': 0.018134266138076782, 'occupied_cells': 468, 'bottom_height_tolerance': 0.1}
Updated floor height: -1.13, ceiling height: 0.67
[StairDetect] normals=0.0077s, cpu=0.0005s, cluster=0.0816s, loop=0.0561s, total=0.1685s
Action: move_forward
--- Height change stabilized. Height diff: -0.18, On platform: True, Metrics: {'inlier_count': 11585, 'local_count': 22388, 'support_ratio': 0.5174647132161219, 'vertical_score': 1.0, 'plane_height_mean': -1.4047050476074219, 'agent_z': -1.3775348037481308, 'vertical_diff': 0.02717024385929112, 'area_xy': 7.1568, 'radius_est': 1.5093310417003134, 'z_std': 0.010770613327622414, 'occupied_cells': 497, 'bottom_height_tolerance': 0.1}
--- No significant floor change. Height diff: -0.18, On platform: True, Metrics: {'inlier_count': 11585, 'local_count': 22388, 'support_ratio': 0.5174647132161219, 'vertical_score': 1.0, 'plane_height_mean': -1.4047050476074219, 'agent_z': -1.3775348037481308, 'vertical_diff': 0.02717024385929112, 'area_xy': 7.1568, 'radius_est': 1.5093310417003134, 'z_std': 0.010770613327622414, 'occupied_cells': 497, 'bottom_height_tolerance': 0.1}
Updated floor height: -1.18, ceiling height: 0.62
[StairDetect] normals=0.0080s, cpu=0.0004s, cluster=0.0845s, loop=0.0467s, total=0.1664s
Action: move_forward
--- Height change stabilized. Height diff: -0.11, On platform: True, Metrics: {'inlier_count': 1717, 'local_count': 35111, 'support_ratio': 0.04890205348611825, 'vertical_score': 1.0, 'plane_height_mean': -1.2752914428710938, 'agent_z': -1.3061079278588295, 'vertical_diff': 0.030816484987735704, 'area_xy': 0.9503999999999999, 'radius_est': 0.5500197413085048, 'z_std': 0.0499909445643425, 'occupied_cells': 66, 'bottom_height_tolerance': 0.1}
2026-09-18 19:53:31,577 - INFO - --- Episode 48, Step 19/100 ---
2026-09-18 19:53:32,971 - INFO - --- Episode 48, Step 20/100 ---
2026-09-18 19:53:34,291 - INFO - --- Episode 48, Step 21/100 ---
2026-09-18 19:53:36,334 - INFO - --- Episode 48, Step 22/100 ---
2026-09-18 19:54:26,040 - INFO - HTTP Request: POST http://127.0.0.1:22446/v1/chat/completions "HTTP/1.1 200 OK"
2026-09-18 19:54:27,419 - INFO - --- Episode 48, Step 23/100 ---
2026-09-18 19:54:28,343 - INFO - --- Episode 48, Step 24/100 ---
2026-09-18 19:54:30,180 - INFO - --- Episode 48, Step 25/100 ---
2026-09-18 19:54:31,798 - INFO - --- Episode 48, Step 26/100 ---
2026-09-18 19:54:34,544 - INFO - --- Episode 48, Step 27/100 ---
2026-09-18 19:54:35,499 - INFO - --- Episode 48, Step 28/100 ---
2026-09-18 19:54:37,743 - INFO - --- Episode 48, Step 29/100 ---
2026-09-18 19:54:39,722 - INFO - --- Episode 48, Step 30/100 ---
2026-09-18 19:54:59,458 - INFO - HTTP Request: POST http://127.0.0.1:22446/v1/chat/completions "HTTP/1.1 200 OK"
2026-09-18 19:55:14,806 - INFO - HTTP Request: POST http://127.0.0.1:22446/v1/chat/completions "HTTP/1.1 200 OK"
2026-09-18 19:55:28,591 - INFO - HTTP Request: POST http://127.0.0.1:22446/v1/chat/completions "HTTP/1.1 200 OK"
--- No significant floor change. Height diff: -0.11, On platform: True, Metrics: {'inlier_count': 1717, 'local_count': 35111, 'support_ratio': 0.04890205348611825, 'vertical_score': 1.0, 'plane_height_mean': -1.2752914428710938, 'agent_z': -1.3061079278588295, 'vertical_diff': 0.030816484987735704, 'area_xy': 0.9503999999999999, 'radius_est': 0.5500197413085048, 'z_std': 0.0499909445643425, 'occupied_cells': 66, 'bottom_height_tolerance': 0.1}
Updated floor height: -1.11, ceiling height: 0.69
Action: move_forward
--- Height change stabilized. Height diff: 0.00, On platform: True, Metrics: {'inlier_count': 2045, 'local_count': 32399, 'support_ratio': 0.06311923207311586, 'vertical_score': 1.0, 'plane_height_mean': -1.189692735671997, 'agent_z': -1.2, 'vertical_diff': 0.010307264328002885, 'area_xy': 0.8496, 'radius_est': 0.5200346904791531, 'z_std': 0.03883743658661842, 'occupied_cells': 59, 'bottom_height_tolerance': 0.1}
--- No significant floor change. Height diff: 0.00, On platform: True, Metrics: {'inlier_count': 2045, 'local_count': 32399, 'support_ratio': 0.06311923207311586, 'vertical_score': 1.0, 'plane_height_mean': -1.189692735671997, 'agent_z': -1.2, 'vertical_diff': 0.010307264328002885, 'area_xy': 0.8496, 'radius_est': 0.5200346904791531, 'z_std': 0.03883743658661842, 'occupied_cells': 59, 'bottom_height_tolerance': 0.1}
Updated floor height: -1.00, ceiling height: 0.80
Action: move_forward
Action: null
Action: turn
waypoints: 45
skipped waypoints: edge 1,  distance 19,  no_path 0,  occlusion 21
```json
{
"movement": "I have moved past the kitchen island and around the stone pillar corner. I am now standing near a long wooden console table, with a living room to my right and a wall corner to my left. To my left, visible in the Left View, is a tiled hallway.",
"observation": {
    "front view": "I see a long wooden console table directly ahead. To the left is a wall corner leading to a tiled area. To the right is a living room with a fireplace and sofa.",
    "left view": "I see a tiled hallway extending forward. To the left of the hallway is an archway leading into a dining room with a large table.",
    "right view": "I see the living room area with a fireplace, sofa, and a painting on the wall.",
    "map": "The map shows my current position near the 'desk' label. The tiled hallway is to the north-west of my current position."
},
"thought": "I have completed the first part of the instruction: passing the sink and going around the corner. Now I need to get 'out into the hallway'. The tiled floor visible in the Left View corresponds to the hallway. To enter it, I need to move towards the opening on the left side of my current front view, past the wall corner. Waypoint 3 is located near this corner/hallway entrance.",
"stuck": false,
"plan": "Move towards waypoint 3 to clear the wall corner and enter the tiled hallway area.",
"curr_step": "I am currently facing the console table. The hallway entrance is to my left. Moving to waypoint 3 will take me past the corner and into the hallway, completing subtask P1.",
"action": 3
}
```
Action: turn
[StairDetect] normals=0.0084s, cpu=0.0004s, cluster=0.0815s, loop=0.0108s, total=0.1210s
Action: move_forward
[StairDetect] normals=0.0085s, cpu=0.0005s, cluster=0.0842s, loop=0.0115s, total=0.1254s
Action: turn
[StairDetect] normals=0.0088s, cpu=0.0006s, cluster=0.1036s, loop=0.0449s, total=0.1804s
Action: move_forward
[StairDetect] normals=0.0091s, cpu=0.0006s, cluster=0.0915s, loop=0.0502s, total=0.1685s
Action: turn
[StairDetect] normals=0.0082s, cpu=0.0005s, cluster=0.0842s, loop=0.0734s, total=0.1859s
Action: move_forward
[StairDetect] normals=0.0080s, cpu=0.0005s, cluster=0.0794s, loop=0.0771s, total=0.1872s
Action: null
[StairDetect] normals=0.0082s, cpu=0.0006s, cluster=0.0784s, loop=0.0654s, total=0.1708s
Action: turn
waypoints: 10
skipped waypoints: edge 5,  distance 0,  no_path 0,  occlusion 5
```json
{
"movement": "I have moved past the kitchen island and around the stone pillar corner. I am now standing near a long wooden console table, with a living room to my right and a wall corner to my left. To my left, visible in the Left View, is a tiled hallway.",
"observation": {
    "front view": "I see a wall with a framed picture of an eagle. To the left is a corner leading into a hallway.",
    "left view": "I see a long hallway extending forward with an archway at the far end. There are chairs and a rug in this hallway area.",
    "right view": "I see a large living room with a fireplace, sofas, and a staircase going up in the distance.",
    "map": "The map shows my current position near the 'desk' label. The path forward leads towards the area labeled 'chair' and further into the house."
},
"thought": "I have completed the first part of the instruction: passing the sink and going around the corner. Now I need to get 'out into the hallway'. The tiled floor visible in the Left View corresponds to the hallway. To enter it, I need to move towards the opening on the left side of my current front view, past the wall corner. Waypoint 3 is located near this corner/hallway entrance.",
"stuck": false,
"plan": "Move towards waypoint 3 to clear the wall corner and enter the tiled hallway area.",
"curr_step": "I am currently facing the console table. The hallway entrance is to my left. Moving to waypoint 3 will take me past the corner and into the hallway, completing subtask P1.",
"action": 3
}
```
```json
{
"movement": "I have moved past the kitchen island and around the stone pillar corner. I am now standing near a long wooden console table, with a living room to my right and a wall corner to my left. To my left, visible in the Left View, is a tiled hallway.",
"observation": {
    "front view": "I see a wall with a framed picture of an eagle. To the left is a corner leading into a hallway.",
    "left view": "I see a long hallway extending forward with an archway at the far end. There are chairs and a rug in this hallway area.",
    "right view": "I see a large living room with a fireplace, sofas, and a staircase going up in the distance.",
    "map": "The map shows my current position near the 'desk' label. The path forward leads towards the area labeled 'chair' and further into the house."
},
"thought": "I have completed the first part of the instruction: passing the sink and going around the corner. Now I need to get 'out into the hallway'. The tiled floor visible in the Left View corresponds to the hallway. To enter it, I need to move towards the opening on the left side of my current front view, past the wall corner. Waypoint 3 is located near this corner/hallway entrance.",
"stuck": false,
"plan": "Move towards waypoint 3 to clear the wall corner and enter the tiled hallway area.",
"curr_step": "I am currently facing the console table. The hallway entrance is to my left. Moving to waypoint 3 will take me past the corner and into the hallway, completing subtask P1.",
"action": 3
}
```
2026-09-18 19:55:29,445 - INFO - --- Episode 48, Step 31/100 ---
2026-09-18 19:56:13,415 - INFO - HTTP Request: POST http://127.0.0.1:22446/v1/chat/completions "HTTP/1.1 200 OK"
2026-09-18 19:56:14,306 - INFO - --- Episode 48, Step 32/100 ---
2026-09-18 19:57:02,800 - INFO - HTTP Request: POST http://127.0.0.1:22446/v1/chat/completions "HTTP/1.1 200 OK"
2026-09-18 19:57:22,650 - INFO - HTTP Request: POST http://127.0.0.1:22446/v1/chat/completions "HTTP/1.1 200 OK"
2026-09-18 19:57:24,852 - INFO - HTTP Request: POST http://127.0.0.1:22446/v1/chat/completions "HTTP/1.1 400 Bad Request"
 98%|█████████▊| 49/50 [8:21:00<10:15, 615.71s/it]Renderer: NVIDIA GeForce RTX 4090/PCIe/SSE2 by NVIDIA Corporation
OpenGL version: 4.6.0 NVIDIA 590.48.01
Using optional features:
    GL_ARB_vertex_array_object
    GL_ARB_separate_shader_objects
    GL_ARB_robustness
    GL_ARB_texture_storage
    GL_ARB_texture_view
    GL_ARB_framebuffer_no_attachments
    GL_ARB_invalidate_subdata
    GL_ARB_texture_storage_multisample
    GL_ARB_multi_bind
    GL_ARB_direct_state_access
    GL_ARB_get_texture_sub_image
    GL_ARB_texture_filter_anisotropic
    GL_KHR_debug
    GL_KHR_parallel_shader_compile
    GL_NV_depth_buffer_float
Using driver workarounds:
    no-forward-compatible-core-context
    nv-egl-incorrect-gl11-function-pointers
    no-layout-qualifiers-on-old-glsl
    nv-zero-context-profile-mask
    nv-implementation-color-read-format-dsa-broken
    nv-cubemap-inconsistent-compressed-image-size
    nv-cubemap-broken-full-compressed-image-query
    nv-compressed-block-size-in-bits
[19:57:28:710334]:[Warning]:[Metadata] SceneDatasetAttributes.cpp(107)::addNewSceneInstanceToDataset : Dataset : 'default' : Lighting Layout Attributes 'no_lights' specified in Scene Attributes but does not exist in dataset, so creating default.
2026-09-18 19:57:43,980 - INFO - Simulator initialized!
2026-09-18 19:58:09,689 - INFO - HTTP Request: POST http://127.0.0.1:22446/v1/chat/completions "HTTP/1.1 200 OK"
2026-09-18 19:58:10,521 - INFO - --- Episode 49, Step 1/100 ---
2026-09-18 19:59:17,397 - INFO - HTTP Request: POST http://127.0.0.1:22446/v1/chat/completions "HTTP/1.1 200 OK"
2026-09-18 19:59:18,085 - INFO - --- Episode 49, Step 2/100 ---
2026-09-18 20:02:32,061 - INFO - HTTP Request: POST http://127.0.0.1:22446/v1/chat/completions "HTTP/1.1 200 OK"
2026-09-18 20:03:43,571 - INFO - HTTP Request: POST http://127.0.0.1:22446/v1/chat/completions "HTTP/1.1 200 OK"
2026-09-18 20:03:44,234 - INFO - --- Episode 49, Step 3/100 ---
2026-09-18 20:06:06,994 - INFO - HTTP Request: POST http://127.0.0.1:22446/v1/chat/completions "HTTP/1.1 200 OK"
2026-09-18 20:07:26,264 - INFO - HTTP Request: POST http://127.0.0.1:22446/v1/chat/completions "HTTP/1.1 200 OK"
```json
{
"movement": "I have moved past the kitchen island and around the stone pillar corner. I am now standing near a long wooden console table, with a living room to my right and a wall corner to my left. To my left, visible in the Left View, is a tiled hallway.",
"observation": {
    "front view": "I see a wall with a framed picture of an eagle. To the left is a corner leading into a hallway.",
    "left view": "I see a long hallway extending forward with an archway at the far end. There are chairs and a rug in this hallway area.",
    "right view": "I see a large living room with a fireplace, sofas, and a staircase going up in the distance.",
    "map": "The map shows my current position near the 'desk' label. The path forward leads towards the area labeled 'chair' and further into the house."
},
"thought": "I have completed the first part of the instruction: passing the sink and going around the corner. Now I need to get 'out into the hallway'. The tiled floor visible in the Left View corresponds to the hallway. To enter it, I need to move towards the opening on the left side of my current front view, past the wall corner. Waypoint 3 is located near this corner/hallway entrance.",
"stuck": false,
"plan": "Move towards waypoint 3 to clear the wall corner and enter the tiled hallway area.",
"curr_step": "I am currently facing the console table. The hallway entrance is to my left. Moving to waypoint 3 will take me past the corner and into the hallway, completing subtask P1.",
"action": 3
}
```
[StairDetect] normals=0.0076s, cpu=0.0004s, cluster=0.0700s, loop=0.0552s, total=0.1487s
Action: stop
waypoints: 10
skipped waypoints: edge 5,  distance 0,  no_path 0,  occlusion 5
```json
{
"movement": "I have moved past the kitchen island and around the stone pillar corner. I am now standing near a long wooden console table, facing a wall with a picture of an eagle. To my left is a hallway with chairs, and to my right is a living room area with a fireplace and a staircase.",
"observation": {
    "front view": "I see a wall with a framed picture of an eagle directly in front of me.",
    "left view": "I see a long hallway extending forward with an archway at the far end. There are chairs and a rug in this hallway area.",
    "right view": "I see a large living room with a fireplace, sofas, and a staircase going up in the distance. To the left of the stairwell is an arched entry.",
    "map": "The map shows my current position near the 'desk' label. The path forward leads towards the area labeled 'chair' and further into the house, specifically towards the top right where the stairs are located."
},
"thought": "I have completed the first part of the instruction: passing the sink and going around the corner into the hallway/open area. The next subtask is to 'Walk into the arched entry well to the left of the stairwell.' Looking at the Right View, I can clearly see a stairwell and an arched entry to its left. This matches the description for P2 perfectly. Therefore, I need to orient myself towards that area.",
"stuck": false,
"plan": "Turn right to face the living room and stairwell area where the next target (arched entry well) is located.",
"curr_step": "I am currently facing a wall. To proceed to the next subtask which is in the direction of the Right View, I need to turn right.",
"action": "R"
}
```
[StairDetect] normals=0.0076s, cpu=0.0004s, cluster=0.0725s, loop=0.0545s, total=0.1510s
Action: turn
waypoints: 36
skipped waypoints: edge 4,  distance 10,  no_path 0,  occlusion 14


[StairDetect] normals=0.0082s, cpu=0.0004s, cluster=0.0723s, loop=0.0555s, total=0.1526s
Action: stop
['Turn left and then turn right.', 'Turn left and walk into the bedroom and wait there.']
Initialized data for new floor level: 0
Switching pcds to floor level: 0
Initialized data for new floor level: 0
Switching pcds to floor level: 0
Initialized data for new floor level: 0
Switching pcds to floor level: 0
[StairDetect] normals=0.0038s, cpu=0.0002s, cluster=0.0485s, loop=0.0142s, total=0.0763s
waypoints: 17
skipped waypoints: edge 2,  distance 0,  no_path 1,  occlusion 10
```json
{
"movement": "Standing at the start position near the kitchen island.",
"observation": {
    "front view": "A large wooden kitchen island with a white sink and a bowl of fruit is directly in front. To the left are glass doors leading outside.",
    "left view": "Glass doors leading to an outdoor patio area are visible.",
    "right view": "A kitchen counter with a stove hood and cabinetry is visible.",
    "map": "The agent is at the START position near the island. A path goes around the right side of the island towards waypoints 3 and 2."
},
"thought": "The current subtask is P1: 'Turn left and then turn right.' I am currently facing the kitchen island. To follow the instruction, I first need to turn left. This will orient me towards the glass doors seen in the left view. After completing this turn, I will need to turn right in the next step. So for this step, I will execute 'Turn left'.",
"stuck": false,
"plan": "Turn left to face the glass doors, then turn right to face the kitchen counter/stove area. Then proceed to P2.",
"curr_step": "P1 is not completed. I need to perform the first turn. Action: L.",
"action": "L"
}
```
Calculated floor height difference: 2.99m
Action: turn
waypoints: 16
skipped waypoints: edge 3,  distance 7,  no_path 0,  occlusion 3

```json
{
"movement": "I am currently facing the kitchen island with the sink. To my left is the stove and fridge area. To my right are glass doors. The map shows a path going to the left of the island (towards waypoint 2) and then turning towards the bedroom (B).",
"observation": {
    "front view": "A large wooden kitchen island with a white sink and a bowl of fruit is directly in front. To the left are glass doors leading outside.",
    "left view": "Glass doors leading to an outdoor patio area are visible.",
    "right view": "A kitchen counter with a stove hood and cabinetry is visible.",
    "map": "The agent is at the START position near the island. A path goes around the left side of the island towards waypoints 2 and 3, then towards B."
},
"thought": "The current subtask is P1: 'Turn left and then turn right.' I am currently facing the kitchen island. The map shows that the path to the bedroom (B) goes around the left side of the island (towards waypoint 2). To align with this path, I need to turn left. This will face me towards the stove/fridge area and the corridor leading to waypoint 2. After moving along this path, I will likely need to turn right to face the bedroom.",
"stuck": false,
"plan": "Turn left to face the path around the island (towards waypoint 2). Then move forward and eventually turn right to face the bedroom (B) for subtask P2.",
"curr_step": "P1 is not completed. I need to perform the first turn. Action: L.",
"action": "L"
}
```
Action: turn
waypoints: 27
skipped waypoints: edge 1,  distance 8,  no_path 0,  occlusion 14

2026-09-18 20:07:26,979 - INFO - --- Episode 49, Step 4/100 ---
2026-09-18 20:07:58,084 - INFO - HTTP Request: POST http://127.0.0.1:22446/v1/chat/completions "HTTP/1.1 200 OK"
2026-09-18 20:07:58,946 - INFO - --- Episode 49, Step 5/100 ---
2026-09-18 20:08:57,283 - INFO - HTTP Request: POST http://127.0.0.1:22446/v1/chat/completions "HTTP/1.1 200 OK"
2026-09-18 20:08:57,978 - INFO - --- Episode 49, Step 6/100 ---
2026-09-18 20:09:56,263 - INFO - HTTP Request: POST http://127.0.0.1:22446/v1/chat/completions "HTTP/1.1 200 OK"
2026-09-18 20:10:42,567 - INFO - HTTP Request: POST http://127.0.0.1:22446/v1/chat/completions "HTTP/1.1 200 OK"
2026-09-18 20:11:21,012 - INFO - HTTP Request: POST http://127.0.0.1:22446/v1/chat/completions "HTTP/1.1 200 OK"
2026-09-18 20:11:21,639 - INFO - --- Episode 49, Step 7/100 ---
2026-09-18 20:11:54,691 - INFO - HTTP Request: POST http://127.0.0.1:22446/v1/chat/completions "HTTP/1.1 200 OK"
2026-09-18 20:12:19,746 - INFO - HTTP Request: POST http://127.0.0.1:22446/v1/chat/completions "HTTP/1.1 200 OK"
2026-09-18 20:12:37,831 - INFO - HTTP Request: POST http://127.0.0.1:22446/v1/chat/completions "HTTP/1.1 200 OK"
100%|██████████| 50/50 [8:36:11<00:00, 704.22s/it]100%|██████████| 50/50 [8:36:11<00:00, 619.43s/it]
2026-09-18 20:12:39,442 - INFO - distance_to_goal: 6.9501
2026-09-18 20:12:39,442 - INFO - spl: 0.2099
2026-09-18 20:12:39,442 - INFO - goal_reached: 0.2400
2026-09-18 20:12:39,442 - INFO - traveled_distance: 7.6499
2026-09-18 20:12:39,442 - INFO - done: 1.0000
2026-09-18 20:12:39,442 - INFO - oracle_navigation_error: 5.6742
2026-09-18 20:12:39,442 - INFO - oracle_success: 0.3000
2026-09-18 20:12:39,442 - INFO - oracle_spl: 0.3000
2026-09-18 20:12:39,442 - INFO - ndtw: 0.3287
2026-09-18 20:12:39,442 - INFO - sdtw: 0.1109
```json
{
"observation": {
    "front view": "I see the kitchen island with a sink on the left and the stove/fridge area in the background. Waypoints 1, 2, 3 are visible on the floor to the right.",
    "left view": "The stove and an archway leading to a hallway are visible.",
    "right view": "The kitchen island and glass doors leading outside are visible.",
    "map": "I am at the START position near the kitchen island. The bedroom (B) is to the North-West. The path to the bedroom goes around the left side of the island."
},
"thought": "I am currently facing North (towards the back wall of the kitchen). The instruction P1 is 'Turn left and then turn right'. This implies a sequence of rotations. First, I need to turn Left. Turning Left from North will face me West (towards the stove/fridge area). This aligns with the 'Left View' showing the stove. After this turn, I will be facing West. The next part of P1 is 'then turn right', which would bring me back to facing North. This sequence likely orients me correctly for the path around the island or simply fulfills the rotation requirement before proceeding to P2. P2 is 'Turn left and walk into the bedroom'. If I end P1 facing North, turning Left will face me West, towards the bedroom (B) which is North-West. This makes sense.",
"stuck": false,
"plan": "Execute the first part of P1: Turn Left. This will face me towards the stove/fridge area (West). Then I will need to turn Right to face North again for the next subtask.",
"curr_step": "P1 is not completed. I need to perform the first turn. Action: L.",
"action": "L"
}
```
Action: turn
waypoints: 24
skipped waypoints: edge 1,  distance 3,  no_path 0,  occlusion 18
```json
{
"movement": "I have turned left from my initial position (facing the stove/fridge area) and am now facing the kitchen island with the sink. The bedroom (B) is visible in the distance through an archway.",
"observation": {
    "front view": "A large wooden kitchen island with a white sink is directly in front. Through an archway beyond the island, I can see the bedroom (B).",
    "left view": "Glass doors leading to an outdoor patio area are visible to the left.",
    "right view": "The stove and stainless steel refrigerator are visible to the right.",
    "map": "I am near the kitchen island. The path to the bedroom (B) is ahead, slightly to the left."
},
"thought": "I have completed the 'Turn left' part of P1 by orienting myself towards the sink/island (North). Now I need to complete the 'then turn right' part of P1. Turning right will face me towards the stove/fridge area (East). After completing P1, I will proceed to P2: 'Turn left and walk into the bedroom'. From the East-facing position, turning left will face me North (towards the sink/bedroom), which aligns with the path to B.",
"stuck": false,
"plan": "Complete P1 by turning right. Then for P2, turn left to face the bedroom and walk towards it.",
"curr_step": "P1 is not completed. I need to perform the second turn: 'turn right'.",
"action": "R"
}
```
Action: turn
waypoints: 27
skipped waypoints: edge 1,  distance 8,  no_path 0,  occlusion 14
```json
{
"movement": "I have turned left from my initial position and am now facing the kitchen island with the sink. The bedroom (B) is visible through an archway in the distance, slightly to the left.",
"observation": {
    "front view": "A large wooden kitchen island with a white sink is directly in front. Through an archway beyond the island, I can see the bedroom (B).",
    "left view": "Glass doors leading to an outdoor patio area are visible to the left.",
    "right view": "The stove and stainless steel refrigerator are visible to the right.",
    "map": "I am near the kitchen island. The path to the bedroom (B) is ahead, slightly to the left."
},
"thought": "I have completed the 'Turn left' part of P1 by orienting myself towards the sink/island (North). Now I need to complete the 'then turn right' part of P1. Turning right will face me towards the stove/fridge area (East). After completing P1, I will proceed to P2: 'Turn left and walk into the bedroom'. From the East-facing position, turning left will face me North (towards the sink/bedroom), which aligns with the path to B.",
"stuck": false,
"plan": "Complete P1 by turning right. Then for P2, turn left to face the bedroom and walk towards it.",
"curr_step": "P1 is not completed. I need to perform the second turn: 'turn right'.",
"action": "R"
}
```
Action: turn
waypoints: 16
skipped waypoints: edge 3,  distance 7,  no_path 0,  occlusion 3



Action: stop
waypoints: 16
skipped waypoints: edge 3,  distance 7,  no_path 0,  occlusion 3



Action: stop
[2026-09-18T20:12:42.944] error: Detected 4 oom_kill events in StepId=2446.batch. Some of the step tasks have been OOM Killed.
