[INFO] Starting Ollama at 127.0.0.1:22448
[INFO] Ollama inference preflight passed
============================================================
 HSGM paired diagnostic job
   variant      : paso
   episodes     : [50, 100)
   model        : qwen3.6:35b
   max steps    : 100
   conda env    : hsgm_slurm
   ollama host  : 127.0.0.1:22448
   project      : /home/lixiaohai/qjx_code/HSGM_PASO_v1
============================================================
============================================================
 HSGM Batch Test
   task        : r2r
   episodes    : [50, 100)
   model       : qwen3.6:35b
   max steps   : 100
   comment     : paired_diag_100_v2_paso
   config      : ../config/vlnce_test.yaml
   base_url    : http://127.0.0.1:22448/v1
============================================================
  0%|          | 0/50 [00:00<?, ?it/s]Renderer: NVIDIA GeForce RTX 4090/PCIe/SSE2 by NVIDIA Corporation
OpenGL version: 4.6.0 NVIDIA 590.48.01
Using optional features:
    GL_ARB_vertex_array_object
    GL_ARB_separate_shader_objects
    GL_ARB_robustness
    GL_ARB_texture_storage
    GL_ARB_texture_view
    GL_ARB_framebuffer_no_attachments
    GL_ARB_invalidate_subdata
    GL_ARB_texture_storage_multisample
    GL_ARB_multi_bind
    GL_ARB_direct_state_access
    GL_ARB_get_texture_sub_image
    GL_ARB_texture_filter_anisotropic
    GL_KHR_debug
    GL_KHR_parallel_shader_compile
    GL_NV_depth_buffer_float
Using driver workarounds:
    no-forward-compatible-core-context
    nv-egl-incorrect-gl11-function-pointers
    no-layout-qualifiers-on-old-glsl
    nv-zero-context-profile-mask
    nv-implementation-color-read-format-dsa-broken
    nv-cubemap-inconsistent-compressed-image-size
    nv-cubemap-broken-full-compressed-image-query
    nv-compressed-block-size-in-bits
[20:13:18:849616]:[Warning]:[Metadata] SceneDatasetAttributes.cpp(107)::addNewSceneInstanceToDataset : Dataset : 'default' : Lighting Layout Attributes 'no_lights' specified in Scene Attributes but does not exist in dataset, so creating default.
2026-09-18 20:13:31,739 - INFO - Simulator initialized!
2026-09-18 20:14:29,802 - INFO - HTTP Request: POST http://127.0.0.1:22448/v1/chat/completions "HTTP/1.1 200 OK"
2026-09-18 20:14:38,500 - INFO - --- Episode 50, Step 1/100 ---
2026-09-18 20:15:19,683 - INFO - HTTP Request: POST http://127.0.0.1:22448/v1/chat/completions "HTTP/1.1 200 OK"
2026-09-18 20:15:22,014 - INFO - --- Episode 50, Step 2/100 ---
2026-09-18 20:15:25,865 - INFO - --- Episode 50, Step 3/100 ---
2026-09-18 20:15:28,940 - INFO - --- Episode 50, Step 4/100 ---
2026-09-18 20:15:32,610 - INFO - --- Episode 50, Step 5/100 ---
2026-09-18 20:15:44,952 - INFO - HTTP Request: POST http://127.0.0.1:22448/v1/chat/completions "HTTP/1.1 200 OK"
2026-09-18 20:15:45,904 - INFO - --- Episode 50, Step 6/100 ---
2026-09-18 20:15:47,170 - INFO - --- Episode 50, Step 7/100 ---
2026-09-18 20:15:48,651 - INFO - --- Episode 50, Step 8/100 ---
2026-09-18 20:15:50,681 - INFO - --- Episode 50, Step 9/100 ---
2026-09-18 20:15:53,913 - INFO - --- Episode 50, Step 10/100 ---
2026-09-18 20:15:56,019 - INFO - --- Episode 50, Step 11/100 ---
2026-09-18 20:15:58,004 - INFO - --- Episode 50, Step 12/100 ---
2026-09-18 20:15:59,546 - INFO - --- Episode 50, Step 13/100 ---
2026-09-18 20:16:01,451 - INFO - --- Episode 50, Step 14/100 ---
2026-09-18 20:16:05,251 - INFO - --- Episode 50, Step 15/100 ---
2026-09-18 20:16:42,889 - INFO - HTTP Request: POST http://127.0.0.1:22448/v1/chat/completions "HTTP/1.1 200 OK"
2026-09-18 20:16:43,793 - INFO - --- Episode 50, Step 16/100 ---
2026-09-18 20:16:45,855 - INFO - --- Episode 50, Step 17/100 ---
2026-09-18 20:16:46,815 - INFO - --- Episode 50, Step 18/100 ---
2026-09-18 20:16:47,583 - INFO - --- Episode 50, Step 19/100 ---
2026-09-18 20:17:48,721 - INFO - HTTP Request: POST http://127.0.0.1:22448/v1/chat/completions "HTTP/1.1 200 OK"
['Facing the refrigerator walk straight between the counters, and take a right.', 'Past the counters, in the hall take a  left and go down the hallway', 'and go forward. Keep going straight, into the bedroom at the end of the hallway.', 'In the room walk forward to the rug and stop once you are on the rug.']
Initialized data for new floor level: 0
Switching pcds to floor level: 0
Initialized data for new floor level: 0
Switching pcds to floor level: 0
Initialized data for new floor level: 0
Switching pcds to floor level: 0
[StairDetect] normals=0.0043s, cpu=0.0003s, cluster=0.0541s, loop=0.0136s, total=0.0826s
waypoints: 17
skipped waypoints: edge 2,  distance 0,  no_path 1,  occlusion 10
```json
{
"movement": "I am currently standing near the kitchen island/sink area. I need to move forward to pass between the main counter (on the left) and the island (on the right), heading towards the archway visible in the distance.",
"observation": {
    "front view": "I see the end of the wooden kitchen island with a plate of fruit on it. To the left is an open floor space leading towards an archway. To the right are more kitchen cabinets.",
    "left view": "I see the side of the refrigerator and the main kitchen counter running along the wall.",
    "right view": "I see the rest of the kitchen island with a sink and stove top, and large windows in the background.",
    "map": "The map shows my starting position near the 'workbench' (island). Waypoint 2 is located just past the end of the workbench, leading towards the open area/archway."
},
"thought": "The instruction tells me to walk straight between the counters and then take a right. Currently, I am facing the end of the island. The path 'between the counters' corresponds to the aisle to the left of the island (where the fridge is). Moving towards waypoint 2 will take me past the end of the island into the open space near the archway, which aligns with the instruction to go 'past the counters'. Once I am there, I will be in a position to take the right turn mentioned in the next part of the instruction.",
"stuck": false,
"plan": "Move forward towards waypoint 2 to clear the kitchen island and reach the area past the counters. From there, I will look for the path to take a right into the hallway as instructed.",
"curr_step": "I am at the start of the 'between the counters' phase. Waypoint 2 is the closest point that allows me to move forward past the island's end without hitting it. It positions me correctly to then execute the right turn.",
"action": 2
}
```
Calculated floor height difference: 2.99m
Action: turn
Action: move_forward
Action: null
Action: turn
waypoints: 28
skipped waypoints: edge 3,  distance 7,  no_path 0,  occlusion 16
```json
{
"movement": "I have moved forward slightly from my starting position and am now positioned between the kitchen island on my right and the main counter/sink area on my left. I am facing towards the end of the island.",
"observation": {
    "front view": "I see the end of the wooden kitchen island directly ahead. To the right of the island, there is an open floor space leading towards an archway. To the left is the continuation of the counter.",
    "left view": "I see the long kitchen counter with a sink and cabinets extending along the wall.",
    "right view": "I see the side of the large wooden island/workbench and an opening/archway leading to a dining or living area in the distance.",
    "map": "The map shows my current position near the 'workbench' label. Waypoint 1 is located just past the end of the workbench, in the open space ahead."
},
"thought": "I am currently walking between the counters as instructed. The next part of the instruction is to 'take a right'. To do this effectively, I first need to clear the kitchen island. Waypoint 1 is positioned just past the end of the island, which will put me in the open area where I can then turn right towards the archway/hallway mentioned in the subsequent steps.",
"stuck": false,
"plan": "Move forward towards waypoint 1 to pass the end of the kitchen island. Once there, I will be ready to take a right turn into the hallway/dining area as per the instruction 'take a right'.",
"curr_step": "I am in the middle of the 'walk straight between the counters' phase. Waypoint 1 is the correct next step to reach the end of the aisle and prepare for the right turn.",
"action": 1
}
```
Action: turn
Action: move_forward
Action: turn
Action: move_forward
Action: turn
Action: move_forward
Action: turn
--- Height change stabilized. Height diff: -0.18, On platform: True, Metrics: {'inlier_count': 10419, 'local_count': 26357, 'support_ratio': 0.3953029555565769, 'vertical_score': 1.0, 'plane_height_mean': -1.4011104106903076, 'agent_z': -1.382280272245407, 'vertical_diff': 0.018830138444900557, 'area_xy': 5.6448, 'radius_est': 1.340446062148814, 'z_std': 0.012023731134831905, 'occupied_cells': 392, 'bottom_height_tolerance': 0.1}
--- No significant floor change. Height diff: -0.18, On platform: True, Metrics: {'inlier_count': 10419, 'local_count': 26357, 'support_ratio': 0.3953029555565769, 'vertical_score': 1.0, 'plane_height_mean': -1.4011104106903076, 'agent_z': -1.382280272245407, 'vertical_diff': 0.018830138444900557, 'area_xy': 5.6448, 'radius_est': 1.340446062148814, 'z_std': 0.012023731134831905, 'occupied_cells': 392, 'bottom_height_tolerance': 0.1}
Updated floor height: -1.18, ceiling height: 0.62
Action: move_forward
Action: null
Action: turn
waypoints: 47
skipped waypoints: edge 4,  distance 19,  no_path 0,  occlusion 17
```json
{
"movement": "I have moved past the end of the kitchen island and am now standing on the tiled floor section. I am facing towards a dining area with windows, while a stone pillar and the living room are to my right.",
"observation": {
    "front view": "I see a tiled floor area leading towards a dining table near large windows. To the right, there is a stone pillar and an opening into a living room with a fireplace.",
    "left view": "I see the side of the kitchen island/counter I just passed.",
    "right view": "I see the stone pillar and the path continuing towards the living room area.",
    "map": "I am near waypoint 6. Waypoint 7 is to my right, leading towards the open space near the stone pillar and the 'desk' area."
},
"thought": "The instruction says 'Past the counters, in the hall take a left'. I have walked between the counters. The next part is 'take a right'. Currently, I am facing somewhat left (towards the dining table). To 'take a right', I need to orient myself towards the living room/hallway area which is to my right. Waypoint 7 is located in that direction, just past the end of the counter. Moving there will complete the 'take a right' part and put me in the 'hall' (the space with stone pillars) where I can then look for the left turn.",
"stuck": false,
"plan": "Move towards waypoint 7 to execute the 'take a right' maneuver and enter the hallway/living area transition. From there, I will look for the path to take a left as per the next subtask.",
"curr_step": "I need to move towards waypoint 7 to complete the 'take a right' instruction. This places me past the counters and in the correct area for the next step.",
"action": 7
}
```
Action: turn
Action: move_forward
Action: null
Action: turn
waypoints: 40
skipped waypoints: edge 2,  distance 21,  no_path 0,  occlusion 8
2026-09-18 20:17:50,620 - INFO - --- Episode 50, Step 20/100 ---
2026-09-18 20:17:53,610 - INFO - --- Episode 50, Step 21/100 ---
2026-09-18 20:17:54,437 - INFO - --- Episode 50, Step 22/100 ---
2026-09-18 20:17:55,748 - INFO - --- Episode 50, Step 23/100 ---
2026-09-18 20:17:58,118 - INFO - --- Episode 50, Step 24/100 ---
2026-09-18 20:18:01,201 - INFO - --- Episode 50, Step 25/100 ---
2026-09-18 20:18:02,899 - INFO - --- Episode 50, Step 26/100 ---
2026-09-18 20:18:32,074 - INFO - HTTP Request: POST http://127.0.0.1:22448/v1/chat/completions "HTTP/1.1 200 OK"
2026-09-18 20:18:33,608 - INFO - --- Episode 50, Step 27/100 ---
2026-09-18 20:18:34,745 - INFO - --- Episode 50, Step 28/100 ---
2026-09-18 20:18:36,369 - INFO - --- Episode 50, Step 29/100 ---
2026-09-18 20:18:39,241 - INFO - --- Episode 50, Step 30/100 ---
2026-09-18 20:18:41,440 - INFO - --- Episode 50, Step 31/100 ---
2026-09-18 20:18:42,927 - INFO - --- Episode 50, Step 32/100 ---
2026-09-18 20:20:17,049 - INFO - HTTP Request: POST http://127.0.0.1:22448/v1/chat/completions "HTTP/1.1 200 OK"
2026-09-18 20:21:15,127 - INFO - HTTP Request: POST http://127.0.0.1:22448/v1/chat/completions "HTTP/1.1 200 OK"
2026-09-18 20:21:42,131 - INFO - HTTP Request: POST http://127.0.0.1:22448/v1/chat/completions "HTTP/1.1 200 OK"
2026-09-18 20:21:43,063 - INFO - --- Episode 50, Step 33/100 ---
2026-09-18 20:22:38,712 - INFO - HTTP Request: POST http://127.0.0.1:22448/v1/chat/completions "HTTP/1.1 200 OK"
2026-09-18 20:23:07,858 - INFO - HTTP Request: POST http://127.0.0.1:22448/v1/chat/completions "HTTP/1.1 200 OK"
2026-09-18 20:23:22,459 - INFO - HTTP Request: POST http://127.0.0.1:22448/v1/chat/completions "HTTP/1.1 200 OK"
  2%|▏         | 1/50 [10:06<8:15:36, 606.86s/it]Renderer: NVIDIA GeForce RTX 4090/PCIe/SSE2 by NVIDIA Corporation
OpenGL version: 4.6.0 NVIDIA 590.48.01
Using optional features:
    GL_ARB_vertex_array_object
    GL_ARB_separate_shader_objects
    GL_ARB_robustness
    GL_ARB_texture_storage
    GL_ARB_texture_view
    GL_ARB_framebuffer_no_attachments
    GL_ARB_invalidate_subdata
    GL_ARB_texture_storage_multisample
    GL_ARB_multi_bind
    GL_ARB_direct_state_access
    GL_ARB_get_texture_sub_image
    GL_ARB_texture_filter_anisotropic
    GL_KHR_debug
    GL_KHR_parallel_shader_compile
    GL_NV_depth_buffer_float
Using driver workarounds:
    no-forward-compatible-core-context
    nv-egl-incorrect-gl11-function-pointers
    no-layout-qualifiers-on-old-glsl
    nv-zero-context-profile-mask
    nv-implementation-color-read-format-dsa-broken
    nv-cubemap-inconsistent-compressed-image-size
    nv-cubemap-broken-full-compressed-image-query
    nv-compressed-block-size-in-bits
[20:23:25:628429]:[Warning]:[Metadata] SceneDatasetAttributes.cpp(107)::addNewSceneInstanceToDataset : Dataset : 'default' : Lighting Layout Attributes 'no_lights' specified in Scene Attributes but does not exist in dataset, so creating default.
2026-09-18 20:23:31,123 - INFO - Simulator initialized!
2026-09-18 20:24:05,580 - INFO - HTTP Request: POST http://127.0.0.1:22448/v1/chat/completions "HTTP/1.1 200 OK"
```json
{
"movement": "I have moved past the kitchen counters and am now standing in the foyer area near a large stone pillar. I am facing the pillar, with a dining area to my left and a hallway with a painting to my right.",
"observation": {
    "front view": "I see a large stone pillar directly ahead. To the left of the pillar is an opening into a room with windows (dining area). To the right is a hallway with a painting on the wall.",
    "left view": "I see a dining table and chairs near large windows.",
    "right view": "I see the stone pillar and a hallway extending to the right, leading towards a kitchen area with a stove.",
    "map": "I am near waypoint 4/8 junction. Waypoint 3 is to the left of the pillar, leading into the dining area/hallway."
},
"thought": "The instruction says 'Past the counters, in the hall take a left and go down the hallway'. I have passed the counters and am now in the hall (foyer). The path to the right leads back towards the kitchen or a dead end. The path to the left leads into a long gallery-like room with windows, which fits the description of a 'hallway' leading to a bedroom. Therefore, I need to take a left towards the dining area/hallway.",
"stuck": false,
"plan": "Move towards waypoint 3 to enter the hallway/dining area on the left. Then proceed down this path towards the bedroom at the end.",
"curr_step": "I am at the junction. I need to take a left into the hallway. Waypoint 3 is the correct path to enter this space.",
"action": 3
}
```
Action: turn
--- Height change stabilized. Height diff: -0.12, On platform: True, Metrics: {'inlier_count': 11310, 'local_count': 23629, 'support_ratio': 0.47864911758946, 'vertical_score': 1.0, 'plane_height_mean': -1.4046125411987305, 'agent_z': -1.3246460899710655, 'vertical_diff': 0.07996645122766499, 'area_xy': 6.8111999999999995, 'radius_est': 1.4724375357803925, 'z_std': 0.019473323598504066, 'occupied_cells': 473, 'bottom_height_tolerance': 0.1}
--- No significant floor change. Height diff: -0.12, On platform: True, Metrics: {'inlier_count': 11310, 'local_count': 23629, 'support_ratio': 0.47864911758946, 'vertical_score': 1.0, 'plane_height_mean': -1.4046125411987305, 'agent_z': -1.3246460899710655, 'vertical_diff': 0.07996645122766499, 'area_xy': 6.8111999999999995, 'radius_est': 1.4724375357803925, 'z_std': 0.019473323598504066, 'occupied_cells': 473, 'bottom_height_tolerance': 0.1}
Updated floor height: -1.12, ceiling height: 0.68
Action: move_forward
Action: turn
--- Height change stabilized. Height diff: -0.18, On platform: True, Metrics: {'inlier_count': 11672, 'local_count': 23124, 'support_ratio': 0.5047569624414133, 'vertical_score': 1.0, 'plane_height_mean': -1.4043978452682495, 'agent_z': -1.3775155812501907, 'vertical_diff': 0.02688226401805882, 'area_xy': 7.1136, 'radius_est': 1.5047688215659618, 'z_std': 0.01088106818497181, 'occupied_cells': 494, 'bottom_height_tolerance': 0.1}
--- No significant floor change. Height diff: -0.18, On platform: True, Metrics: {'inlier_count': 11672, 'local_count': 23124, 'support_ratio': 0.5047569624414133, 'vertical_score': 1.0, 'plane_height_mean': -1.4043978452682495, 'agent_z': -1.3775155812501907, 'vertical_diff': 0.02688226401805882, 'area_xy': 7.1136, 'radius_est': 1.5047688215659618, 'z_std': 0.01088106818497181, 'occupied_cells': 494, 'bottom_height_tolerance': 0.1}
Updated floor height: -1.18, ceiling height: 0.62
Action: move_forward
Action: turn
--- Height change stabilized. Height diff: 0.12, On platform: True, Metrics: {'inlier_count': 814, 'local_count': 29289, 'support_ratio': 0.027792003823012324, 'vertical_score': 1.0, 'plane_height_mean': -1.086427927017212, 'agent_z': -1.0824867010116577, 'vertical_diff': 0.003941226005554244, 'area_xy': 0.4608, 'radius_est': 0.38298458918537537, 'z_std': 0.04731088876724243, 'occupied_cells': 32, 'bottom_height_tolerance': 0.1}
--- No significant floor change. Height diff: 0.12, On platform: True, Metrics: {'inlier_count': 814, 'local_count': 29289, 'support_ratio': 0.027792003823012324, 'vertical_score': 1.0, 'plane_height_mean': -1.086427927017212, 'agent_z': -1.0824867010116577, 'vertical_diff': 0.003941226005554244, 'area_xy': 0.4608, 'radius_est': 0.38298458918537537, 'z_std': 0.04731088876724243, 'occupied_cells': 32, 'bottom_height_tolerance': 0.1}
Updated floor height: -0.88, ceiling height: 0.92
Action: move_forward
Action: null
waypoints: 56
skipped waypoints: edge 7,  distance 20,  no_path 0,  occlusion 22
```json
{
"movement": "I have moved past the kitchen counters and turned right into the foyer area. I am now facing a pillar with a dining area to my left and a living room to my right. The instruction requires me to take a left into the hallway.",
"observation": {
    "front view": "I see a large pillar/wall corner directly ahead. To the left is a tiled floor leading into a long hallway. To the right is a living room with a sofa and fireplace.",
    "left view": "A long tiled hallway stretches away to the left, past a dining area.",
    "right view": "The living room area with a large wooden desk/console table and a painting on the wall.",
    "map": "I am near the center of the map. Waypoint 5 is located on the tiled floor to the left, leading down the hallway."
},
"thought": "I have completed the 'take a right' part of P1. I am now in the hall as described in P2. The next instruction is to 'take a left and go down the hallway'. The tiled hallway is clearly visible to my left. Waypoint 5 is positioned on this path, leading down the hallway towards the bedroom.",
"stuck": false,
"plan": "Move towards waypoint 5 to enter the hallway and proceed down it as instructed in P2.",
"curr_step": "I need to execute the 'take a left' part of P2. Waypoint 5 is the correct path into the hallway.",
"action": 5
}
```
Action: turn
--- Height change stabilized. Height diff: -0.06, On platform: True, Metrics: {'inlier_count': 677, 'local_count': 27460, 'support_ratio': 0.02465404224236511, 'vertical_score': 1.0, 'plane_height_mean': -1.2374651432037354, 'agent_z': -1.2581366717815399, 'vertical_diff': 0.02067152857780452, 'area_xy': 0.27359999999999995, 'radius_est': 0.29510944556195606, 'z_std': 0.04364104941487312, 'occupied_cells': 19, 'bottom_height_tolerance': 0.1}
--- No significant floor change. Height diff: -0.06, On platform: True, Metrics: {'inlier_count': 677, 'local_count': 27460, 'support_ratio': 0.02465404224236511, 'vertical_score': 1.0, 'plane_height_mean': -1.2374651432037354, 'agent_z': -1.2581366717815399, 'vertical_diff': 0.02067152857780452, 'area_xy': 0.27359999999999995, 'radius_est': 0.29510944556195606, 'z_std': 0.04364104941487312, 'occupied_cells': 19, 'bottom_height_tolerance': 0.1}
Updated floor height: -1.06, ceiling height: 0.74
Action: move_forward
Action: turn
--- Height change stabilized. Height diff: 0.00, On platform: True, Metrics: {'inlier_count': 709, 'local_count': 29397, 'support_ratio': 0.02411810728903908, 'vertical_score': 1.0, 'plane_height_mean': -1.16986083984375, 'agent_z': -1.2, 'vertical_diff': 0.030139160156249956, 'area_xy': 0.3888, 'radius_est': 0.35179380857010234, 'z_std': 0.043491873890161514, 'occupied_cells': 27, 'bottom_height_tolerance': 0.1}
--- No significant floor change. Height diff: 0.00, On platform: True, Metrics: {'inlier_count': 709, 'local_count': 29397, 'support_ratio': 0.02411810728903908, 'vertical_score': 1.0, 'plane_height_mean': -1.16986083984375, 'agent_z': -1.2, 'vertical_diff': 0.030139160156249956, 'area_xy': 0.3888, 'radius_est': 0.35179380857010234, 'z_std': 0.043491873890161514, 'occupied_cells': 27, 'bottom_height_tolerance': 0.1}
Updated floor height: -1.00, ceiling height: 0.80
Action: move_forward
Action: null
Action: turn
waypoints: 36
skipped waypoints: edge 3,  distance 15,  no_path 0,  occlusion 7



Action: stop
waypoints: 36
skipped waypoints: edge 3,  distance 15,  no_path 0,  occlusion 7



Action: stop
['Take a right at the large clock and travel straight through the kitchen', 'when you see the thermostat on the wall you are right next to the washroom.']
Initialized data for new floor level: 0
Switching pcds to floor level: 0
2026-09-18 20:24:06,270 - INFO - --- Episode 51, Step 1/100 ---
2026-09-18 20:27:28,339 - INFO - HTTP Request: POST http://127.0.0.1:22448/v1/chat/completions "HTTP/1.1 200 OK"
2026-09-18 20:30:30,653 - INFO - HTTP Request: POST http://127.0.0.1:22448/v1/chat/completions "HTTP/1.1 200 OK"
2026-09-18 20:33:15,269 - INFO - HTTP Request: POST http://127.0.0.1:22448/v1/chat/completions "HTTP/1.1 200 OK"
2026-09-18 20:33:15,990 - INFO - --- Episode 51, Step 2/100 ---
2026-09-18 20:35:43,200 - INFO - HTTP Request: POST http://127.0.0.1:22448/v1/chat/completions "HTTP/1.1 200 OK"
2026-09-18 20:37:51,935 - INFO - HTTP Request: POST http://127.0.0.1:22448/v1/chat/completions "HTTP/1.1 200 OK"
2026-09-18 20:39:40,584 - INFO - HTTP Request: POST http://127.0.0.1:22448/v1/chat/completions "HTTP/1.1 200 OK"
  4%|▍         | 2/50 [26:23<10:59:17, 824.12s/it]Renderer: NVIDIA GeForce RTX 4090/PCIe/SSE2 by NVIDIA Corporation
OpenGL version: 4.6.0 NVIDIA 590.48.01
Using optional features:
    GL_ARB_vertex_array_object
    GL_ARB_separate_shader_objects
    GL_ARB_robustness
    GL_ARB_texture_storage
    GL_ARB_texture_view
    GL_ARB_framebuffer_no_attachments
    GL_ARB_invalidate_subdata
    GL_ARB_texture_storage_multisample
    GL_ARB_multi_bind
    GL_ARB_direct_state_access
    GL_ARB_get_texture_sub_image
    GL_ARB_texture_filter_anisotropic
    GL_KHR_debug
    GL_KHR_parallel_shader_compile
    GL_NV_depth_buffer_float
Using driver workarounds:
    no-forward-compatible-core-context
    nv-egl-incorrect-gl11-function-pointers
    no-layout-qualifiers-on-old-glsl
    nv-zero-context-profile-mask
    nv-implementation-color-read-format-dsa-broken
    nv-cubemap-inconsistent-compressed-image-size
    nv-cubemap-broken-full-compressed-image-query
    nv-compressed-block-size-in-bits
[20:39:41:830300]:[Warning]:[Metadata] SceneDatasetAttributes.cpp(107)::addNewSceneInstanceToDataset : Dataset : 'default' : Lighting Layout Attributes 'no_lights' specified in Scene Attributes but does not exist in dataset, so creating default.
2026-09-18 20:39:47,413 - INFO - Simulator initialized!
2026-09-18 20:40:15,692 - INFO - HTTP Request: POST http://127.0.0.1:22448/v1/chat/completions "HTTP/1.1 200 OK"
2026-09-18 20:40:16,382 - INFO - --- Episode 52, Step 1/100 ---
2026-09-18 20:43:39,009 - INFO - HTTP Request: POST http://127.0.0.1:22448/v1/chat/completions "HTTP/1.1 200 OK"
2026-09-18 20:46:52,062 - INFO - HTTP Request: POST http://127.0.0.1:22448/v1/chat/completions "HTTP/1.1 200 OK"
2026-09-18 20:49:43,262 - INFO - HTTP Request: POST http://127.0.0.1:22448/v1/chat/completions "HTTP/1.1 200 OK"
2026-09-18 20:49:43,816 - INFO - --- Episode 52, Step 2/100 ---
2026-09-18 20:50:31,041 - INFO - HTTP Request: POST http://127.0.0.1:22448/v1/chat/completions "HTTP/1.1 200 OK"
2026-09-18 20:50:31,819 - INFO - --- Episode 52, Step 3/100 ---
2026-09-18 20:51:35,386 - INFO - HTTP Request: POST http://127.0.0.1:22448/v1/chat/completions "HTTP/1.1 200 OK"
2026-09-18 20:51:36,035 - INFO - --- Episode 52, Step 4/100 ---
2026-09-18 20:53:21,443 - INFO - HTTP Request: POST http://127.0.0.1:22448/v1/chat/completions "HTTP/1.1 200 OK"
2026-09-18 20:54:45,247 - INFO - HTTP Request: POST http://127.0.0.1:22448/v1/chat/completions "HTTP/1.1 200 OK"
2026-09-18 20:55:18,536 - INFO - HTTP Request: POST http://127.0.0.1:22448/v1/chat/completions "HTTP/1.1 200 OK"
2026-09-18 20:55:19,607 - INFO - --- Episode 52, Step 5/100 ---
2026-09-18 20:56:10,906 - INFO - HTTP Request: POST http://127.0.0.1:22448/v1/chat/completions "HTTP/1.1 200 OK"
2026-09-18 20:56:55,121 - INFO - HTTP Request: POST http://127.0.0.1:22448/v1/chat/completions "HTTP/1.1 200 OK"
2026-09-18 20:57:34,599 - INFO - HTTP Request: POST http://127.0.0.1:22448/v1/chat/completions "HTTP/1.1 200 OK"
  6%|▌         | 3/50 [44:17<12:15:08, 938.47s/it]Renderer: NVIDIA GeForce RTX 4090/PCIe/SSE2 by NVIDIA Corporation
OpenGL version: 4.6.0 NVIDIA 590.48.01
Using optional features:
    GL_ARB_vertex_array_object
    GL_ARB_separate_shader_objects
    GL_ARB_robustness
    GL_ARB_texture_storage
    GL_ARB_texture_view
    GL_ARB_framebuffer_no_attachments
    GL_ARB_invalidate_subdata
    GL_ARB_texture_storage_multisample
    GL_ARB_multi_bind
    GL_ARB_direct_state_access
    GL_ARB_get_texture_sub_image
    GL_ARB_texture_filter_anisotropic
    GL_KHR_debug
    GL_KHR_parallel_shader_compile
    GL_NV_depth_buffer_float
Using driver workarounds:
    no-forward-compatible-core-context
    nv-egl-incorrect-gl11-function-pointers
    no-layout-qualifiers-on-old-glsl
    nv-zero-context-profile-mask
    nv-implementation-color-read-format-dsa-broken
    nv-cubemap-inconsistent-compressed-image-size
    nv-cubemap-broken-full-compressed-image-query
    nv-compressed-block-size-in-bits
[20:57:36:374756]:[Warning]:[Metadata] SceneDatasetAttributes.cpp(107)::addNewSceneInstanceToDataset : Dataset : 'default' : Lighting Layout Attributes 'no_lights' specified in Scene Attributes but does not exist in dataset, so creating default.
2026-09-18 20:57:42,007 - INFO - Simulator initialized!
2026-09-18 20:58:19,801 - INFO - HTTP Request: POST http://127.0.0.1:22448/v1/chat/completions "HTTP/1.1 200 OK"
2026-09-18 20:58:20,504 - INFO - --- Episode 53, Step 1/100 ---
2026-09-18 20:58:58,706 - INFO - HTTP Request: POST http://127.0.0.1:22448/v1/chat/completions "HTTP/1.1 200 OK"
Initialized data for new floor level: 0
Switching pcds to floor level: 0
Initialized data for new floor level: 0
Switching pcds to floor level: 0
[StairDetect] normals=0.0037s, cpu=0.0003s, cluster=0.0419s, loop=0.0316s, total=0.0833s
waypoints: 18
skipped waypoints: edge 4,  distance 5,  no_path 0,  occlusion 3



Calculated floor height difference: 2.63m
Action: stop
waypoints: 16
skipped waypoints: edge 3,  distance 5,  no_path 0,  occlusion 3



Action: stop
['Exit the living room and turn right into the kitchen.', 'Turn left at the end of the counter and wait in the room across the hallway slightly to the left.']
Initialized data for new floor level: 0
Switching pcds to floor level: 0
Initialized data for new floor level: 0
Switching pcds to floor level: 0
Initialized data for new floor level: 0
Switching pcds to floor level: 0
[StairDetect] normals=0.0030s, cpu=0.0002s, cluster=0.0416s, loop=0.0304s, total=0.0807s
waypoints: 18
skipped waypoints: edge 4,  distance 5,  no_path 0,  occlusion 3



Calculated floor height difference: 2.63m
Action: stop
waypoints: 16
skipped waypoints: edge 3,  distance 5,  no_path 0,  occlusion 3
```json
{
"movement": "I am currently standing in the living room near a large ottoman, facing towards a wall with a TV/picture and curtains on the right. The exit to the hallway is visible to the left of the sofa in the front view and clearly shown in the left view.",
"observation": {
    "front view": "I see a large brown ottoman/coffee table in front of me slightly to the left. To the right is a dark wall with a TV/picture and curtains. Further back is a white sofa against a dark grey wall. To the left of the sofa is an opening leading to a hallway with a clock on the wall.",
    "left view": "I see the white sofa and the opening to the hallway with the clock clearly visible straight ahead.",
    "right view": "I see curtains and a window/blinds close up, indicating I am facing somewhat towards the right side of the room.",
    "map": "The map shows my current position (blue arc) near the ottoman in the center of the living room. The exit (hallway with clock) is located towards the top-left of the map relative to my current position."
},
"thought": "The instruction is to 'Exit the living room and turn right into the kitchen.' Currently, I am facing a wall/curtain area on the right side of the room. The exit (hallway with the clock) is located to my left, past the ottoman and sofa. To align myself with the exit path, I need to turn left. Once I face the hallway, I can move forward to exit.",
"stuck": false,
"plan": "Turn left to face the hallway exit visible in the left view. Then move forward towards the opening with the clock to exit the living room. After exiting, I will look for the kitchen to the right as per the instruction.",
"curr_step": "I need to turn left to face the exit. The exit is clearly visible in the left view and to the left of the sofa in the front view. Turning left will align me with the path out of the living room.",
"action": "L"
}
```
Action: turn
waypoints: 21
skipped waypoints: edge 1,  distance 9,  no_path 0,  occlusion 4
```json
{
"observation": {
    "front view": "I am facing a white sofa with orange pillows. In front of it is a large brown ottoman. To the left of the ottoman is open floor space. To the right is another section of the room.",
    "left view": "I see a window with blinds and the side of the white sofa.",
    "right view": "I see a wall with framed pictures and an archway leading to a hallway where a clock is visible on the far wall.",
    "map": "The map shows my current position (START) at the bottom. The sofa is on the left (West). The ottoman is in the center. The exit (clock) is at the top (North)."
},
"thought": "I am currently facing the sofa (West). The instruction requires me to exit the living room, which is towards the hallway with the clock (North). Since North is to my Right, I need to turn Right to face the exit. Then I can move forward through the archway.",
"stuck": false,
"plan": "Turn Right to face the hallway with the clock. Then move forward towards the archway to exit the living room.",
"curr_step": "I need to turn Right to align myself with the exit path visible in the right view and on the map (towards the clock).",
"action": "R"
}
```
Action: turn
waypoints: 16
skipped waypoints: edge 3,  distance 5,  no_path 0,  occlusion 3


```json
{
"movement": "I am currently standing in the living room near a large ottoman, facing towards a wall with a TV/picture and curtains on the right. The exit to the hallway is visible to the left of the sofa in the front view and clearly shown in the left view.",
"observation": {
    "front view": "I see a large brown ottoman/coffee table in front of me slightly to the left. To the right is a dark wall with a TV/picture and curtains. Further back is a white sofa against a dark grey wall. To the left of the sofa is an opening leading to a hallway with a clock on the wall.",
    "left view": "I see the white sofa and the opening to the hallway with the clock clearly visible straight ahead.",
    "right view": "I see curtains and a window/blinds close up, indicating I am facing somewhat towards the right side of the room.",
    "map": "The map shows my current position (blue arc) near the ottoman in the center of the living room. The exit (hallway with clock) is located towards the top-left of the map relative to my current position."
},
"thought": "The instruction is to 'Exit the living room and turn right into the kitchen.' Currently, I am facing a wall/curtain area on the right side of the room. The exit (hallway with the clock) is located to my left, past the ottoman and sofa. To align myself with the exit path, I need to turn left. Once I face the hallway, I can move forward to exit.",
"stuck": false,
"plan": "Turn left to face the hallway exit visible in the left view. Then move forward towards the opening with the clock to exit the living room. After exiting, I will look for the kitchen to the right as per the instruction.",
"curr_step": "I need to turn left to face the exit. The exit is clearly visible in the left view and to the left of the sofa in the front view. Turning left will align me with the path out of the living room.",
"action": "L"
}
```
Action: turn
waypoints: 21
skipped waypoints: edge 1,  distance 9,  no_path 0,  occlusion 4



Action: stop
['Turn around and go out of the room towards the clock.', 'Turn right and go down the hall past the kitchen counter.', 'At the end of the kitchen counter turn left and go past the kitchen to the hall', 'and go slight left and straight through the door.']
Initialized data for new floor level: 0
Switching pcds to floor level: 0
Initialized data for new floor level: 0
Switching pcds to floor level: 0
Initialized data for new floor level: 0
Switching pcds to floor level: 0
[StairDetect] normals=0.0030s, cpu=0.0003s, cluster=0.0435s, loop=0.0316s, total=0.0841s
waypoints: 18
skipped waypoints: edge 4,  distance 5,  no_path 0,  occlusion 3
2026-09-18 20:58:59,401 - INFO - --- Episode 53, Step 2/100 ---
2026-09-18 20:59:00,250 - INFO - --- Episode 53, Step 3/100 ---
2026-09-18 20:59:01,083 - INFO - --- Episode 53, Step 4/100 ---
2026-09-18 20:59:01,965 - INFO - --- Episode 53, Step 5/100 ---
2026-09-18 20:59:02,641 - INFO - --- Episode 53, Step 6/100 ---
2026-09-18 20:59:03,384 - INFO - --- Episode 53, Step 7/100 ---
2026-09-18 20:59:26,699 - INFO - HTTP Request: POST http://127.0.0.1:22448/v1/chat/completions "HTTP/1.1 200 OK"
2026-09-18 20:59:27,576 - INFO - --- Episode 53, Step 8/100 ---
2026-09-18 20:59:28,324 - INFO - --- Episode 53, Step 9/100 ---
2026-09-18 20:59:29,186 - INFO - --- Episode 53, Step 10/100 ---
2026-09-18 20:59:29,912 - INFO - --- Episode 53, Step 11/100 ---
2026-09-18 20:59:30,586 - INFO - --- Episode 53, Step 12/100 ---
2026-09-18 20:59:31,197 - INFO - --- Episode 53, Step 13/100 ---
2026-09-18 20:59:31,837 - INFO - --- Episode 53, Step 14/100 ---
2026-09-18 20:59:54,175 - INFO - HTTP Request: POST http://127.0.0.1:22448/v1/chat/completions "HTTP/1.1 200 OK"
2026-09-18 20:59:55,204 - INFO - --- Episode 53, Step 15/100 ---
2026-09-18 20:59:55,885 - INFO - --- Episode 53, Step 16/100 ---
2026-09-18 20:59:56,513 - INFO - --- Episode 53, Step 17/100 ---
2026-09-18 20:59:57,162 - INFO - --- Episode 53, Step 18/100 ---
2026-09-18 20:59:57,695 - INFO - --- Episode 53, Step 19/100 ---
2026-09-18 20:59:58,668 - INFO - --- Episode 53, Step 20/100 ---
2026-09-18 20:59:59,406 - INFO - --- Episode 53, Step 21/100 ---
2026-09-18 21:00:23,482 - INFO - HTTP Request: POST http://127.0.0.1:22448/v1/chat/completions "HTTP/1.1 200 OK"
2026-09-18 21:00:24,388 - INFO - --- Episode 53, Step 22/100 ---
2026-09-18 21:00:25,030 - INFO - --- Episode 53, Step 23/100 ---
2026-09-18 21:00:25,725 - INFO - --- Episode 53, Step 24/100 ---
2026-09-18 21:00:26,587 - INFO - --- Episode 53, Step 25/100 ---
2026-09-18 21:00:27,179 - INFO - --- Episode 53, Step 26/100 ---
2026-09-18 21:00:27,830 - INFO - --- Episode 53, Step 27/100 ---
2026-09-18 21:00:28,471 - INFO - --- Episode 53, Step 28/100 ---
2026-09-18 21:00:44,441 - INFO - HTTP Request: POST http://127.0.0.1:22448/v1/chat/completions "HTTP/1.1 200 OK"
```json
{
"movement": "I am currently facing a wall with a large picture (labeled B). To my left, there is an opening leading to a hallway where a clock is visible on the wall. I need to head towards this opening.",
"observation": {
    "front view": "I see a living room area with a white sofa against the back wall and a large ottoman in front of it. To the left of the sofa, there is an opening leading to a hallway. A clock is visible on the wall in that hallway.",
    "left view": "The view shows the hallway clearly with a clock on the far wall. This confirms the direction I need to go.",
    "right view": "I see curtains and blinds covering a window or glass door.",
    "map": "My starting position is near the bottom right of the room layout. The exit (hallway) is towards the top left of the room relative to my current orientation, visible as an opening on the left side of the map."
},
"thought": "The instruction is to 'Turn around and go out of the room towards the clock.' Currently, I am facing wall B (Right). The exit with the clock is to my left. To reach it, I need to move into the open space of the room. Waypoint 3 is located near the ottoman in the center of the room, which is a good intermediate target to get closer to the hallway exit on the left.",
"stuck": false,
"plan": "Move towards waypoint 3 (near the ottoman) to position myself in the middle of the room, then proceed towards the hallway opening on the left where the clock is located.",
"curr_step": "I need to move from my current position near the start point towards the open area near the ottoman. Waypoint 3 is the closest waypoint in that direction.",
"action": 3
}
```
Calculated floor height difference: 2.63m
Action: turn
Action: move_forward
Action: turn
Action: move_forward
Action: null
Action: turn
waypoints: 18
skipped waypoints: edge 3,  distance 4,  no_path 0,  occlusion 2
```json
{
"movement": "I have moved from the starting position near the ottoman towards the center of the living room. I am currently facing the sofa and the wall with the city picture. The hallway with the clock is visible to my left.",
"observation": {
    "front view": "I see a white sofa against a dark grey wall with a large city picture. To the left of the sofa, there is an opening leading to a hallway where a clock is visible on the wall.",
    "left view": "The view shows the hallway entrance and the clock on the wall further down. This confirms the direction I need to head.",
    "right view": "I see the rest of the living room, including another sofa section and windows with blinds.",
    "map": "My current position is near the ottoman (album). The exit towards the clock is to the top-left on the map. Waypoint 2 is located near the wall corner leading into that hallway."
},
"thought": "The instruction is to 'Turn around and go out of the room towards the clock.' I have turned around from the initial wall and am now facing the room. The exit is the opening to the left of the sofa. Waypoint 2 is positioned near the corner of the wall leading into that hallway, which is the correct path to exit the room and approach the clock.",
"stuck": false,
"plan": "Move towards waypoint 2 to exit the living room and enter the hallway area where the clock is located.",
"curr_step": "I need to move from my current position near the ottoman towards the hallway entrance. Waypoint 2 is the closest waypoint that leads out of the room in the direction of the clock.",
"action": 2
}
```
Action: turn
Action: move_forward
Action: turn
Action: move_forward
Action: move_forward
Action: move_forward
Action: null
waypoints: 20
skipped waypoints: edge 1,  distance 12,  no_path 0,  occlusion 1
```json
{
"movement": "I have moved from the living room area towards the hallway entrance. I am now standing near the wall with the clock, facing it directly.",
"observation": {
    "front view": "I am facing a white wall with a large round clock (labeled B). To the right of the clock is an opening leading into a kitchen/hallway area.",
    "left view": "I see a window looking into another room and the side of the wall with the clock.",
    "right view": "I see the living room sofa and the ottoman I just came from.",
    "map": "My current position (red triangle) is near the entrance to the hallway. The clock is labeled on the map just ahead/left. Waypoint 3 is located right next to the clock."
},
"thought": "I have completed the 'Turn around' part and am now 'going out of the room towards the clock'. I am very close to the clock. To fully satisfy 'towards the clock', I should move slightly closer to it. Waypoint 3 is positioned right next to the clock on the wall. Once I reach there, I will be in position to execute the next part of the instruction: 'Turn right and go down the hall'.",
"stuck": false,
"plan": "Move towards waypoint 3 to get closer to the clock, completing subtask P1. Then prepare for P2 by turning right into the hallway.",
"curr_step": "I am currently facing the clock. Waypoint 3 is the closest waypoint to the clock. Moving there completes the 'towards the clock' part of the instruction.",
"action": 3
}
```
Action: turn
Action: move_forward
Action: turn
Action: move_forward
Action: turn
Action: move_forward
Action: null
waypoints: 22
skipped waypoints: edge 4,  distance 8,  no_path 0,  occlusion 7
```json
{
"movement": "I have reached the wall with the clock as instructed. I am now positioned near the clock, facing the hallway that leads past the kitchen counter.",
"observation": {
    "front view": "I see the large clock on the wall to my left. Ahead of me is a tiled floor leading towards a kitchen area with a long white counter on the left and a sofa on the right.",
    "left view": "A long corridor extends to the left, but the instruction specifies going past the kitchen counter which is ahead/right.",
    "right view": "The living room area with sofas and windows is visible to my right.",
    "map": "My current position is near the 'clock' label. The path forward (towards waypoints 1 and 3) leads into the hallway where the kitchen counter is located."
},
"thought": "I have completed subtask P1 by reaching the clock. The next instruction is 'Turn right and go down the hall past the kitchen counter.' Looking at the front view, the kitchen counter is straight ahead/slightly to the right of my current orientation relative to the wall. Waypoint 1 is located in the hallway space just past the clock wall, leading towards the kitchen counter. Moving to waypoint 1 will put me on the correct path down the hall.",
"stuck": false,
"plan": "Move forward into the hallway towards waypoint 1 to begin passing the kitchen counter as per subtask P2.",
"curr_step": "I am at the clock. I need to proceed down the hall. Waypoint 1 is the next logical step in that direction.",
"action": 1
}
```
Action: turn
Action: move_forward
Action: turn
Action: move_forward
Action: turn
Action: move_forward
Action: null
waypoints: 33
skipped waypoints: edge 2,  distance 21,  no_path 0,  occlusion 7
2026-09-18 21:00:45,444 - INFO - --- Episode 53, Step 29/100 ---
2026-09-18 21:00:46,335 - INFO - --- Episode 53, Step 30/100 ---
2026-09-18 21:00:47,017 - INFO - --- Episode 53, Step 31/100 ---
2026-09-18 21:00:47,759 - INFO - --- Episode 53, Step 32/100 ---
2026-09-18 21:00:48,491 - INFO - --- Episode 53, Step 33/100 ---
2026-09-18 21:00:49,277 - INFO - --- Episode 53, Step 34/100 ---
2026-09-18 21:00:50,224 - INFO - --- Episode 53, Step 35/100 ---
2026-09-18 21:01:46,281 - INFO - HTTP Request: POST http://127.0.0.1:22448/v1/chat/completions "HTTP/1.1 200 OK"
2026-09-18 21:01:47,493 - INFO - --- Episode 53, Step 36/100 ---
2026-09-18 21:01:48,349 - INFO - --- Episode 53, Step 37/100 ---
2026-09-18 21:01:49,134 - INFO - --- Episode 53, Step 38/100 ---
2026-09-18 21:01:49,831 - INFO - --- Episode 53, Step 39/100 ---
2026-09-18 21:01:50,720 - INFO - --- Episode 53, Step 40/100 ---
2026-09-18 21:01:51,461 - INFO - --- Episode 53, Step 41/100 ---
2026-09-18 21:01:52,095 - INFO - --- Episode 53, Step 42/100 ---
2026-09-18 21:01:52,788 - INFO - --- Episode 53, Step 43/100 ---
2026-09-18 21:01:53,507 - INFO - --- Episode 53, Step 44/100 ---
2026-09-18 21:01:54,321 - INFO - --- Episode 53, Step 45/100 ---
2026-09-18 21:02:26,089 - INFO - HTTP Request: POST http://127.0.0.1:22448/v1/chat/completions "HTTP/1.1 200 OK"
2026-09-18 21:02:27,308 - INFO - --- Episode 53, Step 46/100 ---
2026-09-18 21:02:28,045 - INFO - --- Episode 53, Step 47/100 ---
2026-09-18 21:02:28,768 - INFO - --- Episode 53, Step 48/100 ---
2026-09-18 21:02:29,449 - INFO - --- Episode 53, Step 49/100 ---
2026-09-18 21:02:30,292 - INFO - --- Episode 53, Step 50/100 ---
2026-09-18 21:02:31,094 - INFO - --- Episode 53, Step 51/100 ---
2026-09-18 21:02:32,022 - INFO - --- Episode 53, Step 52/100 ---
2026-09-18 21:02:32,811 - INFO - --- Episode 53, Step 53/100 ---
2026-09-18 21:02:49,854 - INFO - HTTP Request: POST http://127.0.0.1:22448/v1/chat/completions "HTTP/1.1 200 OK"
2026-09-18 21:02:51,730 - INFO - HTTP Request: POST http://127.0.0.1:22448/v1/chat/completions "HTTP/1.1 400 Bad Request"
2026-09-18 21:02:52,937 - INFO - HTTP Request: POST http://127.0.0.1:22448/v1/chat/completions "HTTP/1.1 400 Bad Request"
2026-09-18 21:02:54,694 - INFO - --- Episode 53, Step 54/100 ---
2026-09-18 21:03:27,797 - INFO - HTTP Request: POST http://127.0.0.1:22448/v1/chat/completions "HTTP/1.1 200 OK"
2026-09-18 21:03:50,073 - INFO - HTTP Request: POST http://127.0.0.1:22448/v1/chat/completions "HTTP/1.1 200 OK"
2026-09-18 21:04:03,539 - INFO - HTTP Request: POST http://127.0.0.1:22448/v1/chat/completions "HTTP/1.1 200 OK"
  8%|▊         | 4/50 [50:49<9:14:04, 722.71s/it] Renderer: NVIDIA GeForce RTX 4090/PCIe/SSE2 by NVIDIA Corporation
OpenGL version: 4.6.0 NVIDIA 590.48.01
Using optional features:
    GL_ARB_vertex_array_object
    GL_ARB_separate_shader_objects
    GL_ARB_robustness
    GL_ARB_texture_storage
    GL_ARB_texture_view
    GL_ARB_framebuffer_no_attachments
    GL_ARB_invalidate_subdata
    GL_ARB_texture_storage_multisample
    GL_ARB_multi_bind
    GL_ARB_direct_state_access
    GL_ARB_get_texture_sub_image
    GL_ARB_texture_filter_anisotropic
    GL_KHR_debug
    GL_KHR_parallel_shader_compile
    GL_NV_depth_buffer_float
Using driver workarounds:
    no-forward-compatible-core-context
    nv-egl-incorrect-gl11-function-pointers
    no-layout-qualifiers-on-old-glsl
    nv-zero-context-profile-mask
    nv-implementation-color-read-format-dsa-broken
    nv-cubemap-inconsistent-compressed-image-size
    nv-cubemap-broken-full-compressed-image-query
    nv-compressed-block-size-in-bits
[21:04:08:319388]:[Warning]:[Metadata] SceneDatasetAttributes.cpp(107)::addNewSceneInstanceToDataset : Dataset : 'default' : Lighting Layout Attributes 'no_lights' specified in Scene Attributes but does not exist in dataset, so creating default.
2026-09-18 21:04:13,898 - INFO - Simulator initialized!
2026-09-18 21:04:55,135 - INFO - HTTP Request: POST http://127.0.0.1:22448/v1/chat/completions "HTTP/1.1 200 OK"
2026-09-18 21:04:55,716 - INFO - --- Episode 54, Step 1/100 ---
2026-09-18 21:08:19,586 - INFO - HTTP Request: POST http://127.0.0.1:22448/v1/chat/completions "HTTP/1.1 200 OK"
2026-09-18 21:11:27,260 - INFO - HTTP Request: POST http://127.0.0.1:22448/v1/chat/completions "HTTP/1.1 200 OK"
2026-09-18 21:12:15,132 - INFO - HTTP Request: POST http://127.0.0.1:22448/v1/chat/completions "HTTP/1.1 200 OK"
2026-09-18 21:12:15,904 - INFO - --- Episode 54, Step 2/100 ---
2026-09-18 21:12:16,529 - INFO - --- Episode 54, Step 3/100 ---
2026-09-18 21:12:17,138 - INFO - --- Episode 54, Step 4/100 ---
2026-09-18 21:12:17,914 - INFO - --- Episode 54, Step 5/100 ---
2026-09-18 21:12:18,507 - INFO - --- Episode 54, Step 6/100 ---
2026-09-18 21:14:34,080 - INFO - HTTP Request: POST http://127.0.0.1:22448/v1/chat/completions "HTTP/1.1 200 OK"
2026-09-18 21:16:22,611 - INFO - HTTP Request: POST http://127.0.0.1:22448/v1/chat/completions "HTTP/1.1 200 OK"
2026-09-18 21:17:54,751 - INFO - HTTP Request: POST http://127.0.0.1:22448/v1/chat/completions "HTTP/1.1 200 OK"
2026-09-18 21:17:55,423 - INFO - --- Episode 54, Step 7/100 ---
2026-09-18 21:19:22,780 - INFO - HTTP Request: POST http://127.0.0.1:22448/v1/chat/completions "HTTP/1.1 200 OK"
2026-09-18 21:20:25,650 - INFO - HTTP Request: POST http://127.0.0.1:22448/v1/chat/completions "HTTP/1.1 200 OK"
2026-09-18 21:20:52,795 - INFO - HTTP Request: POST http://127.0.0.1:22448/v1/chat/completions "HTTP/1.1 200 OK"
```json
{
"movement": "I have moved from the clock area into the hallway/kitchen space. I am currently walking alongside the long white kitchen counter which is on my left.",
"observation": {
    "front view": "I see the path continuing straight ahead between the kitchen counter on the left and the living room sofa on the right. Waypoint 1 is visible further down this path.",
    "left view": "The kitchen counter with a sink and stovetop is immediately to my left.",
    "right view": "A large grey sofa and the living room area are to my right.",
    "map": "My current position is near the 'clock' label. Waypoint 1 is located further down the path, past the initial section of the kitchen counter."
},
"thought": "I have completed P1. Now I am executing P2: 'Turn right and go down the hall past the kitchen counter.' I have turned and am now facing the correct direction. The kitchen counter is on my left. To complete this subtask, I need to continue moving forward along this path until I pass the counter. Waypoint 1 is a good intermediate target further down this hallway.",
"stuck": false,
"plan": "Move forward towards waypoint 1 to continue going down the hall past the kitchen counter.",
"curr_step": "I am currently in the hallway next to the kitchen counter. Moving to waypoint 1 will take me further along the path as instructed.",
"action": 1
}
```
Action: turn
Action: move_forward
Action: turn
Action: move_forward
Action: turn
Action: move_forward
Action: null
waypoints: 24
skipped waypoints: edge 2,  distance 10,  no_path 0,  occlusion 2
```json
{
"movement": "I have moved along the kitchen counter and am now at its end, facing a desk area. I am positioned near the 'workbench' on the map.",
"observation": {
    "front view": "I see a desk ahead against a window/wall. To the left is a wall with framed pictures. The kitchen island is visible to the left/front-left.",
    "left view": "The long white kitchen counter/island is clearly visible to my left.",
    "right view": "A large grey sofa and living room area are to my right.",
    "map": "My current position is near the 'workbench' label. The path from the 'clock' (start of P2) led me here. Waypoints 7 and 8 are located towards the left wall/corner, which appears to be the direction of the next hallway."
},
"thought": "I have completed P2 by going down the hall past the kitchen counter. I am now at the end of the counter (near the workbench). The instruction for P3 is 'At the end of the kitchen counter turn left and go past the kitchen to the hall'. Turning left from my current orientation (facing the desk) points me towards the wall with pictures. Moving towards waypoint 7 will take me in that direction, effectively going past the kitchen area towards the hallway.",
"stuck": false,
"plan": "Move towards waypoint 7 to head towards the hallway on the left side of the room, completing P3.",
"curr_step": "I am at the end of the counter. Waypoint 7 is in the direction of the turn (left) and leads towards the hall area.",
"action": 7
}
```
Action: turn
Action: move_forward
Action: turn
Action: move_forward
Action: turn
Action: move_forward
Action: turn
Action: move_forward
Action: null
Action: turn
waypoints: 14
skipped waypoints: edge 1,  distance 7,  no_path 0,  occlusion 0
```json
{
"movement": "I have turned left at the end of the kitchen counter and am now facing a wall with abstract art. To my left is an opening leading into a hallway. I need to proceed into this hallway.",
"observation": {
    "front view": "I see a wall with a large abstract painting straight ahead. To the left of this wall is an opening/hallway. To the right is the living room area.",
    "left view": "A hallway extends forward, and there is a doorway/opening to the left.",
    "right view": "The living room with a desk and large windows is visible.",
    "map": "My current position is near the 'workbench'. The path leads towards the top left of the map. Waypoint 3 is located in the hallway area ahead."
},
"thought": "I have completed the turn at the end of the kitchen counter. I am now facing the wall with art. The instruction says to 'go past the kitchen to the hall'. The hallway is visible to the left/forward-left. Moving towards waypoint 3 will take me into this hallway, fulfilling the 'go to the hall' part of the instruction. After reaching the hall, I will look for the door mentioned in P4.",
"stuck": false,
"plan": "Move forward into the hallway towards waypoint 3.",
"curr_step": "I am facing the wall with art. Waypoint 3 is in the hallway to the left/forward. Moving there puts me in the hall as instructed.",
"action": 3
}
```
Action: turn
Action: move_forward
Action: turn
Action: move_forward
Action: turn
Action: move_forward
Action: null
Action: turn
waypoints: 4
skipped waypoints: edge 2,  distance 0,  no_path 0,  occlusion 0

Action: stop
waypoints: 4
skipped waypoints: edge 2,  distance 0,  no_path 0,  occlusion 0



Action: stop
['Walk between the two counters in the kitchen and into another small room off the kitchen.', 'Exit that room and make a slight right then another right. and wait in the bedroom.']
Initialized data for new floor level: 0
Switching pcds to floor level: 0
Initialized data for new floor level: 0
Switching pcds to floor level: 0
Initialized data for new floor level: 0
Switching pcds to floor level: 0
[StairDetect] normals=0.0037s, cpu=0.0003s, cluster=0.0275s, loop=0.0118s, total=0.0576s
waypoints: 25
skipped waypoints: edge 0,  distance 14,  no_path 0,  occlusion 1


```json
{
"movement": "I am currently standing in a large open-plan living/dining area. To my right is a kitchen with a large island counter. In front of me is a dining table and a glass partition. To my left is a hallway. The instruction asks me to walk between two counters in the kitchen into a small room. Based on the Right View, there is a path to the right of the kitchen island leading towards another area. I need to move towards this kitchen area.",
"observation": {
    "front view": "I see a dining table and a large glass partition/wall structure ahead. To the left is a console table against the wall.",
    "left view": "A hallway with a painting on the wall leads away to the left.",
    "right view": "A large white kitchen island with stools is visible. To the right of the island, there is a walkway leading towards a doorway or another room.",
    "map": "I am at the START point. The kitchen area is to my right (East). There is a path leading towards the right side of the map."
},
"thought": "The instruction requires me to walk between two counters in the kitchen. Looking at the Right View, there is a kitchen island and likely a wall counter on the right side, creating a walkway between them. This walkway leads to a small room/hallway. Currently, I am facing somewhat towards the dining table (Front View). The kitchen is to my right. To enter this area and walk between the counters, I need to move towards the right side of the room. Waypoint 1 is located in the open space towards the right, which aligns with the direction of the kitchen entrance.",
"stuck": false,
"plan": "Move towards waypoint 1 to approach the kitchen area. From there, I will navigate between the island and the wall counter into the small room off the kitchen as instructed.",
"curr_step": "I need to move towards the kitchen area which is to my right. Waypoint 1 is the most direct path towards that area from my current position.",
"action": 1
}
```
Calculated floor height difference: 2.65m
Action: turn
Action: move_forward
Action: move_forward
Action: null
Action: turn
waypoints: 24
skipped waypoints: edge 4,  distance 9,  no_path 0,  occlusion 5



Action: stop
waypoints: 24
skipped waypoints: edge 4,  distance 9,  no_path 0,  occlusion 5


2026-09-18 21:20:53,660 - INFO - --- Episode 54, Step 8/100 ---
2026-09-18 21:20:54,242 - INFO - --- Episode 54, Step 9/100 ---
2026-09-18 21:20:55,006 - INFO - --- Episode 54, Step 10/100 ---
2026-09-18 21:20:55,357 - INFO - --- Episode 54, Step 11/100 ---
2026-09-18 21:21:38,688 - INFO - HTTP Request: POST http://127.0.0.1:22448/v1/chat/completions "HTTP/1.1 200 OK"
2026-09-18 21:22:01,081 - INFO - HTTP Request: POST http://127.0.0.1:22448/v1/chat/completions "HTTP/1.1 200 OK"
2026-09-18 21:22:01,787 - INFO - --- Episode 54, Step 12/100 ---
2026-09-18 21:22:38,630 - INFO - HTTP Request: POST http://127.0.0.1:22448/v1/chat/completions "HTTP/1.1 200 OK"
2026-09-18 21:22:55,175 - INFO - HTTP Request: POST http://127.0.0.1:22448/v1/chat/completions "HTTP/1.1 200 OK"
2026-09-18 21:22:56,134 - INFO - --- Episode 54, Step 13/100 ---
2026-09-18 21:22:56,783 - INFO - --- Episode 54, Step 14/100 ---
2026-09-18 21:22:57,755 - INFO - --- Episode 54, Step 15/100 ---
2026-09-18 21:22:58,669 - INFO - --- Episode 54, Step 16/100 ---
2026-09-18 21:22:59,418 - INFO - --- Episode 54, Step 17/100 ---
2026-09-18 21:23:00,254 - INFO - --- Episode 54, Step 18/100 ---
2026-09-18 21:23:01,129 - INFO - --- Episode 54, Step 19/100 ---
2026-09-18 21:23:08,201 - INFO - HTTP Request: POST http://127.0.0.1:22448/v1/chat/completions "HTTP/1.1 400 Bad Request"
2026-09-18 21:23:09,435 - INFO - HTTP Request: POST http://127.0.0.1:22448/v1/chat/completions "HTTP/1.1 400 Bad Request"
2026-09-18 21:23:10,654 - INFO - HTTP Request: POST http://127.0.0.1:22448/v1/chat/completions "HTTP/1.1 400 Bad Request"
 10%|█         | 5/50 [1:09:54<10:56:11, 874.93s/it]Renderer: NVIDIA GeForce RTX 4090/PCIe/SSE2 by NVIDIA Corporation
OpenGL version: 4.6.0 NVIDIA 590.48.01
Using optional features:
    GL_ARB_vertex_array_object
    GL_ARB_separate_shader_objects
    GL_ARB_robustness
    GL_ARB_texture_storage
    GL_ARB_texture_view
    GL_ARB_framebuffer_no_attachments
    GL_ARB_invalidate_subdata
    GL_ARB_texture_storage_multisample
    GL_ARB_multi_bind
    GL_ARB_direct_state_access
    GL_ARB_get_texture_sub_image
    GL_ARB_texture_filter_anisotropic
    GL_KHR_debug
    GL_KHR_parallel_shader_compile
    GL_NV_depth_buffer_float
Using driver workarounds:
    no-forward-compatible-core-context
    nv-egl-incorrect-gl11-function-pointers
    no-layout-qualifiers-on-old-glsl
    nv-zero-context-profile-mask
    nv-implementation-color-read-format-dsa-broken
    nv-cubemap-inconsistent-compressed-image-size
    nv-cubemap-broken-full-compressed-image-query
    nv-compressed-block-size-in-bits
[21:23:13:138472]:[Warning]:[Metadata] SceneDatasetAttributes.cpp(107)::addNewSceneInstanceToDataset : Dataset : 'default' : Lighting Layout Attributes 'no_lights' specified in Scene Attributes but does not exist in dataset, so creating default.
2026-09-18 21:23:18,549 - INFO - Simulator initialized!
2026-09-18 21:23:48,804 - INFO - HTTP Request: POST http://127.0.0.1:22448/v1/chat/completions "HTTP/1.1 200 OK"
2026-09-18 21:23:49,472 - INFO - --- Episode 55, Step 1/100 ---
2026-09-18 21:27:25,915 - INFO - HTTP Request: POST http://127.0.0.1:22448/v1/chat/completions "HTTP/1.1 200 OK"
2026-09-18 21:30:32,058 - INFO - HTTP Request: POST http://127.0.0.1:22448/v1/chat/completions "HTTP/1.1 200 OK"
2026-09-18 21:33:16,969 - INFO - HTTP Request: POST http://127.0.0.1:22448/v1/chat/completions "HTTP/1.1 200 OK"
2026-09-18 21:33:17,646 - INFO - --- Episode 55, Step 2/100 ---
2026-09-18 21:33:41,315 - INFO - HTTP Request: POST http://127.0.0.1:22448/v1/chat/completions "HTTP/1.1 200 OK"
2026-09-18 21:33:41,978 - INFO - --- Episode 55, Step 3/100 ---
2026-09-18 21:33:42,744 - INFO - --- Episode 55, Step 4/100 ---
2026-09-18 21:33:43,686 - INFO - --- Episode 55, Step 5/100 ---
2026-09-18 21:33:44,464 - INFO - --- Episode 55, Step 6/100 ---
2026-09-18 21:34:08,138 - INFO - HTTP Request: POST http://127.0.0.1:22448/v1/chat/completions "HTTP/1.1 200 OK"
```json
{
"movement": "I have moved slightly forward from the start position towards the center of the room, near the dining table/desk area.",
"observation": {
    "front view": "I see a large glass partition and a desk/table in front of me. To the right is a living area with a sofa.",
    "left view": "A hallway or passage is visible to the left, along with a wall with artwork.",
    "right view": "A large white kitchen island counter is prominent on the right. Behind it, there appears to be a walkway between this island and a wall counter, leading towards another room/hallway.",
    "map": "I am near the START point. The kitchen area is to the top-right (North-East). The path between the counters leads towards the top right corner of the map."
},
"thought": "The instruction is to walk between the two counters in the kitchen and into a small room. Currently, I am facing the desk/glass partition. The kitchen is to my right. To follow the instruction, I need to orient myself towards the kitchen and move into the gap between the island and the wall counter. Waypoint 1 is located in the open floor space, slightly to the right, which will position me better to enter the kitchen area. From there, I can proceed between the counters.",
"stuck": false,
"plan": "Move towards waypoint 1 to get closer to the kitchen entrance. Then, turn right and walk between the kitchen island and the wall counter into the small room off the kitchen.",
"curr_step": "I need to approach the kitchen area. Waypoint 1 is a good intermediate step to get closer to the gap between the counters.",
"action": 1
}
```
Action: turn
Action: move_forward
Action: null
Action: turn
waypoints: 23
skipped waypoints: edge 3,  distance 7,  no_path 1,  occlusion 6

```json
{
"movement": "I have moved slightly forward and turned left slightly from the start position. I am now facing the glass partition/living room area. The kitchen is visible to my right.",
"observation": {
    "front view": "I see a large glass partition and a desk/table to the left. Ahead is a living area with a sofa and TV.",
    "left view": "A desk with framed pictures on the wall is visible to the left.",
    "right view": "A long white kitchen island counter is visible on the right, with a wall counter further right. Between them is a path leading to a hallway/doorway.",
    "map": "I am near the START point. The kitchen area is to the right (East). The path between the counters leads towards the top right of the map."
},
"thought": "The instruction is to walk between the two counters in the kitchen and into a small room. Currently, I am facing the glass partition. The kitchen and the path between the counters are to my right. I need to turn right to face this path and then move forward.",
"stuck": false,
"plan": "Turn right to face the kitchen area. Then move forward between the island counter and the wall counter into the small room/hallway at the end.",
"curr_step": "I need to orient myself towards the kitchen. Turning right will align me with the path between the counters.",
"action": "R"
}
```
Action: turn
waypoints: 22
skipped waypoints: edge 3,  distance 9,  no_path 0,  occlusion 5

```json
{
"movement": "I have turned right to face the kitchen area. I am now looking down the path between the living room sofa and the kitchen island.",
"observation": {
    "front view": "I see a hallway leading straight ahead. To my left is a large grey sofa. To my right is a long white kitchen island counter. Further right is the wall counter with dark cabinets.",
    "left view": "A living room area with a TV and seating.",
    "right view": "The kitchen island and the path between it and the wall counter leading to a hallway/doorway.",
    "map": "I am near the START point. The path between the counters is ahead and slightly right."
},
"thought": "The instruction is to walk between the two counters in the kitchen. I am currently facing the correct direction. The gap between the island (right) and the wall counter (further right/back) leads into a hallway/small room. I need to move forward into this space. Waypoint 1 is located in the open floor area just before entering the kitchen corridor.",
"stuck": false,
"plan": "Move forward towards waypoint 1 to enter the space between the counters and proceed into the small room/hallway off the kitchen.",
"curr_step": "I need to move forward into the gap. Waypoint 1 is the closest strategic point to enter that corridor.",
"action": 1
}
```
Action: turn
Action: move_forward
Action: turn
Action: move_forward
Action: turn
Action: move_forward
Action: null
waypoints: 13
skipped waypoints: edge 1,  distance 2,  no_path 0,  occlusion 4
Action: stop
['Walk through the kitchen and walk out the door into the hallway.', 'Turn right and then left and enter the door closest to the table.', 'Enter the room and wait there.']
Initialized data for new floor level: 0
Switching pcds to floor level: 0
Initialized data for new floor level: 0
Switching pcds to floor level: 0
Initialized data for new floor level: 0
Switching pcds to floor level: 0
[StairDetect] normals=0.0037s, cpu=0.0004s, cluster=0.0274s, loop=0.0117s, total=0.0569s
waypoints: 25
skipped waypoints: edge 0,  distance 14,  no_path 0,  occlusion 1



Calculated floor height difference: 2.65m
Action: stop
waypoints: 24
skipped waypoints: edge 0,  distance 14,  no_path 0,  occlusion 1
```json
{
"movement": "I have just started my journey and am currently standing in the kitchen/dining area near the kitchen island.",
"observation": {
"front view": "I see a dining table ahead and a large glass partition/wall to the right. To the left of the dining table, there is an opening leading to another area.",
"left view": "There is a hallway with a painting on the wall visible to my left.",
"right view": "I see the kitchen island with stools and the rest of the kitchen area.",
"map": "I am at the START position. The pink area labeled 'desk' is ahead. The hallway I need to enter is likely the corridor to the left of the desk area."
},
"thought": "The instruction is to walk through the kitchen and out into the hallway. I am currently in the kitchen/dining area. The hallway is visible to my left-front (seen in the Left View). To get there, I need to move forward past the kitchen island and towards the opening near the dining table. Waypoint 3 is a good intermediate target to navigate towards that area.",
"stuck": false,
"plan": "Move forward towards the dining table area (waypoint 3) to position myself to enter the hallway seen in the left view.",
"curr_step": "I need to move forward into the room. Waypoint 3 is directly ahead and slightly left, which aligns with the path towards the hallway entrance.",
"action": 3
}
```
Action: turn
Action: move_forward
Action: move_forward
Action: null
waypoints: 10
skipped waypoints: edge 2,  distance 1,  no_path 0,  occlusion 2
2026-09-18 21:34:08,847 - INFO - --- Episode 55, Step 7/100 ---
2026-09-18 21:34:09,446 - INFO - --- Episode 55, Step 8/100 ---
2026-09-18 21:34:10,141 - INFO - --- Episode 55, Step 9/100 ---
2026-09-18 21:34:11,128 - INFO - --- Episode 55, Step 10/100 ---
2026-09-18 21:34:11,951 - INFO - --- Episode 55, Step 11/100 ---
2026-09-18 21:35:42,466 - INFO - HTTP Request: POST http://127.0.0.1:22448/v1/chat/completions "HTTP/1.1 200 OK"
2026-09-18 21:36:52,314 - INFO - HTTP Request: POST http://127.0.0.1:22448/v1/chat/completions "HTTP/1.1 200 OK"
2026-09-18 21:37:34,849 - INFO - HTTP Request: POST http://127.0.0.1:22448/v1/chat/completions "HTTP/1.1 200 OK"
2026-09-18 21:37:35,571 - INFO - --- Episode 55, Step 12/100 ---
2026-09-18 21:37:52,106 - INFO - HTTP Request: POST http://127.0.0.1:22448/v1/chat/completions "HTTP/1.1 200 OK"
2026-09-18 21:37:52,781 - INFO - --- Episode 55, Step 13/100 ---
2026-09-18 21:38:10,718 - INFO - HTTP Request: POST http://127.0.0.1:22448/v1/chat/completions "HTTP/1.1 200 OK"
2026-09-18 21:38:11,511 - INFO - --- Episode 55, Step 14/100 ---
2026-09-18 21:38:12,308 - INFO - --- Episode 55, Step 15/100 ---
2026-09-18 21:38:12,818 - INFO - --- Episode 55, Step 16/100 ---
2026-09-18 21:38:13,421 - INFO - --- Episode 55, Step 17/100 ---
2026-09-18 21:38:14,004 - INFO - --- Episode 55, Step 18/100 ---
2026-09-18 21:38:14,764 - INFO - --- Episode 55, Step 19/100 ---
2026-09-18 21:38:15,691 - INFO - --- Episode 55, Step 20/100 ---
2026-09-18 21:38:16,469 - INFO - --- Episode 55, Step 21/100 ---
2026-09-18 21:38:17,129 - INFO - --- Episode 55, Step 22/100 ---
2026-09-18 21:38:23,543 - INFO - HTTP Request: POST http://127.0.0.1:22448/v1/chat/completions "HTTP/1.1 400 Bad Request"
2026-09-18 21:38:24,811 - INFO - HTTP Request: POST http://127.0.0.1:22448/v1/chat/completions "HTTP/1.1 400 Bad Request"
2026-09-18 21:38:26,098 - INFO - HTTP Request: POST http://127.0.0.1:22448/v1/chat/completions "HTTP/1.1 400 Bad Request"
 12%|█▏        | 6/50 [1:25:09<10:51:37, 888.57s/it]Renderer: NVIDIA GeForce RTX 4090/PCIe/SSE2 by NVIDIA Corporation
OpenGL version: 4.6.0 NVIDIA 590.48.01
Using optional features:
    GL_ARB_vertex_array_object
    GL_ARB_separate_shader_objects
    GL_ARB_robustness
    GL_ARB_texture_storage
    GL_ARB_texture_view
    GL_ARB_framebuffer_no_attachments
    GL_ARB_invalidate_subdata
    GL_ARB_texture_storage_multisample
    GL_ARB_multi_bind
    GL_ARB_direct_state_access
    GL_ARB_get_texture_sub_image
    GL_ARB_texture_filter_anisotropic
    GL_KHR_debug
    GL_KHR_parallel_shader_compile
    GL_NV_depth_buffer_float
Using driver workarounds:
    no-forward-compatible-core-context
    nv-egl-incorrect-gl11-function-pointers
    no-layout-qualifiers-on-old-glsl
    nv-zero-context-profile-mask
    nv-implementation-color-read-format-dsa-broken
    nv-cubemap-inconsistent-compressed-image-size
    nv-cubemap-broken-full-compressed-image-query
    nv-compressed-block-size-in-bits
[21:38:28:209278]:[Warning]:[Metadata] SceneDatasetAttributes.cpp(107)::addNewSceneInstanceToDataset : Dataset : 'default' : Lighting Layout Attributes 'no_lights' specified in Scene Attributes but does not exist in dataset, so creating default.
2026-09-18 21:38:33,388 - INFO - Simulator initialized!
2026-09-18 21:39:01,534 - INFO - HTTP Request: POST http://127.0.0.1:22448/v1/chat/completions "HTTP/1.1 200 OK"
2026-09-18 21:39:02,237 - INFO - --- Episode 56, Step 1/100 ---
2026-09-18 21:42:24,257 - INFO - HTTP Request: POST http://127.0.0.1:22448/v1/chat/completions "HTTP/1.1 200 OK"
2026-09-18 21:45:26,080 - INFO - HTTP Request: POST http://127.0.0.1:22448/v1/chat/completions "HTTP/1.1 200 OK"
2026-09-18 21:48:09,614 - INFO - HTTP Request: POST http://127.0.0.1:22448/v1/chat/completions "HTTP/1.1 200 OK"
2026-09-18 21:48:10,421 - INFO - --- Episode 56, Step 2/100 ---
2026-09-18 21:50:38,884 - INFO - HTTP Request: POST http://127.0.0.1:22448/v1/chat/completions "HTTP/1.1 200 OK"
2026-09-18 21:50:51,719 - INFO - HTTP Request: POST http://127.0.0.1:22448/v1/chat/completions "HTTP/1.1 200 OK"
2026-09-18 21:50:52,608 - INFO - --- Episode 56, Step 3/100 ---
2026-09-18 21:50:53,181 - INFO - --- Episode 56, Step 4/100 ---
2026-09-18 21:50:54,110 - INFO - --- Episode 56, Step 5/100 ---
2026-09-18 21:50:54,645 - INFO - --- Episode 56, Step 6/100 ---
2026-09-18 21:50:55,172 - INFO - --- Episode 56, Step 7/100 ---
2026-09-18 21:50:55,852 - INFO - --- Episode 56, Step 8/100 ---
2026-09-18 21:51:10,616 - INFO - HTTP Request: POST http://127.0.0.1:22448/v1/chat/completions "HTTP/1.1 200 OK"
```json
{
"movement": "I moved forward from the kitchen island area towards the dining table, passing along the white cabinet on my left.",
"observation": {
"front view": "I am facing a long wooden dining table. To the left is a long white cabinet with framed pictures above it. To the right is a large glass partition.",
"left view": "To my left, there is a hallway extending forward, running parallel to the white cabinet I just passed.",
"right view": "To my right is the kitchen island and living area.",
"map": "I am near the dining table (pink 'desk' area). The hallway is visible to the left of this area on the map."
},
"thought": "The instruction is to walk out the door into the hallway. I have walked through the kitchen/dining area. The hallway is visible in my left view, running alongside the white cabinet. I need to move further along this path to reach the entrance or continue down it. Waypoint 4 is positioned near the end of the cabinet, which seems like a logical step towards the hallway entrance mentioned in the instructions.",
"stuck": false,
"plan": "Move forward towards the end of the white cabinet (waypoint 4) to get closer to the hallway entrance.",
"curr_step": "I am currently facing the table. The hallway is to my left. I need to advance along the cabinet to reach the door/hallway area. Waypoint 4 is the next logical step forward.",
"action": 4
}
```
Action: turn
Action: move_forward
Action: turn
Action: move_forward
Action: null
waypoints: 8
skipped waypoints: edge 2,  distance 1,  no_path 0,  occlusion 3


```json
{
"movement": "I moved forward from the kitchen island towards the dining table/workbench area. I am now standing near the end of the long wooden table.",
"observation": {
"front view": "I see a long wooden table (workbench) in front of me with a plant on it. To the left is a white cabinet with framed pictures above it. To the right is a large glass partition looking out to a patio.",
"left view": "To my left, there is a long white cabinet running along the wall with several framed pictures above it. This space looks like a hallway or corridor.",
"right view": "To my right, I see the rest of the open-plan living area with a sofa and TV in the distance.",
"map": "I am near the pink 'desk' area on the map. The grey corridor (hallway) is visible to the left of this area."
},
"thought": "The instruction is to walk through the kitchen and into the hallway. I have walked through the kitchen/dining area. The hallway is clearly visible in my left view, running along the white cabinet. To enter it, I need to turn towards it.",
"stuck": false,
"plan": "Turn left to face the hallway (along the white cabinet) and then move forward into it.",
"curr_step": "I am currently facing the table/window. The hallway is to my left. I need to turn left to align myself with the hallway entrance.",
"action": "L"
}
```
Action: turn
waypoints: 3
skipped waypoints: edge 1,  distance 0,  no_path 0,  occlusion 0
```json
{
"movement": "I moved forward from the kitchen island towards the dining table/workbench area. I am now standing near the end of the long wooden table, facing a wall with framed pictures.",
"observation": {
"front view": "I see a long white cabinet with several framed pictures above it on the wall directly in front of me. To the right is a large window looking out to greenery.",
"left view": "To my left, there is a long hallway/corridor stretching away from this area.",
"right view": "To my right is the long wooden table (workbench) and glass doors leading outside.",
"map": "I am at the 'workbench' location. The hallway is the grey corridor to the left of this area on the map."
},
"thought": "The instruction is to walk out the door into the hallway. I have walked through the kitchen/dining area. The hallway is visible in my left view and on the map to the left of my current position. I need to turn towards it to enter.",
"stuck": false,
"plan": "Turn left to face the hallway and then move forward into it.",
"curr_step": "I am currently facing the wall. The hallway is to my left. I need to turn left to align myself with the hallway entrance.",
"action": "L"
}
```
Action: turn
waypoints: 14
skipped waypoints: edge 1,  distance 7,  no_path 0,  occlusion 0
```json
{
"movement": "I turned left to face the hallway/corridor area. I am now looking down a path that goes past the kitchen island.",
"observation": {
"front view": "I see a long corridor/hallway extending forward, past a white kitchen island on the right and a living area with a sofa on the left.",
"left view": "To my left is the living room area with a black sofa.",
"right view": "To my right is the wall with framed pictures and the white cabinet I was just facing.",
"map": "I am near the 'workbench'. The hallway is the grey corridor extending upwards/leftwards from the start point on the map. Waypoint 6 is in that direction."
},
"thought": "The instruction is to walk through the kitchen and into the hallway. I have turned towards the hallway entrance. The path forward (towards waypoint 6) leads past the kitchen island into the hallway. This aligns with the instruction.",
"stuck": false,
"plan": "Move forward into the hallway/corridor seen in the front view.",
"curr_step": "I am facing the hallway entrance. Waypoint 6 is directly ahead in that direction.",
"action": 6
}
```
Action: turn
Action: move_forward
Action: turn
Action: move_forward
Action: move_forward
Action: turn
Action: move_forward
Action: null
Action: turn
waypoints: 26
skipped waypoints: edge 2,  distance 5,  no_path 0,  occlusion 15
Action: stop
['Turn left and walk across the kitchen hallway.', 'When you get to a more open area, turn slight right and walk past the bedroom,', 'then stop in the door of the second bedroom.']
Initialized data for new floor level: 0
Switching pcds to floor level: 0
Initialized data for new floor level: 0
Switching pcds to floor level: 0
Initialized data for new floor level: 0
Switching pcds to floor level: 0
[StairDetect] normals=0.0038s, cpu=0.0003s, cluster=0.0275s, loop=0.0118s, total=0.0572s
waypoints: 25
skipped waypoints: edge 0,  distance 14,  no_path 0,  occlusion 1



Calculated floor height difference: 2.65m
Action: stop
waypoints: 24
skipped waypoints: edge 0,  distance 14,  no_path 0,  occlusion 1

```json
{
"movement": "I have just started my journey at the starting point. I am currently facing a desk and a large glass partition.",
"observation": {
"front view": "I see a desk in the middle of the room, a large glass partition to the right, and a hallway entrance to the left near waypoint 9.",
"left view": "There is a long hallway extending forward with artwork on the walls.",
"right view": "I see a kitchen island and a living area further back.",
"map": "I am at the START position. The map shows a hallway to my left (where the desk is located in the front view) and a path leading straight ahead."
},
"thought": "The instruction is to 'Turn left and walk across the kitchen hallway.' Looking at the Left View, there is a clear hallway. In the Front View, waypoint 9 is located near the entrance of this hallway on the left side. To begin walking across this hallway as instructed, I need to move towards that area.",
"stuck": false,
"plan": "I will move towards waypoint 9 to enter the hallway seen in the left view. This aligns with the 'Turn left' part of the instruction and positions me to walk across the kitchen hallway.",
"curr_step": "I need to move towards the left side of the room to enter the hallway. Waypoint 9 is the closest waypoint in that direction.",
"action": 9
}
```
Action: turn
Action: move_forward
Action: turn
Action: move_forward
Action: null
Action: turn
waypoints: 7
skipped waypoints: edge 1,  distance 3,  no_path 0,  occlusion 0
2026-09-18 21:51:11,434 - INFO - --- Episode 56, Step 9/100 ---
2026-09-18 21:51:12,299 - INFO - --- Episode 56, Step 10/100 ---
2026-09-18 21:51:13,176 - INFO - --- Episode 56, Step 11/100 ---
2026-09-18 21:51:13,770 - INFO - --- Episode 56, Step 12/100 ---
2026-09-18 21:51:14,466 - INFO - --- Episode 56, Step 13/100 ---
2026-09-18 21:51:15,246 - INFO - --- Episode 56, Step 14/100 ---
2026-09-18 21:51:16,213 - INFO - --- Episode 56, Step 15/100 ---
2026-09-18 21:51:34,950 - INFO - HTTP Request: POST http://127.0.0.1:22448/v1/chat/completions "HTTP/1.1 200 OK"
2026-09-18 21:51:35,899 - INFO - --- Episode 56, Step 16/100 ---
2026-09-18 21:51:36,545 - INFO - --- Episode 56, Step 17/100 ---
2026-09-18 21:51:37,129 - INFO - --- Episode 56, Step 18/100 ---
2026-09-18 21:52:03,496 - INFO - HTTP Request: POST http://127.0.0.1:22448/v1/chat/completions "HTTP/1.1 200 OK"
2026-09-18 21:52:04,290 - INFO - --- Episode 56, Step 19/100 ---
2026-09-18 21:52:57,975 - INFO - HTTP Request: POST http://127.0.0.1:22448/v1/chat/completions "HTTP/1.1 200 OK"
2026-09-18 21:53:16,367 - INFO - HTTP Request: POST http://127.0.0.1:22448/v1/chat/completions "HTTP/1.1 200 OK"
2026-09-18 21:53:17,259 - INFO - --- Episode 56, Step 20/100 ---
2026-09-18 21:53:34,358 - INFO - HTTP Request: POST http://127.0.0.1:22448/v1/chat/completions "HTTP/1.1 200 OK"
2026-09-18 21:53:35,381 - INFO - --- Episode 56, Step 21/100 ---
2026-09-18 21:53:36,027 - INFO - --- Episode 56, Step 22/100 ---
2026-09-18 21:53:36,713 - INFO - --- Episode 56, Step 23/100 ---
2026-09-18 21:53:37,532 - INFO - --- Episode 56, Step 24/100 ---
2026-09-18 21:53:38,521 - INFO - --- Episode 56, Step 25/100 ---
2026-09-18 21:53:39,333 - INFO - --- Episode 56, Step 26/100 ---
2026-09-18 21:53:45,015 - INFO - HTTP Request: POST http://127.0.0.1:22448/v1/chat/completions "HTTP/1.1 400 Bad Request"
2026-09-18 21:53:46,243 - INFO - HTTP Request: POST http://127.0.0.1:22448/v1/chat/completions "HTTP/1.1 400 Bad Request"
2026-09-18 21:53:47,423 - INFO - HTTP Request: POST http://127.0.0.1:22448/v1/chat/completions "HTTP/1.1 400 Bad Request"
 14%|█▍        | 7/50 [1:40:31<10:44:33, 899.39s/it]Renderer: NVIDIA GeForce RTX 4090/PCIe/SSE2 by NVIDIA Corporation
OpenGL version: 4.6.0 NVIDIA 590.48.01
Using optional features:
    GL_ARB_vertex_array_object
    GL_ARB_separate_shader_objects
    GL_ARB_robustness
    GL_ARB_texture_storage
    GL_ARB_texture_view
    GL_ARB_framebuffer_no_attachments
    GL_ARB_invalidate_subdata
    GL_ARB_texture_storage_multisample
    GL_ARB_multi_bind
    GL_ARB_direct_state_access
    GL_ARB_get_texture_sub_image
    GL_ARB_texture_filter_anisotropic
    GL_KHR_debug
    GL_KHR_parallel_shader_compile
    GL_NV_depth_buffer_float
Using driver workarounds:
    no-forward-compatible-core-context
    nv-egl-incorrect-gl11-function-pointers
    no-layout-qualifiers-on-old-glsl
    nv-zero-context-profile-mask
    nv-implementation-color-read-format-dsa-broken
    nv-cubemap-inconsistent-compressed-image-size
    nv-cubemap-broken-full-compressed-image-query
    nv-compressed-block-size-in-bits
[21:53:49:877791]:[Warning]:[Metadata] SceneDatasetAttributes.cpp(107)::addNewSceneInstanceToDataset : Dataset : 'default' : Lighting Layout Attributes 'no_lights' specified in Scene Attributes but does not exist in dataset, so creating default.
2026-09-18 21:53:59,235 - INFO - Simulator initialized!
2026-09-18 21:54:34,559 - INFO - HTTP Request: POST http://127.0.0.1:22448/v1/chat/completions "HTTP/1.1 200 OK"
2026-09-18 21:54:35,255 - INFO - --- Episode 57, Step 1/100 ---
2026-09-18 21:55:01,846 - INFO - HTTP Request: POST http://127.0.0.1:22448/v1/chat/completions "HTTP/1.1 200 OK"
```json
{
"movement": "I have moved forward along the left wall, passing a long white console table on my left and approaching a large desk on my right.",
"observation": {
"front view": "I see the path continuing forward between the end of the white console table on the left and the large desk on the right. Beyond them is an open area leading towards glass doors/windows.",
"left view": "A textured wall with framed pictures above the console table.",
"right view": "The large desk/table and a glimpse into another room or hallway further back.",
"map": "I am positioned near the start of the 'desk' area on the map. The path forward leads towards the open space beyond the desk."
},
"thought": "I am currently in the 'kitchen hallway' mentioned in the instruction (the passage between the console and the desk). To complete 'walk across the kitchen hallway', I need to continue moving forward into the more open area ahead. Once there, I will look for the bedroom to walk past.",
"stuck": false,
"plan": "Move forward through the passage between the console table and the desk to reach the more open area. Then prepare to turn slight right as per the next subtask.",
"curr_step": "I need to advance further into the room. Waypoint 1 is directly ahead in the clear path.",
"action": 1
}
```
Action: turn
Action: move_forward
Action: turn
Action: move_forward
Action: turn
Action: move_forward
Action: null
waypoints: 5
skipped waypoints: edge 1,  distance 0,  no_path 0,  occlusion 2
```json
{
"movement": "I have walked along the narrow passage between the white console table and the large desk. I am now at the end of this passage, facing a window/wall corner.",
"observation": {
"front view": "I see the end of the console table on the left and the desk on the right, with a window straight ahead.",
"left view": "The white console table with framed art above it.",
"right view": "A large open living area with a sofa, TV, and a hallway leading further into the house.",
"map": "I am at the end of the red path near the 'workbench' (desk). Waypoint 1 is in the open space just past the desk."
},
"thought": "I have completed walking across the kitchen hallway. I am now at the transition to the 'more open area'. The instruction says to turn slight right and walk past the bedroom. To do this, I first need to enter the open living area. Waypoint 1 is located in that open space, just past the desk.",
"stuck": false,
"plan": "Move into the open living area via waypoint 1. Once there, I will look for the bedroom and the second bedroom door as instructed.",
"curr_step": "I need to exit the narrow passage and enter the main room. Waypoint 1 is the clear path forward into the open area.",
"action": 1
}
```
Action: turn
Action: move_forward
Action: null
waypoints: 2
skipped waypoints: edge 2,  distance 0,  no_path 0,  occlusion 0
```json
{
"movement": "I have walked along the narrow passage between the white console table and the large desk. I am now at the end of this passage, facing a window/wall corner.",
"observation": {
"front view": "I see the end of the console table on the left and the desk on the right, with a window straight ahead.",
"left view": "The white console table with framed art above it.",
"right view": "A large open living area with a sofa, TV, and a hallway leading further into the house.",
"map": "I am at the end of the red path near the 'workbench' (desk). The living room is to the right."
},
"thought": "I have completed walking across the kitchen hallway. I am now at the transition to the 'more open area'. The instruction says to turn slight right and walk past the bedroom. To do this, I first need to enter the open living area seen in the Right View. Currently, I am facing a window/wall. I need to turn towards the opening of the living room.",
"stuck": false,
"plan": "Turn right to face the entrance of the living room (the more open area). Then move forward into it.",
"curr_step": "I need to orient myself towards the open living area to enter it. Turning Right will align me with the path into that room.",
"action": "R"
}
```
Action: turn
waypoints: 17
skipped waypoints: edge 1,  distance 4,  no_path 0,  occlusion 11

```json
{
"movement": "I have reached the end of the kitchen hallway, facing a window/wall corner with the desk to my right/front.",
"observation": {
"front view": "A large window looking out onto a garden. The edge of the desk is visible on the right.",
"left view": "The wall and the end of the console table.",
"right view": "The long desk on the left and a wide open living/dining area extending forward.",
"map": "I am at the end of the path near the 'workbench'. The open area is to the right (East)."
},
"thought": "I have completed walking across the kitchen hallway. I am now at the entrance to the 'more open area'. To follow the instruction 'When you get to a more open area, turn slight right...', I first need to enter that area. The Right View shows the clear path into the living room. Therefore, I need to turn right to face this direction and then move forward.",
"stuck": false,
"plan": "Turn right to face the open living area. Then move forward into it to reach the point where I can turn slight right towards the bedrooms.",
"curr_step": "I need to orient myself towards the open room. Turning Right will align me with the path shown in the Right View.",
"action": "R"
}
```
Action: turn
waypoints: 26
skipped waypoints: edge 2,  distance 11,  no_path 0,  occlusion 10
```json
{
"movement": "I have reached the end of the narrow passage between the console table and the desk. I am now facing the entrance to the larger living area.",
"observation": {
"front view": "A clear path leads forward into a large open living room. There is a long desk on the left and a white console with framed art on the right. Waypoints 1, 2, and 3 are visible ahead.",
"left view": "The side of the long desk and the glass doors leading outside.",
"right view": "The white console table with framed city maps/artwork and the window.",
"map": "I am at the end of the red path. The open area is directly ahead."
},
"thought": "I have completed the 'walk across the kitchen hallway' part by traversing the passage between the desk and console. I am now at the threshold of the 'more open area'. To complete P1 and prepare for P2, I need to move forward into this open space.",
"stuck": false,
"plan": "Move forward into the open living area towards waypoint 1. Once there, I will look for the bedroom to walk past as per the next instruction.",
"curr_step": "I need to enter the open room. Waypoint 1 is the closest point in that direction.",
"action": 1
}
```
Action: turn
Action: move_forward
Action: turn
Action: move_forward
Action: null
Action: turn
waypoints: 27
skipped waypoints: edge 1,  distance 16,  no_path 0,  occlusion 7
Action: stop
['In the entry way go up the stairs and in the hallway at the top take a left', 'and go past the dining room into the entry way with the stairs on the right side and stop right between the bottom of the first stair and the console table on the left.']
Initialized data for new floor level: 0
Switching pcds to floor level: 0
Initialized data for new floor level: 0
Switching pcds to floor level: 0
Initialized data for new floor level: 0
Switching pcds to floor level: 0
[StairDetect] normals=0.0034s, cpu=0.0003s, cluster=0.0417s, loop=0.0496s, total=0.1006s
waypoints: 15
skipped waypoints: edge 3,  distance 0,  no_path 1,  occlusion 2
2026-09-18 21:55:02,547 - INFO - --- Episode 57, Step 2/100 ---
2026-09-18 21:55:03,208 - INFO - --- Episode 57, Step 3/100 ---
2026-09-18 21:55:03,835 - INFO - --- Episode 57, Step 4/100 ---
2026-09-18 21:55:04,755 - INFO - --- Episode 57, Step 5/100 ---
2026-09-18 21:55:26,227 - INFO - HTTP Request: POST http://127.0.0.1:22448/v1/chat/completions "HTTP/1.1 200 OK"
2026-09-18 21:55:27,011 - INFO - --- Episode 57, Step 6/100 ---
2026-09-18 21:55:34,415 - INFO - HTTP Request: POST http://127.0.0.1:22448/v1/chat/completions "HTTP/1.1 200 OK"
2026-09-18 21:55:35,115 - INFO - --- Episode 57, Step 7/100 ---
2026-09-18 21:55:35,743 - INFO - --- Episode 57, Step 8/100 ---
2026-09-18 21:55:36,366 - INFO - --- Episode 57, Step 9/100 ---
2026-09-18 21:55:37,235 - INFO - --- Episode 57, Step 10/100 ---
2026-09-18 21:55:37,748 - INFO - --- Episode 57, Step 11/100 ---
2026-09-18 21:55:38,288 - INFO - --- Episode 57, Step 12/100 ---
2026-09-18 21:55:47,604 - INFO - HTTP Request: POST http://127.0.0.1:22448/v1/chat/completions "HTTP/1.1 200 OK"
```json
{
"movement": "Move forward and slightly right towards the first step of the staircase.",
"observation": {
    "front view": "I see the bottom of the staircase to my right and a wall with a door to my left. A bench is visible further left.",
    "left view": "A bench against the wall and a doorway leading to another room.",
    "right view": "The staircase going up, clearly visible with wooden treads and white risers.",
    "map": "I am at the 'START' position near the bottom of the stairs. Waypoint 7 is located on the first step of the stairs."
},
"thought": "I am currently at the base of the stairs in the entry way. The instruction is to go up the stairs. Waypoint 7 is situated on the first step, which is the correct path to begin climbing. I need to move towards it to start the ascent.",
"stuck": false,
"plan": "Move onto the stairs via waypoint 7 and continue ascending to the top landing. Once at the top, I will turn left into the hallway as per the first part of the instruction.",
"curr_step": "Navigate to waypoint 7 to step onto the first stair.",
"action": 7
}
```
Calculated floor height difference: 2.45m
[StairDetect] normals=0.0039s, cpu=0.0002s, cluster=0.0447s, loop=0.0512s, total=0.1063s
Action: turn
--- Height change stabilized. Height diff: 0.20, On platform: True, Metrics: {'inlier_count': 1340, 'local_count': 19998, 'support_ratio': 0.06700670066671634, 'vertical_score': 1.0, 'plane_height_mean': -0.9868928790092468, 'agent_z': -1.0009788990020752, 'vertical_diff': 0.014086019992828325, 'area_xy': 0.7919999999999999, 'radius_est': 0.5020970323130403, 'z_std': 0.04172279313206673, 'occupied_cells': 55, 'bottom_height_tolerance': 0.1}
--- No significant floor change. Height diff: 0.20, On platform: True, Metrics: {'inlier_count': 1340, 'local_count': 19998, 'support_ratio': 0.06700670066671634, 'vertical_score': 1.0, 'plane_height_mean': -0.9868928790092468, 'agent_z': -1.0009788990020752, 'vertical_diff': 0.014086019992828325, 'area_xy': 0.7919999999999999, 'radius_est': 0.5020970323130403, 'z_std': 0.04172279313206673, 'occupied_cells': 55, 'bottom_height_tolerance': 0.1}
Updated floor height: -0.80, ceiling height: 1.00
[StairDetect] normals=0.0049s, cpu=0.0003s, cluster=0.0585s, loop=0.0771s, total=0.1502s
Action: move_forward
[StairDetect] normals=0.0049s, cpu=0.0003s, cluster=0.0587s, loop=0.0765s, total=0.1501s
Action: null
[StairDetect] normals=0.0056s, cpu=0.0003s, cluster=0.0592s, loop=0.0810s, total=0.1564s
Action: turn
waypoints: 15
skipped waypoints: edge 3,  distance 0,  no_path 1,  occlusion 1
```json
{
"movement": "I have moved forward and turned left slightly, positioning myself near the side of the staircase structure. I am currently facing the wall/railing on the left side of the stairs.",
"observation": {
    "front view": "I see the side of the staircase structure with a railing on the left and the wooden steps to the right. Waypoints 3, 4, and 5 are visible further up the stairs.",
    "left view": "I see the entry way below through a doorway/opening, confirming I am elevated.",
    "right view": "I see the staircase continuing upwards clearly with wooden treads and white risers.",
    "map": "I am near the bottom/middle of the stair structure on the map. The stairs are to my right (East). I need to align myself with the stairs to go up."
},
"thought": "I am currently facing the side wall/railing of the staircase. To continue going up the stairs as instructed, I need to orient myself towards the steps which are to my right. The 'Right View' confirms the path upwards is in that direction. Therefore, I need to turn right to face the stairs and then proceed up them.",
"stuck": false,
"plan": "Turn right to face the staircase, then move forward up the stairs towards the top landing. Once at the top, I will take a left into the hallway.",
"curr_step": "Align with the stairs by turning right.",
"action": "R"
}
```
[StairDetect] normals=0.0051s, cpu=0.0003s, cluster=0.0637s, loop=0.0820s, total=0.1621s
Action: turn
waypoints: 10
skipped waypoints: edge 4,  distance 0,  no_path 0,  occlusion 0
```json
{
"movement": "I have turned right to face the stairs and am now positioned at the base of the flight, looking up.",
"observation": {
    "front view": "I see the staircase going up directly in front of me. There are wooden steps with white risers. Waypoint 1 is on the first step ahead, and waypoint 4 is further up.",
    "left view": "I see the railing and the wall to the left of the stairs.",
    "right view": "I see the wall and handrail to the right of the stairs.",
    "map": "I am positioned on the map near the bottom of the stair structure, facing upwards along the path of the stairs."
},
"thought": "I have successfully oriented myself towards the stairs. The instruction is to go up the stairs. Waypoint 1 is directly ahead on the first step. I need to move forward to climb the stairs.",
"stuck": false,
"plan": "Move forward up the stairs, passing waypoint 1 and continuing towards the top landing. Once at the top, I will take a left into the hallway.",
"curr_step": "Move forward onto the first step (waypoint 1).",
"action": 1
}
```
[StairDetect] normals=0.0053s, cpu=0.0003s, cluster=0.0659s, loop=0.0189s, total=0.1005s
Action: turn
--- Height change stabilized. Height diff: 0.50, On platform: True, Metrics: {'inlier_count': 1495, 'local_count': 22796, 'support_ratio': 0.0655816809937892, 'vertical_score': 1.0, 'plane_height_mean': -0.758618950843811, 'agent_z': -0.7017344951629638, 'vertical_diff': 0.05688445568084721, 'area_xy': 0.6911999999999999, 'radius_est': 0.4690584114268031, 'z_std': 0.04426179826259613, 'occupied_cells': 48, 'bottom_height_tolerance': 0.1}
--- No significant floor change. Height diff: 0.50, On platform: True, Metrics: {'inlier_count': 1495, 'local_count': 22796, 'support_ratio': 0.0655816809937892, 'vertical_score': 1.0, 'plane_height_mean': -0.758618950843811, 'agent_z': -0.7017344951629638, 'vertical_diff': 0.05688445568084721, 'area_xy': 0.6911999999999999, 'radius_est': 0.4690584114268031, 'z_std': 0.04426179826259613, 'occupied_cells': 48, 'bottom_height_tolerance': 0.1}
Updated floor height: -0.50, ceiling height: 1.30
[StairDetect] normals=0.0047s, cpu=0.0003s, cluster=0.0547s, loop=0.0075s, total=0.0742s
Action: move_forward
[StairDetect] normals=0.0052s, cpu=0.0003s, cluster=0.0554s, loop=0.0081s, total=0.0763s
Action: turn
--- Height change stabilized. Height diff: 0.92, On platform: True, Metrics: {'inlier_count': 1562, 'local_count': 23131, 'support_ratio': 0.06752842505436304, 'vertical_score': 1.0, 'plane_height_mean': -0.23742526769638062, 'agent_z': -0.2802716016769409, 'vertical_diff': 0.04284633398056026, 'area_xy': 0.8063999999999999, 'radius_est': 0.5066409894773702, 'z_std': 0.039560142904520035, 'occupied_cells': 56, 'bottom_height_tolerance': 0.1}
---!Floor change detected. From level 0 to 1.
Saving data for floor level: 0
Initialized data for new floor level: 1
Switching pcds to floor level: 1
!Switched to floor level: 1
Updated floor height: -0.04, ceiling height: 1.76, height diff: 0.92
[StairDetect] normals=0.0025s, cpu=0.0002s, cluster=0.0274s, loop=0.0052s, total=0.0376s
Action: move_forward
[StairDetect] normals=0.0025s, cpu=0.0002s, cluster=0.0274s, loop=0.0051s, total=0.0377s
Action: null
[StairDetect] normals=0.0029s, cpu=0.0002s, cluster=0.0275s, loop=0.0050s, total=0.0381s
Action: turn
waypoints: 12
skipped waypoints: edge 1,  distance 1,  no_path 4,  occlusion 2
2026-09-18 21:55:48,207 - INFO - --- Episode 57, Step 13/100 ---
2026-09-18 21:55:48,813 - INFO - --- Episode 57, Step 14/100 ---
2026-09-18 21:55:49,563 - INFO - --- Episode 57, Step 15/100 ---
2026-09-18 21:55:50,159 - INFO - --- Episode 57, Step 16/100 ---
2026-09-18 21:55:50,824 - INFO - --- Episode 57, Step 17/100 ---
2026-09-18 21:56:02,559 - INFO - HTTP Request: POST http://127.0.0.1:22448/v1/chat/completions "HTTP/1.1 200 OK"
2026-09-18 21:56:03,209 - INFO - --- Episode 57, Step 18/100 ---
2026-09-18 21:56:03,642 - INFO - --- Episode 57, Step 19/100 ---
2026-09-18 21:56:04,430 - INFO - --- Episode 57, Step 20/100 ---
2026-09-18 21:56:32,327 - INFO - HTTP Request: POST http://127.0.0.1:22448/v1/chat/completions "HTTP/1.1 200 OK"
2026-09-18 21:56:32,934 - INFO - --- Episode 57, Step 21/100 ---
2026-09-18 21:57:08,763 - INFO - HTTP Request: POST http://127.0.0.1:22448/v1/chat/completions "HTTP/1.1 200 OK"
```json
{
"movement": "I have turned right to align myself with the staircase and am now facing directly up the steps.",
"observation": {
    "front view": "I see the staircase continuing upwards. Waypoint 1 is on the step immediately ahead, and waypoint 2 is further up on the left side of the next step. A white door is visible at the top landing.",
    "left view": "A wall runs along the left side of the stairs.",
    "right view": "The right side of the staircase structure and wall.",
    "map": "I am positioned on the stairs, moving upwards towards the top landing."
},
"thought": "I am currently facing the stairs and need to continue climbing them to reach the top platform. Waypoint 1 is directly ahead on the next step, which is the correct path to follow.",
"stuck": false,
"plan": "Move forward up the stairs towards waypoint 1 and then waypoint 2 to reach the top landing. Once at the top, I will take a left into the hallway as per the instruction.",
"curr_step": "Move forward onto the next step (waypoint 1).",
"action": 1
}
```
[StairDetect] normals=0.0026s, cpu=0.0002s, cluster=0.0288s, loop=0.0050s, total=0.0390s
Action: turn
--- Height change stabilized. Height diff: 0.30, On platform: True, Metrics: {'inlier_count': 1758, 'local_count': 20765, 'support_ratio': 0.08466169034025227, 'vertical_score': 1.0, 'plane_height_mean': 0.28236815333366394, 'agent_z': 0.26409988403320317, 'vertical_diff': 0.01826826930046077, 'area_xy': 0.9071999999999999, 'radius_est': 0.5373739189297662, 'z_std': 0.04424997791647911, 'occupied_cells': 63, 'bottom_height_tolerance': 0.1}
--- No significant floor change. Height diff: 0.30, On platform: True, Metrics: {'inlier_count': 1758, 'local_count': 20765, 'support_ratio': 0.08466169034025227, 'vertical_score': 1.0, 'plane_height_mean': 0.28236815333366394, 'agent_z': 0.26409988403320317, 'vertical_diff': 0.01826826930046077, 'area_xy': 0.9071999999999999, 'radius_est': 0.5373739189297662, 'z_std': 0.04424997791647911, 'occupied_cells': 63, 'bottom_height_tolerance': 0.1}
Updated floor height: 0.46, ceiling height: 2.26
[StairDetect] normals=0.0032s, cpu=0.0002s, cluster=0.0312s, loop=0.0058s, total=0.0456s
Action: move_forward
[StairDetect] normals=0.0034s, cpu=0.0002s, cluster=0.0321s, loop=0.0056s, total=0.0471s
Action: turn
--- Height change stabilized. Height diff: 0.53, On platform: True, Metrics: {'inlier_count': 1863, 'local_count': 24770, 'support_ratio': 0.07521194993640647, 'vertical_score': 1.0, 'plane_height_mean': 0.5005591511726379, 'agent_z': 0.495537805557251, 'vertical_diff': 0.0050213456153869185, 'area_xy': 0.8351999999999999, 'radius_est': 0.5156087828389873, 'z_std': 0.03615749999880791, 'occupied_cells': 58, 'bottom_height_tolerance': 0.1}
---!Floor change detected. From level 1 to 2.
Saving data for floor level: 1
Initialized data for new floor level: 2
Switching pcds to floor level: 2
!Switched to floor level: 2
Updated floor height: 0.70, ceiling height: 2.50, height diff: 0.53
[StairDetect] normals=0.0032s, cpu=0.0002s, cluster=0.0288s, loop=0.0181s, total=0.0565s
Action: move_forward
[StairDetect] normals=0.0031s, cpu=0.0002s, cluster=0.0288s, loop=0.0178s, total=0.0562s
Action: null
waypoints: 6
skipped waypoints: edge 2,  distance 0,  no_path 0,  occlusion 0
```json
{
"movement": "I have reached the top of the stairs and am standing on the landing. I am facing slightly towards the right wall/railing.",
"observation": {
    "front view": "I see the top steps of the staircase leading onto a wooden floor landing. There is a white door ahead and to the right, and an opening to the left.",
    "left view": "A hallway extends to the left with a white door and some furniture visible further down.",
    "right view": "The wall and railing of the stairwell are to my right.",
    "map": "I am at the top of the stairs (near waypoints 1, 2, 3). The map shows a hallway extending to the left from this landing."
},
"thought": "I have completed the 'go up the stairs' part of the instruction. I am now on the landing at the top. The next part is 'in the hallway at the top take a left'. To do this, I first need to move off the stairs onto the main floor area so I can then turn left into the hallway seen in the left view.",
"stuck": false,
"plan": "Move forward off the stairs onto the landing. Once on the floor, turn left into the hallway as instructed.",
"curr_step": "Move forward onto the landing.",
"action": 1
}
```
[StairDetect] normals=0.0030s, cpu=0.0002s, cluster=0.0288s, loop=0.0187s, total=0.0580s
Action: turn
--- Height change stabilized. Height diff: 0.33, On platform: True, Metrics: {'inlier_count': 1715, 'local_count': 18325, 'support_ratio': 0.09358799453786695, 'vertical_score': 1.0, 'plane_height_mean': 1.0319621562957764, 'agent_z': 1.0277405261993409, 'vertical_diff': 0.0042216300964355025, 'area_xy': 0.8208, 'radius_est': 0.5111445535067897, 'z_std': 0.039004117250442505, 'occupied_cells': 57, 'bottom_height_tolerance': 0.1}
--- No significant floor change. Height diff: 0.33, On platform: True, Metrics: {'inlier_count': 1715, 'local_count': 18325, 'support_ratio': 0.09358799453786695, 'vertical_score': 1.0, 'plane_height_mean': 1.0319621562957764, 'agent_z': 1.0277405261993409, 'vertical_diff': 0.0042216300964355025, 'area_xy': 0.8208, 'radius_est': 0.5111445535067897, 'z_std': 0.039004117250442505, 'occupied_cells': 57, 'bottom_height_tolerance': 0.1}
Updated floor height: 1.23, ceiling height: 3.03
[StairDetect] normals=0.0038s, cpu=0.0003s, cluster=0.0327s, loop=0.0028s, total=0.0476s
Action: move_forward
[StairDetect] normals=0.0037s, cpu=0.0003s, cluster=0.0334s, loop=0.0029s, total=0.0482s
Action: null
waypoints: 52
skipped waypoints: edge 2,  distance 6,  no_path 1,  occlusion 37
```json
{
"movement": "I have reached the top of the stairs and am standing on the landing. I am currently facing a wall/door with an opening to my left and a kitchen/dining area to my right.",
"observation": {
    "front view": "I see a white door straight ahead (labeled B) and a wall with a painting. To the left, there is a large opening leading into a room with a chair and large windows. To the right, there is an opening into a kitchen/dining area.",
    "left view": "A large open room/hallway with a chair and windows is visible to the left.",
    "right view": "The kitchen/dining area is visible to the right.",
    "map": "I am at the top of the stairs (red triangle). To my left is a large open area. To my right is another area. The instruction says to take a left."
},
"thought": "I have completed the 'go up the stairs' part of the instruction. I am now on the landing at the top. The next part is 'in the hallway at the top take a left'. Looking at the front view, there is a clear opening/hallway to the left. I need to turn towards it and move into it.",
"stuck": false,
"plan": "Turn left to face the hallway/room on the left side of the landing. Then move forward into that area to continue towards the dining room and eventual entry way.",
"curr_step": "Turn left to align with the hallway/opening on the left.",
"action": "L"
}
```
[StairDetect] normals=0.0037s, cpu=0.0003s, cluster=0.0336s, loop=0.0030s, total=0.0489s
Action: turn
waypoints: 51
skipped waypoints: edge 3,  distance 8,  no_path 0,  occlusion 34
2026-09-18 21:57:09,574 - INFO - --- Episode 57, Step 22/100 ---
2026-09-18 21:57:10,217 - INFO - --- Episode 57, Step 23/100 ---
2026-09-18 21:57:10,864 - INFO - --- Episode 57, Step 24/100 ---
2026-09-18 21:57:11,639 - INFO - --- Episode 57, Step 25/100 ---
2026-09-18 21:57:12,130 - INFO - --- Episode 57, Step 26/100 ---
2026-09-18 21:57:12,664 - INFO - --- Episode 57, Step 27/100 ---
2026-09-18 21:57:13,300 - INFO - --- Episode 57, Step 28/100 ---
2026-09-18 21:57:13,917 - INFO - --- Episode 57, Step 29/100 ---
2026-09-18 21:57:14,773 - INFO - --- Episode 57, Step 30/100 ---
2026-09-18 21:57:15,422 - INFO - --- Episode 57, Step 31/100 ---
2026-09-18 21:57:16,091 - INFO - --- Episode 57, Step 32/100 ---
2026-09-18 21:57:16,726 - INFO - --- Episode 57, Step 33/100 ---
2026-09-18 21:57:17,274 - INFO - --- Episode 57, Step 34/100 ---
2026-09-18 21:57:19,195 - INFO - HTTP Request: POST http://127.0.0.1:22448/v1/chat/completions "HTTP/1.1 400 Bad Request"
2026-09-18 21:57:20,501 - INFO - HTTP Request: POST http://127.0.0.1:22448/v1/chat/completions "HTTP/1.1 400 Bad Request"
2026-09-18 21:57:21,814 - INFO - HTTP Request: POST http://127.0.0.1:22448/v1/chat/completions "HTTP/1.1 400 Bad Request"
2026-09-18 21:57:22,560 - INFO - --- Episode 57, Step 35/100 ---
2026-09-18 21:57:37,727 - INFO - HTTP Request: POST http://127.0.0.1:22448/v1/chat/completions "HTTP/1.1 200 OK"
2026-09-18 21:57:38,306 - INFO - --- Episode 57, Step 36/100 ---
2026-09-18 21:58:16,397 - INFO - HTTP Request: POST http://127.0.0.1:22448/v1/chat/completions "HTTP/1.1 200 OK"
2026-09-18 21:58:31,005 - INFO - HTTP Request: POST http://127.0.0.1:22448/v1/chat/completions "HTTP/1.1 200 OK"
```json
{
"movement": "I have reached the top of the stairs and am standing on the landing. I am currently facing a wall with artwork (B). To my left is a hallway area.",
"observation": {
    "front view": "I see a wall with artwork (B) straight ahead. To the left of this wall, there is an opening into a hallway. To the right, there is another room/hallway area.",
    "left view": "The stairwell railing and stairs going down are visible to the left/front-left.",
    "right view": "A large open room with windows is visible to the right.",
    "map": "I am at the top of the stairs (red triangle). To my left is a long hallway. Waypoint 3 is located in this hallway area."
},
"thought": "I have completed the 'go up the stairs' part of the instruction. I am now on the landing at the top. The instruction says 'in the hallway at the top take a left'. Looking at the layout, there is a hallway to the left of the wall with artwork (B). I need to enter this hallway. Waypoint 3 is located in this hallway area. Moving towards waypoint 3 will take me into the hallway and effectively 'take a left' from my current orientation facing the wall.",
"stuck": false,
"plan": "Move forward and turn left towards waypoint 3 to enter the hallway at the top of the stairs. Once in the hallway, I will continue forward as per the next part of the instruction.",
"curr_step": "Move towards waypoint 3 to enter the hallway.",
"action": 3
}
```
[StairDetect] normals=0.0040s, cpu=0.0003s, cluster=0.0342s, loop=0.0030s, total=0.0500s
Action: turn
--- Height change stabilized. Height diff: 0.16, On platform: True, Metrics: {'inlier_count': 2029, 'local_count': 26420, 'support_ratio': 0.07679788039073437, 'vertical_score': 1.0, 'plane_height_mean': 0.8525819778442383, 'agent_z': 0.8620646476745606, 'vertical_diff': 0.00948266983032231, 'area_xy': 0.8496, 'radius_est': 0.5200346904791531, 'z_std': 0.037254635244607925, 'occupied_cells': 59, 'bottom_height_tolerance': 0.1}
--- No significant floor change. Height diff: 0.16, On platform: True, Metrics: {'inlier_count': 2029, 'local_count': 26420, 'support_ratio': 0.07679788039073437, 'vertical_score': 1.0, 'plane_height_mean': 0.8525819778442383, 'agent_z': 0.8620646476745606, 'vertical_diff': 0.00948266983032231, 'area_xy': 0.8496, 'radius_est': 0.5200346904791531, 'z_std': 0.037254635244607925, 'occupied_cells': 59, 'bottom_height_tolerance': 0.1}
Updated floor height: 1.06, ceiling height: 2.86
[StairDetect] normals=0.0043s, cpu=0.0004s, cluster=0.0352s, loop=0.0065s, total=0.0564s
Action: move_forward
[StairDetect] normals=0.0047s, cpu=0.0004s, cluster=0.0362s, loop=0.0067s, total=0.0583s
Action: turn
--- Height change stabilized. Height diff: -0.24, On platform: True, Metrics: {'inlier_count': 1863, 'local_count': 31633, 'support_ratio': 0.058894192771507786, 'vertical_score': 1.0, 'plane_height_mean': 0.49670884013175964, 'agent_z': 0.46283011436462407, 'vertical_diff': 0.033878725767135576, 'area_xy': 0.8783999999999998, 'radius_est': 0.5287753814464529, 'z_std': 0.03721097484230995, 'occupied_cells': 61, 'bottom_height_tolerance': 0.1}
--- No significant floor change. Height diff: -0.24, On platform: True, Metrics: {'inlier_count': 1863, 'local_count': 31633, 'support_ratio': 0.058894192771507786, 'vertical_score': 1.0, 'plane_height_mean': 0.49670884013175964, 'agent_z': 0.46283011436462407, 'vertical_diff': 0.033878725767135576, 'area_xy': 0.8783999999999998, 'radius_est': 0.5287753814464529, 'z_std': 0.03721097484230995, 'occupied_cells': 61, 'bottom_height_tolerance': 0.1}
Updated floor height: 0.66, ceiling height: 2.46
[StairDetect] normals=0.0045s, cpu=0.0003s, cluster=0.0353s, loop=0.0057s, total=0.0557s
Action: move_forward
--- Height change stabilized. Height diff: -0.60, On platform: True, Metrics: {'inlier_count': 1448, 'local_count': 38634, 'support_ratio': 0.037479939948297354, 'vertical_score': 1.0, 'plane_height_mean': 0.11362605541944504, 'agent_z': 0.10328071117401127, 'vertical_diff': 0.010345344245433763, 'area_xy': 0.8639999999999999, 'radius_est': 0.5244232466841979, 'z_std': 0.04175537824630737, 'occupied_cells': 60, 'bottom_height_tolerance': 0.1}
---!Floor change detected. From level 2 to 1.
Saving data for floor level: 2
Switching pcds to floor level: 1
!Switched to floor level: 1
Updated floor height: 0.31, ceiling height: 2.11, height diff: -0.60
[StairDetect] normals=0.0037s, cpu=0.0002s, cluster=0.0310s, loop=0.0177s, total=0.0591s
Action: move_forward
[StairDetect] normals=0.0037s, cpu=0.0002s, cluster=0.0313s, loop=0.0169s, total=0.0586s
Action: turn
[StairDetect] normals=0.0038s, cpu=0.0002s, cluster=0.0312s, loop=0.0174s, total=0.0594s
Action: move_forward
[StairDetect] normals=0.0037s, cpu=0.0002s, cluster=0.0317s, loop=0.0161s, total=0.0585s
Action: move_forward
[StairDetect] normals=0.0040s, cpu=0.0002s, cluster=0.0314s, loop=0.0167s, total=0.0590s
Action: move_forward
[StairDetect] normals=0.0039s, cpu=0.0002s, cluster=0.0311s, loop=0.0173s, total=0.0594s
Action: move_forward
[StairDetect] normals=0.0038s, cpu=0.0002s, cluster=0.0310s, loop=0.0163s, total=0.0584s
Action: move_forward
[StairDetect] normals=0.0039s, cpu=0.0002s, cluster=0.0315s, loop=0.0160s, total=0.0585s
Action: move_forward
[StairDetect] normals=0.0038s, cpu=0.0002s, cluster=0.0311s, loop=0.0074s, total=0.0495s
Action: turn
detected agent stuck, last8 steps position changes: [0.0, 0.05329122, 0.0046880017, 0.00468801, 0.0046880017, 0.00468801, 0.0046927696, 0.0]
waypoints: 7
skipped waypoints: edge 5,  distance 0,  no_path 0,  occlusion 0
[StairDetect] normals=0.0038s, cpu=0.0002s, cluster=0.0315s, loop=0.0075s, total=0.0501s
Action: stop
waypoints: 7
skipped waypoints: edge 5,  distance 0,  no_path 0,  occlusion 0
```json
{
"movement": "I have reached the top of the stairs and am standing on the landing. I am currently facing a wall/railing area. To follow the instruction 'take a left' into the hallway, I need to orient myself towards the corridor visible on the map to my left.",
"observation": {
    "front view": "I see a railing and a wall directly in front of me at the top of the stairs.",
    "left view": "The stairs going down are visible to the left/front-left.",
    "right view": "The stairs I just climbed are visible to the right.",
    "map": "I am at the top of the stairs (red triangle). A long hallway/room extends to the left (towards the 'bed' label)."
},
"thought": "I have completed the 'go up the stairs' part. Now I need to 'take a left' into the hallway. The map clearly shows the hallway extending to the left of my current position. Therefore, I must turn left to face it.",
"stuck": false,
"plan": "Turn left to face the hallway at the top of the stairs. Then move forward into that hallway.",
"curr_step": "Turn left to align with the hallway.",
"action": "L"
}
```
[StairDetect] normals=0.0036s, cpu=0.0002s, cluster=0.0310s, loop=0.0077s, total=0.0495s
Action: turn
waypoints: 19
skipped waypoints: edge 4,  distance 5,  no_path 1,  occlusion 4

```json
{
"movement": "I have reached the top of the stairs and am standing on the landing. I am currently facing a wall/railing area. To follow the instruction 'take a left' into the hallway, I need to orient myself towards the corridor visible on the map to my left.",
"observation": {
    "front view": "I see a railing and a wall directly in front of me at the top of the stairs.",
    "left view": "The stairs going down are visible to the left/front-left.",
    "right view": "The stairs I just climbed are visible to the right.",
    "map": "I am at the top of the stairs (red triangle). A long hallway/room extends to the left (towards the 'bed' label)."
},
"thought": "I have completed the 'go up the stairs' part. Now I need to 'take a left' into the hallway. The map clearly shows the hallway extending to the left of my current position. Therefore, I must turn left to face it.",
"stuck": false,
"plan": "Turn left to face the hallway at the top of the stairs. Then move forward into that hallway.",
"curr_step": "Turn left to align with the hallway.",
"action": "L"
}
```
[StairDetect] normals=0.0036s, cpu=0.0002s, cluster=0.0314s, loop=0.0075s, total=0.0499s
Action: 2026-09-18 21:58:31,699 - INFO - --- Episode 57, Step 37/100 ---
2026-09-18 21:58:50,736 - INFO - HTTP Request: POST http://127.0.0.1:22448/v1/chat/completions "HTTP/1.1 200 OK"
2026-09-18 21:58:52,292 - INFO - HTTP Request: POST http://127.0.0.1:22448/v1/chat/completions "HTTP/1.1 400 Bad Request"
2026-09-18 21:58:53,313 - INFO - HTTP Request: POST http://127.0.0.1:22448/v1/chat/completions "HTTP/1.1 400 Bad Request"
 16%|█▌        | 8/50 [1:45:37<8:17:30, 710.73s/it] Renderer: NVIDIA GeForce RTX 4090/PCIe/SSE2 by NVIDIA Corporation
OpenGL version: 4.6.0 NVIDIA 590.48.01
Using optional features:
    GL_ARB_vertex_array_object
    GL_ARB_separate_shader_objects
    GL_ARB_robustness
    GL_ARB_texture_storage
    GL_ARB_texture_view
    GL_ARB_framebuffer_no_attachments
    GL_ARB_invalidate_subdata
    GL_ARB_texture_storage_multisample
    GL_ARB_multi_bind
    GL_ARB_direct_state_access
    GL_ARB_get_texture_sub_image
    GL_ARB_texture_filter_anisotropic
    GL_KHR_debug
    GL_KHR_parallel_shader_compile
    GL_NV_depth_buffer_float
Using driver workarounds:
    no-forward-compatible-core-context
    nv-egl-incorrect-gl11-function-pointers
    no-layout-qualifiers-on-old-glsl
    nv-zero-context-profile-mask
    nv-implementation-color-read-format-dsa-broken
    nv-cubemap-inconsistent-compressed-image-size
    nv-cubemap-broken-full-compressed-image-query
    nv-compressed-block-size-in-bits
[21:58:56:663527]:[Warning]:[Metadata] SceneDatasetAttributes.cpp(107)::addNewSceneInstanceToDataset : Dataset : 'default' : Lighting Layout Attributes 'no_lights' specified in Scene Attributes but does not exist in dataset, so creating default.
2026-09-18 21:59:06,065 - INFO - Simulator initialized!
2026-09-18 21:59:25,235 - INFO - HTTP Request: POST http://127.0.0.1:22448/v1/chat/completions "HTTP/1.1 200 OK"
2026-09-18 21:59:25,869 - INFO - --- Episode 58, Step 1/100 ---
2026-09-18 21:59:51,903 - INFO - HTTP Request: POST http://127.0.0.1:22448/v1/chat/completions "HTTP/1.1 200 OK"
2026-09-18 21:59:52,611 - INFO - --- Episode 58, Step 2/100 ---
2026-09-18 21:59:53,384 - INFO - --- Episode 58, Step 3/100 ---
2026-09-18 21:59:53,983 - INFO - --- Episode 58, Step 4/100 ---
2026-09-18 21:59:54,897 - INFO - --- Episode 58, Step 5/100 ---
2026-09-18 22:00:34,800 - INFO - HTTP Request: POST http://127.0.0.1:22448/v1/chat/completions "HTTP/1.1 200 OK"
2026-09-18 22:00:35,526 - INFO - --- Episode 58, Step 6/100 ---
2026-09-18 22:00:43,760 - INFO - HTTP Request: POST http://127.0.0.1:22448/v1/chat/completions "HTTP/1.1 200 OK"
2026-09-18 22:00:44,562 - INFO - --- Episode 58, Step 7/100 ---
2026-09-18 22:00:45,201 - INFO - --- Episode 58, Step 8/100 ---
2026-09-18 22:00:45,814 - INFO - --- Episode 58, Step 9/100 ---
2026-09-18 22:00:46,577 - INFO - --- Episode 58, Step 10/100 ---
2026-09-18 22:00:46,992 - INFO - --- Episode 58, Step 11/100 ---
turn
waypoints: 17
skipped waypoints: edge 5,  distance 1,  no_path 1,  occlusion 5

[StairDetect] normals=0.0039s, cpu=0.0002s, cluster=0.0313s, loop=0.0075s, total=0.0499s
Action: stop
['walk up stairs. Turn left and walk to the double doors by the living room.']
Initialized data for new floor level: 0
Switching pcds to floor level: 0
Initialized data for new floor level: 0
Switching pcds to floor level: 0
Initialized data for new floor level: 0
Switching pcds to floor level: 0
[StairDetect] normals=0.0033s, cpu=0.0002s, cluster=0.0414s, loop=0.0482s, total=0.0987s
waypoints: 15
skipped waypoints: edge 3,  distance 0,  no_path 1,  occlusion 2
```json
{
"movement": "I am standing at the base of the staircase. The stairs are located to my front-right. I have not yet started climbing.",
"observation": {
    "front view": "I see a wall with a door to the left and the side of the staircase structure in the foreground right. Waypoint 5 is on the first step of the stairs.",
    "left view": "I see a hallway area with a bench and a window at the end.",
    "right view": "I see the staircase going straight up.",
    "map": "The map shows my starting position at the bottom of the stairs, with the path leading upwards."
},
"thought": "The instruction is to 'walk up stairs'. I am currently at the bottom. The stairs are to my right/front-right. Waypoint 5 is located on the first step of the staircase. To begin climbing the stairs as instructed, I need to move onto them.",
"stuck": false,
"plan": "I will move towards the first step (waypoint 5) to start walking up the stairs. After reaching the top, I will look for the double doors by the living room and turn left.",
"curr_step": "Move to waypoint 5 on the first step of the stairs.",
"action": 5
}
```
Calculated floor height difference: 2.45m
[StairDetect] normals=0.0036s, cpu=0.0003s, cluster=0.0445s, loop=0.0498s, total=0.1043s
Action: turn
--- Height change stabilized. Height diff: 0.20, On platform: True, Metrics: {'inlier_count': 1340, 'local_count': 19998, 'support_ratio': 0.06700670066671634, 'vertical_score': 1.0, 'plane_height_mean': -0.9868930578231812, 'agent_z': -1.0009788990020752, 'vertical_diff': 0.014085841178893999, 'area_xy': 0.7919999999999999, 'radius_est': 0.5020970323130403, 'z_std': 0.04172256588935852, 'occupied_cells': 55, 'bottom_height_tolerance': 0.1}
--- No significant floor change. Height diff: 0.20, On platform: True, Metrics: {'inlier_count': 1340, 'local_count': 19998, 'support_ratio': 0.06700670066671634, 'vertical_score': 1.0, 'plane_height_mean': -0.9868930578231812, 'agent_z': -1.0009788990020752, 'vertical_diff': 0.014085841178893999, 'area_xy': 0.7919999999999999, 'radius_est': 0.5020970323130403, 'z_std': 0.04172256588935852, 'occupied_cells': 55, 'bottom_height_tolerance': 0.1}
Updated floor height: -0.80, ceiling height: 1.00
[StairDetect] normals=0.0049s, cpu=0.0004s, cluster=0.0587s, loop=0.0770s, total=0.1506s
Action: move_forward
[StairDetect] normals=0.0053s, cpu=0.0003s, cluster=0.0586s, loop=0.0759s, total=0.1496s
Action: null
[StairDetect] normals=0.0055s, cpu=0.0003s, cluster=0.0590s, loop=0.0801s, total=0.1550s
Action: turn
waypoints: 15
skipped waypoints: edge 3,  distance 0,  no_path 1,  occlusion 1
```json
{
"movement": "I have moved slightly forward and turned left, which has oriented me towards the side wall/railing of the staircase rather than directly up the steps. The stairs are currently to my right.",
"observation": {
    "front view": "I see the side of the staircase structure (white stringer) and the handrail. The actual steps (dark wood treads) are visible to the right edge of the frame. Waypoints 3, 4, 5 are marked on the side/wall area.",
    "left view": "I see the ground floor landing with a bench and a door, indicating I am near the bottom of the stairs.",
    "right view": "I see the staircase going upwards clearly, with dark wood treads and white risers.",
    "map": "The map shows my position (blue triangle) near the bottom of the stairs. The stairs extend to the right/up in the map view."
},
"thought": "The instruction is to 'walk up stairs'. Currently, I am facing the side of the staircase structure. To walk up the stairs, I need to align myself with the steps, which are to my right. Therefore, I need to turn Right to face the stairs directly before moving forward up them.",
"stuck": false,
"plan": "I will turn Right to face the stairs. Then, I will move forward up the stairs towards the top platform. Once at the top, I will look for the double doors by the living room and turn left as instructed.",
"curr_step": "Turn Right to face the stairs.",
"action": "R"
}
```
[StairDetect] normals=0.0051s, cpu=0.0003s, cluster=0.0596s, loop=0.0814s, total=0.1567s
Action: turn
waypoints: 10
skipped waypoints: edge 4,  distance 0,  no_path 0,  occlusion 0
```json
{
"movement": "I have turned right and am now facing the staircase directly. The stairs are immediately in front of me, leading upwards.",
"observation": {
    "front view": "I see the staircase going straight up. There are dark wooden treads and white risers. Waypoint 1 is on the first step, and waypoint 4 is further up the stairs.",
    "left view": "I see the wall and railing to the left of the stairs.",
    "right view": "I see the wall and railing to the right of the stairs.",
    "map": "The map shows my position at the bottom of the stairs (blue triangle). The stairs extend upwards from my current position."
},
"thought": "I am now facing the stairs correctly. The instruction is to 'walk up stairs'. I need to move forward onto the first step and continue up. Waypoint 1 is on the first step, which is the immediate next target.",
"stuck": false,
"plan": "Move forward onto the stairs (waypoint 1) and continue climbing until I reach the top platform. Once at the top, I will look for the double doors by the living room and turn left.",
"curr_step": "Move to waypoint 1 on the first step of the stairs.",
"action": 1
}
```
[StairDetect] normals=0.0054s, cpu=0.0005s, cluster=0.0638s, loop=0.0195s, total=0.0993s
Action: turn
--- Height change stabilized. Height diff: 0.50, On platform: True, Metrics: {'inlier_count': 1495, 'local_count': 22789, 'support_ratio': 0.06560182543922059, 'vertical_score': 1.0, 'plane_height_mean': -0.7584242820739746, 'agent_z': -0.701872181892395, 'vertical_diff': 0.056552100181579634, 'area_xy': 0.7056, 'radius_est': 0.47391925018011527, 'z_std': 0.04424480348825455, 'occupied_cells': 49, 'bottom_height_tolerance': 0.1}
--- No significant floor change. Height diff: 0.50, On platform: True, Metrics: {'inlier_count': 1495, 'local_count': 22789, 'support_ratio': 0.06560182543922059, 'vertical_score': 1.0, 'plane_height_mean': -0.7584242820739746, 'agent_z': -0.701872181892395, 'vertical_diff': 0.056552100181579634, 'area_xy': 0.7056, 'radius_est': 0.47391925018011527, 'z_std': 0.04424480348825455, 'occupied_cells': 49, 'bottom_height_tolerance': 0.1}
Updated floor height: -0.50, ceiling height: 1.30
[StairDetect] normals=0.0047s, cpu=0.0003s, cluster=0.0591s, loop=0.0077s, total=0.0793s
Action: move_forward
[StairDetect] normals=0.0052s, cpu=0.0004s, cluster=0.0550s, loop=0.0079s, total=0.0755s
Action: turn
--- Height change stabilized. Height diff: 0.92, On platform: True, Metrics: {'inlier_count': 1561, 'local_count': 23120, 'support_ratio': 0.06751730103514199, 'vertical_score': 1.0, 'plane_height_mean': -0.2377096563577652, 'agent_z': -0.28027505874633785, 'vertical_diff': 0.04256540238857265, 'area_xy': 0.8063999999999999, 'radius_est': 0.5066409894773702, 'z_std': 0.03993973881006241, 'occupied_cells': 56, 'bottom_height_tolerance': 0.1}
---!Floor change detected. From level 0 to 1.
Saving data for floor level: 0
Initialized data for new floor level: 1
Switching pcds to floor level: 1
!Switched to floor level: 1
Updated floor height: -0.04, ceiling height: 1.76, height diff: 0.92
[StairDetect] normals=0.0026s, cpu=0.0002s, cluster=0.0271s, loop=0.0051s, total=0.0375s
Action: move_forward
[StairDetect] normals=0.0027s, cpu=0.0002s, cluster=0.0322s, loop=0.0052s, total=0.0428s
Action: null
2026-09-18 22:00:47,550 - INFO - --- Episode 58, Step 12/100 ---
2026-09-18 22:00:56,463 - INFO - HTTP Request: POST http://127.0.0.1:22448/v1/chat/completions "HTTP/1.1 200 OK"
2026-09-18 22:00:57,053 - INFO - --- Episode 58, Step 13/100 ---
2026-09-18 22:00:57,690 - INFO - --- Episode 58, Step 14/100 ---
2026-09-18 22:00:58,430 - INFO - --- Episode 58, Step 15/100 ---
2026-09-18 22:00:59,062 - INFO - --- Episode 58, Step 16/100 ---
2026-09-18 22:00:59,735 - INFO - --- Episode 58, Step 17/100 ---
2026-09-18 22:01:11,577 - INFO - HTTP Request: POST http://127.0.0.1:22448/v1/chat/completions "HTTP/1.1 200 OK"
2026-09-18 22:01:12,255 - INFO - --- Episode 58, Step 18/100 ---
2026-09-18 22:01:12,924 - INFO - --- Episode 58, Step 19/100 ---
2026-09-18 22:01:13,641 - INFO - --- Episode 58, Step 20/100 ---
2026-09-18 22:01:34,650 - INFO - HTTP Request: POST http://127.0.0.1:22448/v1/chat/completions "HTTP/1.1 200 OK"
2026-09-18 22:01:35,310 - INFO - --- Episode 58, Step 21/100 ---
2026-09-18 22:02:50,709 - INFO - HTTP Request: POST http://127.0.0.1:22448/v1/chat/completions "HTTP/1.1 200 OK"
2026-09-18 22:03:43,974 - INFO - HTTP Request: POST http://127.0.0.1:22448/v1/chat/completions "HTTP/1.1 200 OK"
2026-09-18 22:04:31,165 - INFO - HTTP Request: POST http://127.0.0.1:22448/v1/chat/completions "HTTP/1.1 200 OK"
2026-09-18 22:04:31,722 - INFO - --- Episode 58, Step 22/100 ---
2026-09-18 22:05:13,471 - INFO - HTTP Request: POST http://127.0.0.1:22448/v1/chat/completions "HTTP/1.1 200 OK"
2026-09-18 22:05:47,419 - INFO - HTTP Request: POST http://127.0.0.1:22448/v1/chat/completions "HTTP/1.1 200 OK"
2026-09-18 22:06:13,887 - INFO - HTTP Request: POST http://127.0.0.1:22448/v1/chat/completions "HTTP/1.1 200 OK"
 18%|█▊        | 9/50 [1:52:57<7:07:40, 625.86s/it]Renderer: NVIDIA GeForce RTX 4090/PCIe/SSE2 by NVIDIA Corporation
OpenGL version: 4.6.0 NVIDIA 590.48.01
Using optional features:
    GL_ARB_vertex_array_object
    GL_ARB_separate_shader_objects
    GL_ARB_robustness
    GL_ARB_texture_storage
    GL_ARB_texture_view
    GL_ARB_framebuffer_no_attachments
    GL_ARB_invalidate_subdata
    GL_ARB_texture_storage_multisample
    GL_ARB_multi_bind
    GL_ARB_direct_state_access
    GL_ARB_get_texture_sub_image
    GL_ARB_texture_filter_anisotropic
    GL_KHR_debug
    GL_KHR_parallel_shader_compile
    GL_NV_depth_buffer_float
Using driver workarounds:
    no-forward-compatible-core-context
    nv-egl-incorrect-gl11-function-pointers
    no-layout-qualifiers-on-old-glsl
    nv-zero-context-profile-mask
    nv-implementation-color-read-format-dsa-broken
    nv-cubemap-inconsistent-compressed-image-size
    nv-cubemap-broken-full-compressed-image-query
    nv-compressed-block-size-in-bits
[22:06:15:891513]:[Warning]:[Metadata] SceneDatasetAttributes.cpp(107)::addNewSceneInstanceToDataset : Dataset : 'default' : Lighting Layout Attributes 'no_lights' specified in Scene Attributes but does not exist in dataset, so creating default.
2026-09-18 22:06:25,476 - INFO - Simulator initialized!
2026-09-18 22:06:48,630 - INFO - HTTP Request: POST http://127.0.0.1:22448/v1/chat/completions "HTTP/1.1 200 OK"
[StairDetect] normals=0.0028s, cpu=0.0002s, cluster=0.0277s, loop=0.0050s, total=0.0383s
Action: turn
waypoints: 12
skipped waypoints: edge 1,  distance 1,  no_path 4,  occlusion 2
```json
{
"movement": "I have been climbing the stairs. I am currently facing up the remaining steps towards the top landing.",
"observation": {
    "front view": "I see the staircase continuing upwards. Waypoint 1 is on the next step, and waypoint 2 is further up near the top landing where a white door is visible.",
    "left view": "I see the wall to the left of the stairs.",
    "right view": "I see the wall and handrail to the right of the stairs.",
    "map": "The map shows my position on the stairs, with the path continuing upwards towards the top landing."
},
"thought": "I am in the process of walking up the stairs. The instruction is to 'walk up stairs' and then 'Turn left and walk to the double doors by the living room'. I have not yet reached the top platform. Waypoint 1 is on the next step up, which is the correct path forward.",
"stuck": false,
"plan": "Move forward up the stairs towards waypoint 1 and then waypoint 2 to reach the top landing. Once at the top, I will look for the double doors by the living room and turn left as instructed.",
"curr_step": "Move to waypoint 1 on the next step up the stairs.",
"action": 1
}
```
[StairDetect] normals=0.0026s, cpu=0.0002s, cluster=0.0286s, loop=0.0051s, total=0.0391s
Action: turn
--- Height change stabilized. Height diff: 0.30, On platform: True, Metrics: {'inlier_count': 1760, 'local_count': 20783, 'support_ratio': 0.08468459798466609, 'vertical_score': 1.0, 'plane_height_mean': 0.28149980306625366, 'agent_z': 0.26606612205505376, 'vertical_diff': 0.015433681011199907, 'area_xy': 0.9071999999999999, 'radius_est': 0.5373739189297662, 'z_std': 0.04422105848789215, 'occupied_cells': 63, 'bottom_height_tolerance': 0.1}
--- No significant floor change. Height diff: 0.30, On platform: True, Metrics: {'inlier_count': 1760, 'local_count': 20783, 'support_ratio': 0.08468459798466609, 'vertical_score': 1.0, 'plane_height_mean': 0.28149980306625366, 'agent_z': 0.26606612205505376, 'vertical_diff': 0.015433681011199907, 'area_xy': 0.9071999999999999, 'radius_est': 0.5373739189297662, 'z_std': 0.04422105848789215, 'occupied_cells': 63, 'bottom_height_tolerance': 0.1}
Updated floor height: 0.47, ceiling height: 2.27
[StairDetect] normals=0.0032s, cpu=0.0002s, cluster=0.0319s, loop=0.0166s, total=0.0572s
Action: move_forward
[StairDetect] normals=0.0033s, cpu=0.0002s, cluster=0.0323s, loop=0.0159s, total=0.0575s
Action: turn
--- Height change stabilized. Height diff: 0.53, On platform: True, Metrics: {'inlier_count': 1857, 'local_count': 24687, 'support_ratio': 0.07522177664053058, 'vertical_score': 1.0, 'plane_height_mean': 0.5007904171943665, 'agent_z': 0.497130560874939, 'vertical_diff': 0.003659856319427446, 'area_xy': 0.8351999999999999, 'radius_est': 0.5156087828389873, 'z_std': 0.036046337336301804, 'occupied_cells': 58, 'bottom_height_tolerance': 0.1}
---!Floor change detected. From level 1 to 2.
Saving data for floor level: 1
Initialized data for new floor level: 2
Switching pcds to floor level: 2
!Switched to floor level: 2
Updated floor height: 0.70, ceiling height: 2.50, height diff: 0.53
[StairDetect] normals=0.0034s, cpu=0.0002s, cluster=0.0287s, loop=0.0181s, total=0.0567s
Action: move_forward
[StairDetect] normals=0.0032s, cpu=0.0002s, cluster=0.0286s, loop=0.0182s, total=0.0565s
Action: null
waypoints: 6
skipped waypoints: edge 2,  distance 0,  no_path 0,  occlusion 0
```json
{
"movement": "I have climbed the stairs and am now at the top landing, facing the railing/wall at the top of the stairwell.",
"observation": {
    "front view": "I see the top of the staircase railing and a wall. To the left, there is an open floor area leading to another room.",
    "left view": "I see the upper floor landing with a large indoor tree and a view down to the lower level. This looks like the living room area.",
    "right view": "I see the wall of the stairwell and the stairs going down.",
    "map": "The map shows I am at the top of the stairs (red triangle). The landing extends to the left (towards the grey area with waypoints 1, 2, 3)."
},
"thought": "I have completed the 'walk up stairs' part of the instruction. Now I need to 'Turn left and walk to the double doors by the living room'. I am currently facing the railing. I need to move onto the landing and turn left towards the open area where the living room is located. Waypoint 1 is on the landing edge, which is a good first step to get off the stairs.",
"stuck": false,
"plan": "Move forward onto the landing (towards waypoint 1). Then, I will turn left to face the living room area and look for the double doors.",
"curr_step": "Move forward to waypoint 1 on the landing.",
"action": 1
}
```
[StairDetect] normals=0.0031s, cpu=0.0003s, cluster=0.0293s, loop=0.0187s, total=0.0585s
Action: turn
--- Height change stabilized. Height diff: 0.33, On platform: True, Metrics: {'inlier_count': 1762, 'local_count': 18447, 'support_ratio': 0.09551688620938273, 'vertical_score': 1.0, 'plane_height_mean': 1.0375325679779053, 'agent_z': 1.0280008792877198, 'vertical_diff': 0.009531688690185502, 'area_xy': 0.8208, 'radius_est': 0.5111445535067897, 'z_std': 0.03704563155770302, 'occupied_cells': 57, 'bottom_height_tolerance': 0.1}
--- No significant floor change. Height diff: 0.33, On platform: True, Metrics: {'inlier_count': 1762, 'local_count': 18447, 'support_ratio': 0.09551688620938273, 'vertical_score': 1.0, 'plane_height_mean': 1.0375325679779053, 'agent_z': 1.0280008792877198, 'vertical_diff': 0.009531688690185502, 'area_xy': 0.8208, 'radius_est': 0.5111445535067897, 'z_std': 0.03704563155770302, 'occupied_cells': 57, 'bottom_height_tolerance': 0.1}
Updated floor height: 1.23, ceiling height: 3.03
[StairDetect] normals=0.0038s, cpu=0.0003s, cluster=0.0332s, loop=0.0030s, total=0.0485s
Action: move_forward
[StairDetect] normals=0.0041s, cpu=0.0003s, cluster=0.0333s, loop=0.0028s, total=0.0485s
Action: null
waypoints: 53
skipped waypoints: edge 2,  distance 7,  no_path 1,  occlusion 37
```json
{
"movement": "I have reached the top of the stairs and am standing on the landing. I am currently facing a wall with a white door (B) and a painting. To my left, there is an opening leading into a large room with a tall plant/tree, which appears to be the living room.",
"observation": {
    "front view": "I see a white door (B) straight ahead and slightly right, with a painting on the wall next to it. To the left, there is an opening into another room. To the right, there is a railing and a view into a kitchen area.",
    "left view": "I see the living room area with a large indoor tree/plant and windows/doors in the background.",
    "right view": "I see the staircase railing going down and a wall.",
    "map": "The map shows my position on the landing. The living room is to the top-left of my current position."
},
"thought": "I have completed 'walk up stairs'. Now I need to 'Turn left and walk to the double doors by the living room'. The living room is visible through the opening to my left. The double doors are likely the glass doors visible in that direction or further into that room. I need to turn left to face that opening and then walk towards it.",
"stuck": false,
"plan": "Turn left to face the living room opening. Then walk forward into the living room area towards the double doors.",
"curr_step": "Turn left to align with the path into the living room.",
"action": "L"
}
```
[StairDetect] normals=0.0037s, cpu=0.0003s, cluster=0.0338s, loop=0.0029s, total=0.0490s
Action: turn
waypoints: 52
skipped waypoints: edge 3,  distance 9,  no_path 0,  occlusion 34



[StairDetect] normals=0.0037s, cpu=0.0003s, cluster=0.0338s, loop=0.0030s, total=0.0488s
Action: stop
waypoints: 52
skipped waypoints: edge 3,  distance 9,  no_path 0,  occlusion 34



[StairDetect] normals=0.0037s, cpu=0.0003s, cluster=0.0340s, loop=0.0029s, total=0.0490s
Action: stop
['Walk up the stairs, then make a slight left, walking toward another set of stairs.', 'Stop by the base of the stairs.']
2026-09-18 22:06:49,394 - INFO - --- Episode 59, Step 1/100 ---
2026-09-18 22:10:09,727 - INFO - HTTP Request: POST http://127.0.0.1:22448/v1/chat/completions "HTTP/1.1 200 OK"
2026-09-18 22:10:24,771 - INFO - HTTP Request: POST http://127.0.0.1:22448/v1/chat/completions "HTTP/1.1 200 OK"
2026-09-18 22:10:25,537 - INFO - --- Episode 59, Step 2/100 ---
2026-09-18 22:10:26,159 - INFO - --- Episode 59, Step 3/100 ---
2026-09-18 22:10:26,837 - INFO - --- Episode 59, Step 4/100 ---
2026-09-18 22:10:27,777 - INFO - --- Episode 59, Step 5/100 ---
2026-09-18 22:13:00,474 - INFO - HTTP Request: POST http://127.0.0.1:22448/v1/chat/completions "HTTP/1.1 200 OK"
2026-09-18 22:15:13,564 - INFO - HTTP Request: POST http://127.0.0.1:22448/v1/chat/completions "HTTP/1.1 200 OK"
2026-09-18 22:15:21,811 - INFO - HTTP Request: POST http://127.0.0.1:22448/v1/chat/completions "HTTP/1.1 200 OK"
2026-09-18 22:15:22,488 - INFO - --- Episode 59, Step 6/100 ---
2026-09-18 22:15:23,161 - INFO - --- Episode 59, Step 7/100 ---
2026-09-18 22:15:23,761 - INFO - --- Episode 59, Step 8/100 ---
2026-09-18 22:15:24,411 - INFO - --- Episode 59, Step 9/100 ---
2026-09-18 22:15:25,228 - INFO - --- Episode 59, Step 10/100 ---
2026-09-18 22:15:25,823 - INFO - --- Episode 59, Step 11/100 ---
2026-09-18 22:15:48,140 - INFO - HTTP Request: POST http://127.0.0.1:22448/v1/chat/completions "HTTP/1.1 200 OK"
Initialized data for new floor level: 0
Switching pcds to floor level: 0
Initialized data for new floor level: 0
Switching pcds to floor level: 0
Initialized data for new floor level: 0
Switching pcds to floor level: 0
[StairDetect] normals=0.0033s, cpu=0.0003s, cluster=0.0416s, loop=0.0484s, total=0.0991s
waypoints: 15
skipped waypoints: edge 3,  distance 0,  no_path 1,  occlusion 2

```json
{
"movement": "I am standing at the base of the staircase on the tiled floor. The stairs are located to my front-right.",
"observation": {
    "front view": "I see a wall with a white door to the left and the bottom of a wooden staircase rising to the right. Waypoint 7 is marked on the first step.",
    "left view": "There is a hallway extending to the left with a bench against the wall and a window at the end.",
    "right view": "The staircase is clearly visible, ascending upwards with dark wooden treads and white risers.",
    "map": "My current position (START) is near the bottom of the stairs. Waypoint 7 is located on the first step of the staircase."
},
"thought": "The current task is to walk up the stairs. I am currently at the base of the stairs. To begin climbing, I need to move onto the first step. Waypoint 7 is positioned on the first step of the staircase, making it the correct target to initiate the ascent.",
"stuck": false,
"plan": "Move onto the stairs via waypoint 7 and continue ascending until I reach the top platform. Once at the top, I will look for a path slightly to the left towards another set of stairs.",
"curr_step": "I need to start climbing the stairs. Waypoint 7 is on the first step directly in front of me (slightly right). Moving to this waypoint will place me on the staircase.",
"action": 7
}
```
Calculated floor height difference: 2.45m
[StairDetect] normals=0.0038s, cpu=0.0003s, cluster=0.0446s, loop=0.0512s, total=0.1061s
Action: turn
--- Height change stabilized. Height diff: 0.20, On platform: True, Metrics: {'inlier_count': 1341, 'local_count': 19999, 'support_ratio': 0.06705335266428054, 'vertical_score': 1.0, 'plane_height_mean': -0.9869131445884705, 'agent_z': -1.0009788990020752, 'vertical_diff': 0.014065754413604692, 'area_xy': 0.7919999999999999, 'radius_est': 0.5020970323130403, 'z_std': 0.04175085946917534, 'occupied_cells': 55, 'bottom_height_tolerance': 0.1}
--- No significant floor change. Height diff: 0.20, On platform: True, Metrics: {'inlier_count': 1341, 'local_count': 19999, 'support_ratio': 0.06705335266428054, 'vertical_score': 1.0, 'plane_height_mean': -0.9869131445884705, 'agent_z': -1.0009788990020752, 'vertical_diff': 0.014065754413604692, 'area_xy': 0.7919999999999999, 'radius_est': 0.5020970323130403, 'z_std': 0.04175085946917534, 'occupied_cells': 55, 'bottom_height_tolerance': 0.1}
Updated floor height: -0.80, ceiling height: 1.00
[StairDetect] normals=0.0049s, cpu=0.0004s, cluster=0.0584s, loop=0.0766s, total=0.1494s
Action: move_forward
[StairDetect] normals=0.0053s, cpu=0.0003s, cluster=0.0584s, loop=0.0765s, total=0.1497s
Action: null
[StairDetect] normals=0.0055s, cpu=0.0003s, cluster=0.0601s, loop=0.0805s, total=0.1564s
Action: turn
waypoints: 15
skipped waypoints: edge 3,  distance 0,  no_path 1,  occlusion 1


```json
{
"movement": "I have turned left and am now facing the staircase which is positioned to my right. I need to move forward and slightly right to begin climbing the stairs.",
"observation": {
    "front view": "I see the bottom of the staircase rising up to the right. Waypoint 3 is on the first step.",
    "left view": "There is a hallway with a bench and a door further down.",
    "right view": "The stairs continue upwards.",
    "map": "My current position is at the base of the stairs. Waypoint 3 is the first step up."
},
"thought": "I am currently at the base of the stairs. To follow the instruction 'Walk up the stairs', I need to move onto the staircase. Waypoint 3 is located on the first step, which is the logical next point to reach.",
"stuck": false,
"plan": "Move onto the stairs via waypoint 3 and continue ascending until I reach the top platform. Once at the top, I will look for a path slightly to the left towards another set of stairs.",
"curr_step": "I need to start climbing the stairs. Waypoint 3 is on the first step directly in front of me (slightly right). Moving to this waypoint will place me on the staircase.",
"action": 3
}
```
[StairDetect] normals=0.0053s, cpu=0.0003s, cluster=0.0602s, loop=0.0183s, total=0.0936s
Action: turn
--- Height change stabilized. Height diff: 0.50, On platform: True, Metrics: {'inlier_count': 1495, 'local_count': 22801, 'support_ratio': 0.06556729967696297, 'vertical_score': 1.0, 'plane_height_mean': -0.7586821913719177, 'agent_z': -0.7008155107498169, 'vertical_diff': 0.057866680622100874, 'area_xy': 0.7056, 'radius_est': 0.47391925018011527, 'z_std': 0.044244930148124695, 'occupied_cells': 49, 'bottom_height_tolerance': 0.1}
--- No significant floor change. Height diff: 0.50, On platform: True, Metrics: {'inlier_count': 1495, 'local_count': 22801, 'support_ratio': 0.06556729967696297, 'vertical_score': 1.0, 'plane_height_mean': -0.7586821913719177, 'agent_z': -0.7008155107498169, 'vertical_diff': 0.057866680622100874, 'area_xy': 0.7056, 'radius_est': 0.47391925018011527, 'z_std': 0.044244930148124695, 'occupied_cells': 49, 'bottom_height_tolerance': 0.1}
Updated floor height: -0.50, ceiling height: 1.30
[StairDetect] normals=0.0046s, cpu=0.0003s, cluster=0.0546s, loop=0.0076s, total=0.0742s
Action: move_forward
[StairDetect] normals=0.0046s, cpu=0.0003s, cluster=0.0578s, loop=0.0080s, total=0.0780s
Action: turn
--- Height change stabilized. Height diff: 0.92, On platform: True, Metrics: {'inlier_count': 1545, 'local_count': 23115, 'support_ratio': 0.06683971446823103, 'vertical_score': 1.0, 'plane_height_mean': -0.23955392837524414, 'agent_z': -0.2791211128234863, 'vertical_diff': 0.03956718444824214, 'area_xy': 0.8063999999999999, 'radius_est': 0.5066409894773702, 'z_std': 0.039799537509679794, 'occupied_cells': 56, 'bottom_height_tolerance': 0.1}
---!Floor change detected. From level 0 to 1.
Saving data for floor level: 0
Initialized data for new floor level: 1
Switching pcds to floor level: 1
!Switched to floor level: 1
Updated floor height: -0.04, ceiling height: 1.76, height diff: 0.92
[StairDetect] normals=0.0026s, cpu=0.0001s, cluster=0.0270s, loop=0.0051s, total=0.0373s
Action: move_forward
[StairDetect] normals=0.0025s, cpu=0.0001s, cluster=0.0269s, loop=0.0051s, total=0.0371s
Action: null
[StairDetect] normals=0.0026s, cpu=0.0001s, cluster=0.0274s, loop=0.0052s, total=0.0379s
Action: turn
waypoints: 13
skipped waypoints: edge 3,  distance 0,  no_path 4,  occlusion 2
```json
{
"movement": "I have climbed part of the stairs and am now facing the upper section. The wall is on my left and the stairs continue upwards ahead.",
"observation": {
    "front view": "I see the remaining steps leading up to a landing with a white door. Waypoint 1 is located on the left side near the top of this flight, near the wall/handrail junction.",
    "left view": "A wall runs along the left side of the staircase.",
    "right view": "The open space of the stairwell and the handrail are visible.",
    "map": "My current position (red triangle) is on the stairs. Waypoints 1, 2, and 3 are located at the top of this flight near the landing."
},
"thought": "I am currently ascending the stairs. The instruction requires me to walk up the stairs completely before making a slight left. I need to reach the top platform. Waypoint 1 is located near the top of the current flight on the left side, which aligns with the path towards the landing.",
"stuck": false,
"plan": "Continue moving forward up the stairs towards the landing where waypoints 1, 2, and 3 are located. Once at the top, I will look for a path slightly to the left as instructed.",
"curr_step": "I need to continue climbing the stairs. Waypoint 1 is the next logical point on the map near the top of this flight. Moving towards it will bring me closer to the top platform.",
"action": 1
}
```
[StairDetect] normals=0.0027s, cpu=0.0002s, cluster=0.0286s, loop=0.0051s, total=0.0393s
Action: 2026-09-18 22:15:48,695 - INFO - --- Episode 59, Step 12/100 ---
2026-09-18 22:15:49,188 - INFO - --- Episode 59, Step 13/100 ---
2026-09-18 22:15:49,774 - INFO - --- Episode 59, Step 14/100 ---
2026-09-18 22:15:50,609 - INFO - --- Episode 59, Step 15/100 ---
2026-09-18 22:15:51,120 - INFO - --- Episode 59, Step 16/100 ---
2026-09-18 22:15:51,717 - INFO - --- Episode 59, Step 17/100 ---
2026-09-18 22:15:52,281 - INFO - --- Episode 59, Step 18/100 ---
2026-09-18 22:16:03,904 - INFO - HTTP Request: POST http://127.0.0.1:22448/v1/chat/completions "HTTP/1.1 200 OK"
2026-09-18 22:16:04,542 - INFO - --- Episode 59, Step 19/100 ---
2026-09-18 22:16:05,478 - INFO - --- Episode 59, Step 20/100 ---
2026-09-18 22:16:06,202 - INFO - --- Episode 59, Step 21/100 ---
2026-09-18 22:16:06,891 - INFO - --- Episode 59, Step 22/100 ---
2026-09-18 22:16:07,467 - INFO - --- Episode 59, Step 23/100 ---
2026-09-18 22:16:22,794 - INFO - HTTP Request: POST http://127.0.0.1:22448/v1/chat/completions "HTTP/1.1 200 OK"
turn
--- Height change stabilized. Height diff: 0.10, On platform: True, Metrics: {'inlier_count': 1244, 'local_count': 21389, 'support_ratio': 0.058160736824621966, 'vertical_score': 1.0, 'plane_height_mean': 0.037655312567949295, 'agent_z': 0.061409044265747115, 'vertical_diff': 0.02375373169779782, 'area_xy': 0.8351999999999999, 'radius_est': 0.5156087828389873, 'z_std': 0.04574576020240784, 'occupied_cells': 58, 'bottom_height_tolerance': 0.1}
--- No significant floor change. Height diff: 0.10, On platform: True, Metrics: {'inlier_count': 1244, 'local_count': 21389, 'support_ratio': 0.058160736824621966, 'vertical_score': 1.0, 'plane_height_mean': 0.037655312567949295, 'agent_z': 0.061409044265747115, 'vertical_diff': 0.02375373169779782, 'area_xy': 0.8351999999999999, 'radius_est': 0.5156087828389873, 'z_std': 0.04574576020240784, 'occupied_cells': 58, 'bottom_height_tolerance': 0.1}
Updated floor height: 0.26, ceiling height: 2.06
[StairDetect] normals=0.0027s, cpu=0.0002s, cluster=0.0289s, loop=0.0037s, total=0.0380s
Action: move_forward
[StairDetect] normals=0.0028s, cpu=0.0002s, cluster=0.0295s, loop=0.0038s, total=0.0390s
Action: turn
--- Height change stabilized. Height diff: 0.34, On platform: True, Metrics: {'inlier_count': 1787, 'local_count': 23557, 'support_ratio': 0.07585855584005355, 'vertical_score': 1.0, 'plane_height_mean': 0.29832103848457336, 'agent_z': 0.30532603263854985, 'vertical_diff': 0.007004994153976485, 'area_xy': 0.8927999999999999, 'radius_est': 0.5330919867948573, 'z_std': 0.039673320949077606, 'occupied_cells': 62, 'bottom_height_tolerance': 0.1}
--- No significant floor change. Height diff: 0.34, On platform: True, Metrics: {'inlier_count': 1787, 'local_count': 23557, 'support_ratio': 0.07585855584005355, 'vertical_score': 1.0, 'plane_height_mean': 0.29832103848457336, 'agent_z': 0.30532603263854985, 'vertical_diff': 0.007004994153976485, 'area_xy': 0.8927999999999999, 'radius_est': 0.5330919867948573, 'z_std': 0.039673320949077606, 'occupied_cells': 62, 'bottom_height_tolerance': 0.1}
Updated floor height: 0.51, ceiling height: 2.31
[StairDetect] normals=0.0036s, cpu=0.0002s, cluster=0.0318s, loop=0.0074s, total=0.0491s
Action: move_forward
--- Height change stabilized. Height diff: 0.60, On platform: True, Metrics: {'inlier_count': 1670, 'local_count': 26972, 'support_ratio': 0.061916061098104845, 'vertical_score': 1.0, 'plane_height_mean': 0.5870239734649658, 'agent_z': 0.5597975730895997, 'vertical_diff': 0.027226400375366167, 'area_xy': 0.8496, 'radius_est': 0.5200346904791531, 'z_std': 0.04476107284426689, 'occupied_cells': 59, 'bottom_height_tolerance': 0.1}
---!Floor change detected. From level 1 to 2.
Saving data for floor level: 1
Initialized data for new floor level: 2
Switching pcds to floor level: 2
!Switched to floor level: 2
Updated floor height: 0.79, ceiling height: 2.59, height diff: 0.60
[StairDetect] normals=0.0033s, cpu=0.0003s, cluster=0.0297s, loop=0.0175s, total=0.0581s
Action: move_forward
[StairDetect] normals=0.0033s, cpu=0.0002s, cluster=0.0298s, loop=0.0176s, total=0.0583s
Action: null
[StairDetect] normals=0.0033s, cpu=0.0002s, cluster=0.0303s, loop=0.0176s, total=0.0590s
Action: turn
waypoints: 6
skipped waypoints: edge 1,  distance 0,  no_path 0,  occlusion 0
```json
{
"movement": "I have reached the top of the first flight of stairs. I am now standing on the wooden landing looking towards a white door and an opening to the left.",
"observation": {
    "front view": "I see the top of the stairs I just climbed, a white door straight ahead, and an opening to the left leading to another area with a staircase visible in the distance.",
    "left view": "There is a large open space with wooden floors and another staircase visible further away.",
    "right view": "I see the wall and handrail of the staircase I just ascended.",
    "map": "My current position (red triangle) is at the top of the stairs. Waypoints 1, 2, 3, and 4 are on the landing. The path to the next stairs is towards the left."
},
"thought": "I have completed the first part of the instruction by walking up the stairs. Now I need to make a slight left and walk toward another set of stairs. The opening to the left leads directly to that area. I should move forward onto the landing and angle myself towards the left where the next staircase is located.",
"stuck": false,
"plan": "Move forward onto the landing and turn slightly left to head towards the second staircase visible through the opening.",
"curr_step": "I need to move from the top of the stairs onto the landing. Waypoint 3 is on the landing near the opening to the left, which aligns with my goal.",
"action": 3
}
```
[StairDetect] normals=0.0035s, cpu=0.0002s, cluster=0.0317s, loop=0.0054s, total=0.0491s
Action: turn
--- Height change stabilized. Height diff: 0.01, On platform: True, Metrics: {'inlier_count': 1950, 'local_count': 26945, 'support_ratio': 0.07236964186036854, 'vertical_score': 1.0, 'plane_height_mean': 0.8350347876548767, 'agent_z': 0.7964215755462647, 'vertical_diff': 0.038613212108612016, 'area_xy': 0.8496, 'radius_est': 0.5200346904791531, 'z_std': 0.0425148569047451, 'occupied_cells': 59, 'bottom_height_tolerance': 0.1}
--- No significant floor change. Height diff: 0.01, On platform: True, Metrics: {'inlier_count': 1950, 'local_count': 26945, 'support_ratio': 0.07236964186036854, 'vertical_score': 1.0, 'plane_height_mean': 0.8350347876548767, 'agent_z': 0.7964215755462647, 'vertical_diff': 0.038613212108612016, 'area_xy': 0.8496, 'radius_est': 0.5200346904791531, 'z_std': 0.0425148569047451, 'occupied_cells': 59, 'bottom_height_tolerance': 0.1}
Updated floor height: 1.00, ceiling height: 2.80
[StairDetect] normals=0.0039s, cpu=0.0003s, cluster=0.0346s, loop=0.0318s, total=0.0802s
Action: move_forward
[StairDetect] normals=0.0044s, cpu=0.0003s, cluster=0.0346s, loop=0.0164s, total=0.0649s
Action: turn
--- Height change stabilized. Height diff: 0.37, On platform: True, Metrics: {'inlier_count': 1407, 'local_count': 23815, 'support_ratio': 0.05908041150287296, 'vertical_score': 1.0, 'plane_height_mean': 1.1380479335784912, 'agent_z': 1.1556766510009766, 'vertical_diff': 0.017628717422485396, 'area_xy': 0.8639999999999999, 'radius_est': 0.5244232466841979, 'z_std': 0.04678672179579735, 'occupied_cells': 60, 'bottom_height_tolerance': 0.1}
--- No significant floor change. Height diff: 0.37, On platform: True, Metrics: {'inlier_count': 1407, 'local_count': 23815, 'support_ratio': 0.05908041150287296, 'vertical_score': 1.0, 'plane_height_mean': 1.1380479335784912, 'agent_z': 1.1556766510009766, 'vertical_diff': 0.017628717422485396, 'area_xy': 0.8639999999999999, 'radius_est': 0.5244232466841979, 'z_std': 0.04678672179579735, 'occupied_cells': 60, 'bottom_height_tolerance': 0.1}
Updated floor height: 1.36, ceiling height: 3.16
[StairDetect] normals=0.0052s, cpu=0.0003s, cluster=0.0468s, loop=0.0296s, total=0.0929s
Action: move_forward
[StairDetect] normals=0.0052s, cpu=0.0004s, cluster=0.0469s, loop=0.0295s, total=0.0929s
Action: null
waypoints: 41
skipped waypoints: edge 6,  distance 18,  no_path 0,  occlusion 7
2026-09-18 22:16:23,489 - INFO - --- Episode 59, Step 24/100 ---
2026-09-18 22:16:24,401 - INFO - --- Episode 59, Step 25/100 ---
2026-09-18 22:16:25,061 - INFO - --- Episode 59, Step 26/100 ---
2026-09-18 22:16:25,885 - INFO - --- Episode 59, Step 27/100 ---
2026-09-18 22:16:26,677 - INFO - --- Episode 59, Step 28/100 ---
2026-09-18 22:16:27,470 - INFO - --- Episode 59, Step 29/100 ---
2026-09-18 22:16:28,470 - INFO - --- Episode 59, Step 30/100 ---
2026-09-18 22:16:29,369 - INFO - --- Episode 59, Step 31/100 ---
2026-09-18 22:16:30,209 - INFO - --- Episode 59, Step 32/100 ---
2026-09-18 22:16:49,695 - INFO - HTTP Request: POST http://127.0.0.1:22448/v1/chat/completions "HTTP/1.1 200 OK"
2026-09-18 22:16:51,007 - INFO - --- Episode 59, Step 33/100 ---
2026-09-18 22:16:51,985 - INFO - --- Episode 59, Step 34/100 ---
2026-09-18 22:16:53,130 - INFO - --- Episode 59, Step 35/100 ---
2026-09-18 22:16:54,104 - INFO - --- Episode 59, Step 36/100 ---
2026-09-18 22:16:55,206 - INFO - --- Episode 59, Step 37/100 ---
2026-09-18 22:16:56,354 - INFO - --- Episode 59, Step 38/100 ---
2026-09-18 22:16:57,585 - INFO - --- Episode 59, Step 39/100 ---
2026-09-18 22:16:58,912 - INFO - --- Episode 59, Step 40/100 ---
2026-09-18 22:17:21,183 - INFO - HTTP Request: POST http://127.0.0.1:22448/v1/chat/completions "HTTP/1.1 200 OK"
2026-09-18 22:17:22,943 - INFO - --- Episode 59, Step 41/100 ---
2026-09-18 22:17:24,204 - INFO - --- Episode 59, Step 42/100 ---
2026-09-18 22:17:25,275 - INFO - --- Episode 59, Step 43/100 ---
2026-09-18 22:17:26,573 - INFO - --- Episode 59, Step 44/100 ---
2026-09-18 22:17:28,163 - INFO - --- Episode 59, Step 45/100 ---
2026-09-18 22:17:29,388 - INFO - --- Episode 59, Step 46/100 ---
2026-09-18 22:17:57,110 - INFO - HTTP Request: POST http://127.0.0.1:22448/v1/chat/completions "HTTP/1.1 200 OK"
2026-09-18 22:17:58,888 - INFO - HTTP Request: POST http://127.0.0.1:22448/v1/chat/completions "HTTP/1.1 400 Bad Request"
2026-09-18 22:18:00,062 - INFO - HTTP Request: POST http://127.0.0.1:22448/v1/chat/completions "HTTP/1.1 400 Bad Request"
2026-09-18 22:18:01,167 - INFO - --- Episode 59, Step 47/100 ---
2026-09-18 22:18:36,828 - INFO - HTTP Request: POST http://127.0.0.1:22448/v1/chat/completions "HTTP/1.1 200 OK"
```json
{
"movement": "I have reached the top of the first flight of stairs and am standing on the wooden landing. I have turned slightly to face the opening that leads towards the second staircase.",
"observation": {
    "front view": "I see a hallway/landing area with a white door ahead and an opening to the left leading into a living room where another staircase is visible in the distance.",
    "left view": "There is a large open living area with windows and furniture. The second staircase is visible further into this room.",
    "right view": "I see the wall and handrail of the staircase I just ascended, and a hallway leading to other rooms.",
    "map": "My current position (red triangle) is at the top of the stairs. Waypoint 3 is located on the floor in the direction of the opening to the left, which leads towards the second staircase."
},
"thought": "I have completed the first part of the instruction by walking up the stairs. Now I need to make a slight left and walk toward another set of stairs. The opening to the left leads directly to that area. I should move forward onto the landing and angle myself towards the left where the next staircase is located. Waypoint 3 is on the path towards that second staircase.",
"stuck": false,
"plan": "Move forward and slightly left towards the opening where the second staircase is visible. This will bring me closer to the base of the next stairs as required by the instruction.",
"curr_step": "I need to move from the top of the stairs onto the landing and head towards the second staircase. Waypoint 3 is located on the floor in the direction of the opening to the left, which aligns with my goal.",
"action": 3
}
```
[StairDetect] normals=0.0050s, cpu=0.0004s, cluster=0.0471s, loop=0.0298s, total=0.0931s
Action: turn
--- Height change stabilized. Height diff: 0.47, On platform: True, Metrics: {'inlier_count': 11199, 'local_count': 23666, 'support_ratio': 0.473210512952201, 'vertical_score': 1.0, 'plane_height_mean': 1.2196099758148193, 'agent_z': 1.252023983001709, 'vertical_diff': 0.03241400718688969, 'area_xy': 6.4368, 'radius_est': 1.4313968965272432, 'z_std': 0.012575658038258553, 'occupied_cells': 447, 'bottom_height_tolerance': 0.1}
--- No significant floor change. Height diff: 0.47, On platform: True, Metrics: {'inlier_count': 11199, 'local_count': 23666, 'support_ratio': 0.473210512952201, 'vertical_score': 1.0, 'plane_height_mean': 1.2196099758148193, 'agent_z': 1.252023983001709, 'vertical_diff': 0.03241400718688969, 'area_xy': 6.4368, 'radius_est': 1.4313968965272432, 'z_std': 0.012575658038258553, 'occupied_cells': 447, 'bottom_height_tolerance': 0.1}
Updated floor height: 1.45, ceiling height: 3.25
[StairDetect] normals=0.0049s, cpu=0.0003s, cluster=0.0517s, loop=0.0361s, total=0.1045s
Action: move_forward
[StairDetect] normals=0.0056s, cpu=0.0004s, cluster=0.0528s, loop=0.0365s, total=0.1067s
Action: turn
[StairDetect] normals=0.0062s, cpu=0.0004s, cluster=0.0622s, loop=0.0519s, total=0.1335s
Action: move_forward
[StairDetect] normals=0.0064s, cpu=0.0005s, cluster=0.0618s, loop=0.0531s, total=0.1347s
Action: turn
[StairDetect] normals=0.0070s, cpu=0.0004s, cluster=0.0713s, loop=0.0837s, total=0.1767s
Action: move_forward
[StairDetect] normals=0.0075s, cpu=0.0004s, cluster=0.0717s, loop=0.0861s, total=0.1802s
Action: turn
[StairDetect] normals=0.0073s, cpu=0.0004s, cluster=0.0768s, loop=0.0923s, total=0.1913s
Action: move_forward
[StairDetect] normals=0.0073s, cpu=0.0005s, cluster=0.0763s, loop=0.0913s, total=0.1903s
Action: null
waypoints: 24
skipped waypoints: edge 2,  distance 9,  no_path 7,  occlusion 1
```json
{
"movement": "I have moved across the landing and am now facing the second set of stairs, which are located slightly to the left ahead of me. I am standing near some large wicker vases.",
"observation": {
    "front view": "I see the base of a second staircase directly ahead, slightly to the left. There are steps leading up to a living area with a fireplace.",
    "left view": "There is a dining area and a hallway leading further into the house.",
    "right view": "I see the large wicker vases I just passed and a wall.",
    "map": "My current position is near the 'vase' label. Waypoint 3 is located at the base of the second staircase."
},
"thought": "I have completed the first part of the instruction (walking up the first stairs) and am now walking toward the second set of stairs as instructed. The next subtask is to stop by the base of these stairs. Waypoint 3 is positioned right at the bottom step of this staircase.",
"stuck": false,
"plan": "Move towards the base of the second staircase to complete the current subtask and prepare for the final instruction to stop.",
"curr_step": "I need to reach the base of the stairs. Waypoint 3 is the closest point to the bottom step of the second staircase.",
"action": 3
}
```
[StairDetect] normals=0.0070s, cpu=0.0004s, cluster=0.0845s, loop=0.0982s, total=0.2059s
Action: turn
[StairDetect] normals=0.0084s, cpu=0.0004s, cluster=0.0945s, loop=0.0314s, total=0.1515s
Action: move_forward
[StairDetect] normals=0.0088s, cpu=0.0005s, cluster=0.0948s, loop=0.0321s, total=0.1531s
Action: turn
[StairDetect] normals=0.0101s, cpu=0.0005s, cluster=0.1044s, loop=0.0152s, total=0.1465s
Action: move_forward
[StairDetect] normals=0.0107s, cpu=0.0006s, cluster=0.1201s, loop=0.0097s, total=0.1573s
Action: move_forward
[StairDetect] normals=0.0111s, cpu=0.0005s, cluster=0.1223s, loop=0.0098s, total=0.1604s
Action: turn
[StairDetect] normals=0.0113s, cpu=0.0004s, cluster=0.1236s, loop=0.0128s, total=0.1650s
Action: move_forward
[StairDetect] normals=0.0114s, cpu=0.0005s, cluster=0.1237s, loop=0.0127s, total=0.1657s
Action: null
waypoints: 22
skipped waypoints: edge 4,  distance 8,  no_path 0,  occlusion 5
```json
{
"movement": "I have moved across the landing and am now standing in the living area near the second staircase. I am facing towards the fireplace and sofa, with the stairs to my right.",
"observation": {
    "front view": "I see a living room with a sofa, coffee table, and fireplace. The second staircase is visible to the right.",
    "left view": "There are white double doors leading outside.",
    "right view": "The base of the second staircase is directly to my right.",
    "map": "My current position is near the 'vase' label on the map. Waypoint 3 is located at the foot of the stairs."
},
"thought": "I have completed the first part of the instruction (walking up the first stairs and turning left). I am now walking toward the second set of stairs. The final part of the instruction is to 'Stop by the base of the stairs'. Waypoint 3 is located exactly at the base of these stairs.",
"stuck": false,
"plan": "Move towards waypoint 3 to reach the base of the second staircase and complete the task.",
"curr_step": "I need to reach the base of the stairs. Waypoint 3 is the closest point to the bottom step.",
"action": 3
}
```
[StairDetect] normals=0.0107s, cpu=0.0005s, cluster=0.1246s, loop=0.0130s, total=0.1660s
Action: turn
[StairDetect] normals=0.0117s, cpu=0.0005s, cluster=0.1295s, loop=0.0153s, total=0.1742s
Action: move_forward
[StairDetect] normals=0.0117s, cpu=0.0006s, cluster=0.1294s, loop=0.0145s, total=0.1737s
Action: turn
[StairDetect] normals=0.0114s, cpu=0.0005s, cluster=0.1523s, loop=0.0801s, total=0.2644s
Action: move_forward
[StairDetect] normals=0.0113s, cpu=0.0005s, cluster=0.1343s, loop=0.0797s, total=0.2456s
Action: null
[StairDetect] normals=0.0111s, cpu=0.0005s, cluster=0.1352s, loop=0.0626s, total=0.2294s
Action: turn
waypoints: 22
skipped waypoints: edge 3,  distance 4,  no_path 2,  occlusion 4

[StairDetect] normals=0.0110s, cpu=0.0005s, cluster=0.1354s, loop=0.0629s, total=0.2297s
Action: stop
waypoints: 22
skipped waypoints: edge 3,  distance 4,  no_path 2,  occlusion 4
2026-09-18 22:18:37,964 - INFO - --- Episode 59, Step 48/100 ---
2026-09-18 22:19:03,749 - INFO - HTTP Request: POST http://127.0.0.1:22448/v1/chat/completions "HTTP/1.1 200 OK"
 20%|██        | 10/50 [2:05:49<7:27:19, 671.00s/it]Renderer: NVIDIA GeForce RTX 4090/PCIe/SSE2 by NVIDIA Corporation
OpenGL version: 4.6.0 NVIDIA 590.48.01
Using optional features:
    GL_ARB_vertex_array_object
    GL_ARB_separate_shader_objects
    GL_ARB_robustness
    GL_ARB_texture_storage
    GL_ARB_texture_view
    GL_ARB_framebuffer_no_attachments
    GL_ARB_invalidate_subdata
    GL_ARB_texture_storage_multisample
    GL_ARB_multi_bind
    GL_ARB_direct_state_access
    GL_ARB_get_texture_sub_image
    GL_ARB_texture_filter_anisotropic
    GL_KHR_debug
    GL_KHR_parallel_shader_compile
    GL_NV_depth_buffer_float
Using driver workarounds:
    no-forward-compatible-core-context
    nv-egl-incorrect-gl11-function-pointers
    no-layout-qualifiers-on-old-glsl
    nv-zero-context-profile-mask
    nv-implementation-color-read-format-dsa-broken
    nv-cubemap-inconsistent-compressed-image-size
    nv-cubemap-broken-full-compressed-image-query
    nv-compressed-block-size-in-bits
[22:19:07:970486]:[Warning]:[Metadata] SceneDatasetAttributes.cpp(107)::addNewSceneInstanceToDataset : Dataset : 'default' : Lighting Layout Attributes 'no_lights' specified in Scene Attributes but does not exist in dataset, so creating default.
2026-09-18 22:19:18,937 - INFO - Simulator initialized!
2026-09-18 22:19:40,531 - INFO - HTTP Request: POST http://127.0.0.1:22448/v1/chat/completions "HTTP/1.1 200 OK"
2026-09-18 22:19:41,258 - INFO - --- Episode 60, Step 1/100 ---
2026-09-18 22:23:00,590 - INFO - HTTP Request: POST http://127.0.0.1:22448/v1/chat/completions "HTTP/1.1 200 OK"
2026-09-18 22:26:02,507 - INFO - HTTP Request: POST http://127.0.0.1:22448/v1/chat/completions "HTTP/1.1 200 OK"
2026-09-18 22:28:46,340 - INFO - HTTP Request: POST http://127.0.0.1:22448/v1/chat/completions "HTTP/1.1 200 OK"
2026-09-18 22:28:47,014 - INFO - --- Episode 60, Step 2/100 ---
2026-09-18 22:31:11,679 - INFO - HTTP Request: POST http://127.0.0.1:22448/v1/chat/completions "HTTP/1.1 200 OK"
2026-09-18 22:33:17,500 - INFO - HTTP Request: POST http://127.0.0.1:22448/v1/chat/completions "HTTP/1.1 200 OK"
2026-09-18 22:33:43,053 - INFO - HTTP Request: POST http://127.0.0.1:22448/v1/chat/completions "HTTP/1.1 200 OK"
2026-09-18 22:33:43,663 - INFO - --- Episode 60, Step 3/100 ---
2026-09-18 22:34:04,520 - INFO - HTTP Request: POST http://127.0.0.1:22448/v1/chat/completions "HTTP/1.1 200 OK"
2026-09-18 22:34:05,199 - INFO - --- Episode 60, Step 4/100 ---
2026-09-18 22:34:06,042 - INFO - --- Episode 60, Step 5/100 ---
2026-09-18 22:34:06,647 - INFO - --- Episode 60, Step 6/100 ---
2026-09-18 22:34:07,225 - INFO - --- Episode 60, Step 7/100 ---
2026-09-18 22:34:07,744 - INFO - --- Episode 60, Step 8/100 ---
2026-09-18 22:34:08,410 - INFO - --- Episode 60, Step 9/100 ---
2026-09-18 22:34:54,405 - INFO - HTTP Request: POST http://127.0.0.1:22448/v1/chat/completions "HTTP/1.1 200 OK"
2026-09-18 22:35:19,575 - INFO - HTTP Request: POST http://127.0.0.1:22448/v1/chat/completions "HTTP/1.1 200 OK"
2026-09-18 22:35:20,398 - INFO - --- Episode 60, Step 10/100 ---
2026-09-18 22:35:21,023 - INFO - --- Episode 60, Step 11/100 ---
2026-09-18 22:35:21,643 - INFO - --- Episode 60, Step 12/100 ---
2026-09-18 22:35:22,147 - INFO - --- Episode 60, Step 13/100 ---
2026-09-18 22:35:55,627 - INFO - HTTP Request: POST http://127.0.0.1:22448/v1/chat/completions "HTTP/1.1 200 OK"
```json
{
"movement": "I have moved across the landing and am now standing in the living area near the second staircase. I am facing towards the fireplace and sofa, with the stairs to my right.",
"observation": {
    "front view": "I see a living room with a sofa, coffee table, and fireplace. The second staircase is visible to the right.",
    "left view": "There are white double doors leading outside.",
    "right view": "The base of the second staircase is directly to my right.",
    "map": "My current position is near waypoint 6. The second staircase is located to the right, very close to my current position."
},
"thought": "I have completed the first part of the instruction (walking up the first stairs and turning left). I have walked toward the second set of stairs and am now standing right next to them (visible in the Right View). The current subtask P1 is complete. I should complete it to proceed to P2 'Stop by the base of the stairs', which I am already effectively at.",
"stuck": false,
"plan": "Complete P1 as I have reached the second set of stairs. Then proceed to P2 to stop by the base.",
"curr_step": "P1 is completed as I have reached the vicinity of the second set of stairs.",
"action": -1
}
```
[StairDetect] normals=0.0102s, cpu=0.0006s, cluster=0.1370s, loop=0.0626s, total=0.2302s
Action: pause
waypoints: 22
skipped waypoints: edge 3,  distance 4,  no_path 2,  occlusion 4
```json
{
"movement": "I have moved across the landing and am now standing in the living area near the second staircase. I am facing towards the fireplace and sofa, with the stairs to my right.",
"observation": {
    "front view": "I see a living room with a sofa, coffee table, and fireplace. The second staircase is visible to the right.",
    "left view": "There are white double doors leading outside.",
    "right view": "The base of the second staircase is directly to my right.",
    "map": "My current position is near waypoint 6. The second staircase is located to the right, very close to my current position."
},
"thought": "I have completed the first part of the instruction (walking up the first stairs and turning left). I have walked toward the second set of stairs and am now standing right next to them (visible in the Right View). The current subtask P2 is 'Stop by the base of the stairs'. Since I am already at the base of the stairs, I should complete this task.",
"stuck": false,
"plan": "Complete P2 as I have reached the base of the second set of stairs.",
"curr_step": "P2 is completed as I am standing by the base of the stairs.",
"action": -1
}
```
[StairDetect] normals=0.0101s, cpu=0.0005s, cluster=0.1361s, loop=0.0633s, total=0.2302s
Action: stop
['Walk out of the bathroom passed the sink and shower.', 'Walk down the hallway through the arch ed entry and circular tiled room.', 'Turn and walk into the bedroom with hanging curtains wooden bed frame.']
Initialized data for new floor level: 0
Switching pcds to floor level: 0
Initialized data for new floor level: 0
Switching pcds to floor level: 0
Initialized data for new floor level: 0
Switching pcds to floor level: 0
[StairDetect] normals=0.0022s, cpu=0.0001s, cluster=0.0232s, loop=0.0106s, total=0.0394s
waypoints: 9
skipped waypoints: edge 0,  distance 0,  no_path 2,  occlusion 4



Calculated floor height difference: 2.12m
Action: stop
waypoints: 5
skipped waypoints: edge 0,  distance 0,  no_path 0,  occlusion 4


```json
{
"movement": "I am currently standing in the bathroom facing the toilet and shower area. I have not moved yet.",
"observation": {
    "front view": "I see a white toilet directly ahead and a tiled wall (likely the shower) behind it. To the right is the edge of the sink vanity.",
    "left view": "I see a wooden door frame leading out to a hallway with a patterned rug on the floor.",
    "right view": "I see a large sink vanity with a mirror and towels hanging on the wall.",
    "map": "The map shows my current position (blue triangle) inside the bathroom near the toilet area. The exit path appears to be towards the left based on the visual evidence."
},
"thought": "The instruction is to walk out of the bathroom passed the sink and shower. Currently, I am facing the toilet and shower. The exit door is visible in my left view, leading to a hallway. To follow the instruction, I need to turn towards this exit.",
"stuck": false,
"plan": "I will turn left to face the exit door seen in the left view. Then I will move forward out of the bathroom into the hallway.",
"curr_step": "I am currently facing the toilet. The exit is to my left. I need to turn left to align with the doorway.",
"action": "L"
}
```
Action: turn
waypoints: 7
skipped waypoints: edge 0,  distance 2,  no_path 2,  occlusion 1
```json
{
"observation": {
    "front view": "I see a wooden door frame on the left and a towel rack with orange towels on the right. Between them is an opening leading out of the bathroom. A toilet is visible further back to the right.",
    "left view": "I see a sink vanity on the left and a doorway leading out to a hallway with a patterned rug.",
    "right view": "I see the toilet and a tiled shower wall behind it.",
    "map": "The map shows my current position near the toilet. The path forward leads out of the bathroom towards the top of the map."
},
"thought": "I am currently in the bathroom facing the exit doorway, which is situated between the wooden door frame on the left and the towel rack/toilet area on the right. The instruction is to walk out of the bathroom passed the sink and shower. Moving forward will take me through the doorway, passing the sink (which is on my left as I exit) and the shower/toilet area (on my right). This aligns with the path shown on the map.",
"stuck": false,
"plan": "Move forward through the doorway to exit the bathroom and enter the hallway. This will complete subtask P1.",
"curr_step": "I am facing the exit. The path is clear ahead. I need to move forward to pass through the door.",
"action": 1
}
```
Action: turn
Action: move_forward
Action: turn
Action: move_forward
Action: null
Action: turn
waypoints: 15
skipped waypoints: edge 1,  distance 8,  no_path 3,  occlusion 1

```json
{
"movement": "I have exited the bathroom and am now standing in the hallway on a patterned rug. I am facing down the hallway towards an arched entryway.",
"observation": {
    "front view": "A long hallway with a runner rug leads straight ahead towards an arched doorway. To the right is a wall with a painting. To the left are curtains covering a window.",
    "left view": "Curtains and a window are visible on the left side of the hallway.",
    "right view": "The doorway to the bathroom I just exited is visible, showing the sink and toilet inside.",
    "map": "The map shows my position in the hallway, having moved away from the start point (bathroom). The path ahead leads towards an arched area."
},
"thought": "I have successfully walked out of the bathroom. The instruction P1 is 'Walk out of the bathroom passed the sink and shower.' I am now in the hallway. The next task P2 is 'Walk down the hallway through the arch ed entry...'. To progress, I need to continue moving down this hallway towards the archway visible in the front view. The rug on the floor guides the path.",
"stuck": false,
"plan": "Move forward along the rug in the hallway towards the arched entryway. This will complete the transition from P1 to P2 and move me towards the circular tiled room mentioned in P2.",
"curr_step": "I am currently in the hallway just outside the bathroom. I need to proceed down the hallway. The path is clear ahead.",
"action": 1
}
```
Action: turn
Action: move_forward
Action: null
Action: turn
waypoints: 17
skipped waypoints: edge 0,  distance 8,  no_path 2,  occlusion 5
2026-09-18 22:35:56,249 - INFO - --- Episode 60, Step 14/100 ---
2026-09-18 22:36:33,953 - INFO - HTTP Request: POST http://127.0.0.1:22448/v1/chat/completions "HTTP/1.1 200 OK"
2026-09-18 22:37:05,332 - INFO - HTTP Request: POST http://127.0.0.1:22448/v1/chat/completions "HTTP/1.1 200 OK"
2026-09-18 22:37:29,999 - INFO - HTTP Request: POST http://127.0.0.1:22448/v1/chat/completions "HTTP/1.1 200 OK"
 22%|██▏       | 11/50 [2:24:13<8:42:17, 803.52s/it]Renderer: NVIDIA GeForce RTX 4090/PCIe/SSE2 by NVIDIA Corporation
OpenGL version: 4.6.0 NVIDIA 590.48.01
Using optional features:
    GL_ARB_vertex_array_object
    GL_ARB_separate_shader_objects
    GL_ARB_robustness
    GL_ARB_texture_storage
    GL_ARB_texture_view
    GL_ARB_framebuffer_no_attachments
    GL_ARB_invalidate_subdata
    GL_ARB_texture_storage_multisample
    GL_ARB_multi_bind
    GL_ARB_direct_state_access
    GL_ARB_get_texture_sub_image
    GL_ARB_texture_filter_anisotropic
    GL_KHR_debug
    GL_KHR_parallel_shader_compile
    GL_NV_depth_buffer_float
Using driver workarounds:
    no-forward-compatible-core-context
    nv-egl-incorrect-gl11-function-pointers
    no-layout-qualifiers-on-old-glsl
    nv-zero-context-profile-mask
    nv-implementation-color-read-format-dsa-broken
    nv-cubemap-inconsistent-compressed-image-size
    nv-cubemap-broken-full-compressed-image-query
    nv-compressed-block-size-in-bits
[22:37:31:983576]:[Warning]:[Metadata] SceneDatasetAttributes.cpp(107)::addNewSceneInstanceToDataset : Dataset : 'default' : Lighting Layout Attributes 'no_lights' specified in Scene Attributes but does not exist in dataset, so creating default.
2026-09-18 22:37:43,812 - INFO - Simulator initialized!
2026-09-18 22:38:12,332 - INFO - HTTP Request: POST http://127.0.0.1:22448/v1/chat/completions "HTTP/1.1 200 OK"
2026-09-18 22:38:12,930 - INFO - --- Episode 61, Step 1/100 ---
2026-09-18 22:41:47,692 - INFO - HTTP Request: POST http://127.0.0.1:22448/v1/chat/completions "HTTP/1.1 200 OK"
2026-09-18 22:41:51,404 - INFO - HTTP Request: POST http://127.0.0.1:22448/v1/chat/completions "HTTP/1.1 500 Internal Server Error"
2026-09-18 22:41:51,405 - INFO - Retrying request to /chat/completions in 0.379562 seconds
2026-09-18 22:45:11,319 - INFO - HTTP Request: POST http://127.0.0.1:22448/v1/chat/completions "HTTP/1.1 200 OK"
2026-09-18 22:47:58,800 - INFO - HTTP Request: POST http://127.0.0.1:22448/v1/chat/completions "HTTP/1.1 200 OK"
2026-09-18 22:47:59,410 - INFO - --- Episode 61, Step 2/100 ---
2026-09-18 22:50:30,816 - INFO - HTTP Request: POST http://127.0.0.1:22448/v1/chat/completions "HTTP/1.1 200 OK"
2026-09-18 22:52:43,308 - INFO - HTTP Request: POST http://127.0.0.1:22448/v1/chat/completions "HTTP/1.1 200 OK"
2026-09-18 22:54:35,291 - INFO - HTTP Request: POST http://127.0.0.1:22448/v1/chat/completions "HTTP/1.1 200 OK"
 24%|██▍       | 12/50 [2:41:17<9:11:29, 870.78s/it]Renderer: NVIDIA GeForce RTX 4090/PCIe/SSE2 by NVIDIA Corporation
OpenGL version: 4.6.0 NVIDIA 590.48.01
Using optional features:
    GL_ARB_vertex_array_object
    GL_ARB_separate_shader_objects
    GL_ARB_robustness
    GL_ARB_texture_storage
    GL_ARB_texture_view
    GL_ARB_framebuffer_no_attachments
    GL_ARB_invalidate_subdata
    GL_ARB_texture_storage_multisample
    GL_ARB_multi_bind
    GL_ARB_direct_state_access
    GL_ARB_get_texture_sub_image
    GL_ARB_texture_filter_anisotropic
    GL_KHR_debug
    GL_KHR_parallel_shader_compile
    GL_NV_depth_buffer_float
Using driver workarounds:
    no-forward-compatible-core-context
    nv-egl-incorrect-gl11-function-pointers
    no-layout-qualifiers-on-old-glsl
    nv-zero-context-profile-mask
    nv-implementation-color-read-format-dsa-broken
    nv-cubemap-inconsistent-compressed-image-size
    nv-cubemap-broken-full-compressed-image-query
    nv-compressed-block-size-in-bits
[22:54:36:577198]:[Warning]:[Metadata] SceneDatasetAttributes.cpp(107)::addNewSceneInstanceToDataset : Dataset : 'default' : Lighting Layout Attributes 'no_lights' specified in Scene Attributes but does not exist in dataset, so creating default.
2026-09-18 22:54:47,950 - INFO - Simulator initialized!
2026-09-18 22:55:20,773 - INFO - HTTP Request: POST http://127.0.0.1:22448/v1/chat/completions "HTTP/1.1 200 OK"
2026-09-18 22:55:21,459 - INFO - --- Episode 62, Step 1/100 ---
2026-09-18 22:58:47,211 - INFO - HTTP Request: POST http://127.0.0.1:22448/v1/chat/completions "HTTP/1.1 200 OK"
2026-09-18 23:01:54,126 - INFO - HTTP Request: POST http://127.0.0.1:22448/v1/chat/completions "HTTP/1.1 200 OK"
2026-09-18 23:04:45,063 - INFO - HTTP Request: POST http://127.0.0.1:22448/v1/chat/completions "HTTP/1.1 200 OK"
2026-09-18 23:04:45,611 - INFO - --- Episode 62, Step 2/100 ---
2026-09-18 23:07:15,685 - INFO - HTTP Request: POST http://127.0.0.1:22448/v1/chat/completions "HTTP/1.1 200 OK"
2026-09-18 23:09:25,380 - INFO - HTTP Request: POST http://127.0.0.1:22448/v1/chat/completions "HTTP/1.1 200 OK"
2026-09-18 23:11:17,921 - INFO - HTTP Request: POST http://127.0.0.1:22448/v1/chat/completions "HTTP/1.1 200 OK"
 26%|██▌       | 13/50 [2:58:00<9:21:37, 910.73s/it]Renderer: NVIDIA GeForce RTX 4090/PCIe/SSE2 by NVIDIA Corporation
OpenGL version: 4.6.0 NVIDIA 590.48.01
Using optional features:
    GL_ARB_vertex_array_object
    GL_ARB_separate_shader_objects
    GL_ARB_robustness
    GL_ARB_texture_storage
    GL_ARB_texture_view
    GL_ARB_framebuffer_no_attachments
    GL_ARB_invalidate_subdata
    GL_ARB_texture_storage_multisample
    GL_ARB_multi_bind
    GL_ARB_direct_state_access
    GL_ARB_get_texture_sub_image
    GL_ARB_texture_filter_anisotropic
    GL_KHR_debug
    GL_KHR_parallel_shader_compile
    GL_NV_depth_buffer_float
Using driver workarounds:
    no-forward-compatible-core-context
    nv-egl-incorrect-gl11-function-pointers
    no-layout-qualifiers-on-old-glsl
    nv-zero-context-profile-mask
    nv-implementation-color-read-format-dsa-broken
    nv-cubemap-inconsistent-compressed-image-size
    nv-cubemap-broken-full-compressed-image-query
    nv-compressed-block-size-in-bits
[23:11:19:244036]:[Warning]:[Metadata] SceneDatasetAttributes.cpp(107)::addNewSceneInstanceToDataset : Dataset : 'default' : Lighting Layout Attributes 'no_lights' specified in Scene Attributes but does not exist in dataset, so creating default.
2026-09-18 23:11:29,768 - INFO - Simulator initialized!
2026-09-18 23:11:53,354 - INFO - HTTP Request: POST http://127.0.0.1:22448/v1/chat/completions "HTTP/1.1 200 OK"
2026-09-18 23:11:54,017 - INFO - --- Episode 63, Step 1/100 ---
2026-09-18 23:15:20,594 - INFO - HTTP Request: POST http://127.0.0.1:22448/v1/chat/completions "HTTP/1.1 200 OK"
2026-09-18 23:18:28,284 - INFO - HTTP Request: POST http://127.0.0.1:22448/v1/chat/completions "HTTP/1.1 200 OK"
2026-09-18 23:19:19,118 - INFO - HTTP Request: POST http://127.0.0.1:22448/v1/chat/completions "HTTP/1.1 200 OK"
2026-09-18 23:19:19,843 - INFO - --- Episode 63, Step 2/100 ---
2026-09-18 23:19:20,323 - INFO - --- Episode 63, Step 3/100 ---
2026-09-18 23:19:20,920 - INFO - --- Episode 63, Step 4/100 ---
2026-09-18 23:19:21,763 - INFO - --- Episode 63, Step 5/100 ---
2026-09-18 23:19:22,424 - INFO - --- Episode 63, Step 6/100 ---
2026-09-18 23:19:23,028 - INFO - --- Episode 63, Step 7/100 ---
2026-09-18 23:19:23,562 - INFO - --- Episode 63, Step 8/100 ---
2026-09-18 23:19:24,153 - INFO - --- Episode 63, Step 9/100 ---
2026-09-18 23:19:24,920 - INFO - --- Episode 63, Step 10/100 ---
```json
{
"movement": "I have moved out of the bathroom and am now standing on a rug in the hallway, facing towards an arched entryway further down.",
"observation": {
    "front view": "A long hallway with a runner rug leads straight ahead towards an arched doorway. To the right is a wall with a painting. To the left are curtains covering a window.",
    "left view": "Curtains and a window are visible on the left side of the hallway.",
    "right view": "The doorway to the bathroom I just exited is visible, showing the sink and toilet inside.",
    "map": "The map shows my position in the hallway, having moved away from the start point (bathroom). The path ahead leads towards an arched area."
},
"thought": "I have successfully walked out of the bathroom and passed the sink and shower as instructed in P1. I am now in the hallway facing the direction of the next subtask (P2: Walk down the hallway through the arch ed entry...). Therefore, P1 is complete.",
"stuck": false,
"plan": "Complete subtask P1 as I have exited the bathroom. The next step will be to proceed down the hallway towards the arched entryway for subtask P2.",
"curr_step": "I am currently in the hallway just outside the bathroom. I have passed the sink and shower. The instruction for P1 is satisfied.",
"action": -1
}
```
Action: pause
waypoints: 17
skipped waypoints: edge 0,  distance 8,  no_path 2,  occlusion 5
```json
{
"movement": "I have exited the bathroom and am standing in the hallway on a rug. I am facing down the hallway towards an arched entryway in the distance.",
"observation": {
    "front view": "A long hallway with a runner rug leads straight ahead towards an arched doorway. To the right is a wall with a painting. To the left are curtains covering a window.",
    "left view": "Curtains and a window are visible on the left side of the hallway.",
    "right view": "The doorway to the bathroom I just exited is visible, showing the sink and toilet inside.",
    "map": "The map shows my position in the hallway, having moved away from the start point (bathroom). The path ahead leads towards an arched area."
},
"thought": "I am currently in the hallway facing the direction of the next subtask (P2: Walk down the hallway through the arch ed entry...). The arched entryway is visible straight ahead at the end of the hallway. I need to continue moving forward along the rug to reach it.",
"stuck": false,
"plan": "Move forward along the hallway towards the arched entryway. This will progress me through the hallway as required by P2.",
"curr_step": "I am currently in the hallway just outside the bathroom. I need to proceed down the hallway. The path is clear ahead.",
"action": 1
}
```


Action: stop
['Exit the bathroom and go right, then turn left at the big clock', 'go into the bedroom and wait next to the bed.']
Initialized data for new floor level: 0
Switching pcds to floor level: 0
Initialized data for new floor level: 0
Switching pcds to floor level: 0
Initialized data for new floor level: 0
Switching pcds to floor level: 0
[StairDetect] normals=0.0023s, cpu=0.0002s, cluster=0.0243s, loop=0.0118s, total=0.0418s
waypoints: 9
skipped waypoints: edge 0,  distance 0,  no_path 2,  occlusion 4



Calculated floor height difference: 2.12m
Action: stop
waypoints: 5
skipped waypoints: edge 0,  distance 0,  no_path 0,  occlusion 4



Action: stop
['Exit the bathroom, and take a right turn. Keep walking to the place with a clock hanging on the wall,', 'and then make a hard left into a bedroom. Wait at the bedroom.']
Initialized data for new floor level: 0
Switching pcds to floor level: 0
Initialized data for new floor level: 0
Switching pcds to floor level: 0
Initialized data for new floor level: 0
Switching pcds to floor level: 0
[StairDetect] normals=0.0022s, cpu=0.0002s, cluster=0.0249s, loop=0.0115s, total=0.0419s
waypoints: 9
skipped waypoints: edge 0,  distance 0,  no_path 2,  occlusion 4



Calculated floor height difference: 2.12m
Action: stop
waypoints: 5
skipped waypoints: edge 0,  distance 0,  no_path 0,  occlusion 4



Action: stop
['Go forward and make a left to the bottom of the stairs.', 'Head up the steps and go left to head up the second set of steps.', 'Wait near the stair landing.']
Initialized data for new floor level: 0
Switching pcds to floor level: 0
Initialized data for new floor level: 0
Switching pcds to floor level: 0
Initialized data for new floor level: 0
Switching pcds to floor level: 0
[StairDetect] normals=0.0026s, cpu=0.0003s, cluster=0.0359s, loop=0.0192s, total=0.0625s
waypoints: 7
skipped waypoints: edge 2,  distance 0,  no_path 0,  occlusion 0


```json
{
"movement": "I am currently at the top of a staircase looking down. The front view shows the stairs leading down to an outdoor area with greenery visible through an opening. To my left is a wall with hieroglyphs. To my right is a plain wall. The map indicates I am facing downwards towards waypoints 1 and 2 at the bottom of the stairs.",
"observation": {
    "front view": "A set of stone stairs leading down to an opening that reveals an outdoor area with trees and greenery. There are two waypoints, 1 and 2, visible at the bottom near the opening.",
    "left view": "A wall covered in Egyptian-style hieroglyphs.",
    "right view": "A plain, light-colored wall.",
    "map": "The map shows my current position (blue triangle) at the top of a vertical path (the stairs). Waypoints 1 and 2 are located at the bottom of this path."
},
"thought": "The instruction is to 'Go forward and make a left to the bottom of the stairs.' I am currently facing the stairs directly. This implies that 'Go forward' means to descend these stairs. Once at the bottom, I will need to make a left turn. The map shows waypoints 1 and 2 at the bottom of the stairs. Since the instruction mentions making a left, aiming for waypoint 2 (which is on the left side of the opening) seems appropriate as it positions me closer to the left side where I might need to turn or proceed.",
"stuck": false,
"plan": "Descend the stairs by moving forward towards the bottom. Once at the bottom near waypoints 1 and 2, I will look to make a left turn as instructed.",
"curr_step": "I am at the top of the stairs. The next subtask is to go down them. Waypoint 2 is located at the bottom left of the stair landing, which aligns with the direction of travel (down) and potentially the subsequent left turn.",
"action": 2
}
```
Calculated floor height difference: 3.36m
[StairDetect] normals=0.0029s, cpu=0.0002s, cluster=0.0369s, loop=0.0247s, total=0.0701s
Action: turn
--- Height change stabilized. Height diff: -0.51, On platform: True, Metrics: {'inlier_count': 3552, 'local_count': 26712, 'support_ratio': 0.13297394428972095, 'vertical_score': 1.0, 'plane_height_mean': -1.765045166015625, 'agent_z': -1.7077098608016967, 'vertical_diff': 0.05733530521392827, 'area_xy': 1.9007999999999998, 'radius_est': 0.7778453777314288, 'z_std': 0.034313447773456573, 'occupied_cells': 132, 'bottom_height_tolerance': 0.1}
---!Floor change detected. From level 0 to -1.
Saving data for floor level: 0
Initialized data for new floor level: -1
Switching pcds to floor level: -1
!Switched to floor level: -1
Updated floor height: -1.57, ceiling height: 0.23, height diff: -0.51
[StairDetect] normals=0.0028s, cpu=0.0002s, cluster=0.0337s, loop=0.0030s, total=0.0428s
Action: move_forward
[StairDetect] normals=0.0030s, cpu=0.0002s, cluster=0.0359s, loop=0.0031s, total=0.0456s
Action: turn
[StairDetect] normals=0.0036s, cpu=0.0003s, cluster=0.0372s, loop=0.0020s, total=0.0465s
Action: move_forward
[StairDetect] normals=0.0037s, cpu=0.0003s, cluster=0.0385s, loop=0.0019s, total=0.0480s
Action: turn
[StairDetect] normals=0.0042s, cpu=0.0003s, cluster=0.0425s, loop=0.0023s, total=0.0532s
Action: move_forward
[StairDetect] normals=0.0041s, cpu=0.0003s, cluster=0.0421s, loop=0.0022s, total=0.0526s
Action: turn
[StairDetect] normals=0.0041s, cpu=0.0003s, cluster=0.0421s, loop=0.0022s, total=0.0525s
Action: move_forward
[StairDetect] normals=0.0042s, cpu=0.0003s, cluster=0.0426s, loop=0.0022s, total=0.0530s
Action: move_forward
2026-09-18 23:19:25,464 - INFO - --- Episode 63, Step 11/100 ---
2026-09-18 23:19:25,984 - INFO - --- Episode 63, Step 12/100 ---
2026-09-18 23:19:26,654 - INFO - --- Episode 63, Step 13/100 ---
2026-09-18 23:19:27,322 - INFO - --- Episode 63, Step 14/100 ---
2026-09-18 23:19:28,020 - INFO - --- Episode 63, Step 15/100 ---
2026-09-18 23:21:09,413 - INFO - HTTP Request: POST http://127.0.0.1:22448/v1/chat/completions "HTTP/1.1 200 OK"
2026-09-18 23:21:48,902 - INFO - HTTP Request: POST http://127.0.0.1:22448/v1/chat/completions "HTTP/1.1 200 OK"
2026-09-18 23:21:49,600 - INFO - --- Episode 63, Step 16/100 ---
2026-09-18 23:21:50,285 - INFO - --- Episode 63, Step 17/100 ---
2026-09-18 23:21:50,931 - INFO - --- Episode 63, Step 18/100 ---
2026-09-18 23:21:51,578 - INFO - --- Episode 63, Step 19/100 ---
2026-09-18 23:21:52,328 - INFO - --- Episode 63, Step 20/100 ---
2026-09-18 23:21:52,924 - INFO - --- Episode 63, Step 21/100 ---
2026-09-18 23:21:53,487 - INFO - --- Episode 63, Step 22/100 ---
2026-09-18 23:21:54,046 - INFO - --- Episode 63, Step 23/100 ---
2026-09-18 23:23:10,519 - INFO - HTTP Request: POST http://127.0.0.1:22448/v1/chat/completions "HTTP/1.1 200 OK"
2026-09-18 23:24:05,453 - INFO - HTTP Request: POST http://127.0.0.1:22448/v1/chat/completions "HTTP/1.1 200 OK"
2026-09-18 23:24:30,969 - INFO - HTTP Request: POST http://127.0.0.1:22448/v1/chat/completions "HTTP/1.1 200 OK"
2026-09-18 23:24:31,589 - INFO - --- Episode 63, Step 24/100 ---
2026-09-18 23:25:22,320 - INFO - HTTP Request: POST http://127.0.0.1:22448/v1/chat/completions "HTTP/1.1 200 OK"
2026-09-18 23:25:56,350 - INFO - HTTP Request: POST http://127.0.0.1:22448/v1/chat/completions "HTTP/1.1 200 OK"
2026-09-18 23:25:57,267 - INFO - --- Episode 63, Step 25/100 ---
 28%|██▊       | 14/50 [3:12:40<9:00:53, 901.50s/it]Renderer: NVIDIA GeForce RTX 4090/PCIe/SSE2 by NVIDIA Corporation
OpenGL version: 4.6.0 NVIDIA 590.48.01
Using optional features:
    GL_ARB_vertex_array_object
    GL_ARB_separate_shader_objects
    GL_ARB_robustness
    GL_ARB_texture_storage
    GL_ARB_texture_view
    GL_ARB_framebuffer_no_attachments
    GL_ARB_invalidate_subdata
    GL_ARB_texture_storage_multisample
    GL_ARB_multi_bind
    GL_ARB_direct_state_access
    GL_ARB_get_texture_sub_image
    GL_ARB_texture_filter_anisotropic
    GL_KHR_debug
    GL_KHR_parallel_shader_compile
    GL_NV_depth_buffer_float
Using driver workarounds:
    no-forward-compatible-core-context
    nv-egl-incorrect-gl11-function-pointers
    no-layout-qualifiers-on-old-glsl
    nv-zero-context-profile-mask
    nv-implementation-color-read-format-dsa-broken
    nv-cubemap-inconsistent-compressed-image-size
    nv-cubemap-broken-full-compressed-image-query
    nv-compressed-block-size-in-bits
[23:25:59:408127]:[Warning]:[Metadata] SceneDatasetAttributes.cpp(107)::addNewSceneInstanceToDataset : Dataset : 'default' : Lighting Layout Attributes 'no_lights' specified in Scene Attributes but does not exist in dataset, so creating default.
2026-09-18 23:26:10,616 - INFO - Simulator initialized!
2026-09-18 23:26:40,720 - INFO - HTTP Request: POST http://127.0.0.1:22448/v1/chat/completions "HTTP/1.1 200 OK"
2026-09-18 23:26:41,334 - INFO - --- Episode 64, Step 1/100 ---
2026-09-18 23:30:12,158 - INFO - HTTP Request: POST http://127.0.0.1:22448/v1/chat/completions "HTTP/1.1 200 OK"
2026-09-18 23:31:13,060 - INFO - HTTP Request: POST http://127.0.0.1:22448/v1/chat/completions "HTTP/1.1 200 OK"
[StairDetect] normals=0.0041s, cpu=0.0003s, cluster=0.0426s, loop=0.0023s, total=0.0528s
Action: move_forward
[StairDetect] normals=0.0041s, cpu=0.0003s, cluster=0.0423s, loop=0.0022s, total=0.0527s
Action: move_forward
[StairDetect] normals=0.0041s, cpu=0.0003s, cluster=0.0425s, loop=0.0022s, total=0.0529s
Action: move_forward
[StairDetect] normals=0.0041s, cpu=0.0002s, cluster=0.0424s, loop=0.0022s, total=0.0527s
Action: move_forward
[StairDetect] normals=0.0041s, cpu=0.0003s, cluster=0.0424s, loop=0.0022s, total=0.0529s
Action: move_forward
detected agent stuck, last8 steps position changes: [0.0, 0.0, 0.0, 0.0, 0.0, 0.0, 0.0, 0.0]
waypoints: 2
skipped waypoints: edge 1,  distance 0,  no_path 0,  occlusion 0

```json
{
"movement": "I have descended the stairs and am now at the bottom landing. I am facing a narrow passage with a mossy wall on the left and a white wall on the right. There is a grate on the floor ahead. Waypoint 1 is visible on the ground near the left wall.",
"observation": {
    "front view": "A narrow passage leading towards an opening with greenery (B). On the left is a mossy, textured wall. On the right is a white wall. A metal grate is on the floor. Waypoint 1 is marked on the ground near the left side.",
    "left view": "A close-up of the door frame/wall structure to the left.",
    "right view": "A dark doorway and wall to the right.",
    "map": "The map shows my position at the bottom of the stairs (blue triangle). Waypoint 1 is just ahead on the path."
},
"thought": "I have completed the descent of the first set of stairs. The instruction for P1 is 'Go forward and make a left to the bottom of the stairs.' I am now at the bottom. The phrase 'make a left' likely refers to positioning myself towards the left side of the landing or following the path which leads slightly left towards waypoint 1. Waypoint 1 is clearly visible on the ground near the left wall. Moving to this waypoint will complete P1 and position me to find the next set of steps for P2.",
"stuck": false,
"plan": "Move forward towards waypoint 1, which is located on the ground near the left wall at the bottom of the stairs. This will complete the current subtask P1.",
"curr_step": "I am at the bottom of the stairs. Waypoint 1 is directly ahead and slightly to the left. Moving to it completes the instruction 'make a left to the bottom'.",
"action": 1
}
```
[StairDetect] normals=0.0041s, cpu=0.0003s, cluster=0.0423s, loop=0.0023s, total=0.0527s
Action: turn
[StairDetect] normals=0.0040s, cpu=0.0002s, cluster=0.0457s, loop=0.0023s, total=0.0562s
Action: move_forward
[StairDetect] normals=0.0044s, cpu=0.0003s, cluster=0.0422s, loop=0.0022s, total=0.0530s
Action: move_forward
[StairDetect] normals=0.0044s, cpu=0.0003s, cluster=0.0444s, loop=0.0024s, total=0.0557s
Action: move_forward
[StairDetect] normals=0.0045s, cpu=0.0003s, cluster=0.0450s, loop=0.0022s, total=0.0559s
Action: move_forward
[StairDetect] normals=0.0045s, cpu=0.0002s, cluster=0.0419s, loop=0.0022s, total=0.0525s
Action: move_forward
[StairDetect] normals=0.0044s, cpu=0.0002s, cluster=0.0438s, loop=0.0023s, total=0.0549s
Action: move_forward
[StairDetect] normals=0.0043s, cpu=0.0002s, cluster=0.0421s, loop=0.0022s, total=0.0527s
Action: move_forward
detected agent stuck, last8 steps position changes: [0.0, 0.0, 0.0, 0.0, 0.0, 0.0, 0.0, 0.0]
waypoints: 3
skipped waypoints: edge 2,  distance 0,  no_path 0,  occlusion 0


```json
{
"movement": "I have reached the bottom of the first set of stairs and am standing on a small landing with a grate on the floor. I am facing a narrow passage towards an outdoor area (B). To my right, there is a set of wooden stairs leading upwards.",
"observation": {
    "front view": "A narrow passage between a mossy wall on the left and a white wall/doorway on the right. A metal grate is on the floor ahead. Waypoint 1 is visible on the ground near the left wall.",
    "left view": "A close-up of the door frame/wall structure to the left.",
    "right view": "A set of wooden stairs leading upwards, adjacent to a dark doorway/wall section.",
    "map": "The map shows my position at the bottom of the stairs (blue triangle). Waypoint 1 is just ahead on the path."
},
"thought": "I have completed the descent of the first set of stairs. The next part of the instruction is 'Head up the steps'. Looking at the Right View, there is a clear set of wooden stairs going up immediately to my right. Therefore, I need to turn towards these stairs to proceed.",
"stuck": false,
"plan": "Turn right to face the wooden stairs visible in the right view, then move forward to head up them as instructed in P2.",
"curr_step": "I am at the bottom of the first stairs. The next steps are to my right. I need to turn right to align with them.",
"action": "R"
}
```
[StairDetect] normals=0.0039s, cpu=0.0002s, cluster=0.0429s, loop=0.0023s, total=0.0534s
Action: turn
waypoints: 5
skipped waypoints: edge 2,  distance 0,  no_path 1,  occlusion 1

```json
{
"movement": "I have descended the first set of stairs and reached the bottom landing. I am currently facing a narrow passage with a grate on the floor and an opening to the outdoors (B). To my right, there is a set of wooden stairs leading upwards.",
"observation": {
    "front view": "A narrow passage with a mossy wall on the left and a white wall on the right. A metal grate is on the floor. Waypoint 1 is visible on the ground near the left wall.",
    "left view": "A close-up of the door frame/wall structure to the left.",
    "right view": "A set of wooden stairs leading upwards, adjacent to a dark doorway/wall section.",
    "map": "The map shows my position at the bottom of the stairs (blue triangle). Waypoint 1 is just ahead on the path."
},
"thought": "I have completed the descent of the first set of stairs (P1). The next instruction (P2) is to 'Head up the steps'. The Right View clearly shows a set of wooden stairs going up immediately to my right. Therefore, I need to turn right to face these stairs so I can proceed up them.",
"stuck": false,
"plan": "Turn right to face the wooden stairs visible in the right view. Then move forward to head up them as instructed in P2.",
"curr_step": "I am at the bottom of the first stairs. The next steps are to my right. I need to turn right to align with them.",
"action": "R"
}
```
[StairDetect] normals=0.0041s, cpu=0.0003s, cluster=0.0456s, loop=0.0025s, total=0.0570s
Action: turn
[StairDetect] normals=0.0040s, cpu=0.0003s, cluster=0.0419s, loop=0.0024s, total=0.0524s
Action: stop
['Turn around and walk past the heiroglypics picture.', 'Walk up the steps and when you get to the landing,', 'turn and continue up 3 more steps and then wait.']
Initialized data for new floor level: 0
Switching pcds to floor level: 0
Initialized data for new floor level: 0
Switching pcds to floor level: 0
Initialized data for new floor level: 0
Switching pcds to floor level: 0
[StairDetect] normals=0.0026s, cpu=0.0003s, cluster=0.0367s, loop=0.0194s, total=0.0636s
waypoints: 7
skipped waypoints: edge 2,  distance 0,  no_path 0,  occlusion 0

2026-09-18 23:31:13,688 - INFO - --- Episode 64, Step 2/100 ---
2026-09-18 23:31:26,484 - INFO - HTTP Request: POST http://127.0.0.1:22448/v1/chat/completions "HTTP/1.1 200 OK"
2026-09-18 23:31:27,156 - INFO - --- Episode 64, Step 3/100 ---
2026-09-18 23:31:27,794 - INFO - --- Episode 64, Step 4/100 ---
2026-09-18 23:31:28,614 - INFO - --- Episode 64, Step 5/100 ---
2026-09-18 23:31:29,217 - INFO - --- Episode 64, Step 6/100 ---
2026-09-18 23:31:39,365 - INFO - HTTP Request: POST http://127.0.0.1:22448/v1/chat/completions "HTTP/1.1 200 OK"
2026-09-18 23:31:40,022 - INFO - --- Episode 64, Step 7/100 ---
2026-09-18 23:31:40,672 - INFO - --- Episode 64, Step 8/100 ---
2026-09-18 23:31:41,140 - INFO - --- Episode 64, Step 9/100 ---
2026-09-18 23:31:42,091 - INFO - --- Episode 64, Step 10/100 ---
2026-09-18 23:31:42,815 - INFO - --- Episode 64, Step 11/100 ---
2026-09-18 23:31:43,332 - INFO - --- Episode 64, Step 12/100 ---
2026-09-18 23:33:35,096 - INFO - HTTP Request: POST http://127.0.0.1:22448/v1/chat/completions "HTTP/1.1 200 OK"
2026-09-18 23:34:57,070 - INFO - HTTP Request: POST http://127.0.0.1:22448/v1/chat/completions "HTTP/1.1 200 OK"
```json
{
"movement": "No movement yet.",
"observation": {
    "front view": "The front view shows a staircase going down towards a doorway labeled 'B'. To the left of the stairs, there is a wall with hieroglyphics.",
    "left view": "A close-up view of the wall with hieroglyphics.",
    "right view": "A plain wall and the edge of the stairwell.",
    "map": "The map shows my current position at 'START' with a blue cone pointing North (F). A path extends from START towards the South-East. The label 'B' is at the bottom of the map, corresponding to the area in the front view."
},
"thought": "I am currently facing down the stairs towards the area labeled 'B'. The instruction says to 'Turn around and walk past the heiroglypics picture.' Since I am facing the stairs, turning around (180 degrees) will face me away from the stairs. The hieroglyphics are on the wall to my left (West). After turning around, they will be on my right. Walking forward will allow me to pass them along the path visible on the map.",
"stuck": false,
"plan": "Turn around to face away from the stairs and then walk forward along the wall with the hieroglyphics towards the path on the map.",
"curr_step": "I need to turn around first to face the opposite direction of the stairs.",
"action": "B"
}
```
Calculated floor height difference: 3.36m
[StairDetect] normals=0.0027s, cpu=0.0003s, cluster=0.0396s, loop=0.0206s, total=0.0683s
Action: turn
waypoints: 20
skipped waypoints: edge 1,  distance 8,  no_path 2,  occlusion 2
```json
{
"movement": "I have turned around from my initial position facing down the stairs and am now facing up the hallway/stairwell area. The hieroglyphics are visible on the wall to my right.",
"observation": {
    "front view": "I see a hallway leading upwards towards an archway labeled 'B'. There are numbered waypoints (4, 5, 1, 3) along the path. To the right is a large wall with hieroglyphics.",
    "left view": "A dark area, possibly the side of the stairwell or a wall.",
    "right view": "The wall with the hieroglyphics is clearly visible on my right.",
    "map": "My current position is at 'START'. The path leads towards waypoint 4, then 5, 1, and 3."
},
"thought": "I have completed the 'turn around' part of the instruction. I am now facing the direction where the hieroglyphics are on my right. To 'walk past the heiroglypics picture', I need to proceed along the path indicated by the waypoints. The map shows the path going towards waypoint 4.",
"stuck": false,
"plan": "Move forward along the path towards waypoint 4 to walk past the hieroglyphics on the right wall.",
"curr_step": "I am at the start of the path. I need to move towards waypoint 4.",
"action": 4
}
```
[StairDetect] normals=0.0030s, cpu=0.0002s, cluster=0.0396s, loop=0.0073s, total=0.0555s
Action: turn
--- Height change stabilized. Height diff: 0.25, On platform: True, Metrics: {'inlier_count': 1631, 'local_count': 21296, 'support_ratio': 0.07658715251330826, 'vertical_score': 1.0, 'plane_height_mean': -0.9628111124038696, 'agent_z': -0.9452845573425293, 'vertical_diff': 0.017526555061340376, 'area_xy': 0.7631999999999999, 'radius_est': 0.4928834599938093, 'z_std': 0.0424809604883194, 'occupied_cells': 53, 'bottom_height_tolerance': 0.1}
--- No significant floor change. Height diff: 0.25, On platform: True, Metrics: {'inlier_count': 1631, 'local_count': 21296, 'support_ratio': 0.07658715251330826, 'vertical_score': 1.0, 'plane_height_mean': -0.9628111124038696, 'agent_z': -0.9452845573425293, 'vertical_diff': 0.017526555061340376, 'area_xy': 0.7631999999999999, 'radius_est': 0.4928834599938093, 'z_std': 0.0424809604883194, 'occupied_cells': 53, 'bottom_height_tolerance': 0.1}
Updated floor height: -0.75, ceiling height: 1.05
[StairDetect] normals=0.0033s, cpu=0.0002s, cluster=0.0421s, loop=0.0044s, total=0.0550s
Action: move_forward
[StairDetect] normals=0.0033s, cpu=0.0002s, cluster=0.0405s, loop=0.0042s, total=0.0530s
Action: null
[StairDetect] normals=0.0035s, cpu=0.0002s, cluster=0.0431s, loop=0.0045s, total=0.0564s
Action: turn
waypoints: 33
skipped waypoints: edge 1,  distance 17,  no_path 0,  occlusion 9
```json
{
"movement": "I have turned around and moved slightly forward. The hieroglyphics are on the wall to my right. I am now positioned near the start of the path leading up.",
"observation": {
    "front view": "A hallway/stairwell leading upwards towards an archway labeled 'B'. Waypoints 1, 2, and 3 are visible ahead. To the left is a railing/staircase structure.",
    "left view": "The side of the staircase/railing structure.",
    "right view": "The wall with the hieroglyphics is clearly visible on my right.",
    "map": "My current position is near waypoint 4. The path leads towards waypoints 1, 2, and 3."
},
"thought": "I have completed the 'turn around' part. I am now walking past the hieroglyphics which are on my right. I need to continue forward along the path indicated by waypoints 1, 2, and 3 to fully pass the picture and reach the next section of stairs.",
"stuck": false,
"plan": "Move forward towards waypoint 1, then 2, and 3 to walk past the hieroglyphics and reach the landing/steps for the next subtask.",
"curr_step": "I am at the beginning of the path. I need to move towards waypoint 1.",
"action": 1
}
```
[StairDetect] normals=0.0032s, cpu=0.0003s, cluster=0.0448s, loop=0.0047s, total=0.0582s
Action: turn
--- Height change stabilized. Height diff: 0.13, On platform: True, Metrics: {'inlier_count': 2521, 'local_count': 25547, 'support_ratio': 0.09868086271974474, 'vertical_score': 1.0, 'plane_height_mean': -1.1167033910751343, 'agent_z': -1.067067128419876, 'vertical_diff': 0.04963626265525822, 'area_xy': 1.3967999999999998, 'radius_est': 0.6667947577939698, 'z_std': 0.04985574632883072, 'occupied_cells': 97, 'bottom_height_tolerance': 0.1}
--- No significant floor change. Height diff: 0.13, On platform: True, Metrics: {'inlier_count': 2521, 'local_count': 25547, 'support_ratio': 0.09868086271974474, 'vertical_score': 1.0, 'plane_height_mean': -1.1167033910751343, 'agent_z': -1.067067128419876, 'vertical_diff': 0.04963626265525822, 'area_xy': 1.3967999999999998, 'radius_est': 0.6667947577939698, 'z_std': 0.04985574632883072, 'occupied_cells': 97, 'bottom_height_tolerance': 0.1}
Updated floor height: -0.87, ceiling height: 0.93
[StairDetect] normals=0.0041s, cpu=0.0003s, cluster=0.0553s, loop=0.0067s, total=0.0759s
Action: move_forward
[StairDetect] normals=0.0047s, cpu=0.0003s, cluster=0.0603s, loop=0.0053s, total=0.0805s
Action: move_forward
[StairDetect] normals=0.0052s, cpu=0.0003s, cluster=0.0628s, loop=0.0059s, total=0.0844s
Action: turn
[StairDetect] normals=0.0057s, cpu=0.0003s, cluster=0.0598s, loop=0.0095s, total=0.0899s
Action: move_forward
[StairDetect] normals=0.0055s, cpu=0.0003s, cluster=0.0594s, loop=0.0087s, total=0.0872s
Action: null
waypoints: 48
skipped waypoints: edge 3,  distance 26,  no_path 0,  occlusion 4

2026-09-18 23:34:57,852 - INFO - --- Episode 64, Step 13/100 ---
2026-09-18 23:34:58,514 - INFO - --- Episode 64, Step 14/100 ---
2026-09-18 23:34:59,160 - INFO - --- Episode 64, Step 15/100 ---
2026-09-18 23:34:59,817 - INFO - --- Episode 64, Step 16/100 ---
2026-09-18 23:35:00,498 - INFO - --- Episode 64, Step 17/100 ---
2026-09-18 23:35:01,234 - INFO - --- Episode 64, Step 18/100 ---
2026-09-18 23:36:10,424 - INFO - HTTP Request: POST http://127.0.0.1:22448/v1/chat/completions "HTTP/1.1 200 OK"
2026-09-18 23:36:11,420 - INFO - --- Episode 64, Step 19/100 ---
2026-09-18 23:36:12,245 - INFO - --- Episode 64, Step 20/100 ---
2026-09-18 23:36:12,907 - INFO - --- Episode 64, Step 21/100 ---
2026-09-18 23:36:13,671 - INFO - --- Episode 64, Step 22/100 ---
2026-09-18 23:36:14,365 - INFO - --- Episode 64, Step 23/100 ---
2026-09-18 23:36:15,037 - INFO - --- Episode 64, Step 24/100 ---
2026-09-18 23:36:15,947 - INFO - --- Episode 64, Step 25/100 ---
2026-09-18 23:36:16,648 - INFO - --- Episode 64, Step 26/100 ---
2026-09-18 23:36:17,246 - INFO - --- Episode 64, Step 27/100 ---
2026-09-18 23:36:17,927 - INFO - --- Episode 64, Step 28/100 ---
2026-09-18 23:36:41,640 - INFO - HTTP Request: POST http://127.0.0.1:22448/v1/chat/completions "HTTP/1.1 200 OK"
2026-09-18 23:36:55,321 - INFO - HTTP Request: POST http://127.0.0.1:22448/v1/chat/completions "HTTP/1.1 200 OK"
2026-09-18 23:36:57,727 - INFO - HTTP Request: POST http://127.0.0.1:22448/v1/chat/completions "HTTP/1.1 400 Bad Request"
2026-09-18 23:36:58,414 - INFO - --- Episode 64, Step 29/100 ---
2026-09-18 23:37:30,148 - INFO - HTTP Request: POST http://127.0.0.1:22448/v1/chat/completions "HTTP/1.1 200 OK"
2026-09-18 23:37:31,029 - INFO - --- Episode 64, Step 30/100 ---
2026-09-18 23:38:03,147 - INFO - HTTP Request: POST http://127.0.0.1:22448/v1/chat/completions "HTTP/1.1 200 OK"
2026-09-18 23:38:26,629 - INFO - HTTP Request: POST http://127.0.0.1:22448/v1/chat/completions "HTTP/1.1 200 OK"
2026-09-18 23:38:43,913 - INFO - HTTP Request: POST http://127.0.0.1:22448/v1/chat/completions "HTTP/1.1 200 OK"
 30%|███       | 15/50 [3:25:27<8:22:15, 861.01s/it]Renderer: NVIDIA GeForce RTX 4090/PCIe/SSE2 by NVIDIA Corporation
OpenGL version: 4.6.0 NVIDIA 590.48.01
Using optional features:
    GL_ARB_vertex_array_object
    GL_ARB_separate_shader_objects
    GL_ARB_robustness
    GL_ARB_texture_storage
    GL_ARB_texture_view
    GL_ARB_framebuffer_no_attachments
    GL_ARB_invalidate_subdata
    GL_ARB_texture_storage_multisample
    GL_ARB_multi_bind
    GL_ARB_direct_state_access
    GL_ARB_get_texture_sub_image
    GL_ARB_texture_filter_anisotropic
    GL_KHR_debug
    GL_KHR_parallel_shader_compile
    GL_NV_depth_buffer_float
Using driver workarounds:
    no-forward-compatible-core-context
    nv-egl-incorrect-gl11-function-pointers
    no-layout-qualifiers-on-old-glsl
    nv-zero-context-profile-mask
    nv-implementation-color-read-format-dsa-broken
    nv-cubemap-inconsistent-compressed-image-size
    nv-cubemap-broken-full-compressed-image-query
    nv-compressed-block-size-in-bits
[23:38:46:594983]:[Warning]:[Metadata] SceneDatasetAttributes.cpp(107)::addNewSceneInstanceToDataset : Dataset : 'default' : Lighting Layout Attributes 'no_lights' specified in Scene Attributes but does not exist in dataset, so creating default.
2026-09-18 23:38:57,779 - INFO - Simulator initialized!
2026-09-18 23:39:17,152 - INFO - HTTP Request: POST http://127.0.0.1:22448/v1/chat/completions "HTTP/1.1 200 OK"
```json
{
"movement": "I have turned around from my initial position facing down the stairs and am now facing up the hallway towards the archway labeled 'B'. The hieroglyphics are on the wall to my left (next to the stairs seen in the Left View). I am currently walking along this path.",
"observation": {
    "front view": "A hallway with a blue and white patterned rug leading towards an archway labeled 'B'. To the right is a doorway into a room with a red sofa. To the left is a doorway into a green room.",
    "left view": "A staircase going up on the left side, next to the wall where the hieroglyphics are located.",
    "right view": "A wall and a doorway leading to the room with the red sofa.",
    "map": "The map shows my current position near 'START' with the path extending forward towards 'B'. The path is straight."
},
"thought": "I have completed the 'turn around' part of P1. I am now facing the direction of the hallway. The hieroglyphics are on the wall to my left (next to the stairs). To 'walk past the heiroglypics picture', I need to continue moving forward along the hallway. This will also lead me towards the steps mentioned in P2.",
"stuck": false,
"plan": "Move forward along the hallway with the rug, keeping the wall with hieroglyphics on my left, to walk past them and reach the landing/steps ahead.",
"curr_step": "I am currently walking past the hieroglyphics. I need to continue forward to complete P1 and reach the steps for P2.",
"action": 7
}
```
[StairDetect] normals=0.0055s, cpu=0.0004s, cluster=0.0571s, loop=0.0232s, total=0.0984s
Action: turn
[StairDetect] normals=0.0059s, cpu=0.0004s, cluster=0.0579s, loop=0.0116s, total=0.0907s
Action: move_forward
[StairDetect] normals=0.0064s, cpu=0.0005s, cluster=0.0688s, loop=0.0103s, total=0.1010s
Action: turn
[StairDetect] normals=0.0073s, cpu=0.0004s, cluster=0.0570s, loop=0.0116s, total=0.0912s
Action: move_forward
--- Height change stabilized. Height diff: 0.28, On platform: True, Metrics: {'inlier_count': 1870, 'local_count': 45164, 'support_ratio': 0.04140465857671144, 'vertical_score': 1.0, 'plane_height_mean': -0.9292880892753601, 'agent_z': -0.9165936827659606, 'vertical_diff': 0.012694406509399458, 'area_xy': 1.0368, 'radius_est': 0.574476883778063, 'z_std': 0.04306449741125107, 'occupied_cells': 72, 'bottom_height_tolerance': 0.1}
--- No significant floor change. Height diff: 0.28, On platform: True, Metrics: {'inlier_count': 1870, 'local_count': 45164, 'support_ratio': 0.04140465857671144, 'vertical_score': 1.0, 'plane_height_mean': -0.9292880892753601, 'agent_z': -0.9165936827659606, 'vertical_diff': 0.012694406509399458, 'area_xy': 1.0368, 'radius_est': 0.574476883778063, 'z_std': 0.04306449741125107, 'occupied_cells': 72, 'bottom_height_tolerance': 0.1}
Updated floor height: -0.72, ceiling height: 1.08
[StairDetect] normals=0.0079s, cpu=0.0004s, cluster=0.0550s, loop=0.0177s, total=0.0966s
Action: move_forward
[StairDetect] normals=0.0080s, cpu=0.0004s, cluster=0.0552s, loop=0.0177s, total=0.0972s
Action: null
waypoints: 23
skipped waypoints: edge 1,  distance 0,  no_path 0,  occlusion 10
```json
{
"movement": "I have turned around from my initial position and am now walking down a narrow hallway with hieroglyphics on the wall to my right. I have passed a radiator and a desk on my left. I am currently facing a door labeled 'B' at the end of the hallway.",
"observation": {
    "front view": "A narrow hallway with a blue and white rug leading towards a wooden door with an arched window above it, labeled 'B'. To the right is a wall covered in hieroglyphics. To the left is a radiator and a desk.",
    "left view": "A radiator against the wall and a doorway into another room (visible in previous turn).",
    "right view": "The wall with hieroglyphics is very close on my right.",
    "map": "The map shows my path leading straight towards 'B'. Waypoints 11, 6, 4, 2, 3, 1, 7 are along the path."
},
"thought": "I am currently walking past the hieroglyphics which are on the wall to my right. The instruction says to 'walk past the heiroglypics picture' and then 'Walk up the steps'. I need to continue forward to fully pass the hieroglyphics and reach the area near door 'B' where the steps might be located or where I need to turn for the next subtask. The map indicates a clear path towards 'B'.",
"stuck": false,
"plan": "Move forward along the hallway towards the door labeled 'B' (waypoint 11) to complete walking past the hieroglyphics and reach the landing/steps area.",
"curr_step": "I am in the middle of walking past the hieroglyphics. I need to continue forward to reach the end of this section near door 'B'.",
"action": 11
}
```
[StairDetect] normals=0.0075s, cpu=0.0005s, cluster=0.0598s, loop=0.0180s, total=0.1027s
Action: turn
[StairDetect] normals=0.0070s, cpu=0.0005s, cluster=0.0573s, loop=0.0061s, total=0.0854s
Action: move_forward
[StairDetect] normals=0.0078s, cpu=0.0004s, cluster=0.0558s, loop=0.0054s, total=0.0825s
Action: turn
[StairDetect] normals=0.0076s, cpu=0.0005s, cluster=0.0585s, loop=0.0053s, total=0.0848s
Action: move_forward
[StairDetect] normals=0.0065s, cpu=0.0004s, cluster=0.0525s, loop=0.0039s, total=0.0737s
Action: move_forward
[StairDetect] normals=0.0069s, cpu=0.0004s, cluster=0.0534s, loop=0.0044s, total=0.0759s
Action: turn
--- Height change stabilized. Height diff: 0.09, On platform: True, Metrics: {'inlier_count': 7460, 'local_count': 47190, 'support_ratio': 0.15808433989917176, 'vertical_score': 1.0, 'plane_height_mean': -1.1191794872283936, 'agent_z': -1.1077098369598388, 'vertical_diff': 0.011469650268554732, 'area_xy': 3.7151999999999994, 'radius_est': 1.0874671899188586, 'z_std': 0.03090500459074974, 'occupied_cells': 258, 'bottom_height_tolerance': 0.1}
--- No significant floor change. Height diff: 0.09, On platform: True, Metrics: {'inlier_count': 7460, 'local_count': 47190, 'support_ratio': 0.15808433989917176, 'vertical_score': 1.0, 'plane_height_mean': -1.1191794872283936, 'agent_z': -1.1077098369598388, 'vertical_diff': 0.011469650268554732, 'area_xy': 3.7151999999999994, 'radius_est': 1.0874671899188586, 'z_std': 0.03090500459074974, 'occupied_cells': 258, 'bottom_height_tolerance': 0.1}
Updated floor height: -0.91, ceiling height: 0.89
Action: move_forward
Action: turn
[StairDetect] normals=0.0048s, cpu=0.0003s, cluster=0.0366s, loop=0.0072s, total=0.0555s
Action: move_forward
[StairDetect] normals=0.0049s, cpu=0.0003s, cluster=0.0388s, loop=0.0074s, total=0.0584s
Action: null
waypoints: 6
skipped waypoints: edge 4,  distance 0,  no_path 0,  occlusion 0


[StairDetect] normals=0.0049s, cpu=0.0003s, cluster=0.0393s, loop=0.0084s, total=0.0600s
Action: stop
waypoints: 6
skipped waypoints: edge 4,  distance 0,  no_path 0,  occlusion 0
```json
{
"movement": "I have walked down the hallway with the hieroglyphics on my right and am now standing directly in front of the door labeled 'B' at the end of the hallway.",
"observation": {
    "front view": "A closed wooden door labeled 'B' is directly in front of me. The floor has wood planks.",
    "left view": "A plain wall.",
    "right view": "A wall and a rug on the floor.",
    "map": "The map shows I have reached the end of the path near 'B'. The blue arc indicates I am within 1 meter of the target area."
},
"thought": "I have completed the instruction to 'Turn around and walk past the heiroglypics picture' by walking along the wall with the hieroglyphics to the end of the hallway near door 'B'. The blue arc confirms I am at the target location for this subtask. Now I need to proceed to the next subtask which involves finding steps.",
"stuck": false,
"plan": "Complete subtask P1 as I have reached the end of the hallway past the hieroglyphics. Then look for the steps mentioned in P2.",
"curr_step": "I have reached the target position for P1 (end of the hallway/landing area near 'B').",
"action": -1
}
```
[StairDetect] normals=0.0046s, cpu=0.0002s, cluster=0.0386s, loop=0.0077s, total=0.0584s
Action: pause
waypoints: 6
skipped waypoints: edge 4,  distance 0,  no_path 0,  occlusion 0



[StairDetect] normals=0.0045s, cpu=0.0003s, cluster=0.0375s, loop=0.0077s, total=0.0571s
Action: stop
2026-09-18 23:39:17,750 - INFO - --- Episode 65, Step 1/100 ---
2026-09-18 23:40:47,968 - INFO - HTTP Request: POST http://127.0.0.1:22448/v1/chat/completions "HTTP/1.1 200 OK"
2026-09-18 23:40:48,629 - INFO - --- Episode 65, Step 2/100 ---
2026-09-18 23:40:49,203 - INFO - --- Episode 65, Step 3/100 ---
2026-09-18 23:40:49,786 - INFO - --- Episode 65, Step 4/100 ---
2026-09-18 23:40:50,665 - INFO - --- Episode 65, Step 5/100 ---
2026-09-18 23:40:51,211 - INFO - --- Episode 65, Step 6/100 ---
2026-09-18 23:40:51,849 - INFO - --- Episode 65, Step 7/100 ---
2026-09-18 23:40:52,534 - INFO - --- Episode 65, Step 8/100 ---
2026-09-18 23:40:53,168 - INFO - --- Episode 65, Step 9/100 ---
2026-09-18 23:40:54,059 - INFO - --- Episode 65, Step 10/100 ---
2026-09-18 23:40:54,670 - INFO - --- Episode 65, Step 11/100 ---
2026-09-18 23:40:55,282 - INFO - --- Episode 65, Step 12/100 ---
2026-09-18 23:40:55,831 - INFO - --- Episode 65, Step 13/100 ---
2026-09-18 23:43:25,465 - INFO - HTTP Request: POST http://127.0.0.1:22448/v1/chat/completions "HTTP/1.1 200 OK"
2026-09-18 23:45:34,915 - INFO - HTTP Request: POST http://127.0.0.1:22448/v1/chat/completions "HTTP/1.1 200 OK"
2026-09-18 23:47:24,996 - INFO - HTTP Request: POST http://127.0.0.1:22448/v1/chat/completions "HTTP/1.1 200 OK"
2026-09-18 23:47:25,620 - INFO - --- Episode 65, Step 14/100 ---
2026-09-18 23:49:33,800 - INFO - HTTP Request: POST http://127.0.0.1:22448/v1/chat/completions "HTTP/1.1 200 OK"
2026-09-18 23:51:23,129 - INFO - HTTP Request: POST http://127.0.0.1:22448/v1/chat/completions "HTTP/1.1 200 OK"
2026-09-18 23:52:50,184 - INFO - HTTP Request: POST http://127.0.0.1:22448/v1/chat/completions "HTTP/1.1 200 OK"
 32%|███▏      | 16/50 [3:39:33<8:05:16, 856.36s/it]Renderer: NVIDIA GeForce RTX 4090/PCIe/SSE2 by NVIDIA Corporation
OpenGL version: 4.6.0 NVIDIA 590.48.01
Using optional features:
    GL_ARB_vertex_array_object
    GL_ARB_separate_shader_objects
    GL_ARB_robustness
    GL_ARB_texture_storage
    GL_ARB_texture_view
    GL_ARB_framebuffer_no_attachments
    GL_ARB_invalidate_subdata
    GL_ARB_texture_storage_multisample
    GL_ARB_multi_bind
    GL_ARB_direct_state_access
    GL_ARB_get_texture_sub_image
    GL_ARB_texture_filter_anisotropic
    GL_KHR_debug
    GL_KHR_parallel_shader_compile
    GL_NV_depth_buffer_float
Using driver workarounds:
    no-forward-compatible-core-context
    nv-egl-incorrect-gl11-function-pointers
    no-layout-qualifiers-on-old-glsl
    nv-zero-context-profile-mask
    nv-implementation-color-read-format-dsa-broken
    nv-cubemap-inconsistent-compressed-image-size
    nv-cubemap-broken-full-compressed-image-query
    nv-compressed-block-size-in-bits
[23:52:52:160079]:[Warning]:[Metadata] SceneDatasetAttributes.cpp(107)::addNewSceneInstanceToDataset : Dataset : 'default' : Lighting Layout Attributes 'no_lights' specified in Scene Attributes but does not exist in dataset, so creating default.
2026-09-18 23:53:04,901 - INFO - Simulator initialized!
2026-09-18 23:53:40,829 - INFO - HTTP Request: POST http://127.0.0.1:22448/v1/chat/completions "HTTP/1.1 200 OK"
2026-09-18 23:53:41,602 - INFO - --- Episode 66, Step 1/100 ---
2026-09-18 23:57:29,047 - INFO - HTTP Request: POST http://127.0.0.1:22448/v1/chat/completions "HTTP/1.1 200 OK"
2026-09-18 23:57:42,157 - INFO - HTTP Request: POST http://127.0.0.1:22448/v1/chat/completions "HTTP/1.1 200 OK"
2026-09-18 23:57:42,758 - INFO - --- Episode 66, Step 2/100 ---
2026-09-18 23:58:00,125 - INFO - HTTP Request: POST http://127.0.0.1:22448/v1/chat/completions "HTTP/1.1 200 OK"
2026-09-18 23:58:00,859 - INFO - --- Episode 66, Step 3/100 ---
2026-09-18 23:58:20,252 - INFO - HTTP Request: POST http://127.0.0.1:22448/v1/chat/completions "HTTP/1.1 200 OK"
['Walk up the stairs.', 'Go up a few stairs across from the open door.']
Initialized data for new floor level: 0
Switching pcds to floor level: 0
Initialized data for new floor level: 0
Switching pcds to floor level: 0
Initialized data for new floor level: 0
Switching pcds to floor level: 0
[StairDetect] normals=0.0026s, cpu=0.0002s, cluster=0.0354s, loop=0.0196s, total=0.0624s
waypoints: 7
skipped waypoints: edge 2,  distance 0,  no_path 0,  occlusion 0
```json
{
"movement": "Move forward up the stairs towards the open doorway.",
"observation": {
    "front view": "A staircase leading upwards towards an open doorway with light and greenery visible outside. Waypoints labeled '1' and '2' are near the door frame. A label 'B' is visible above the doorway.",
    "left view": "A wall covered in hieroglyphic carvings.",
    "right view": "A wall and a doorway structure.",
    "map": "The map shows the current position (blue triangle) facing forward (F). The traversable area extends towards the front, leading to the stairs."
},
"thought": "I am at the bottom of a staircase. The instruction is to 'Walk up the stairs'. The stairs are directly in front of me, leading up to an open door with light coming through. I need to move forward to ascend these stairs and reach the landing. Once there, I will look for the next set of stairs across from the open door as per the next task.",
"stuck": false,
"plan": "Move straight forward up the stairs towards the doorway labeled with '1' and '2'. After reaching the top, I will assess the area to find the stairs mentioned in the next subtask (P2).",
"curr_step": "I am at the start of the stairs. I need to move forward to climb them. The waypoints '1' and '2' are near the target destination at the top.",
"action": 1
}
```
Calculated floor height difference: 3.36m
[StairDetect] normals=0.0029s, cpu=0.0003s, cluster=0.0424s, loop=0.0285s, total=0.0805s
Action: turn
--- Height change stabilized. Height diff: -0.51, On platform: True, Metrics: {'inlier_count': 3552, 'local_count': 26712, 'support_ratio': 0.13297394428972095, 'vertical_score': 1.0, 'plane_height_mean': -1.765045166015625, 'agent_z': -1.7077098608016967, 'vertical_diff': 0.05733530521392827, 'area_xy': 1.9007999999999998, 'radius_est': 0.7778453777314288, 'z_std': 0.034313637763261795, 'occupied_cells': 132, 'bottom_height_tolerance': 0.1}
---!Floor change detected. From level 0 to -1.
Saving data for floor level: 0
Initialized data for new floor level: -1
Switching pcds to floor level: -1
!Switched to floor level: -1
Updated floor height: -1.57, ceiling height: 0.23, height diff: -0.51
[StairDetect] normals=0.0030s, cpu=0.0003s, cluster=0.0365s, loop=0.0032s, total=0.0463s
Action: move_forward
[StairDetect] normals=0.0030s, cpu=0.0003s, cluster=0.0377s, loop=0.0035s, total=0.0480s
Action: turn
[StairDetect] normals=0.0036s, cpu=0.0003s, cluster=0.0377s, loop=0.0021s, total=0.0473s
Action: move_forward
[StairDetect] normals=0.0038s, cpu=0.0003s, cluster=0.0380s, loop=0.0021s, total=0.0478s
Action: move_forward
[StairDetect] normals=0.0037s, cpu=0.0003s, cluster=0.0388s, loop=0.0023s, total=0.0494s
Action: turn
[StairDetect] normals=0.0038s, cpu=0.0002s, cluster=0.0385s, loop=0.0020s, total=0.0482s
Action: move_forward
[StairDetect] normals=0.0040s, cpu=0.0003s, cluster=0.0413s, loop=0.0019s, total=0.0514s
Action: move_forward
[StairDetect] normals=0.0037s, cpu=0.0003s, cluster=0.0406s, loop=0.0019s, total=0.0505s
Action: turn
[StairDetect] normals=0.0039s, cpu=0.0002s, cluster=0.0383s, loop=0.0019s, total=0.0481s
Action: move_forward
[StairDetect] normals=0.0037s, cpu=0.0003s, cluster=0.0389s, loop=0.0020s, total=0.0487s
Action: move_forward
[StairDetect] normals=0.0039s, cpu=0.0003s, cluster=0.0407s, loop=0.0021s, total=0.0509s
Action: turn
detected agent stuck, last8 steps position changes: [0.03741321, 0.0, 0.04847288, 0.048357546, 0.0, 0.048357546, 0.048243135, 0.0]
waypoints: 4
skipped waypoints: edge 2,  distance 0,  no_path 0,  occlusion 0



[StairDetect] normals=0.0038s, cpu=0.0002s, cluster=0.0393s, loop=0.0020s, total=0.0490s
Action: stop
waypoints: 4
skipped waypoints: edge 2,  distance 0,  no_path 0,  occlusion 0



[StairDetect] normals=0.0036s, cpu=0.0003s, cluster=0.0420s, loop=0.0021s, total=0.0519s
Action: stop
['Face the walkway with a kitchen counter with bar stools on the right and large windows on the other side', 'walk past them towards a large dining table  Turn to the sitting area and stop.']
Initialized data for new floor level: 0
Switching pcds to floor level: 0
Initialized data for new floor level: 0
Switching pcds to floor level: 0
Initialized data for new floor level: 0
Switching pcds to floor level: 0
[StairDetect] normals=0.0047s, cpu=0.0003s, cluster=0.0400s, loop=0.0188s, total=0.0773s
waypoints: 65
skipped waypoints: edge 3,  distance 40,  no_path 0,  occlusion 5

```json
{
"movement": "I am currently standing at the start position facing a junction. To my right, there is a long walkway with large glass doors on one side and a kitchen counter area further down.",
"observation": {
    "front view": "I see a tiled floor leading towards an archway labeled 'B' and another hallway to the left labeled 'L'. There are numbered waypoints scattered around.",
    "left view": "A hallway leading to a bedroom or bathroom with a mirror visible at the end.",
    "right view": "A long walkway is visible. On the left side of this walkway are large glass doors/windows. On the right side, further down, there appears to be a kitchen counter with bar stools.",
    "map": "The map shows my current position at 'START'. The walkway described in the instruction corresponds to the path extending towards the top right of the map (towards waypoint 13/7 area)."
},
"thought": "The instruction asks me to face a walkway with a kitchen counter with bar stools on the right and large windows on the other side. Looking at my Right View, I see exactly this: a long corridor with large glass doors/windows on the left and a kitchen counter area on the right. Currently, this view is to my right. Therefore, I need to turn right to face this walkway.",
"stuck": false,
"plan": "Turn right to face the walkway described in the instruction. Once facing it, I will be ready for the next subtask which involves walking past them towards a dining table.",
"curr_step": "I need to turn right to align myself with the walkway seen in the right view.",
"action": "R"
}
```
Calculated floor height difference: 3.03m
Action: turn
waypoints: 33
skipped waypoints: edge 0,  distance 24,  no_path 0,  occlusion 2
```json
{
"movement": "I turned right from my previous position to face down the long walkway.",
"observation": {
    "front view": "I am facing a long tiled walkway. On the left, there are large glass doors/windows. Further ahead on the right, there is a kitchen counter with bar stools.",
    "left view": "A hallway leading to another room.",
    "right view": "A hallway leading to a different area.",
    "map": "I am at the START position, facing towards the upper-left part of the map where the walkway extends."
},
"thought": "The instruction for P1 is to 'Face the walkway with a kitchen counter with bar stools on the right and large windows on the other side'. My current front view shows exactly this: a walkway with large windows/doors on the left and a kitchen counter area visible further down on the right. I have successfully oriented myself as requested.",
"stuck": false,
"plan": "Since I am already facing the correct walkway described in P1, I will complete this subtask. My next step will be to execute P2, which involves walking past these features towards a dining table.",
"curr_step": "I have completed the orientation required for P1. I am facing the walkway with windows on the left and the counter on the right.",
"action": -1
}
```
Action: pause
waypoints: 33
skipped waypoints: edge 0,  distance 24,  no_path 0,  occlusion 2
2026-09-18 23:58:21,079 - INFO - --- Episode 66, Step 4/100 ---
2026-09-18 23:58:21,951 - INFO - --- Episode 66, Step 5/100 ---
2026-09-18 23:58:22,643 - INFO - --- Episode 66, Step 6/100 ---
2026-09-18 23:58:23,292 - INFO - --- Episode 66, Step 7/100 ---
2026-09-18 23:58:24,082 - INFO - --- Episode 66, Step 8/100 ---
2026-09-18 23:58:24,771 - INFO - --- Episode 66, Step 9/100 ---
2026-09-18 23:58:25,683 - INFO - --- Episode 66, Step 10/100 ---
2026-09-18 23:58:26,394 - INFO - --- Episode 66, Step 11/100 ---
2026-09-18 23:58:27,173 - INFO - --- Episode 66, Step 12/100 ---
2026-09-18 23:58:45,357 - INFO - HTTP Request: POST http://127.0.0.1:22448/v1/chat/completions "HTTP/1.1 200 OK"
2026-09-18 23:58:46,275 - INFO - --- Episode 66, Step 13/100 ---
2026-09-18 23:58:46,852 - INFO - --- Episode 66, Step 14/100 ---
2026-09-18 23:58:47,789 - INFO - --- Episode 66, Step 15/100 ---
2026-09-18 23:58:48,431 - INFO - --- Episode 66, Step 16/100 ---
2026-09-18 23:58:49,115 - INFO - --- Episode 66, Step 17/100 ---
2026-09-18 23:58:49,812 - INFO - --- Episode 66, Step 18/100 ---
2026-09-18 23:58:50,829 - INFO - --- Episode 66, Step 19/100 ---
2026-09-18 23:59:12,241 - INFO - HTTP Request: POST http://127.0.0.1:22448/v1/chat/completions "HTTP/1.1 200 OK"
2026-09-18 23:59:13,609 - INFO - --- Episode 66, Step 20/100 ---
2026-09-18 23:59:14,656 - INFO - --- Episode 66, Step 21/100 ---
2026-09-18 23:59:15,471 - INFO - --- Episode 66, Step 22/100 ---
2026-09-18 23:59:16,125 - INFO - --- Episode 66, Step 23/100 ---
2026-09-18 23:59:16,835 - INFO - --- Episode 66, Step 24/100 ---
2026-09-18 23:59:17,743 - INFO - --- Episode 66, Step 25/100 ---
2026-09-18 23:59:18,430 - INFO - --- Episode 66, Step 26/100 ---
2026-09-18 23:59:19,106 - INFO - --- Episode 66, Step 27/100 ---
2026-09-18 23:59:41,472 - INFO - HTTP Request: POST http://127.0.0.1:22448/v1/chat/completions "HTTP/1.1 200 OK"
2026-09-18 23:59:42,951 - INFO - --- Episode 66, Step 28/100 ---
2026-09-18 23:59:44,339 - INFO - --- Episode 66, Step 29/100 ---
2026-09-18 23:59:45,543 - INFO - --- Episode 66, Step 30/100 ---
2026-09-18 23:59:46,571 - INFO - --- Episode 66, Step 31/100 ---
2026-09-18 23:59:47,743 - INFO - --- Episode 66, Step 32/100 ---
2026-09-18 23:59:49,279 - INFO - --- Episode 66, Step 33/100 ---
2026-09-18 23:59:50,521 - INFO - --- Episode 66, Step 34/100 ---
2026-09-19 00:00:18,613 - INFO - HTTP Request: POST http://127.0.0.1:22448/v1/chat/completions "HTTP/1.1 200 OK"
```json
{
"observation": {
    "front view": "I am facing down a long tiled walkway. On the left are large glass doors/windows. On the right, further ahead, is a kitchen counter with bar stools. Straight ahead, the walkway continues towards an arched opening.",
    "left view": "A hallway leading to another room with a mirror.",
    "right view": "A hallway leading to a different area with a desk and a plate on the wall.",
    "map": "I am at the START position. The path extends forward (up on the map) towards an area labeled 'desk'. Waypoints 1, 2, 3 are along this path."
},
"thought": "The instruction is to walk past the kitchen counter and windows towards a large dining table. I am currently facing the correct direction down the walkway. The kitchen counter is on the right and windows on the left, just as described. I need to move forward along this path to pass them and reach the dining area. Waypoint 2 is located further down the walkway, past the initial section, which aligns with the instruction to 'walk past them'.",
"stuck": false,
"plan": "Move forward down the walkway towards waypoint 2 to get closer to the dining table and the sitting area mentioned in the next part of the instruction.",
"curr_step": "I need to proceed down the hallway. Waypoint 2 is the most logical next step as it is further along the path described.",
"action": 2
}
```
Action: turn
Action: move_forward
Action: turn
Action: move_forward
Action: move_forward
Action: turn
Action: move_forward
Action: null
Action: turn
waypoints: 23
skipped waypoints: edge 2,  distance 8,  no_path 2,  occlusion 6
```json
{
"observation": {
    "front view": "I see the continuation of the tiled walkway leading towards an archway labeled 'B'. To my right is the long kitchen counter with bar stools. To my left are large glass doors/windows.",
    "left view": "Large glass doors/windows and a wall with framed pictures.",
    "right view": "The long kitchen counter with bar stools and the kitchen area beyond it.",
    "map": "I am moving along the path between the windows (left) and the kitchen counter (right). Waypoints 1 and 2 are ahead of me on this path."
},
"thought": "I am currently walking past the kitchen counter and windows as instructed. I need to continue forward towards the archway to reach the dining table area mentioned in the next part of the instruction. Waypoint 1 is directly ahead on my path.",
"stuck": false,
"plan": "Continue moving forward down the walkway towards the archway to pass the kitchen counter and approach the dining area.",
"curr_step": "I am currently in the middle of the walkway. I need to proceed further to 'walk past them' (the counter/windows) and reach the dining table.",
"action": 1
}
```
Action: turn
Action: move_forward
Action: turn
Action: move_forward
Action: turn
Action: move_forward
Action: null
waypoints: 33
skipped waypoints: edge 2,  distance 14,  no_path 1,  occlusion 9
```json
{
"observation": {
    "front view": "I see the continuation of the tiled walkway leading towards an archway labeled 'B'. Through the archway, a large dining table with chairs is visible. To my right is the end of the kitchen counter with bar stools. To my left are large glass doors/windows.",
    "left view": "Large glass doors/windows looking out to greenery.",
    "right view": "The kitchen counter and cabinetry.",
    "map": "I am moving along the path between the windows (left) and the kitchen counter (right). Waypoint 1 is directly ahead on this path, leading towards the archway."
},
"thought": "I have walked past a significant portion of the kitchen counter and windows. The instruction tells me to walk past them towards a large dining table. The dining table is clearly visible through the archway 'B' ahead. I need to continue moving forward to reach that area.",
"stuck": false,
"plan": "Continue moving forward down the walkway towards the archway 'B' and the dining table beyond it.",
"curr_step": "I am currently in the walkway. Waypoint 1 is the most direct path forward towards the dining area.",
"action": 1
}
```
Action: turn
Action: move_forward
Action: turn
Action: move_forward
Action: turn
Action: move_forward
Action: null
Action: turn
waypoints: 22
skipped waypoints: edge 3,  distance 10,  no_path 0,  occlusion 1
```json
{
"observation": {
    "front view": "I see the continuation of the tiled floor leading through an archway into a room with a large dining table and chairs. To the left are large glass doors/windows. To the right is a wall with a painting.",
    "left view": "Large glass doors/windows looking out to greenery.",
    "right view": "A wall with a painting and the edge of the kitchen counter area I just passed.",
    "map": "I am at the end of the long walkway, approaching the dining room. Waypoints 1 and 5 are ahead, leading into the next room."
},
"thought": "I have successfully walked past the kitchen counter and windows. I am now facing the large dining table as instructed. My next sub-goal is to reach the dining table area and then find the sitting area.",
"stuck": false,
"plan": "Move forward into the dining room towards the large dining table. Once there, look for the sitting area to turn towards.",
"curr_step": "I am approaching the archway. I need to enter the room with the dining table.",
"action": 1
}
```
Action: turn
Action: move_forward
Action: turn
--- Height change stabilized. Height diff: -0.05, On platform: True, Metrics: {'inlier_count': 850, 'local_count': 39267, 'support_ratio': 0.02164667532478553, 'vertical_score': 1.0, 'plane_height_mean': -1.2864340543746948, 'agent_z': -1.2519694536924362, 'vertical_diff': 0.03446460068225865, 'area_xy': 0.288, 'radius_est': 0.3027759026424192, 'z_std': 0.04269947484135628, 'occupied_cells': 20, 'bottom_height_tolerance': 0.1}
--- No significant floor change. Height diff: -0.05, On platform: True, Metrics: {'inlier_count': 850, 'local_count': 39267, 'support_ratio': 0.02164667532478553, 'vertical_score': 1.0, 'plane_height_mean': -1.2864340543746948, 'agent_z': -1.2519694536924362, 'vertical_diff': 0.03446460068225865, 'area_xy': 0.288, 'radius_est': 0.3027759026424192, 'z_std': 0.04269947484135628, 'occupied_cells': 20, 'bottom_height_tolerance': 0.1}
Updated floor height: -1.05, ceiling height: 0.75
Action: move_forward
Action: turn
--- Height change stabilized. Height diff: -0.14, On platform: True, Metrics: {'inlier_count': 12631, 'local_count': 46301, 'support_ratio': 0.2728018833227619, 'vertical_score': 1.0, 'plane_height_mean': -1.4025897979736328, 'agent_z': -1.3385261863470077, 'vertical_diff': 0.0640636116266251, 'area_xy': 7.1568, 'radius_est': 1.5093310417003134, 'z_std': 0.02397489920258522, 'occupied_cells': 497, 'bottom_height_tolerance': 0.1}
--- No significant floor change. Height diff: -0.14, On platform: True, Metrics: {'inlier_count': 12631, 'local_count': 46301, 'support_ratio': 0.2728018833227619, 'vertical_score': 1.0, 'plane_height_mean': -1.4025897979736328, 'agent_z': -1.3385261863470077, 'vertical_diff': 0.0640636116266251, 'area_xy': 7.1568, 'radius_est': 1.5093310417003134, 'z_std': 0.02397489920258522, 'occupied_cells': 497, 'bottom_height_tolerance': 0.1}
Updated floor height: -1.14, ceiling height: 0.66
Action: move_forward
Action: null
waypoints: 19
skipped waypoints: edge 2,  distance 9,  no_path 0,  occlusion 3
2026-09-19 00:00:19,950 - INFO - --- Episode 66, Step 35/100 ---
2026-09-19 00:00:20,740 - INFO - --- Episode 66, Step 36/100 ---
2026-09-19 00:00:22,007 - INFO - --- Episode 66, Step 37/100 ---
2026-09-19 00:00:23,250 - INFO - --- Episode 66, Step 38/100 ---
2026-09-19 00:00:25,313 - INFO - --- Episode 66, Step 39/100 ---
2026-09-19 00:01:15,502 - INFO - HTTP Request: POST http://127.0.0.1:22448/v1/chat/completions "HTTP/1.1 200 OK"
2026-09-19 00:01:30,985 - INFO - HTTP Request: POST http://127.0.0.1:22448/v1/chat/completions "HTTP/1.1 200 OK"
2026-09-19 00:01:32,836 - INFO - --- Episode 66, Step 40/100 ---
2026-09-19 00:01:33,928 - INFO - --- Episode 66, Step 41/100 ---
2026-09-19 00:01:35,012 - INFO - --- Episode 66, Step 42/100 ---
2026-09-19 00:01:36,751 - INFO - --- Episode 66, Step 43/100 ---
2026-09-19 00:01:38,101 - INFO - --- Episode 66, Step 44/100 ---
2026-09-19 00:01:40,376 - INFO - --- Episode 66, Step 45/100 ---
2026-09-19 00:01:43,769 - INFO - --- Episode 66, Step 46/100 ---
2026-09-19 00:02:17,183 - INFO - HTTP Request: POST http://127.0.0.1:22448/v1/chat/completions "HTTP/1.1 200 OK"
2026-09-19 00:02:18,913 - INFO - HTTP Request: POST http://127.0.0.1:22448/v1/chat/completions "HTTP/1.1 400 Bad Request"
2026-09-19 00:02:20,188 - INFO - HTTP Request: POST http://127.0.0.1:22448/v1/chat/completions "HTTP/1.1 400 Bad Request"
2026-09-19 00:02:22,187 - INFO - --- Episode 66, Step 47/100 ---
2026-09-19 00:02:56,322 - INFO - HTTP Request: POST http://127.0.0.1:22448/v1/chat/completions "HTTP/1.1 200 OK"
2026-09-19 00:02:57,488 - INFO - --- Episode 66, Step 48/100 ---
2026-09-19 00:03:37,320 - INFO - HTTP Request: POST http://127.0.0.1:22448/v1/chat/completions "HTTP/1.1 200 OK"
2026-09-19 00:03:52,133 - INFO - HTTP Request: POST http://127.0.0.1:22448/v1/chat/completions "HTTP/1.1 200 OK"
2026-09-19 00:03:54,052 - INFO - HTTP Request: POST http://127.0.0.1:22448/v1/chat/completions "HTTP/1.1 400 Bad Request"
 34%|███▍      | 17/50 [3:50:39<7:19:31, 799.14s/it]Renderer: NVIDIA GeForce RTX 4090/PCIe/SSE2 by NVIDIA Corporation
OpenGL version: 4.6.0 NVIDIA 590.48.01
Using optional features:
    GL_ARB_vertex_array_object
    GL_ARB_separate_shader_objects
    GL_ARB_robustness
    GL_ARB_texture_storage
    GL_ARB_texture_view
    GL_ARB_framebuffer_no_attachments
    GL_ARB_invalidate_subdata
    GL_ARB_texture_storage_multisample
    GL_ARB_multi_bind
    GL_ARB_direct_state_access
    GL_ARB_get_texture_sub_image
    GL_ARB_texture_filter_anisotropic
    GL_KHR_debug
    GL_KHR_parallel_shader_compile
    GL_NV_depth_buffer_float
Using driver workarounds:
    no-forward-compatible-core-context
    nv-egl-incorrect-gl11-function-pointers
    no-layout-qualifiers-on-old-glsl
    nv-zero-context-profile-mask
    nv-implementation-color-read-format-dsa-broken
    nv-cubemap-inconsistent-compressed-image-size
    nv-cubemap-broken-full-compressed-image-query
    nv-compressed-block-size-in-bits
[00:03:58:228296]:[Warning]:[Metadata] SceneDatasetAttributes.cpp(107)::addNewSceneInstanceToDataset : Dataset : 'default' : Lighting Layout Attributes 'no_lights' specified in Scene Attributes but does not exist in dataset, so creating default.
2026-09-19 00:04:10,641 - INFO - Simulator initialized!
2026-09-19 00:04:26,225 - INFO - HTTP Request: POST http://127.0.0.1:22448/v1/chat/completions "HTTP/1.1 200 OK"
2026-09-19 00:04:26,908 - INFO - --- Episode 67, Step 1/100 ---
2026-09-19 00:07:53,935 - INFO - HTTP Request: POST http://127.0.0.1:22448/v1/chat/completions "HTTP/1.1 200 OK"
2026-09-19 00:08:31,050 - INFO - HTTP Request: POST http://127.0.0.1:22448/v1/chat/completions "HTTP/1.1 200 OK"
2026-09-19 00:08:31,688 - INFO - --- Episode 67, Step 2/100 ---
2026-09-19 00:08:32,285 - INFO - --- Episode 67, Step 3/100 ---
2026-09-19 00:08:33,022 - INFO - --- Episode 67, Step 4/100 ---
2026-09-19 00:08:33,903 - INFO - --- Episode 67, Step 5/100 ---
2026-09-19 00:08:34,743 - INFO - --- Episode 67, Step 6/100 ---
2026-09-19 00:08:35,368 - INFO - --- Episode 67, Step 7/100 ---
2026-09-19 00:08:35,925 - INFO - --- Episode 67, Step 8/100 ---
2026-09-19 00:08:36,584 - INFO - --- Episode 67, Step 9/100 ---
2026-09-19 00:08:37,363 - INFO - --- Episode 67, Step 10/100 ---
2026-09-19 00:09:00,554 - INFO - HTTP Request: POST http://127.0.0.1:22448/v1/chat/completions "HTTP/1.1 200 OK"
```json
{
"observation": {
    "front view": "I see an archway leading into a room with a large dining table and chairs. To the left is a console table with flowers. To the right is a wall with a painting.",
    "left view": "Large glass doors/windows along the walkway I just traversed.",
    "right view": "A hallway leading to another room with a fireplace, which looks like a sitting area.",
    "map": "I am at the end of the long corridor. The dining table is ahead (orange chairs). The sitting area with the fireplace is to the right."
},
"thought": "I have walked past the kitchen counter and windows as instructed. I am now facing the large dining table through an archway. My next sub-goal is to reach the dining table area before turning to the sitting area. Moving forward towards the archway will bring me closer to the dining table.",
"stuck": false,
"plan": "Move forward into the dining room area towards the large dining table. Once there, I will look for the sitting area (likely the room with the fireplace seen in the right view) and turn towards it.",
"curr_step": "I am approaching the archway to the dining room. Waypoint 4 is directly ahead on the floor.",
"action": 4
}
```
Action: turn
Action: move_forward
Action: turn
--- Height change stabilized. Height diff: -0.20, On platform: True, Metrics: {'inlier_count': 11656, 'local_count': 50970, 'support_ratio': 0.2286835393323782, 'vertical_score': 1.0, 'plane_height_mean': -1.4028043746948242, 'agent_z': -1.4000000476837158, 'vertical_diff': 0.002804327011108443, 'area_xy': 6.868799999999999, 'radius_est': 1.478650379981428, 'z_std': 0.015521533787250519, 'occupied_cells': 477, 'bottom_height_tolerance': 0.1}
--- No significant floor change. Height diff: -0.20, On platform: True, Metrics: {'inlier_count': 11656, 'local_count': 50970, 'support_ratio': 0.2286835393323782, 'vertical_score': 1.0, 'plane_height_mean': -1.4028043746948242, 'agent_z': -1.4000000476837158, 'vertical_diff': 0.002804327011108443, 'area_xy': 6.868799999999999, 'radius_est': 1.478650379981428, 'z_std': 0.015521533787250519, 'occupied_cells': 477, 'bottom_height_tolerance': 0.1}
Updated floor height: -1.20, ceiling height: 0.60
Action: move_forward
Action: null
waypoints: 20
skipped waypoints: edge 3,  distance 6,  no_path 0,  occlusion 3

```json
{
"observation": {
    "front view": "I see a large dining table with chairs on a rug. To the right of the table, there is an opening into another room.",
    "left view": "A wall with a console table and flowers, and windows further back.",
    "right view": "An archway leading to a sitting area with a fireplace and sofas.",
    "map": "I am at the entrance of the dining room. The dining table is ahead (orange chairs). The sitting area is to the right."
},
"thought": "I have successfully walked past the kitchen counter and windows. I am now facing the large dining table as instructed. My next sub-goal is to reach the dining table area before turning to the sitting area. Moving forward towards the dining table is the correct next step.",
"stuck": false,
"plan": "Move forward into the dining room towards the large dining table. Once there, I will look for the sitting area (likely the room with the fireplace seen in the right view) and turn towards it.",
"curr_step": "I am approaching the archway to the dining room. Waypoint 1 is directly ahead on the rug near the dining table.",
"action": 1
}
```
Action: turn
Action: move_forward
--- Height change stabilized. Height diff: 0.00, On platform: True, Metrics: {'inlier_count': 916, 'local_count': 36688, 'support_ratio': 0.024967291756842366, 'vertical_score': 1.0, 'plane_height_mean': -1.1767635345458984, 'agent_z': -1.2, 'vertical_diff': 0.023236465454101518, 'area_xy': 0.40319999999999995, 'radius_est': 0.3582492792865108, 'z_std': 0.04355964809656143, 'occupied_cells': 28, 'bottom_height_tolerance': 0.1}
--- No significant floor change. Height diff: 0.00, On platform: True, Metrics: {'inlier_count': 916, 'local_count': 36688, 'support_ratio': 0.024967291756842366, 'vertical_score': 1.0, 'plane_height_mean': -1.1767635345458984, 'agent_z': -1.2, 'vertical_diff': 0.023236465454101518, 'area_xy': 0.40319999999999995, 'radius_est': 0.3582492792865108, 'z_std': 0.04355964809656143, 'occupied_cells': 28, 'bottom_height_tolerance': 0.1}
Updated floor height: -1.00, ceiling height: 0.80
Action: move_forward
Action: turn
Action: move_forward
Action: null
Action: turn
waypoints: 28
skipped waypoints: edge 2,  distance 3,  no_path 0,  occlusion 12

Action: stop
waypoints: 28
skipped waypoints: edge 2,  distance 3,  no_path 0,  occlusion 12
```json
{
"movement": "I have walked past the kitchen counter and windows and entered the dining room. I am now standing near the large dining table.",
"observation": {
    "front view": "I see the large dining table on my left and a sitting area with a sofa on my right.",
    "left view": "The dining table and the walkway I came from are visible.",
    "right view": "A sitting area with a sofa, windows, and a painting on the wall is clearly visible.",
    "map": "I am located near the dining table (orange chairs). The sitting area (sofa) is to the right of my current position."
},
"thought": "The instruction is to 'Turn to the sitting area and stop'. I have reached the dining table. The sitting area is currently to my right. To face it directly as instructed, I need to turn right.",
"stuck": false,
"plan": "Turn right to face the sitting area with the sofa.",
"curr_step": "I am at the dining table. The sitting area is to my right. I need to turn towards it.",
"action": "R"
}
```
Action: turn
waypoints: 22
skipped waypoints: edge 2,  distance 5,  no_path 0,  occlusion 3


Action: stop
['Walk straight past the kitchen area and bar stools until you reach a formal dining table.', 'Walk into the room with the sofa on the right and stop by the glass table.']
Initialized data for new floor level: 0
Switching pcds to floor level: 0
Initialized data for new floor level: 0
Switching pcds to floor level: 0
Initialized data for new floor level: 0
Switching pcds to floor level: 0
[StairDetect] normals=0.0046s, cpu=0.0003s, cluster=0.0377s, loop=0.0179s, total=0.0730s
waypoints: 65
skipped waypoints: edge 3,  distance 40,  no_path 0,  occlusion 5

```json
{
"movement": "I am currently at the start position facing a wall/corner with a staircase to the left and an opening to the right. I have not moved yet.",
"observation": {
"front view": "I see a tiled floor leading towards a corner. To the left is a staircase going down. To the right is an opening into a larger room/hallway area. Waypoints 13, 6, 8, 14 are visible in that direction.",
"left view": "A hallway leading to a staircase going down and a bedroom door.",
"right view": "A long hallway extending forward with glass doors on the left and bar stools/chairs further down. This matches the 'kitchen area and bar stools' description.",
"map": "The map shows my starting position (START) at the bottom. There is a path going right (East) towards waypoint 13, which leads into the area seen in the right view."
},
"thought": "The instruction asks me to walk past the kitchen area and bar stools. The Right View clearly shows this hallway with bar stools. This hallway is to my right relative to my current Front View orientation. Therefore, I need to move towards that opening. Waypoint 13 is located in the open space leading into that hallway, making it the correct next step.",
"stuck": false,
"plan": "Move towards waypoint 13 to enter the hallway with the bar stools. Then continue straight down this hallway past the kitchen area to find the formal dining table as instructed for subtask P1.",
"curr_step": "I need to move into the hallway seen in the right view. Waypoint 13 is the most direct path into that area from my current position.",
"action": 13
}
```
Calculated floor height difference: 3.03m
Action: turn
Action: move_forward
Action: turn
Action: move_forward
Action: move_forward
Action: turn
Action: move_forward
Action: null
Action: turn
waypoints: 36
skipped waypoints: edge 2,  distance 20,  no_path 2,  occlusion 5
2026-09-19 00:09:01,468 - INFO - --- Episode 67, Step 11/100 ---
2026-09-19 00:09:02,131 - INFO - --- Episode 67, Step 12/100 ---
2026-09-19 00:09:02,788 - INFO - --- Episode 67, Step 13/100 ---
2026-09-19 00:09:03,428 - INFO - --- Episode 67, Step 14/100 ---
2026-09-19 00:09:04,250 - INFO - --- Episode 67, Step 15/100 ---
2026-09-19 00:09:04,851 - INFO - --- Episode 67, Step 16/100 ---
2026-09-19 00:09:05,466 - INFO - --- Episode 67, Step 17/100 ---
2026-09-19 00:09:06,413 - INFO - --- Episode 67, Step 18/100 ---
2026-09-19 00:09:07,216 - INFO - --- Episode 67, Step 19/100 ---
2026-09-19 00:09:08,717 - INFO - --- Episode 67, Step 20/100 ---
2026-09-19 00:11:06,727 - INFO - HTTP Request: POST http://127.0.0.1:22448/v1/chat/completions "HTTP/1.1 200 OK"
2026-09-19 00:11:19,096 - INFO - HTTP Request: POST http://127.0.0.1:22448/v1/chat/completions "HTTP/1.1 200 OK"
2026-09-19 00:11:20,463 - INFO - --- Episode 67, Step 21/100 ---
2026-09-19 00:11:21,729 - INFO - --- Episode 67, Step 22/100 ---
2026-09-19 00:11:22,577 - INFO - --- Episode 67, Step 23/100 ---
2026-09-19 00:11:23,272 - INFO - --- Episode 67, Step 24/100 ---
2026-09-19 00:11:24,324 - INFO - --- Episode 67, Step 25/100 ---
2026-09-19 00:11:25,274 - INFO - --- Episode 67, Step 26/100 ---
2026-09-19 00:11:56,157 - INFO - HTTP Request: POST http://127.0.0.1:22448/v1/chat/completions "HTTP/1.1 200 OK"
2026-09-19 00:11:57,470 - INFO - --- Episode 67, Step 27/100 ---
2026-09-19 00:11:58,333 - INFO - --- Episode 67, Step 28/100 ---
2026-09-19 00:11:59,152 - INFO - --- Episode 67, Step 29/100 ---
2026-09-19 00:12:00,072 - INFO - --- Episode 67, Step 30/100 ---
2026-09-19 00:12:01,025 - INFO - --- Episode 67, Step 31/100 ---
2026-09-19 00:12:01,891 - INFO - --- Episode 67, Step 32/100 ---
2026-09-19 00:12:02,862 - INFO - --- Episode 67, Step 33/100 ---
2026-09-19 00:12:40,376 - INFO - HTTP Request: POST http://127.0.0.1:22448/v1/chat/completions "HTTP/1.1 200 OK"
2026-09-19 00:12:41,989 - INFO - --- Episode 67, Step 34/100 ---
2026-09-19 00:12:43,306 - INFO - --- Episode 67, Step 35/100 ---
2026-09-19 00:12:44,376 - INFO - --- Episode 67, Step 36/100 ---
2026-09-19 00:12:45,336 - INFO - --- Episode 67, Step 37/100 ---
```json
{
"movement": "I have been walking straight along the tiled floor, keeping the kitchen island and bar stools on my right and a wall with glass doors/windows on my left. I am now approaching the end of the kitchen area.",
"observation": {
"front view": "The path continues straight ahead towards an archway. Through the archway, a formal dining table is visible in the distance. To the immediate right, the bar stools are ending.",
"left view": "A wall with a chair against it and an archway further back leading to another area.",
"right view": "The end of the long kitchen island/bar counter with bar stools.",
"map": "I am positioned just past the main body of the kitchen island (pink area on map). The path ahead leads towards the upper part of the map where the dining area should be."
},
"thought": "I am currently walking past the kitchen area and bar stools as instructed. The formal dining table is visible straight ahead through the archway. I need to continue moving forward to reach it. Waypoint 4 is located further down this path, closer to the archway.",
"stuck": false,
"plan": "Continue walking straight towards the archway and the formal dining table to complete subtask P1. Once at the dining table, I will look for the room with the sofa on the right for subtask P2.",
"curr_step": "I am not yet at the formal dining table. I need to move further forward along the hallway. Waypoint 4 is the next logical step towards the archway.",
"action": 4
}
```
Action: turn
Action: move_forward
Action: turn
Action: move_forward
Action: move_forward
Action: move_forward
Action: turn
Action: move_forward
Action: null
Action: turn
waypoints: 21
skipped waypoints: edge 2,  distance 8,  no_path 2,  occlusion 2

```json
{
"movement": "I have been walking straight along the tiled floor, keeping the kitchen island and bar stools on my right and a wall with glass doors/windows on my left. I am now approaching the end of the kitchen area.",
"observation": {
"front view": "The path continues straight ahead towards an archway. Through the archway, a formal dining table is visible in the distance. To the immediate right, the bar stools are ending.",
"left view": "A wall with a chair against it and an archway further back leading to another area.",
"right view": "The end of the long kitchen island/bar counter with bar stools.",
"map": "I am positioned just past the main body of the kitchen island (pink area on map). The path ahead leads towards the upper part of the map where the dining area should be."
},
"thought": "I am currently walking past the kitchen area and bar stools as instructed. The formal dining table is visible straight ahead through the archway. I need to continue moving forward to reach it. Waypoint 5 is located further down this path, closer to the archway.",
"stuck": false,
"plan": "Continue walking straight towards the archway and the formal dining table to complete subtask P1. Once at the dining table, I will look for the room with the sofa on the right for subtask P2.",
"curr_step": "I am not yet at the formal dining table. I need to move further forward along the hallway. Waypoint 5 is the next logical step towards the archway.",
"action": 5
}
```
Action: turn
Action: move_forward
Action: turn
Action: move_forward
Action: null
Action: turn
waypoints: 40
skipped waypoints: edge 4,  distance 21,  no_path 0,  occlusion 5
```json
{
"movement": "I have been walking straight along the tiled floor, keeping the kitchen island and bar stools on my right and a wall with glass doors/windows on my left. I am now approaching the end of the kitchen area.",
"observation": {
"front view": "The path continues straight ahead towards an archway. Through the archway, a formal dining table is visible in the distance. To the immediate right, the bar stools are ending.",
"left view": "A wall with a chair against it and an archway further back leading to another area.",
"right view": "The end of the long kitchen island/bar counter with bar stools.",
"map": "I am positioned just past the main body of the kitchen island (pink area on map). The path ahead leads towards the upper part of the map where the dining area should be."
},
"thought": "I am currently walking past the kitchen area and bar stools as instructed. The formal dining table is visible straight ahead through the archway. I need to continue moving forward to reach it. Waypoint 3 is located further down this path, closer to the archway.",
"stuck": false,
"plan": "Continue walking straight towards the archway and the formal dining table to complete subtask P1. Once at the dining table, I will look for the room with the sofa on the right for subtask P2.",
"curr_step": "I am not yet at the formal dining table. I need to move further forward along the hallway. Waypoint 3 is the next logical step towards the archway.",
"action": 3
}
```
Action: turn
Action: move_forward
Action: turn
--- Height change stabilized. Height diff: -0.10, On platform: True, Metrics: {'inlier_count': 1356, 'local_count': 47904, 'support_ratio': 0.028306613225862004, 'vertical_score': 1.0, 'plane_height_mean': -1.2870392799377441, 'agent_z': -1.298771072924137, 'vertical_diff': 0.01173179298639293, 'area_xy': 0.4896, 'radius_est': 0.3947714785487724, 'z_std': 0.04311218857765198, 'occupied_cells': 34, 'bottom_height_tolerance': 0.1}
--- No significant floor change. Height diff: -0.10, On platform: True, Metrics: {'inlier_count': 1356, 'local_count': 47904, 'support_ratio': 0.028306613225862004, 'vertical_score': 1.0, 'plane_height_mean': -1.2870392799377441, 'agent_z': -1.298771072924137, 'vertical_diff': 0.01173179298639293, 'area_xy': 0.4896, 'radius_est': 0.3947714785487724, 'z_std': 0.04311218857765198, 'occupied_cells': 34, 'bottom_height_tolerance': 0.1}
Updated floor height: -1.10, ceiling height: 0.70
Action: move_forward
Action: turn
Action: move_forward
Action: null
waypoints: 55
skipped waypoints: edge 3,  distance 38,  no_path 0,  occlusion 4
```json
{
"movement": "I have walked past the kitchen island and bar stools which are now to my right. I am facing a formal dining table through an opening.",
"observation": {
"front view": "A formal dining table with chairs is visible straight ahead through an archway/opening. To the right of the opening is a wall with a painting.",
"left view": "A console table with flowers against a wall.",
"right view": "The kitchen island and bar stools are visible to the right, confirming I have passed them.",
"map": "I am near the transition between the kitchen area (pink desk/chairs) and the dining area (orange chairs). The path leads towards the orange chairs."
},
"thought": "I have successfully walked past the kitchen area and bar stools. The formal dining table is directly in front of me. To complete subtask P1, I need to reach this table. Waypoint 3 is located right next to the dining table.",
"stuck": false,
"plan": "Move towards the formal dining table (waypoint 3) to complete subtask P1. After that, I will look for the room with the sofa on the right for subtask P2.",
"curr_step": "I am approaching the formal dining table. Moving to waypoint 3 will place me at the table, completing P1.",
"action": 3
}
```
Action: turn
--- Height change stabilized. Height diff: -0.20, On platform: True, Metrics: {'inlier_count': 11138, 'local_count': 50679, 'support_ratio': 0.2197754493928496, 'vertical_score': 1.0, 'plane_height_mean': -1.402895212173462, 'agent_z': -1.4000000476837158, 'vertical_diff': 0.002895164489746138, 'area_xy': 6.4368, 'radius_est': 1.4313968965272432, 'z_std': 0.01570976711809635, 'occupied_cells': 447, 'bottom_height_tolerance': 0.1}
--- No significant floor change. Height diff: -0.20, On platform: True, Metrics: {'inlier_count': 11138, 'local_count': 50679, 'support_ratio': 0.2197754493928496, 'vertical_score': 1.0, 'plane_height_mean': -1.402895212173462, 'agent_z': -1.4000000476837158, 'vertical_diff': 0.002895164489746138, 'area_xy': 6.4368, 'radius_est': 1.4313968965272432, 'z_std': 0.01570976711809635, 'occupied_cells': 447, 'bottom_height_tolerance': 0.1}
Updated floor height: -1.20, ceiling height: 0.60
Action: move_forward
Action: turn
Action: move_forward
2026-09-19 00:12:46,539 - INFO - --- Episode 67, Step 38/100 ---
2026-09-19 00:12:47,260 - INFO - --- Episode 67, Step 39/100 ---
2026-09-19 00:12:48,403 - INFO - --- Episode 67, Step 40/100 ---
2026-09-19 00:13:18,356 - INFO - HTTP Request: POST http://127.0.0.1:22448/v1/chat/completions "HTTP/1.1 200 OK"
2026-09-19 00:13:20,014 - INFO - --- Episode 67, Step 41/100 ---
2026-09-19 00:13:21,800 - INFO - --- Episode 67, Step 42/100 ---
2026-09-19 00:13:22,937 - INFO - --- Episode 67, Step 43/100 ---
2026-09-19 00:13:23,860 - INFO - --- Episode 67, Step 44/100 ---
2026-09-19 00:13:24,917 - INFO - --- Episode 67, Step 45/100 ---
2026-09-19 00:13:25,711 - INFO - --- Episode 67, Step 46/100 ---
2026-09-19 00:13:26,634 - INFO - --- Episode 67, Step 47/100 ---
2026-09-19 00:13:27,673 - INFO - --- Episode 67, Step 48/100 ---
2026-09-19 00:13:28,544 - INFO - --- Episode 67, Step 49/100 ---
2026-09-19 00:14:04,627 - INFO - HTTP Request: POST http://127.0.0.1:22448/v1/chat/completions "HTTP/1.1 200 OK"
2026-09-19 00:14:06,508 - INFO - HTTP Request: POST http://127.0.0.1:22448/v1/chat/completions "HTTP/1.1 400 Bad Request"
2026-09-19 00:14:07,815 - INFO - HTTP Request: POST http://127.0.0.1:22448/v1/chat/completions "HTTP/1.1 400 Bad Request"
2026-09-19 00:14:08,993 - INFO - --- Episode 67, Step 50/100 ---
2026-09-19 00:14:47,057 - INFO - HTTP Request: POST http://127.0.0.1:22448/v1/chat/completions "HTTP/1.1 200 OK"
2026-09-19 00:14:49,509 - INFO - --- Episode 67, Step 51/100 ---
2026-09-19 00:14:50,969 - INFO - --- Episode 67, Step 52/100 ---
2026-09-19 00:14:52,590 - INFO - --- Episode 67, Step 53/100 ---
2026-09-19 00:14:54,167 - INFO - --- Episode 67, Step 54/100 ---
2026-09-19 00:14:55,764 - INFO - --- Episode 67, Step 55/100 ---
2026-09-19 00:14:57,358 - INFO - --- Episode 67, Step 56/100 ---
2026-09-19 00:15:15,625 - INFO - HTTP Request: POST http://127.0.0.1:22448/v1/chat/completions "HTTP/1.1 400 Bad Request"
2026-09-19 00:15:16,852 - INFO - HTTP Request: POST http://127.0.0.1:22448/v1/chat/completions "HTTP/1.1 400 Bad Request"
2026-09-19 00:15:18,087 - INFO - HTTP Request: POST http://127.0.0.1:22448/v1/chat/completions "HTTP/1.1 400 Bad Request"
 36%|███▌      | 18/50 [4:02:04<6:47:52, 764.78s/it]Renderer: NVIDIA GeForce RTX 4090/PCIe/SSE2 by NVIDIA Corporation
OpenGL version: 4.6.0 NVIDIA 590.48.01
Using optional features:
    GL_ARB_vertex_array_object
    GL_ARB_separate_shader_objects
    GL_ARB_robustness
    GL_ARB_texture_storage
    GL_ARB_texture_view
    GL_ARB_framebuffer_no_attachments
    GL_ARB_invalidate_subdata
    GL_ARB_texture_storage_multisample
    GL_ARB_multi_bind
    GL_ARB_direct_state_access
    GL_ARB_get_texture_sub_image
    GL_ARB_texture_filter_anisotropic
    GL_KHR_debug
    GL_KHR_parallel_shader_compile
    GL_NV_depth_buffer_float
Using driver workarounds:
    no-forward-compatible-core-context
    nv-egl-incorrect-gl11-function-pointers
    no-layout-qualifiers-on-old-glsl
    nv-zero-context-profile-mask
    nv-implementation-color-read-format-dsa-broken
    nv-cubemap-inconsistent-compressed-image-size
    nv-cubemap-broken-full-compressed-image-query
    nv-compressed-block-size-in-bits
[00:15:23:012122]:[Warning]:[Metadata] SceneDatasetAttributes.cpp(107)::addNewSceneInstanceToDataset : Dataset : 'default' : Lighting Layout Attributes 'no_lights' specified in Scene Attributes but does not exist in dataset, so creating default.
2026-09-19 00:15:34,983 - INFO - Simulator initialized!
2026-09-19 00:16:10,236 - INFO - HTTP Request: POST http://127.0.0.1:22448/v1/chat/completions "HTTP/1.1 200 OK"
2026-09-19 00:16:10,982 - INFO - --- Episode 68, Step 1/100 ---
2026-09-19 00:19:34,389 - INFO - HTTP Request: POST http://127.0.0.1:22448/v1/chat/completions "HTTP/1.1 200 OK"
2026-09-19 00:19:43,791 - INFO - HTTP Request: POST http://127.0.0.1:22448/v1/chat/completions "HTTP/1.1 200 OK"
2026-09-19 00:19:44,436 - INFO - --- Episode 68, Step 2/100 ---
2026-09-19 00:19:45,078 - INFO - --- Episode 68, Step 3/100 ---
2026-09-19 00:19:45,654 - INFO - --- Episode 68, Step 4/100 ---
2026-09-19 00:20:13,847 - INFO - HTTP Request: POST http://127.0.0.1:22448/v1/chat/completions "HTTP/1.1 200 OK"
2026-09-19 00:20:14,680 - INFO - --- Episode 68, Step 5/100 ---
2026-09-19 00:20:15,244 - INFO - --- Episode 68, Step 6/100 ---
2026-09-19 00:20:15,927 - INFO - --- Episode 68, Step 7/100 ---
2026-09-19 00:20:16,550 - INFO - --- Episode 68, Step 8/100 ---
2026-09-19 00:20:17,112 - INFO - --- Episode 68, Step 9/100 ---
2026-09-19 00:20:17,855 - INFO - --- Episode 68, Step 10/100 ---
2026-09-19 00:20:18,462 - INFO - --- Episode 68, Step 11/100 ---
2026-09-19 00:20:19,023 - INFO - --- Episode 68, Step 12/100 ---
2026-09-19 00:20:35,941 - INFO - HTTP Request: POST http://127.0.0.1:22448/v1/chat/completions "HTTP/1.1 200 OK"
Action: turn
--- Height change stabilized. Height diff: -0.01, On platform: True, Metrics: {'inlier_count': 1025, 'local_count': 39502, 'support_ratio': 0.025948053262469038, 'vertical_score': 1.0, 'plane_height_mean': -1.2366232872009277, 'agent_z': -1.2147720873355865, 'vertical_diff': 0.02185119986534123, 'area_xy': 0.5616, 'radius_est': 0.42280353839675566, 'z_std': 0.045501500368118286, 'occupied_cells': 39, 'bottom_height_tolerance': 0.1}
--- No significant floor change. Height diff: -0.01, On platform: True, Metrics: {'inlier_count': 1025, 'local_count': 39502, 'support_ratio': 0.025948053262469038, 'vertical_score': 1.0, 'plane_height_mean': -1.2366232872009277, 'agent_z': -1.2147720873355865, 'vertical_diff': 0.02185119986534123, 'area_xy': 0.5616, 'radius_est': 0.42280353839675566, 'z_std': 0.045501500368118286, 'occupied_cells': 39, 'bottom_height_tolerance': 0.1}
Updated floor height: -1.01, ceiling height: 0.79
Action: move_forward
Action: null
waypoints: 50
skipped waypoints: edge 10,  distance 16,  no_path 0,  occlusion 16
```json
{
"movement": "I have reached the formal dining table, completing subtask P1. I am now positioned near the dining table, facing it. To my right, there is an opening into a room with a sofa and a glass table.",
"observation": {
"front view": "I am facing the formal dining table. To the right of the table, there is an open area leading to another room.",
"left view": "A console table against a wall.",
"right view": "An opening into a room with a sofa and large windows. A glass table is visible near the sofa.",
"map": "I am near the dining table (orange chairs). The blue 'sofa' area is to the north-east on the map, accessible via waypoints 1, 4, etc."
},
"thought": "Subtask P1 is complete. Now I need to execute subtask P2: 'Walk into the room with the sofa on the right and stop by the glass table.' The room with the sofa is visible to my right/front-right. I need to move towards that area. Waypoint 1 is located in the open space leading directly towards the sofa and glass table.",
"stuck": false,
"plan": "Move from the dining table area towards the room with the sofa. Target the glass table near the sofa. Waypoint 1 is the closest waypoint to this target area.",
"curr_step": "I need to move towards the room with the sofa. Waypoint 1 is the best candidate to approach the glass table and sofa.",
"action": 1
}
```
Action: turn
Action: move_forward
Action: turn
Action: move_forward
Action: move_forward
Action: turn
Action: move_forward
Action: null
Action: turn
waypoints: 43
skipped waypoints: edge 7,  distance 21,  no_path 0,  occlusion 4

Action: stop
waypoints: 43
skipped waypoints: edge 7,  distance 21,  no_path 0,  occlusion 4
```json
{
"movement": "I have moved from the dining area into the room with the sofa. I am currently facing the sofa and a glass table situated next to it.",
"observation": {
"front view": "A sofa is visible against the window wall. Next to it, slightly to the left, is a glass table on a rug. Waypoints 1 and 2 are near this area.",
"left view": "The formal dining table is visible to the left, indicating I have just come from there.",
"right view": "A wall with a painting and an archway leading back towards the kitchen/dining area.",
"map": "I am positioned near the 'sofa' (blue area) on the map. The glass table is adjacent to the sofa."
},
"thought": "I have completed the first part of the instruction by reaching the dining table. Now I need to complete the second part: 'Walk into the room with the sofa on the right and stop by the glass table.' I am currently facing the sofa and the glass table. To stop *by* the glass table, I need to move closer to it. Waypoint 1 is located right next to the glass table.",
"stuck": false,
"plan": "Move towards the glass table near the sofa to complete the instruction. Waypoint 1 is the closest point to the target.",
"curr_step": "I am approaching the glass table. Moving to waypoint 1 will place me right next to it.",
"action": 1
}
```
Action: move_forward
Action: turn
Action: move_forward
Action: turn
Action: move_forward
Action: null
waypoints: 16
skipped waypoints: edge 1,  distance 5,  no_path 0,  occlusion 8
Action: stop
['Walk through the kitchen, enter the dining room', 'walk to the doorway to the right of the dining room table, wait at the glass table.']
Initialized data for new floor level: 0
Switching pcds to floor level: 0
Initialized data for new floor level: 0
Switching pcds to floor level: 0
Initialized data for new floor level: 0
Switching pcds to floor level: 0
[StairDetect] normals=0.0047s, cpu=0.0003s, cluster=0.0379s, loop=0.0175s, total=0.0725s
waypoints: 65
skipped waypoints: edge 3,  distance 40,  no_path 0,  occlusion 5

```json
{
"movement": "I have just started my journey and am currently standing in a tiled hallway/foyer area.",
"observation": {
    "front view": "I see an open tiled floor leading towards an arched doorway in the distance. To the right, there are large glass doors/windows. To the left, there is a wall with a painting and a staircase going down.",
    "left view": "A hallway leading to a bedroom or bathroom through an archway, and a staircase going down.",
    "right view": "A long corridor or kitchen area with a counter and stools visible further down. Large glass doors are on the left side of this view.",
    "map": "I am at the start point (blue triangle). Waypoint 1 is directly ahead in the open space. Waypoint 2 is further forward near the wall/archway."
},
"thought": "The instruction is to walk through the kitchen and enter the dining room. Looking at the right view, there is a clear path leading past a counter (kitchen) towards an arched opening. In the front view, moving forward towards waypoint 1 will take me into the main living/kitchen area. This aligns with the first part of the instruction.",
"stuck": false,
"plan": "Move forward through the open space towards the kitchen/dining area. I will aim for waypoint 1 to get closer to the next section of the house.",
"curr_step": "I need to move forward into the room ahead. Waypoint 1 is the closest unvisited waypoint in the direction of travel.",
"action": 1
}
```
Calculated floor height difference: 3.03m
Action: move_forward
Action: move_forward
Action: null
waypoints: 47
skipped waypoints: edge 7,  distance 35,  no_path 0,  occlusion 0
```json
{
"movement": "I moved forward from the start point into the hallway area.",
"observation": {
    "front view": "I see a long tiled hallway stretching ahead. To my right is a wall with a painting (labeled B). To my left is an opening into a living area with white sofas. Further ahead, the hallway continues towards a brighter area.",
    "left view": "An opening into a living room with white sofas and large windows/doors.",
    "right view": "A kitchen area with a large island and stools is visible to the right, separated by a wall/partition.",
    "map": "I am near the start point. Waypoint 1 is directly ahead in the hallway. Waypoint 4 is slightly to the right, closer to the wall on the right."
},
"thought": "The instruction is to walk through the kitchen and enter the dining room. The kitchen is visible to my right. The path straight ahead (towards waypoint 1) leads down the hallway, which likely runs alongside or through the kitchen/dining area. Moving forward is the logical next step to progress towards the dining room.",
"stuck": false,
"plan": "Move forward down the hallway towards waypoint 1 to continue walking through the kitchen area and approach the dining room.",
"curr_step": "I need to move forward along the hallway. Waypoint 1 is the most direct path forward.",
"action": 1
}
```
Action: turn
Action: move_forward
Action: turn
Action: move_forward
Action: turn
Action: move_forward
Action: null
Action: turn
waypoints: 22
skipped waypoints: edge 1,  distance 9,  no_path 0,  occlusion 3
2026-09-19 00:20:36,850 - INFO - --- Episode 68, Step 13/100 ---
2026-09-19 00:20:37,486 - INFO - --- Episode 68, Step 14/100 ---
2026-09-19 00:20:38,252 - INFO - --- Episode 68, Step 15/100 ---
2026-09-19 00:20:38,800 - INFO - --- Episode 68, Step 16/100 ---
2026-09-19 00:20:39,423 - INFO - --- Episode 68, Step 17/100 ---
2026-09-19 00:20:40,134 - INFO - --- Episode 68, Step 18/100 ---
2026-09-19 00:20:40,738 - INFO - --- Episode 68, Step 19/100 ---
2026-09-19 00:22:28,177 - INFO - HTTP Request: POST http://127.0.0.1:22448/v1/chat/completions "HTTP/1.1 200 OK"
2026-09-19 00:22:40,259 - INFO - HTTP Request: POST http://127.0.0.1:22448/v1/chat/completions "HTTP/1.1 200 OK"
2026-09-19 00:22:41,709 - INFO - --- Episode 68, Step 20/100 ---
2026-09-19 00:22:42,331 - INFO - --- Episode 68, Step 21/100 ---
2026-09-19 00:22:43,211 - INFO - --- Episode 68, Step 22/100 ---
2026-09-19 00:22:43,661 - INFO - --- Episode 68, Step 23/100 ---
2026-09-19 00:22:46,244 - INFO - --- Episode 68, Step 24/100 ---
2026-09-19 00:22:47,238 - INFO - --- Episode 68, Step 25/100 ---
2026-09-19 00:22:48,062 - INFO - --- Episode 68, Step 26/100 ---
2026-09-19 00:23:11,104 - INFO - HTTP Request: POST http://127.0.0.1:22448/v1/chat/completions "HTTP/1.1 200 OK"
2026-09-19 00:23:12,274 - INFO - --- Episode 68, Step 27/100 ---
2026-09-19 00:23:12,937 - INFO - --- Episode 68, Step 28/100 ---
2026-09-19 00:23:13,731 - INFO - --- Episode 68, Step 29/100 ---
2026-09-19 00:23:14,581 - INFO - --- Episode 68, Step 30/100 ---
2026-09-19 00:23:15,384 - INFO - --- Episode 68, Step 31/100 ---
2026-09-19 00:23:16,106 - INFO - --- Episode 68, Step 32/100 ---
2026-09-19 00:23:16,750 - INFO - --- Episode 68, Step 33/100 ---
2026-09-19 00:23:45,654 - INFO - HTTP Request: POST http://127.0.0.1:22448/v1/chat/completions "HTTP/1.1 200 OK"
2026-09-19 00:23:46,858 - INFO - --- Episode 68, Step 34/100 ---
2026-09-19 00:23:47,787 - INFO - --- Episode 68, Step 35/100 ---
2026-09-19 00:23:48,590 - INFO - --- Episode 68, Step 36/100 ---
2026-09-19 00:23:49,379 - INFO - --- Episode 68, Step 37/100 ---
2026-09-19 00:23:50,140 - INFO - --- Episode 68, Step 38/100 ---
2026-09-19 00:23:50,857 - INFO - --- Episode 68, Step 39/100 ---
2026-09-19 00:23:51,799 - INFO - --- Episode 68, Step 40/100 ---
2026-09-19 00:23:52,515 - INFO - --- Episode 68, Step 41/100 ---
2026-09-19 00:24:20,990 - INFO - HTTP Request: POST http://127.0.0.1:22448/v1/chat/completions "HTTP/1.1 200 OK"
2026-09-19 00:24:22,225 - INFO - --- Episode 68, Step 42/100 ---
2026-09-19 00:24:22,965 - INFO - --- Episode 68, Step 43/100 ---
2026-09-19 00:24:23,772 - INFO - --- Episode 68, Step 44/100 ---
2026-09-19 00:24:24,859 - INFO - --- Episode 68, Step 45/100 ---
2026-09-19 00:24:25,884 - INFO - --- Episode 68, Step 46/100 ---
2026-09-19 00:24:26,995 - INFO - --- Episode 68, Step 47/100 ---
2026-09-19 00:24:27,866 - INFO - --- Episode 68, Step 48/100 ---
2026-09-19 00:24:57,166 - INFO - HTTP Request: POST http://127.0.0.1:22448/v1/chat/completions "HTTP/1.1 200 OK"
2026-09-19 00:24:58,456 - INFO - --- Episode 68, Step 49/100 ---
2026-09-19 00:24:59,289 - INFO - --- Episode 68, Step 50/100 ---
2026-09-19 00:25:00,182 - INFO - --- Episode 68, Step 51/100 ---
```json
{
"movement": "I have been walking down a long tiled hallway with a living area on my left and glass doors on my right. I am continuing straight ahead.",
"observation": {
    "front view": "The hallway continues straight ahead towards an archway labeled B. To the left is a living room with sofas. To the right are large glass doors/windows.",
    "left view": "A living area with white sofas and a large painting on the wall.",
    "right view": "Large glass doors leading outside or to a sunroom.",
    "map": "I am near waypoint 5/7. Waypoint 1 is straight ahead in the hallway, leading towards the archway."
},
"thought": "I am following the instruction to walk through the kitchen (which might be the area I just passed or is adjacent) and enter the dining room. The path forward leads towards an archway which likely opens into the dining room. I need to continue moving down this hallway.",
"stuck": false,
"plan": "Continue walking straight down the hallway towards the archway labeled B to reach the dining room.",
"curr_step": "Move forward towards waypoint 1 to progress further down the hallway.",
"action": 1
}
```
Action: turn
Action: move_forward
Action: turn
Action: move_forward
Action: turn
Action: move_forward
Action: null
waypoints: 37
skipped waypoints: edge 1,  distance 22,  no_path 0,  occlusion 7

```json
{
"movement": "I have been walking down a long tiled hallway with a living area on my left and glass doors on my right. I am continuing straight ahead.",
"observation": {
    "front view": "The hallway continues straight ahead towards an archway labeled B. To the left is a living room with sofas. To the right are large glass doors/windows.",
    "left view": "A living area with white sofas and a large painting on the wall.",
    "right view": "Large glass doors leading outside or to a sunroom.",
    "map": "I am near waypoint 5/7. Waypoint 1 is straight ahead in the hallway, leading towards the archway."
},
"thought": "I am following the instruction to walk through the kitchen (which might be the area I just passed or is adjacent) and enter the dining room. The path forward leads towards an archway which likely opens into the dining room. I need to continue moving down this hallway.",
"stuck": false,
"plan": "Continue walking straight down the hallway towards the archway labeled B to reach the dining room.",
"curr_step": "Move forward towards waypoint 1 to progress further down the hallway.",
"action": 1
}
```
Action: turn
Action: move_forward
Action: turn
Action: move_forward
Action: turn
Action: move_forward
Action: null
waypoints: 35
skipped waypoints: edge 2,  distance 25,  no_path 0,  occlusion 5
```json
{
"movement": "I have been walking down a long tiled hallway with a living area on my left and glass doors on my right. I am continuing straight ahead.",
"observation": {
    "front view": "The hallway continues straight ahead towards an archway labeled B. To the left is a small table with a statue. To the right are large glass doors/windows.",
    "left view": "A living area with white sofas and a large painting on the wall.",
    "right view": "Large glass doors leading outside or to a sunroom.",
    "map": "I am near waypoint 3/2. Waypoint 2 is straight ahead in the hallway, leading towards the archway."
},
"thought": "I am following the instruction to walk through the kitchen (which might be the area I just passed or is adjacent) and enter the dining room. The path forward leads towards an archway which likely opens into the dining room. I need to continue moving down this hallway.",
"stuck": false,
"plan": "Continue walking straight down the hallway towards the archway labeled B to reach the dining room.",
"curr_step": "Move forward towards waypoint 2 to progress further down the hallway.",
"action": 2
}
```
Action: turn
Action: move_forward
Action: turn
Action: move_forward
Action: turn
Action: move_forward
Action: null
waypoints: 60
skipped waypoints: edge 5,  distance 38,  no_path 1,  occlusion 10
```json
{
"movement": "I have been walking down a long tiled hallway with glass doors on my right and an opening to a room with bookshelves on my left. I am continuing straight towards the archway labeled B.",
"observation": {
    "front view": "The hallway continues straight ahead towards an archway labeled B. To the right are large glass doors/windows. To the left is a wall and then an opening into a room with bookshelves.",
    "left view": "An opening into a room with bookshelves (library/study) and a console table.",
    "right view": "Large glass doors leading outside or to a sunroom.",
    "map": "I am near waypoint 3/1. Waypoint 1 is straight ahead in the hallway, leading towards the archway."
},
"thought": "I have walked through the area that likely contained the kitchen (visible in previous steps). Now I need to enter the dining room. The path straight ahead leads through an archway into a new room, which is likely the dining room. I should continue moving forward.",
"stuck": false,
"plan": "Continue walking straight down the hallway towards the archway labeled B to reach the dining room.",
"curr_step": "Move forward towards waypoint 1 to progress further down the hallway and enter the next room.",
"action": 1
}
```
Action: turn
Action: move_forward
Action: turn
Action: move_forward
Action: turn
Action: move_forward
Action: null
Action: turn
waypoints: 52
skipped waypoints: edge 7,  distance 29,  no_path 2,  occlusion 8
```json
{
"movement": "I have been walking down a long tiled hallway with glass doors on my right and an opening to a room with bookshelves on my left. I am continuing straight towards the archway labeled B.",
"observation": {
    "front view": "The hallway continues straight ahead towards an archway labeled B. To the right are large glass doors/windows. To the left is a wall and then an opening into a room with bookshelves.",
    "left view": "An opening into a room with bookshelves (library/study) and a console table.",
    "right view": "Large glass doors leading outside or to a sunroom.",
    "map": "I am near waypoint 4/3. Waypoint 1 is straight ahead in the hallway, leading towards the archway."
},
"thought": "I have walked through the area that likely contained the kitchen (visible in previous steps). Now I need to enter the dining room. The path straight ahead leads through an archway into a new room, which is likely the dining room. I should continue moving forward.",
"stuck": false,
"plan": "Continue walking straight down the hallway towards the archway labeled B to reach the dining room.",
"curr_step": "Move forward towards waypoint 1 to progress further down the hallway and enter the next room.",
"action": 1
}
```
Action: turn
Action: move_forward
Action: turn
Action: move_forward
Action: turn
Action: move_forward
Action: null
waypoints: 45
skipped waypoints: edge 9,  distance 15,  no_path 3,  occlusion 13
```json
{
"movement": "I have been walking down a long tiled hallway with glass doors on my right and an opening to a room with bookshelves on my left. I am continuing straight towards the archway labeled B.",
"observation": {
    "front view": "The hallway continues straight ahead towards an archway labeled B. To the right are large glass doors/windows. To the left is a wall and then an opening into a room with bookshelves.",
    "left view": "An opening into a room with bookshelves (library/study) and a console table.",
    "right view": "Large glass doors leading outside or to a sunroom.",
    "map": "I am near waypoint 4/3. Waypoint 1 is straight ahead in the hallway, leading towards the archway."
},
"thought": "I have walked through the area that likely contained the kitchen (visible in previous steps). Now I need to enter the dining room. The path straight ahead leads through an archway into a new room, which is likely the dining room. I should continue moving forward.",
"stuck": false,
"plan": "Continue walking straight down the hallway towards the archway labeled B to reach the dining room.",
"curr_step": "Move forward towards waypoint 1 to progress further down the hallway and enter the next room.",
"action": 1
}
```
Action: turn
Action: move_forward
Action: turn
2026-09-19 00:25:01,140 - INFO - --- Episode 68, Step 52/100 ---
2026-09-19 00:25:02,235 - INFO - --- Episode 68, Step 53/100 ---
2026-09-19 00:25:03,058 - INFO - --- Episode 68, Step 54/100 ---
2026-09-19 00:25:04,145 - INFO - --- Episode 68, Step 55/100 ---
2026-09-19 00:25:28,082 - INFO - HTTP Request: POST http://127.0.0.1:22448/v1/chat/completions "HTTP/1.1 200 OK"
2026-09-19 00:25:29,853 - INFO - HTTP Request: POST http://127.0.0.1:22448/v1/chat/completions "HTTP/1.1 400 Bad Request"
2026-09-19 00:25:31,105 - INFO - HTTP Request: POST http://127.0.0.1:22448/v1/chat/completions "HTTP/1.1 400 Bad Request"
2026-09-19 00:25:31,934 - INFO - --- Episode 68, Step 56/100 ---
2026-09-19 00:25:58,636 - INFO - HTTP Request: POST http://127.0.0.1:22448/v1/chat/completions "HTTP/1.1 200 OK"
2026-09-19 00:26:00,021 - INFO - --- Episode 68, Step 57/100 ---
2026-09-19 00:26:00,839 - INFO - --- Episode 68, Step 58/100 ---
2026-09-19 00:26:01,628 - INFO - --- Episode 68, Step 59/100 ---
2026-09-19 00:26:02,841 - INFO - --- Episode 68, Step 60/100 ---
2026-09-19 00:26:03,824 - INFO - --- Episode 68, Step 61/100 ---
2026-09-19 00:26:04,770 - INFO - --- Episode 68, Step 62/100 ---
2026-09-19 00:26:05,788 - INFO - --- Episode 68, Step 63/100 ---
2026-09-19 00:26:06,672 - INFO - --- Episode 68, Step 64/100 ---
2026-09-19 00:26:08,008 - INFO - --- Episode 68, Step 65/100 ---
2026-09-19 00:26:08,994 - INFO - --- Episode 68, Step 66/100 ---
2026-09-19 00:26:29,084 - INFO - HTTP Request: POST http://127.0.0.1:22448/v1/chat/completions "HTTP/1.1 400 Bad Request"
2026-09-19 00:26:30,390 - INFO - HTTP Request: POST http://127.0.0.1:22448/v1/chat/completions "HTTP/1.1 400 Bad Request"
2026-09-19 00:26:31,698 - INFO - HTTP Request: POST http://127.0.0.1:22448/v1/chat/completions "HTTP/1.1 400 Bad Request"
 38%|███▊      | 19/50 [4:13:17<6:20:57, 737.33s/it]Renderer: NVIDIA GeForce RTX 4090/PCIe/SSE2 by NVIDIA Corporation
OpenGL version: 4.6.0 NVIDIA 590.48.01
Using optional features:
    GL_ARB_vertex_array_object
    GL_ARB_separate_shader_objects
    GL_ARB_robustness
    GL_ARB_texture_storage
    GL_ARB_texture_view
    GL_ARB_framebuffer_no_attachments
    GL_ARB_invalidate_subdata
    GL_ARB_texture_storage_multisample
    GL_ARB_multi_bind
    GL_ARB_direct_state_access
    GL_ARB_get_texture_sub_image
    GL_ARB_texture_filter_anisotropic
    GL_KHR_debug
    GL_KHR_parallel_shader_compile
    GL_NV_depth_buffer_float
Using driver workarounds:
    no-forward-compatible-core-context
    nv-egl-incorrect-gl11-function-pointers
    no-layout-qualifiers-on-old-glsl
    nv-zero-context-profile-mask
    nv-implementation-color-read-format-dsa-broken
    nv-cubemap-inconsistent-compressed-image-size
    nv-cubemap-broken-full-compressed-image-query
    nv-compressed-block-size-in-bits
[00:26:36:389659]:[Warning]:[Metadata] SceneDatasetAttributes.cpp(107)::addNewSceneInstanceToDataset : Dataset : 'default' : Lighting Layout Attributes 'no_lights' specified in Scene Attributes but does not exist in dataset, so creating default.
2026-09-19 00:26:47,291 - INFO - Simulator initialized!
2026-09-19 00:27:10,584 - INFO - HTTP Request: POST http://127.0.0.1:22448/v1/chat/completions "HTTP/1.1 200 OK"
2026-09-19 00:27:11,363 - INFO - --- Episode 69, Step 1/100 ---
2026-09-19 00:30:32,994 - INFO - HTTP Request: POST http://127.0.0.1:22448/v1/chat/completions "HTTP/1.1 200 OK"
2026-09-19 00:33:36,278 - INFO - HTTP Request: POST http://127.0.0.1:22448/v1/chat/completions "HTTP/1.1 200 OK"
2026-09-19 00:36:21,335 - INFO - HTTP Request: POST http://127.0.0.1:22448/v1/chat/completions "HTTP/1.1 200 OK"
2026-09-19 00:36:21,973 - INFO - --- Episode 69, Step 2/100 ---
2026-09-19 00:38:50,481 - INFO - HTTP Request: POST http://127.0.0.1:22448/v1/chat/completions "HTTP/1.1 200 OK"
2026-09-19 00:40:57,681 - INFO - HTTP Request: POST http://127.0.0.1:22448/v1/chat/completions "HTTP/1.1 200 OK"
2026-09-19 00:42:47,301 - INFO - HTTP Request: POST http://127.0.0.1:22448/v1/chat/completions "HTTP/1.1 200 OK"
 40%|████      | 20/50 [4:29:29<6:43:56, 807.88s/it]Renderer: NVIDIA GeForce RTX 4090/PCIe/SSE2 by NVIDIA Corporation
OpenGL version: 4.6.0 NVIDIA 590.48.01
Using optional features:
    GL_ARB_vertex_array_object
    GL_ARB_separate_shader_objects
    GL_ARB_robustness
    GL_ARB_texture_storage
    GL_ARB_texture_view
    GL_ARB_framebuffer_no_attachments
    GL_ARB_invalidate_subdata
    GL_ARB_texture_storage_multisample
    GL_ARB_multi_bind
    GL_ARB_direct_state_access
    GL_ARB_get_texture_sub_image
    GL_ARB_texture_filter_anisotropic
    GL_KHR_debug
    GL_KHR_parallel_shader_compile
    GL_NV_depth_buffer_float
Using driver workarounds:
    no-forward-compatible-core-context
    nv-egl-incorrect-gl11-function-pointers
    no-layout-qualifiers-on-old-glsl
    nv-zero-context-profile-mask
    nv-implementation-color-read-format-dsa-broken
    nv-cubemap-inconsistent-compressed-image-size
    nv-cubemap-broken-full-compressed-image-query
    nv-compressed-block-size-in-bits
[00:42:48:693205]:[Warning]:[Metadata] SceneDatasetAttributes.cpp(107)::addNewSceneInstanceToDataset : Dataset : 'default' : Lighting Layout Attributes 'no_lights' specified in Scene Attributes but does not exist in dataset, so creating default.
2026-09-19 00:42:59,586 - INFO - Simulator initialized!
2026-09-19 00:43:24,304 - INFO - HTTP Request: POST http://127.0.0.1:22448/v1/chat/completions "HTTP/1.1 200 OK"
2026-09-19 00:43:25,014 - INFO - --- Episode 70, Step 1/100 ---
2026-09-19 00:44:36,445 - INFO - HTTP Request: POST http://127.0.0.1:22448/v1/chat/completions "HTTP/1.1 200 OK"
2026-09-19 00:44:37,033 - INFO - --- Episode 70, Step 2/100 ---
2026-09-19 00:44:37,662 - INFO - --- Episode 70, Step 3/100 ---
2026-09-19 00:44:38,184 - INFO - --- Episode 70, Step 4/100 ---
2026-09-19 00:44:38,999 - INFO - --- Episode 70, Step 5/100 ---
2026-09-19 00:44:39,515 - INFO - --- Episode 70, Step 6/100 ---
2026-09-19 00:44:40,018 - INFO - --- Episode 70, Step 7/100 ---
2026-09-19 00:44:40,740 - INFO - --- Episode 70, Step 8/100 ---
2026-09-19 00:44:41,606 - INFO - --- Episode 70, Step 9/100 ---
2026-09-19 00:44:42,708 - INFO - --- Episode 70, Step 10/100 ---
2026-09-19 00:45:00,387 - INFO - HTTP Request: POST http://127.0.0.1:22448/v1/chat/completions "HTTP/1.1 200 OK"
Action: move_forward
Action: turn
--- Height change stabilized. Height diff: 0.14, On platform: True, Metrics: {'inlier_count': 1759, 'local_count': 42947, 'support_ratio': 0.04095745919293647, 'vertical_score': 1.0, 'plane_height_mean': -1.0443615913391113, 'agent_z': -1.0638143837451934, 'vertical_diff': 0.01945279240608211, 'area_xy': 0.7776, 'radius_est': 0.4975115752387231, 'z_std': 0.04282204806804657, 'occupied_cells': 54, 'bottom_height_tolerance': 0.1}
--- No significant floor change. Height diff: 0.14, On platform: True, Metrics: {'inlier_count': 1759, 'local_count': 42947, 'support_ratio': 0.04095745919293647, 'vertical_score': 1.0, 'plane_height_mean': -1.0443615913391113, 'agent_z': -1.0638143837451934, 'vertical_diff': 0.01945279240608211, 'area_xy': 0.7776, 'radius_est': 0.4975115752387231, 'z_std': 0.04282204806804657, 'occupied_cells': 54, 'bottom_height_tolerance': 0.1}
Updated floor height: -0.86, ceiling height: 0.94
Action: move_forward
Action: null
waypoints: 19
skipped waypoints: edge 2,  distance 9,  no_path 0,  occlusion 0

Action: stop
waypoints: 19
skipped waypoints: edge 2,  distance 9,  no_path 0,  occlusion 0
```json
{
"movement": "I have been walking down a long tiled hallway with glass doors on my right and an opening to a room with bookshelves on my left. I am continuing straight towards the archway labeled B.",
"observation": {
    "front view": "The hallway continues straight ahead towards an archway labeled B. To the right are large glass doors/windows. To the left is a wall and then an opening into a room with bookshelves.",
    "left view": "An opening into a room with bookshelves (library/study) and a console table.",
    "right view": "Large glass doors leading outside or to a sunroom.",
    "map": "I am near waypoint 7. Waypoint 1 is straight ahead in the hallway, leading towards the archway."
},
"thought": "I have walked through the area that likely contained the kitchen (visible in previous steps). Now I need to enter the dining room. The path straight ahead leads through an archway into a new room, which is likely the dining room. I should continue moving forward.",
"stuck": false,
"plan": "Continue walking straight down the hallway towards the archway labeled B to reach the dining room.",
"curr_step": "Move forward towards waypoint 1 to progress further down the hallway and enter the next room.",
"action": 1
}
```
Action: turn
Action: move_forward
Action: turn
Action: move_forward
Action: move_forward
Action: move_forward
Action: move_forward
Action: move_forward
Action: move_forward
Action: move_forward
detected agent stuck, last8 steps position changes: [0.0, 0.0, 0.0, 0.0, 0.0, 0.0, 0.0, 0.0]
waypoints: 24
skipped waypoints: edge 2,  distance 9,  no_path 0,  occlusion 1
Action: stop
['Go through living room, through the door on the to the right, through the den', 'through the dining to, to the outdoor foyer. Stop before going outside.']
Initialized data for new floor level: 0
Switching pcds to floor level: 0
Initialized data for new floor level: 0
Switching pcds to floor level: 0
Initialized data for new floor level: 0
Switching pcds to floor level: 0
[StairDetect] normals=0.0032s, cpu=0.0003s, cluster=0.0516s, loop=0.0376s, total=0.1008s
waypoints: 34
skipped waypoints: edge 3,  distance 12,  no_path 1,  occlusion 9



Calculated floor height difference: 2.98m
Action: stop
waypoints: 26
skipped waypoints: edge 2,  distance 10,  no_path 1,  occlusion 6



Action: stop
['Walk to the right of the coutch and through the doors to the tan couch', 'Pass through the dining room and wait outside.']
Initialized data for new floor level: 0
Switching pcds to floor level: 0
Initialized data for new floor level: 0
Switching pcds to floor level: 0
Initialized data for new floor level: 0
Switching pcds to floor level: 0
[StairDetect] normals=0.0032s, cpu=0.0002s, cluster=0.0518s, loop=0.0378s, total=0.1014s
waypoints: 34
skipped waypoints: edge 3,  distance 12,  no_path 1,  occlusion 9
```json
{
"movement": "Move forward and slightly right, passing to the right of the coffee table and dark sofa.",
"observation": {
"front view": "I see a dining table to the left, a coffee table with a cowhide rug in front of it, and a dark sofa behind the coffee table. To the right of the sofa is an archway leading to a kitchen area. Straight ahead is a door labeled 'B'.",
"left view": "Large windows and the dining table are visible.",
"right view": "A fireplace is on the left wall, a white chair is nearby, and there are glass doors further right.",
"map": "I am near the start position (blue dot) near the dining table. Waypoint 3 is to the right of the coffee table."
},
"thought": "The instruction 'Walk to the right of the coutch' likely refers to the dark sofa visible in the front view. Walking to its right leads towards the right side of the room where glass doors are visible in the right view. Waypoint 3 is positioned to the right of the coffee table, which aligns with walking to the right of the couch. This path will take me towards the doors mentioned in the instruction.",
"stuck": false,
"plan": "Move towards waypoint 3 to pass the couch on its right side and approach the area with the glass doors.",
"curr_step": "Move to waypoint 3.",
"action": 3
}
```
Calculated floor height difference: 2.98m
Action: turn
Action: move_forward
Action: move_forward
--- Height change stabilized. Height diff: 0.05, On platform: True, Metrics: {'inlier_count': 2663, 'local_count': 25561, 'support_ratio': 0.10418215249387026, 'vertical_score': 1.0, 'plane_height_mean': -1.1507662534713745, 'agent_z': -1.1486152231693267, 'vertical_diff': 0.002151030302047774, 'area_xy': 1.5695999999999999, 'radius_est': 0.7068374617647807, 'z_std': 0.03639229014515877, 'occupied_cells': 109, 'bottom_height_tolerance': 0.1}
--- No significant floor change. Height diff: 0.05, On platform: True, Metrics: {'inlier_count': 2663, 'local_count': 25561, 'support_ratio': 0.10418215249387026, 'vertical_score': 1.0, 'plane_height_mean': -1.1507662534713745, 'agent_z': -1.1486152231693267, 'vertical_diff': 0.002151030302047774, 'area_xy': 1.5695999999999999, 'radius_est': 0.7068374617647807, 'z_std': 0.03639229014515877, 'occupied_cells': 109, 'bottom_height_tolerance': 0.1}
Updated floor height: -0.95, ceiling height: 0.85
Action: move_forward
Action: turn
Action: move_forward
Action: turn
--- Height change stabilized. Height diff: 0.00, On platform: True, Metrics: {'inlier_count': 1987, 'local_count': 19916, 'support_ratio': 0.09976902992067839, 'vertical_score': 1.0, 'plane_height_mean': -1.1599689722061157, 'agent_z': -1.2, 'vertical_diff': 0.04003102779388423, 'area_xy': 1.2671999999999999, 'radius_est': 0.6351080914081473, 'z_std': 0.03261363506317139, 'occupied_cells': 88, 'bottom_height_tolerance': 0.1}
--- No significant floor change. Height diff: 0.00, On platform: True, Metrics: {'inlier_count': 1987, 'local_count': 19916, 'support_ratio': 0.09976902992067839, 'vertical_score': 1.0, 'plane_height_mean': -1.1599689722061157, 'agent_z': -1.2, 'vertical_diff': 0.04003102779388423, 'area_xy': 1.2671999999999999, 'radius_est': 0.6351080914081473, 'z_std': 0.03261363506317139, 'occupied_cells': 88, 'bottom_height_tolerance': 0.1}
Updated floor height: -1.00, ceiling height: 0.80
Action: move_forward
Action: null
waypoints: 33
skipped waypoints: edge 3,  distance 14,  no_path 0,  occlusion 5
2026-09-19 00:45:01,217 - INFO - --- Episode 70, Step 11/100 ---
2026-09-19 00:45:01,944 - INFO - --- Episode 70, Step 12/100 ---
2026-09-19 00:45:02,521 - INFO - --- Episode 70, Step 13/100 ---
2026-09-19 00:45:03,200 - INFO - --- Episode 70, Step 14/100 ---
2026-09-19 00:45:04,027 - INFO - --- Episode 70, Step 15/100 ---
2026-09-19 00:45:22,439 - INFO - HTTP Request: POST http://127.0.0.1:22448/v1/chat/completions "HTTP/1.1 200 OK"
2026-09-19 00:45:23,305 - INFO - --- Episode 70, Step 16/100 ---
2026-09-19 00:45:24,119 - INFO - --- Episode 70, Step 17/100 ---
2026-09-19 00:45:25,099 - INFO - --- Episode 70, Step 18/100 ---
2026-09-19 00:45:26,027 - INFO - --- Episode 70, Step 19/100 ---
2026-09-19 00:45:27,195 - INFO - --- Episode 70, Step 20/100 ---
2026-09-19 00:45:28,157 - INFO - --- Episode 70, Step 21/100 ---
2026-09-19 00:45:29,227 - INFO - --- Episode 70, Step 22/100 ---
2026-09-19 00:47:36,455 - INFO - HTTP Request: POST http://127.0.0.1:22448/v1/chat/completions "HTTP/1.1 200 OK"
2026-09-19 00:47:49,528 - INFO - HTTP Request: POST http://127.0.0.1:22448/v1/chat/completions "HTTP/1.1 200 OK"
2026-09-19 00:47:50,612 - INFO - --- Episode 70, Step 23/100 ---
2026-09-19 00:47:51,738 - INFO - --- Episode 70, Step 24/100 ---
2026-09-19 00:47:53,096 - INFO - --- Episode 70, Step 25/100 ---
2026-09-19 00:47:54,391 - INFO - --- Episode 70, Step 26/100 ---
2026-09-19 00:47:55,259 - INFO - --- Episode 70, Step 27/100 ---
2026-09-19 00:47:56,146 - INFO - --- Episode 70, Step 28/100 ---
2026-09-19 00:47:57,053 - INFO - --- Episode 70, Step 29/100 ---
2026-09-19 00:49:25,868 - INFO - HTTP Request: POST http://127.0.0.1:22448/v1/chat/completions "HTTP/1.1 200 OK"
2026-09-19 00:50:20,093 - INFO - HTTP Request: POST http://127.0.0.1:22448/v1/chat/completions "HTTP/1.1 200 OK"
2026-09-19 00:50:21,593 - INFO - --- Episode 70, Step 30/100 ---
2026-09-19 00:50:22,461 - INFO - --- Episode 70, Step 31/100 ---
2026-09-19 00:50:23,531 - INFO - --- Episode 70, Step 32/100 ---
2026-09-19 00:50:24,700 - INFO - --- Episode 70, Step 33/100 ---
2026-09-19 00:50:25,900 - INFO - --- Episode 70, Step 34/100 ---
2026-09-19 00:50:27,144 - INFO - --- Episode 70, Step 35/100 ---
2026-09-19 00:50:28,279 - INFO - --- Episode 70, Step 36/100 ---
2026-09-19 00:50:30,948 - INFO - --- Episode 70, Step 37/100 ---
2026-09-19 00:50:32,355 - INFO - --- Episode 70, Step 38/100 ---
2026-09-19 00:50:33,563 - INFO - --- Episode 70, Step 39/100 ---
2026-09-19 00:50:59,757 - INFO - HTTP Request: POST http://127.0.0.1:22448/v1/chat/completions "HTTP/1.1 200 OK"
2026-09-19 00:51:01,005 - INFO - --- Episode 70, Step 40/100 ---
2026-09-19 00:52:02,260 - INFO - HTTP Request: POST http://127.0.0.1:22448/v1/chat/completions "HTTP/1.1 200 OK"
2026-09-19 00:52:49,018 - INFO - HTTP Request: POST http://127.0.0.1:22448/v1/chat/completions "HTTP/1.1 200 OK"
2026-09-19 00:53:30,666 - INFO - HTTP Request: POST http://127.0.0.1:22448/v1/chat/completions "HTTP/1.1 200 OK"
2026-09-19 00:53:31,679 - INFO - --- Episode 70, Step 41/100 ---
2026-09-19 00:54:18,583 - INFO - HTTP Request: POST http://127.0.0.1:22448/v1/chat/completions "HTTP/1.1 200 OK"
2026-09-19 00:54:50,030 - INFO - HTTP Request: POST http://127.0.0.1:22448/v1/chat/completions "HTTP/1.1 200 OK"
2026-09-19 00:55:16,208 - INFO - HTTP Request: POST http://127.0.0.1:22448/v1/chat/completions "HTTP/1.1 200 OK"
 42%|████▏     | 21/50 [4:42:01<6:22:17, 790.94s/it]Renderer: NVIDIA GeForce RTX 4090/PCIe/SSE2 by NVIDIA Corporation
OpenGL version: 4.6.0 NVIDIA 590.48.01
Using optional features:
    GL_ARB_vertex_array_object
    GL_ARB_separate_shader_objects
    GL_ARB_robustness
    GL_ARB_texture_storage
    GL_ARB_texture_view
    GL_ARB_framebuffer_no_attachments
    GL_ARB_invalidate_subdata
    GL_ARB_texture_storage_multisample
    GL_ARB_multi_bind
    GL_ARB_direct_state_access
    GL_ARB_get_texture_sub_image
    GL_ARB_texture_filter_anisotropic
    GL_KHR_debug
    GL_KHR_parallel_shader_compile
    GL_NV_depth_buffer_float
Using driver workarounds:
    no-forward-compatible-core-context
    nv-egl-incorrect-gl11-function-pointers
    no-layout-qualifiers-on-old-glsl
    nv-zero-context-profile-mask
    nv-implementation-color-read-format-dsa-broken
    nv-cubemap-inconsistent-compressed-image-size
    nv-cubemap-broken-full-compressed-image-query
    nv-compressed-block-size-in-bits
[00:55:20:189049]:[Warning]:[Metadata] SceneDatasetAttributes.cpp(107)::addNewSceneInstanceToDataset : Dataset : 'default' : Lighting Layout Attributes 'no_lights' specified in Scene Attributes but does not exist in dataset, so creating default.
2026-09-19 00:55:31,057 - INFO - Simulator initialized!
2026-09-19 00:56:12,499 - INFO - HTTP Request: POST http://127.0.0.1:22448/v1/chat/completions "HTTP/1.1 200 OK"
2026-09-19 00:56:13,338 - INFO - --- Episode 71, Step 1/100 ---
2026-09-19 00:59:33,588 - INFO - HTTP Request: POST http://127.0.0.1:22448/v1/chat/completions "HTTP/1.1 200 OK"
2026-09-19 01:00:33,803 - INFO - HTTP Request: POST http://127.0.0.1:22448/v1/chat/completions "HTTP/1.1 200 OK"
```json
{
"movement": "Move forward and slightly right towards the glass doors.",
"observation": {
"front view": "I see the dark couch on the left, a coffee table in front of me, an archway to the kitchen straight ahead (labeled B), and glass doors to the right of the archway.",
"left view": "The dark couch and dining area are visible.",
"right view": "A fireplace and a white chair are visible. Further right are the glass doors.",
"map": "I am near the center of the room. Waypoint 1 is ahead and slightly right, leading towards the glass doors."
},
"thought": "I have walked to the right of the dark couch as instructed. Now I need to go through the glass doors to find the tan couch. The glass doors are visible in the front view to the right of the kitchen archway. Waypoint 1 is a good target to approach these doors.",
"stuck": false,
"plan": "Move towards the glass doors on the right side of the room to reach the tan couch mentioned in the instruction.",
"curr_step": "Move to waypoint 1.",
"action": 1
}
```
Action: turn
Action: move_forward
Action: move_forward
Action: move_forward
Action: null
waypoints: 30
skipped waypoints: edge 2,  distance 13,  no_path 0,  occlusion 4
```json
{
"movement": "Move forward and slightly right, passing the wooden pillar on my left to enter the hallway/room area.",
"observation": {
"front view": "I see a wooden pillar in front of me. To the right of it is a hallway with a console table against the left wall. Further down the hallway, I can see a tan couch in the distance. To the left is a kitchen area with a grill.",
"left view": "The kitchen area with the grill and cabinets is clearly visible.",
"right view": "A fireplace and a white chair are visible to my right.",
"map": "I am near waypoint 8. Waypoint 5 is ahead in the hallway direction."
},
"thought": "I have successfully walked to the right of the dark couch. Now I need to go through the doors/opening to reach the tan couch. The tan couch is visible down the hallway to the right of the pillar. Moving towards waypoint 5 will take me into that area.",
"stuck": false,
"plan": "Move forward into the hallway towards the tan couch, passing the console table.",
"curr_step": "Move to waypoint 5.",
"action": 5
}
```
Action: turn
Action: move_forward
Action: move_forward
Action: turn
Action: move_forward
Action: null
Action: turn
waypoints: 47
skipped waypoints: edge 12,  distance 18,  no_path 0,  occlusion 5

```json
{
"movement": "Move forward into the living room area towards the tan couch.",
"observation": {
"front view": "I see a long wooden console table on my left and a large rug with a tan couch in front of me. The hallway continues straight ahead past the living area.",
"left view": "The wooden console table and a framed picture on the wall are visible.",
"right view": "The tan couch and the rest of the living room area are visible.",
"map": "I am near waypoint 8/9. Waypoint 5 is located next to the tan couch (labeled 'sofa' on the map)."
},
"thought": "I have successfully navigated through the doors and am now facing the tan couch as instructed. The instruction 'Walk to the right of the coutch' likely referred to the previous dark couch, or implies walking past it. Now I need to reach the tan couch. Waypoint 5 is positioned right next to the tan couch on the rug.",
"stuck": false,
"plan": "Move forward towards the tan couch to complete the subtask.",
"curr_step": "Move to waypoint 5 which is next to the tan couch.",
"action": 5
}
```
Action: turn
Action: move_forward
Action: move_forward
Action: turn
Action: move_forward
Action: null
Action: turn
waypoints: 48
skipped waypoints: edge 2,  distance 29,  no_path 0,  occlusion 8

```json
{
"movement": "Move forward and slightly left towards the kitchen island/archway area.",
"observation": {
"front view": "I see the tan couch in front of me and the kitchen bar behind it. To the right of the kitchen bar, there is an archway leading to another room (likely the dining room).",
"left view": "A wall with framed pictures and a console table is visible.",
"right view": "Another couch and a fireplace are visible to the right.",
"map": "I am near the tan couch (labeled 'sofa' on the map). Waypoint 1 is near the kitchen island, which is close to the archway leading to the dining room."
},
"thought": "I have reached the tan couch as instructed in P1. Now I need to pass through the dining room (P2). The dining room is visible through the archway to the right of the kitchen bar in the front view. Moving towards waypoint 1 will bring me closer to the kitchen island and the archway, allowing me to then turn right into the dining room.",
"stuck": false,
"plan": "Move towards waypoint 1 to get closer to the kitchen/dining area transition, then navigate into the dining room.",
"curr_step": "Move to waypoint 1.",
"action": 1
}
```
Action: turn
Action: move_forward
Action: turn
Action: move_forward
Action: move_forward
Action: move_forward
Action: move_forward
Action: move_forward
Action: move_forward
Action: move_forward
detected agent stuck, last8 steps position changes: [0.0, 0.0, 0.0, 0.0, 0.0, 0.0, 0.0, 0.0]
waypoints: 33
skipped waypoints: edge 3,  distance 14,  no_path 0,  occlusion 8
```json
{
"movement": "I have successfully navigated to the tan couch as instructed.",
"observation": {
"front view": "I am facing the kitchen island and the hallway beyond it. The tan couch is immediately to my right/front.",
"left view": "A console table and a doorway are visible.",
"right view": "The tan couch is directly next to me, and further right is a fireplace and an archway leading to another room.",
"map": "I am positioned right next to the 'sofa' (tan couch) on the map."
},
"thought": "I have reached the tan couch as specified in the first part of the instruction ('Walk to the right of the coutch and through the doors to the tan couch'). Therefore, subtask P1 is complete. I should now proceed to the next task P2.",
"stuck": false,
"plan": "Complete subtask P1 and prepare for P2: Pass through the dining room and wait outside.",
"curr_step": "Subtask P1 is completed as I have reached the tan couch.",
"action": -1
}
```
Action: pause
waypoints: 33
skipped waypoints: edge 3,  distance 14,  no_path 0,  occlusion 8



Action: stop
waypoints: 33
skipped waypoints: edge 3,  distance 14,  no_path 0,  occlusion 8



Action: stop
['leave sitting room and head towards the kitchen, turn right at living room and enter.', 'walk through living room to dinning room and enter. Turn left and head to front door.', 'Exit the house and stop on porch.']
Initialized data for new floor level: 0
Switching pcds to floor level: 0
Initialized data for new floor level: 0
Switching pcds to floor level: 0
Initialized data for new floor level: 0
Switching pcds to floor level: 0
[StairDetect] normals=0.0036s, cpu=0.0003s, cluster=0.0519s, loop=0.0389s, total=0.1034s
waypoints: 34
skipped waypoints: edge 3,  distance 12,  no_path 1,  occlusion 9

2026-09-19 01:00:34,496 - INFO - --- Episode 71, Step 2/100 ---
2026-09-19 01:00:35,062 - INFO - --- Episode 71, Step 3/100 ---
2026-09-19 01:00:35,630 - INFO - --- Episode 71, Step 4/100 ---
2026-09-19 01:00:36,353 - INFO - --- Episode 71, Step 5/100 ---
2026-09-19 01:00:36,919 - INFO - --- Episode 71, Step 6/100 ---
2026-09-19 01:00:37,503 - INFO - --- Episode 71, Step 7/100 ---
2026-09-19 01:00:38,276 - INFO - --- Episode 71, Step 8/100 ---
2026-09-19 01:00:39,081 - INFO - --- Episode 71, Step 9/100 ---
2026-09-19 01:00:40,171 - INFO - --- Episode 71, Step 10/100 ---
2026-09-19 01:01:18,003 - INFO - HTTP Request: POST http://127.0.0.1:22448/v1/chat/completions "HTTP/1.1 200 OK"
2026-09-19 01:01:18,851 - INFO - --- Episode 71, Step 11/100 ---
2026-09-19 01:01:19,590 - INFO - --- Episode 71, Step 12/100 ---
2026-09-19 01:01:20,373 - INFO - --- Episode 71, Step 13/100 ---
2026-09-19 01:01:21,069 - INFO - --- Episode 71, Step 14/100 ---
2026-09-19 01:01:21,792 - INFO - --- Episode 71, Step 15/100 ---
2026-09-19 01:02:06,271 - INFO - HTTP Request: POST http://127.0.0.1:22448/v1/chat/completions "HTTP/1.1 200 OK"
2026-09-19 01:02:06,967 - INFO - --- Episode 71, Step 16/100 ---
2026-09-19 01:02:25,304 - INFO - HTTP Request: POST http://127.0.0.1:22448/v1/chat/completions "HTTP/1.1 200 OK"
```json
{
"movement": "I am currently standing in a large open-plan area with a dining table to my left and a living room area ahead. I have not moved yet from the starting position near the bottom center of the map.",
"observation": {
    "front view": "I see a living room area with a sofa and coffee table ahead. To the right of the sofa, there is an archway leading to a kitchen. To the left is a large dining table with white chairs.",
    "left view": "I see the side of the dining table and large windows looking outside.",
    "right view": "I see a fireplace on the wall and a doorway leading towards the kitchen area further back.",
    "map": "The map shows my starting position (blue dot) near waypoint 7. Waypoint 3 is located in the living room area, near the coffee table and to the right of the sofa."
},
"thought": "The current task P1 is to 'leave sitting room and head towards the kitchen, turn right at living room and enter.' Based on the layout, I am currently in a transition area. The living room (sofa/coffee table) is ahead. The kitchen is to the right of the living room. The instruction suggests heading towards the kitchen but turning right at the living room to enter it. This implies I need to get into the living room area first to make that turn. Waypoint 3 is located in the living room, near the coffee table and close to the path towards the kitchen entrance. Moving to waypoint 3 will place me in the living room, ready to turn right into the kitchen as instructed.",
"stuck": false,
"plan": "Move from the current position towards the living room area, specifically aiming for waypoint 3 which is near the coffee table and the entrance to the kitchen. This aligns with 'heading towards the kitchen' and being at the 'living room' to 'turn right and enter'.",
"curr_step": "I need to move forward and slightly right to reach the living room area. Waypoint 3 is the most appropriate target as it is in the living room near the kitchen entrance.",
"action": 3
}
```
Calculated floor height difference: 2.98m
Action: turn
Action: move_forward
Action: move_forward
--- Height change stabilized. Height diff: 0.05, On platform: True, Metrics: {'inlier_count': 2662, 'local_count': 25559, 'support_ratio': 0.10415117961954101, 'vertical_score': 1.0, 'plane_height_mean': -1.1508128643035889, 'agent_z': -1.1486152231693267, 'vertical_diff': 0.0021976411342621294, 'area_xy': 1.5695999999999999, 'radius_est': 0.7068374617647807, 'z_std': 0.03639689460396767, 'occupied_cells': 109, 'bottom_height_tolerance': 0.1}
--- No significant floor change. Height diff: 0.05, On platform: True, Metrics: {'inlier_count': 2662, 'local_count': 25559, 'support_ratio': 0.10415117961954101, 'vertical_score': 1.0, 'plane_height_mean': -1.1508128643035889, 'agent_z': -1.1486152231693267, 'vertical_diff': 0.0021976411342621294, 'area_xy': 1.5695999999999999, 'radius_est': 0.7068374617647807, 'z_std': 0.03639689460396767, 'occupied_cells': 109, 'bottom_height_tolerance': 0.1}
Updated floor height: -0.95, ceiling height: 0.85
Action: move_forward
Action: turn
Action: move_forward
Action: turn
--- Height change stabilized. Height diff: 0.00, On platform: True, Metrics: {'inlier_count': 1987, 'local_count': 19913, 'support_ratio': 0.0997840606588769, 'vertical_score': 1.0, 'plane_height_mean': -1.1599762439727783, 'agent_z': -1.2, 'vertical_diff': 0.040023756027221635, 'area_xy': 1.2671999999999999, 'radius_est': 0.6351080914081473, 'z_std': 0.03261661157011986, 'occupied_cells': 88, 'bottom_height_tolerance': 0.1}
--- No significant floor change. Height diff: 0.00, On platform: True, Metrics: {'inlier_count': 1987, 'local_count': 19913, 'support_ratio': 0.0997840606588769, 'vertical_score': 1.0, 'plane_height_mean': -1.1599762439727783, 'agent_z': -1.2, 'vertical_diff': 0.040023756027221635, 'area_xy': 1.2671999999999999, 'radius_est': 0.6351080914081473, 'z_std': 0.03261661157011986, 'occupied_cells': 88, 'bottom_height_tolerance': 0.1}
Updated floor height: -1.00, ceiling height: 0.80
Action: move_forward
Action: null
waypoints: 33
skipped waypoints: edge 3,  distance 14,  no_path 0,  occlusion 5
```json
{
"movement": "I have moved from the starting area into the living room, passing the sofa on my left and approaching the archway leading to the kitchen.",
"observation": {
    "front view": "I see the kitchen straight ahead through a large wooden archway. To the right of the archway is a wooden door frame/partition. To the left is the end of the sofa.",
    "left view": "I see the dining table and chairs in the distance, and the side of the sofa.",
    "right view": "I see a fireplace and a doorway leading to another room (likely an office with a desk).",
    "map": "I am near waypoint 35. Waypoint 4 is located just outside the kitchen archway. The kitchen is the area labeled 'B' in previous views."
},
"thought": "The current task P1 is to 'leave sitting room and head towards the kitchen, turn right at living room and enter.' I am currently in the living room facing the kitchen. The kitchen is visible straight ahead through the archway. The instruction 'turn right at living room and enter' likely refers to entering the kitchen which is situated slightly to the right of the main sitting area path, or simply entering the kitchen space. I need to move forward into the kitchen area. Waypoint 4 is positioned near the entrance of the kitchen.",
"stuck": false,
"plan": "Move forward towards the kitchen entrance (waypoint 4) to complete the 'head towards the kitchen' and 'enter' parts of the instruction.",
"curr_step": "I am facing the kitchen. I need to move forward to enter it. Waypoint 4 is the closest waypoint to the kitchen entrance.",
"action": 4
}
```
Action: move_forward
Action: turn
Action: move_forward
Action: move_forward
Action: null
waypoints: 16
skipped waypoints: edge 2,  distance 2,  no_path 0,  occlusion 5
```json
{
"movement": "I have moved forward from the living room area into the kitchen, facing a stainless steel grill/stove.",
"observation": {
    "front view": "I am facing a kitchen counter with a large stainless steel grill. To the right is more counter space and cabinets.",
    "left view": "I see a wall/pillar and the edge of the sofa in the living room area behind me.",
    "right view": "I see a hallway/corridor to the right of the kitchen entrance and a white chair.",
    "map": "I am near the kitchen entrance (blue area on map). Waypoints 1, 2 are inside the kitchen near the grill. Waypoints 6, 7 are near the entrance."
},
"thought": "The current task P1 is 'leave sitting room and head towards the kitchen, turn right at living room and enter.' I have left the sitting room, headed towards the kitchen, turned right (relative to the living room center) to face it, and entered the kitchen area. I am now facing the grill inside the kitchen. This fulfills the instruction for P1.",
"stuck": false,
"plan": "Complete subtask P1 as I have entered the kitchen. The next subtask P2 is 'walk through living room to dinning room and enter', which will require me to leave the kitchen and head towards the dining table seen in the left view.",
"curr_step": "I have reached the kitchen entrance/interior. The instruction 'turn right at living room and enter' is satisfied by entering the kitchen space.",
"action": -1
}
```
Action: pause
waypoints: 16
skipped waypoints: edge 2,  distance 2,  no_path 0,  occlusion 5
2026-09-19 01:02:26,055 - INFO - --- Episode 71, Step 17/100 ---
2026-09-19 01:02:44,722 - INFO - HTTP Request: POST http://127.0.0.1:22448/v1/chat/completions "HTTP/1.1 200 OK"
2026-09-19 01:02:45,732 - INFO - --- Episode 71, Step 18/100 ---
2026-09-19 01:02:46,608 - INFO - --- Episode 71, Step 19/100 ---
2026-09-19 01:02:47,729 - INFO - --- Episode 71, Step 20/100 ---
2026-09-19 01:02:48,525 - INFO - --- Episode 71, Step 21/100 ---
2026-09-19 01:02:49,278 - INFO - --- Episode 71, Step 22/100 ---
2026-09-19 01:02:50,399 - INFO - --- Episode 71, Step 23/100 ---
2026-09-19 01:03:56,306 - INFO - HTTP Request: POST http://127.0.0.1:22448/v1/chat/completions "HTTP/1.1 200 OK"
2026-09-19 01:04:22,002 - INFO - HTTP Request: POST http://127.0.0.1:22448/v1/chat/completions "HTTP/1.1 200 OK"
2026-09-19 01:04:23,099 - INFO - --- Episode 71, Step 24/100 ---
2026-09-19 01:04:24,691 - INFO - --- Episode 71, Step 25/100 ---
2026-09-19 01:04:25,846 - INFO - --- Episode 71, Step 26/100 ---
2026-09-19 01:04:26,961 - INFO - --- Episode 71, Step 27/100 ---
2026-09-19 01:04:27,651 - INFO - --- Episode 71, Step 28/100 ---
2026-09-19 01:04:28,418 - INFO - --- Episode 71, Step 29/100 ---
2026-09-19 01:04:29,712 - INFO - --- Episode 71, Step 30/100 ---
2026-09-19 01:04:59,560 - INFO - HTTP Request: POST http://127.0.0.1:22448/v1/chat/completions "HTTP/1.1 200 OK"
2026-09-19 01:05:14,646 - INFO - HTTP Request: POST http://127.0.0.1:22448/v1/chat/completions "HTTP/1.1 200 OK"
2026-09-19 01:05:16,481 - INFO - HTTP Request: POST http://127.0.0.1:22448/v1/chat/completions "HTTP/1.1 400 Bad Request"
2026-09-19 01:05:17,691 - INFO - --- Episode 71, Step 31/100 ---
2026-09-19 01:05:38,022 - INFO - HTTP Request: POST http://127.0.0.1:22448/v1/chat/completions "HTTP/1.1 200 OK"
2026-09-19 01:05:39,162 - INFO - --- Episode 71, Step 32/100 ---
```json
{
"movement": "I have entered the kitchen and am currently facing the grill. I need to leave the kitchen and head towards the dining room which is visible to my left.",
"observation": {
    "front view": "I see a stainless steel grill and kitchen counters.",
    "left view": "I see a dining table with white chairs and large windows in the background. This is the dining room.",
    "right view": "I see a hallway leading away from the kitchen towards another part of the house.",
    "map": "I am in the blue kitchen area. The living room (with sofa/chair) and dining area are to the left/back."
},
"thought": "The current task P2 is 'walk through living room to dinning room and enter'. I am currently in the kitchen facing the grill. The dining room is clearly visible in my Left View. To head towards it, I need to turn left to face that direction and then move forward out of the kitchen area.",
"stuck": false,
"plan": "Turn left to face the dining room/living room area and move forward to exit the kitchen and approach the dining table.",
"curr_step": "I need to orient myself towards the dining room. Turning Left will point me towards the dining table seen in the Left View.",
"action": "L"
}
```
Action: turn
waypoints: 31
skipped waypoints: edge 3,  distance 10,  no_path 0,  occlusion 13
```json
{
"movement": "I have turned left from the kitchen grill and am now facing the living/dining area. I see a sofa in front of me and a dining table further ahead to the left.",
"observation": {
    "front view": "I see a brown sofa directly ahead and slightly right. To the left of the sofa is a long wooden dining table with white chairs. Waypoints 1, 2, 3, 4 are marked around this area.",
    "left view": "I see more of the dining area and windows.",
    "right view": "I see the kitchen entrance I just came from.",
    "map": "I am near P1. The path forward leads towards the living room furniture and the dining table."
},
"thought": "The current task is to 'walk through living room to dinning room and enter'. I am currently at the threshold of the kitchen/living area. The dining room is clearly visible ahead/left. Waypoint 3 is located right next to the dining table, which signifies entering the dining room.",
"stuck": false,
"plan": "Move forward towards the dining table to enter the dining room. Waypoint 3 is the closest waypoint to the dining area entrance/table.",
"curr_step": "I need to move from my current position near the kitchen/living boundary towards the dining table. Waypoint 3 is the best target.",
"action": 3
}
```
Action: turn
Action: move_forward
Action: turn
Action: move_forward
Action: null
Action: turn
waypoints: 34
skipped waypoints: edge 1,  distance 9,  no_path 0,  occlusion 7

```json
{
"movement": "I have moved into the dining room area, facing the large wooden dining table. To my left, I see a fireplace and glass doors leading outside.",
"observation": {
    "front view": "I am facing a large wooden dining table with white chairs. To the left are glass doors/windows.",
    "left view": "I see a fireplace on the wall and glass doors leading to a porch/outside area.",
    "right view": "I see the living room sofa and the path back towards the kitchen.",
    "map": "I am in the dining area. Waypoint 16 is located near the wall with the fireplace and glass doors."
},
"thought": "The current task is to 'Turn left and head to front door'. I have entered the dining room. The glass doors seen in the Left View (and visible on the left in Front View) appear to be the front door/patio exit. Waypoint 16 is located near these doors/fireplace area. Therefore, I should move towards waypoint 16.",
"stuck": false,
"plan": "Move towards the glass doors/fireplace area which serves as the front door/patio exit. This corresponds to moving towards waypoint 16.",
"curr_step": "I am in the dining room. The front door (glass doors) is to my left. I need to move towards it. Waypoint 16 is the closest waypoint to that area.",
"action": 16
}
```
Action: turn
Action: move_forward
--- Height change stabilized. Height diff: 0.05, On platform: True, Metrics: {'inlier_count': 3640, 'local_count': 38032, 'support_ratio': 0.0957088767328642, 'vertical_score': 1.0, 'plane_height_mean': -1.1474732160568237, 'agent_z': -1.1485551118850708, 'vertical_diff': 0.001081895828247026, 'area_xy': 1.944, 'radius_est': 0.786634870026297, 'z_std': 0.03878440707921982, 'occupied_cells': 135, 'bottom_height_tolerance': 0.1}
--- No significant floor change. Height diff: 0.05, On platform: True, Metrics: {'inlier_count': 3640, 'local_count': 38032, 'support_ratio': 0.0957088767328642, 'vertical_score': 1.0, 'plane_height_mean': -1.1474732160568237, 'agent_z': -1.1485551118850708, 'vertical_diff': 0.001081895828247026, 'area_xy': 1.944, 'radius_est': 0.786634870026297, 'z_std': 0.03878440707921982, 'occupied_cells': 135, 'bottom_height_tolerance': 0.1}
Updated floor height: -0.95, ceiling height: 0.85
Action: move_forward
Action: turn
--- Height change stabilized. Height diff: 0.17, On platform: True, Metrics: {'inlier_count': 2999, 'local_count': 45116, 'support_ratio': 0.06647309158466014, 'vertical_score': 1.0, 'plane_height_mean': -1.0255696773529053, 'agent_z': -1.0279861509799957, 'vertical_diff': 0.0024164736270904097, 'area_xy': 1.3536, 'radius_est': 0.6564025151828556, 'z_std': 0.04157014936208725, 'occupied_cells': 94, 'bottom_height_tolerance': 0.1}
--- No significant floor change. Height diff: 0.17, On platform: True, Metrics: {'inlier_count': 2999, 'local_count': 45116, 'support_ratio': 0.06647309158466014, 'vertical_score': 1.0, 'plane_height_mean': -1.0255696773529053, 'agent_z': -1.0279861509799957, 'vertical_diff': 0.0024164736270904097, 'area_xy': 1.3536, 'radius_est': 0.6564025151828556, 'z_std': 0.04157014936208725, 'occupied_cells': 94, 'bottom_height_tolerance': 0.1}
Updated floor height: -0.83, ceiling height: 0.97
Action: move_forward
Action: null
Action: turn
waypoints: 14
skipped waypoints: edge 1,  distance 4,  no_path 0,  occlusion 1

```json
{
"movement": "I have moved from the dining table area towards the fireplace and glass doors. I am now facing the glass doors which lead outside.",
"observation": {
    "front view": "I see large glass doors with a grid pattern leading to an outdoor area (porch). There is a white chair to the left of the door and a wooden cabinet to the right.",
    "left view": "I see the fireplace mantle with orange candles and a bicycle drawing on the wall above it.",
    "right view": "I see the dining table and living room area I just came from.",
    "map": "I am near the fireplace area. The glass doors are to my front."
},
"thought": "The current task is to
Action: stop
waypoints: 14
skipped waypoints: edge 1,  distance 4,  no_path 0,  occlusion 1
```json
{
"movement": "I have moved from the dining table area towards the fireplace and glass doors. I am now facing the glass doors which lead outside.",
"observation": {
    "front view": "I see large glass doors with a grid pattern leading to an outdoor area (porch). There is a white chair to the left of the door and a wooden cabinet to the right.",
    "left view": "I see the fireplace mantle with orange candles and a bicycle drawing on the wall above it.",
    "right view": "I see the dining table and living room area I just came from.",
    "map": "I am near the fireplace area. The glass doors are to my front."
},
"thought": "The current task is to 'Turn left and head to front door'. I have entered the dining room and turned towards the glass doors which appear to be the front door/patio exit. I need to move closer to these doors to exit the house. Waypoint 1 is located right at the threshold of the glass doors.",
"stuck": false,
"plan": "Move forward towards the glass doors (waypoint 1) to reach the front door and prepare to exit.",
"curr_step": "I am facing the glass doors. I need to move closer to them to exit. Waypoint 1 is the closest waypoint to the door opening.",
"action": 1
}
```
Action: turn
2026-09-19 01:05:40,227 - INFO - --- Episode 71, Step 33/100 ---
2026-09-19 01:05:41,000 - INFO - --- Episode 71, Step 34/100 ---
2026-09-19 01:05:42,181 - INFO - --- Episode 71, Step 35/100 ---
2026-09-19 01:05:43,088 - INFO - --- Episode 71, Step 36/100 ---
2026-09-19 01:05:43,727 - INFO - --- Episode 71, Step 37/100 ---
2026-09-19 01:05:44,502 - INFO - --- Episode 71, Step 38/100 ---
2026-09-19 01:05:45,681 - INFO - --- Episode 71, Step 39/100 ---
2026-09-19 01:05:47,061 - INFO - --- Episode 71, Step 40/100 ---
2026-09-19 01:05:48,036 - INFO - --- Episode 71, Step 41/100 ---
2026-09-19 01:05:58,943 - INFO - HTTP Request: POST http://127.0.0.1:22448/v1/chat/completions "HTTP/1.1 400 Bad Request"
2026-09-19 01:06:00,398 - INFO - HTTP Request: POST http://127.0.0.1:22448/v1/chat/completions "HTTP/1.1 400 Bad Request"
2026-09-19 01:06:01,938 - INFO - HTTP Request: POST http://127.0.0.1:22448/v1/chat/completions "HTTP/1.1 400 Bad Request"
 44%|████▍     | 22/50 [4:52:47<5:48:45, 747.34s/it]Renderer: NVIDIA GeForce RTX 4090/PCIe/SSE2 by NVIDIA Corporation
OpenGL version: 4.6.0 NVIDIA 590.48.01
Using optional features:
    GL_ARB_vertex_array_object
    GL_ARB_separate_shader_objects
    GL_ARB_robustness
    GL_ARB_texture_storage
    GL_ARB_texture_view
    GL_ARB_framebuffer_no_attachments
    GL_ARB_invalidate_subdata
    GL_ARB_texture_storage_multisample
    GL_ARB_multi_bind
    GL_ARB_direct_state_access
    GL_ARB_get_texture_sub_image
    GL_ARB_texture_filter_anisotropic
    GL_KHR_debug
    GL_KHR_parallel_shader_compile
    GL_NV_depth_buffer_float
Using driver workarounds:
    no-forward-compatible-core-context
    nv-egl-incorrect-gl11-function-pointers
    no-layout-qualifiers-on-old-glsl
    nv-zero-context-profile-mask
    nv-implementation-color-read-format-dsa-broken
    nv-cubemap-inconsistent-compressed-image-size
    nv-cubemap-broken-full-compressed-image-query
    nv-compressed-block-size-in-bits
[01:06:05:826980]:[Warning]:[Metadata] SceneDatasetAttributes.cpp(107)::addNewSceneInstanceToDataset : Dataset : 'default' : Lighting Layout Attributes 'no_lights' specified in Scene Attributes but does not exist in dataset, so creating default.
2026-09-19 01:06:11,606 - INFO - Simulator initialized!
2026-09-19 01:06:41,187 - INFO - HTTP Request: POST http://127.0.0.1:22448/v1/chat/completions "HTTP/1.1 200 OK"
2026-09-19 01:06:41,850 - INFO - --- Episode 72, Step 1/100 ---
2026-09-19 01:10:07,759 - INFO - HTTP Request: POST http://127.0.0.1:22448/v1/chat/completions "HTTP/1.1 200 OK"
2026-09-19 01:13:10,464 - INFO - HTTP Request: POST http://127.0.0.1:22448/v1/chat/completions "HTTP/1.1 200 OK"
2026-09-19 01:15:56,944 - INFO - HTTP Request: POST http://127.0.0.1:22448/v1/chat/completions "HTTP/1.1 200 OK"
2026-09-19 01:15:57,755 - INFO - --- Episode 72, Step 2/100 ---
2026-09-19 01:18:24,465 - INFO - HTTP Request: POST http://127.0.0.1:22448/v1/chat/completions "HTTP/1.1 200 OK"
2026-09-19 01:18:47,991 - INFO - HTTP Request: POST http://127.0.0.1:22448/v1/chat/completions "HTTP/1.1 200 OK"
2026-09-19 01:18:48,659 - INFO - --- Episode 72, Step 3/100 ---
2026-09-19 01:18:49,379 - INFO - --- Episode 72, Step 4/100 ---
2026-09-19 01:18:50,258 - INFO - --- Episode 72, Step 5/100 ---
2026-09-19 01:18:51,001 - INFO - --- Episode 72, Step 6/100 ---
2026-09-19 01:19:10,775 - INFO - HTTP Request: POST http://127.0.0.1:22448/v1/chat/completions "HTTP/1.1 200 OK"
2026-09-19 01:19:11,601 - INFO - --- Episode 72, Step 7/100 ---
2026-09-19 01:19:12,429 - INFO - --- Episode 72, Step 8/100 ---
2026-09-19 01:19:13,190 - INFO - --- Episode 72, Step 9/100 ---
2026-09-19 01:19:14,014 - INFO - --- Episode 72, Step 10/100 ---
2026-09-19 01:19:14,836 - INFO - --- Episode 72, Step 11/100 ---
2026-09-19 01:19:15,511 - INFO - --- Episode 72, Step 12/100 ---
2026-09-19 01:19:16,181 - INFO - --- Episode 72, Step 13/100 ---
2026-09-19 01:19:16,765 - INFO - --- Episode 72, Step 14/100 ---
2026-09-19 01:19:17,583 - INFO - --- Episode 72, Step 15/100 ---
2026-09-19 01:19:18,292 - INFO - --- Episode 72, Step 16/100 ---
2026-09-19 01:20:09,671 - INFO - HTTP Request: POST http://127.0.0.1:22448/v1/chat/completions "HTTP/1.1 200 OK"
2026-09-19 01:20:38,391 - INFO - HTTP Request: POST http://127.0.0.1:22448/v1/chat/completions "HTTP/1.1 200 OK"
2026-09-19 01:21:01,074 - INFO - HTTP Request: POST http://127.0.0.1:22448/v1/chat/completions "HTTP/1.1 200 OK"
 46%|████▌     | 23/50 [5:07:44<5:56:31, 792.28s/it]Renderer: NVIDIA GeForce RTX 4090/PCIe/SSE2 by NVIDIA Corporation
OpenGL version: 4.6.0 NVIDIA 590.48.01
Using optional features:
    GL_ARB_vertex_array_object
    GL_ARB_separate_shader_objects
    GL_ARB_robustness
    GL_ARB_texture_storage
    GL_ARB_texture_view
    GL_ARB_framebuffer_no_attachments
    GL_ARB_invalidate_subdata
    GL_ARB_texture_storage_multisample
    GL_ARB_multi_bind
    GL_ARB_direct_state_access
    GL_ARB_get_texture_sub_image
    GL_ARB_texture_filter_anisotropic
    GL_KHR_debug
    GL_KHR_parallel_shader_compile
    GL_NV_depth_buffer_float
Using driver workarounds:
    no-forward-compatible-core-context
    nv-egl-incorrect-gl11-function-pointers
    no-layout-qualifiers-on-old-glsl
    nv-zero-context-profile-mask
    nv-implementation-color-read-format-dsa-broken
    nv-cubemap-inconsistent-compressed-image-size
    nv-cubemap-broken-full-compressed-image-query
    nv-compressed-block-size-in-bits
[01:21:02:920457]:[Warning]:[Metadata] SceneDatasetAttributes.cpp(107)::addNewSceneInstanceToDataset : Dataset : 'default' : Lighting Layout Attributes 'no_lights' specified in Scene Attributes but does not exist in dataset, so creating default.
2026-09-19 01:21:08,178 - INFO - Simulator initialized!
2026-09-19 01:21:35,289 - INFO - HTTP Request: POST http://127.0.0.1:22448/v1/chat/completions "HTTP/1.1 200 OK"
2026-09-19 01:21:35,969 - INFO - --- Episode 73, Step 1/100 ---
2026-09-19 01:24:58,079 - INFO - HTTP Request: POST http://127.0.0.1:22448/v1/chat/completions "HTTP/1.1 200 OK"
2026-09-19 01:25:01,450 - INFO - HTTP Request: POST http://127.0.0.1:22448/v1/chat/completions "HTTP/1.1 500 Internal Server Error"
2026-09-19 01:25:01,450 - INFO - Retrying request to /chat/completions in 0.471882 seconds
2026-09-19 01:26:13,621 - INFO - HTTP Request: POST http://127.0.0.1:22448/v1/chat/completions "HTTP/1.1 200 OK"
2026-09-19 01:26:14,435 - INFO - --- Episode 73, Step 2/100 ---
2026-09-19 01:26:15,121 - INFO - --- Episode 73, Step 3/100 ---
2026-09-19 01:26:15,774 - INFO - --- Episode 73, Step 4/100 ---
2026-09-19 01:27:10,680 - INFO - HTTP Request: POST http://127.0.0.1:22448/v1/chat/completions "HTTP/1.1 200 OK"
--- Height change stabilized. Height diff: 0.02, On platform: True, Metrics: {'inlier_count': 3707, 'local_count': 46273, 'support_ratio': 0.08011151211116394, 'vertical_score': 1.0, 'plane_height_mean': -1.1799769401550293, 'agent_z': -1.1801437109708786, 'vertical_diff': 0.0001667708158492598, 'area_xy': 1.5839999999999999, 'radius_est': 0.7100724327243837, 'z_std': 0.042318493127822876, 'occupied_cells': 110, 'bottom_height_tolerance': 0.1}
--- No significant floor change. Height diff: 0.02, On platform: True, Metrics: {'inlier_count': 3707, 'local_count': 46273, 'support_ratio': 0.08011151211116394, 'vertical_score': 1.0, 'plane_height_mean': -1.1799769401550293, 'agent_z': -1.1801437109708786, 'vertical_diff': 0.0001667708158492598, 'area_xy': 1.5839999999999999, 'radius_est': 0.7100724327243837, 'z_std': 0.042318493127822876, 'occupied_cells': 110, 'bottom_height_tolerance': 0.1}
Updated floor height: -0.98, ceiling height: 0.82
Action: move_forward
Action: turn
Action: move_forward
Action: move_forward
Action: move_forward
Action: move_forward
Action: move_forward
Action: move_forward
Action: move_forward
detected agent stuck, last8 steps position changes: [0.0, 0.0, 0.0, 0.0, 0.0, 0.0, 0.0, 0.0]
waypoints: 13
skipped waypoints: edge 1,  distance 1,  no_path 0,  occlusion 2
Action: stop
['Turn around and go past the dining area, turn to the right and past the couch.', 'go down the hall way a little bit and then turn left into the living room.', 'Stop right there and wait.']
Initialized data for new floor level: 0
Switching pcds to floor level: 0
Initialized data for new floor level: 0
Switching pcds to floor level: 0
Initialized data for new floor level: 0
Switching pcds to floor level: 0
[StairDetect] normals=0.0038s, cpu=0.0004s, cluster=0.0283s, loop=0.0129s, total=0.0613s
waypoints: 25
skipped waypoints: edge 0,  distance 14,  no_path 0,  occlusion 1



Calculated floor height difference: 2.65m
Action: stop
waypoints: 24
skipped waypoints: edge 0,  distance 14,  no_path 0,  occlusion 1

```json
{
"movement": "I have turned around and am now facing the dining area/desk. I am moving forward towards the dining table to go past it.",
"observation": {
"front view": "I see a dining table/desk directly ahead (waypoint 7) and a large glass partition to its right (waypoint 8). To the left is a wall with artwork.",
"left view": "A hallway or doorway is visible to the left.",
"right view": "A kitchen island and living room area with a couch are visible to the right.",
"map": "I am near waypoint 5. The dining table is at waypoint 7. Waypoint 3 is between me and the dining table."
},
"thought": "The instruction is to 'go past the dining area'. I am currently facing the dining table (waypoint 7). To go past it, I need to move towards it. Waypoint 3 is the closest path towards the dining table. After reaching the dining area, I will need to turn right towards the couch.",
"stuck": false,
"plan": "Move towards waypoint 3 to get closer to the dining area. Then, I will turn right to head towards the couch and the hallway.",
"curr_step": "I am currently facing the dining area. To fulfill 'go past the dining area', I need to approach it first. Waypoint 3 is the correct path towards the dining table.",
"action": 3
}
```
Action: turn
Action: move_forward
Action: move_forward
Action: null
waypoints: 10
skipped waypoints: edge 2,  distance 1,  no_path 0,  occlusion 2
```json
{
"movement": "I have moved forward towards the dining table and am now positioned near it. I need to navigate around the table to go past the dining area.",
"observation": {
"front view": "I am facing the dining table directly. To my left is a white sideboard with artwork above it. To my right are large glass doors/windows.",
"left view": "A hallway or doorway is visible to the left, along with the sideboard.",
"right view": "To the right, there is an open floor plan leading towards a kitchen island and a living room area with a couch in the distance.",
"map": "I am near waypoint 4. The dining table (pink) is ahead. Waypoint 2 is to the right of the table, leading towards the rest of the house."
},
"thought": "The instruction is to 'go past the dining area'. I am currently facing the table. To go past it and eventually reach the couch (which is in the living room area seen to the right), I need to move around the table. The path to the right of the table (towards waypoint 2) leads towards the open living space where the couch is located.",
"stuck": false,
"plan": "Move towards waypoint 2 to go past the dining table on its right side. Once past the table, I will be in a position to turn right and head towards the couch as instructed.",
"curr_step": "I am currently facing the dining table. To fulfill 'go past the dining area', I need to move around it. Waypoint 2 is the path to the right of the table.",
"action": 2
}
```
Action: turn
Action: move_forward
Action: turn
Action: move_forward
Action: turn
Action: move_forward
Action: turn
Action: move_forward
Action: null
Action: turn
waypoints: 4
skipped waypoints: edge 2,  distance 0,  no_path 0,  occlusion 0



Action: stop
['Face towards the outside patio table, and go just past the breakfast bar counter that is to the right.', 'Turn right, in front of the countertop, and follow it all the way down to the other end.', 'Walk through the hallway until you see a familyroom just to the left. Wait there.']
Initialized data for new floor level: 0
Switching pcds to floor level: 0
Initialized data for new floor level: 0
Switching pcds to floor level: 0
Initialized data for new floor level: 0
Switching pcds to floor level: 0
[StairDetect] normals=0.0037s, cpu=0.0004s, cluster=0.0279s, loop=0.0125s, total=0.0591s
waypoints: 25
skipped waypoints: edge 0,  distance 14,  no_path 0,  occlusion 1

```json
{
"movement": "I am currently facing towards the outside patio table as instructed. The breakfast bar counter is visible to my right in the Right View. I need to move forward into the room, keeping the counter on my right side.",
"observation": {
    "front view": "I see a large open living area with a table (desk) further ahead and glass doors leading to an outside patio. Waypoints 1-9 are marked on the floor.",
    "left view": "There is a wall with a console table and a hallway entrance further down.",
    "right view": "A long breakfast bar counter with stools is immediately to my right, extending forward.",
    "map": "The map shows my starting position (blue dot) near the bottom. The kitchen island (dark shape) is to the right of the path. The pink 'desk' area is further up and left."
},
"thought": "The instruction for P1 is to face the patio table and go just past the breakfast bar counter on the right. I am already facing the correct direction (Front View). The counter is to my right. Moving forward towards waypoint 5 will take me into the open space alongside the counter, which aligns with 'going just past' the start of it and positioning myself for the next subtask.",
"stuck": false,
"plan": "Move forward towards waypoint 5 to get alongside/past the initial part of the breakfast bar counter while facing the patio table.",
"curr_step": "I am at the start. Waypoint 5 is directly ahead in the open floor space. Moving there is the logical first step to progress past the counter.",
"action": 5
}
```
Calculated floor height difference: 2.65m
Action: turn
Action: move_forward
Action: null
waypoints: 27
skipped waypoints: edge 2,  distance 9,  no_path 0,  occlusion 5
2026-09-19 01:27:11,668 - INFO - --- Episode 73, Step 5/100 ---
2026-09-19 01:27:12,455 - INFO - --- Episode 73, Step 6/100 ---
2026-09-19 01:27:13,185 - INFO - --- Episode 73, Step 7/100 ---
2026-09-19 01:27:13,971 - INFO - --- Episode 73, Step 8/100 ---
2026-09-19 01:27:14,739 - INFO - --- Episode 73, Step 9/100 ---
2026-09-19 01:27:41,141 - INFO - HTTP Request: POST http://127.0.0.1:22448/v1/chat/completions "HTTP/1.1 200 OK"
2026-09-19 01:27:42,312 - INFO - --- Episode 73, Step 10/100 ---
2026-09-19 01:27:42,962 - INFO - --- Episode 73, Step 11/100 ---
2026-09-19 01:27:43,754 - INFO - --- Episode 73, Step 12/100 ---
2026-09-19 01:27:44,389 - INFO - --- Episode 73, Step 13/100 ---
2026-09-19 01:27:45,057 - INFO - --- Episode 73, Step 14/100 ---
2026-09-19 01:28:41,493 - INFO - HTTP Request: POST http://127.0.0.1:22448/v1/chat/completions "HTTP/1.1 200 OK"
2026-09-19 01:28:42,553 - INFO - --- Episode 73, Step 15/100 ---
2026-09-19 01:28:43,277 - INFO - --- Episode 73, Step 16/100 ---
2026-09-19 01:28:43,905 - INFO - --- Episode 73, Step 17/100 ---
2026-09-19 01:28:44,672 - INFO - --- Episode 73, Step 18/100 ---
2026-09-19 01:28:45,355 - INFO - --- Episode 73, Step 19/100 ---
2026-09-19 01:28:45,965 - INFO - --- Episode 73, Step 20/100 ---
2026-09-19 01:28:46,614 - INFO - --- Episode 73, Step 21/100 ---
2026-09-19 01:29:54,983 - INFO - HTTP Request: POST http://127.0.0.1:22448/v1/chat/completions "HTTP/1.1 200 OK"
2026-09-19 01:30:41,477 - INFO - HTTP Request: POST http://127.0.0.1:22448/v1/chat/completions "HTTP/1.1 200 OK"
2026-09-19 01:31:06,055 - INFO - HTTP Request: POST http://127.0.0.1:22448/v1/chat/completions "HTTP/1.1 200 OK"
2026-09-19 01:31:06,721 - INFO - --- Episode 73, Step 22/100 ---
2026-09-19 01:31:37,643 - INFO - HTTP Request: POST http://127.0.0.1:22448/v1/chat/completions "HTTP/1.1 200 OK"
2026-09-19 01:31:38,258 - INFO - --- Episode 73, Step 23/100 ---
2026-09-19 01:32:08,833 - INFO - HTTP Request: POST http://127.0.0.1:22448/v1/chat/completions "HTTP/1.1 200 OK"
2026-09-19 01:32:32,100 - INFO - HTTP Request: POST http://127.0.0.1:22448/v1/chat/completions "HTTP/1.1 200 OK"
2026-09-19 01:32:49,190 - INFO - HTTP Request: POST http://127.0.0.1:22448/v1/chat/completions "HTTP/1.1 200 OK"
 48%|████▊     | 24/50 [5:19:32<5:32:25, 767.14s/it]Renderer: NVIDIA GeForce RTX 4090/PCIe/SSE2 by NVIDIA Corporation
OpenGL version: 4.6.0 NVIDIA 590.48.01
Using optional features:
    GL_ARB_vertex_array_object
    GL_ARB_separate_shader_objects
    GL_ARB_robustness
    GL_ARB_texture_storage
    GL_ARB_texture_view
    GL_ARB_framebuffer_no_attachments
    GL_ARB_invalidate_subdata
    GL_ARB_texture_storage_multisample
    GL_ARB_multi_bind
    GL_ARB_direct_state_access
    GL_ARB_get_texture_sub_image
    GL_ARB_texture_filter_anisotropic
    GL_KHR_debug
    GL_KHR_parallel_shader_compile
    GL_NV_depth_buffer_float
Using driver workarounds:
    no-forward-compatible-core-context
    nv-egl-incorrect-gl11-function-pointers
    no-layout-qualifiers-on-old-glsl
    nv-zero-context-profile-mask
    nv-implementation-color-read-format-dsa-broken
    nv-cubemap-inconsistent-compressed-image-size
    nv-cubemap-broken-full-compressed-image-query
    nv-compressed-block-size-in-bits
[01:32:51:396820]:[Warning]:[Metadata] SceneDatasetAttributes.cpp(107)::addNewSceneInstanceToDataset : Dataset : 'default' : Lighting Layout Attributes 'no_lights' specified in Scene Attributes but does not exist in dataset, so creating default.
2026-09-19 01:32:56,762 - INFO - Simulator initialized!
2026-09-19 01:33:27,659 - INFO - HTTP Request: POST http://127.0.0.1:22448/v1/chat/completions "HTTP/1.1 200 OK"
```json
{
"movement": "I moved forward from the starting position into the open living area. I am now positioned in the middle of the room, with the desk to my left and the kitchen island/breakfast bar counter to my right.",
"observation": {
    "front view": "I see a large glass structure (possibly a sunroom or enclosed patio) straight ahead and slightly right. To the left are glass doors leading outside. A desk is visible on the left side of the room.",
    "left view": "There is a wall with artwork and a console table. Further down is a hallway entrance.",
    "right view": "I see the long white breakfast bar counter with stools, extending along the right side of the room towards the kitchen area.",
    "map": "I am near waypoint 1 in the center of the room. The kitchen island (dark shape) is to my right on the map."
},
"thought": "The instruction for P1 is to 'Face towards the outside patio table, and go just past the breakfast bar counter that is to the right.' I am currently facing generally towards the glass structure/patio area. The breakfast bar counter is clearly visible to my right. Moving towards waypoint 1 takes me further into the room, alongside the start of the counter. This position allows me to be 'just past' the initial part of the counter and sets me up for P2, where I will turn right to face the countertop and follow it.",
"stuck": false,
"plan": "Move forward towards waypoint 1 to get into position alongside the breakfast bar counter. This completes the 'go just past' part of P1 and positions me for P2.",
"curr_step": "I am currently near the start of the room. Waypoint 1 is directly ahead in the open space. Moving there keeps the counter on my right and puts me in the correct position to turn right towards it in the next step.",
"action": 1
}
```
Action: move_forward
Action: move_forward
Action: turn
Action: move_forward
Action: null
waypoints: 10
skipped waypoints: edge 2,  distance 3,  no_path 0,  occlusion 2
```json
{
"movement": "I moved forward from the starting position into the open living area. I am now positioned in the middle of the room, with the desk to my left and the kitchen island/breakfast bar counter to my right.",
"observation": {
    "front view": "I see a large glass structure (possibly a sunroom or enclosed patio) straight ahead and slightly right. To the left are glass doors leading outside. A desk is visible on the left side of the room.",
    "left view": "There is a wall with artwork and a console table. Further down is a hallway entrance.",
    "right view": "I see the long white breakfast bar counter with stools, extending along the right side of the room towards the kitchen area.",
    "map": "I am near waypoint 1 in the center of the room. The kitchen island (dark shape) is to my right on the map."
},
"thought": "The instruction for P1 is to 'Face towards the outside patio table, and go just past the breakfast bar counter that is to the right.' I am currently facing generally towards the glass structure/patio area. The breakfast bar counter is clearly visible to my right. Moving towards waypoint 1 takes me further into the room, alongside the start of the counter, which aligns with 'going just past' the initial part of it and positioning myself for the next subtask.",
"stuck": false,
"plan": "Move forward towards waypoint 1 to get into position alongside the breakfast bar counter. This completes the 'go just past' part of P1 and positions me for P2.",
"curr_step": "I am currently near the start of the room. Waypoint 1 is directly ahead in the open space. Moving there keeps the counter on my right and puts me in the correct position to turn right towards it in the next step.",
"action": 1
}
```
Action: turn
Action: move_forward
Action: turn
Action: move_forward
Action: null
waypoints: 6
skipped waypoints: edge 1,  distance 0,  no_path 0,  occlusion 3
```json
{
"movement": "I have moved forward from the starting position and turned slightly left to align with the desk/workbench on my left. I am now facing generally towards the glass doors leading to the outside patio table, with the long wooden desk (likely the breakfast bar counter) running along my left side.",
"observation": {
    "front view": "I see the end of the wooden desk/workbench on the left and large glass folding doors leading to an outdoor patio with a table straight ahead and slightly right. Waypoints 1 and 2 are visible on the floor near the corner/glass wall.",
    "left view": "The long wooden desk/workbench continues along my left side.",
    "right view": "I see the glass doors/windows leading to the patio and a seating area with a sofa further back.",
    "map": "I am near the 'workbench' on the map. The path continues towards waypoints 1 and 2, which are located near the corner of the room by the glass wall/mirror."
},
"thought": "The current subtask P1 is to 'Face towards the outside patio table, and go just past the breakfast bar counter that is to the right.' Although the desk is currently on my left (possibly due to my orientation or the specific layout), I am facing the patio table as instructed. I am currently alongside this counter/desk. To 'go just past' it, I need to continue moving forward towards the end of this structure. Waypoint 1 is located near the end of this desk/workbench area, which aligns with the goal of going 'just past' it.",
"stuck": false,
"plan": "Move forward towards waypoint 1 to reach the end of the breakfast bar counter/desk, effectively going 'just past' it as instructed. This will position me for the next subtask (P2) which involves turning right and following a countertop.",
"curr_step": "I am currently alongside the desk/counter. Waypoint 1 is directly ahead/slightly left near the end of the counter. Moving to waypoint 1 completes the 'go just past' part of P1.",
"action": 1
}
```
Action: move_forward
Action: turn
Action: move_forward
Action: turn
Action: move_forward
Action: null
Action: turn
waypoints: 3
skipped waypoints: edge 1,  distance 0,  no_path 0,  occlusion 0



Action: stop
waypoints: 3
skipped waypoints: edge 1,  distance 0,  no_path 0,  occlusion 0
```json
{
"movement": "I have moved forward from the starting position, walking alongside the breakfast bar counter which was on my right. I have now reached the end of this counter area, near the glass doors leading to the patio and the large wooden table/workbench.",
"observation": {
    "front view": "I am facing large glass folding doors that lead to an outside patio with a table. To my left is a large wooden table (workbench/dining table).",
    "left view": "A long wooden table with chairs is visible on the left side.",
    "right view": "A white wall and the frame of the glass doors are visible on the right.",
    "map": "I am near waypoint 1, at the end of the path alongside the workbench/desk area. The kitchen island is further back and to the right on the map."
},
"thought": "The instruction for P1 was to 'Face towards the outside patio table, and go just past the breakfast bar counter that is to the right.' I am currently facing the patio table (glass doors). I have walked past the breakfast bar counter (the white island seen in previous steps) which was on my right. I am now at the end of this counter area, near the workbench. This position satisfies 'go just past'. The next subtask P2 involves turning right and following a countertop, which likely refers to the kitchen island visible on the map to the right/back.",
"stuck": false,
"plan": "Complete subtask P1 as I have reached the end of the breakfast bar counter. Prepare for P2 which requires turning right towards the kitchen area.",
"curr_step": "I am at the target location for P1 (just past the counter). I should complete this subtask.",
"action": -1
}
```
Action: pause
waypoints: 3
skipped waypoints: edge 1,  distance 0,  no_path 0,  occlusion 0



Action: stop
['turn hard left toward dinning area. walk past kitchen towards the living room.', 'turn right by couch and walk down hallway and turn left  and go into the lounge.']
Initialized data for new floor level: 0
Switching pcds to floor level: 0
Initialized data for new floor level: 0
2026-09-19 01:33:28,357 - INFO - --- Episode 74, Step 1/100 ---
2026-09-19 01:34:26,093 - INFO - HTTP Request: POST http://127.0.0.1:22448/v1/chat/completions "HTTP/1.1 200 OK"
2026-09-19 01:34:26,811 - INFO - --- Episode 74, Step 2/100 ---
2026-09-19 01:34:27,538 - INFO - --- Episode 74, Step 3/100 ---
2026-09-19 01:34:28,325 - INFO - --- Episode 74, Step 4/100 ---
2026-09-19 01:34:29,240 - INFO - --- Episode 74, Step 5/100 ---
2026-09-19 01:34:30,089 - INFO - --- Episode 74, Step 6/100 ---
2026-09-19 01:34:30,911 - INFO - --- Episode 74, Step 7/100 ---
2026-09-19 01:34:31,747 - INFO - --- Episode 74, Step 8/100 ---
2026-09-19 01:34:32,665 - INFO - --- Episode 74, Step 9/100 ---
2026-09-19 01:37:13,564 - INFO - HTTP Request: POST http://127.0.0.1:22448/v1/chat/completions "HTTP/1.1 200 OK"
2026-09-19 01:39:33,726 - INFO - HTTP Request: POST http://127.0.0.1:22448/v1/chat/completions "HTTP/1.1 200 OK"
2026-09-19 01:41:34,816 - INFO - HTTP Request: POST http://127.0.0.1:22448/v1/chat/completions "HTTP/1.1 200 OK"
2026-09-19 01:41:35,767 - INFO - --- Episode 74, Step 10/100 ---
2026-09-19 01:43:42,131 - INFO - HTTP Request: POST http://127.0.0.1:22448/v1/chat/completions "HTTP/1.1 200 OK"
2026-09-19 01:44:35,125 - INFO - HTTP Request: POST http://127.0.0.1:22448/v1/chat/completions "HTTP/1.1 200 OK"
2026-09-19 01:45:20,083 - INFO - HTTP Request: POST http://127.0.0.1:22448/v1/chat/completions "HTTP/1.1 200 OK"
 50%|█████     | 25/50 [5:32:03<5:17:32, 762.12s/it]Renderer: NVIDIA GeForce RTX 4090/PCIe/SSE2 by NVIDIA Corporation
OpenGL version: 4.6.0 NVIDIA 590.48.01
Using optional features:
    GL_ARB_vertex_array_object
    GL_ARB_separate_shader_objects
    GL_ARB_robustness
    GL_ARB_texture_storage
    GL_ARB_texture_view
    GL_ARB_framebuffer_no_attachments
    GL_ARB_invalidate_subdata
    GL_ARB_texture_storage_multisample
    GL_ARB_multi_bind
    GL_ARB_direct_state_access
    GL_ARB_get_texture_sub_image
    GL_ARB_texture_filter_anisotropic
    GL_KHR_debug
    GL_KHR_parallel_shader_compile
    GL_NV_depth_buffer_float
Using driver workarounds:
    no-forward-compatible-core-context
    nv-egl-incorrect-gl11-function-pointers
    no-layout-qualifiers-on-old-glsl
    nv-zero-context-profile-mask
    nv-implementation-color-read-format-dsa-broken
    nv-cubemap-inconsistent-compressed-image-size
    nv-cubemap-broken-full-compressed-image-query
    nv-compressed-block-size-in-bits
[01:45:21:803617]:[Warning]:[Metadata] SceneDatasetAttributes.cpp(107)::addNewSceneInstanceToDataset : Dataset : 'default' : Lighting Layout Attributes 'no_lights' specified in Scene Attributes but does not exist in dataset, so creating default.
2026-09-19 01:45:33,566 - INFO - Simulator initialized!
2026-09-19 01:46:03,666 - INFO - HTTP Request: POST http://127.0.0.1:22448/v1/chat/completions "HTTP/1.1 200 OK"
2026-09-19 01:46:04,359 - INFO - --- Episode 75, Step 1/100 ---
2026-09-19 01:49:29,966 - INFO - HTTP Request: POST http://127.0.0.1:22448/v1/chat/completions "HTTP/1.1 200 OK"
2026-09-19 01:50:26,076 - INFO - HTTP Request: POST http://127.0.0.1:22448/v1/chat/completions "HTTP/1.1 200 OK"
Switching pcds to floor level: 0
Initialized data for new floor level: 0
Switching pcds to floor level: 0
[StairDetect] normals=0.0037s, cpu=0.0004s, cluster=0.0275s, loop=0.0118s, total=0.0577s
waypoints: 25
skipped waypoints: edge 0,  distance 14,  no_path 0,  occlusion 1
```json
{
"movement": "I am currently standing in the central area of the room (near waypoint 5). The dining table is visible in the front-left view, located near waypoints 7 and 8. The kitchen island is to my right (visible in the Right View). To follow the instruction 'turn hard left toward dinning area', I need to orient myself towards the dining table and move towards it.",
"observation": {
    "front view": "I see a large glass partition/wall structure ahead and slightly right. To the left of it is a table (likely the dining table) near the wall with artwork.",
    "left view": "I see a hallway or passage leading away, and a console table against the wall.",
    "right view": "I see a kitchen island with stools and a living area further back with a sofa and TV.",
    "map": "My current position is near waypoint 5 (START). The dining table ('desk') is to the North-West (near waypoints 7/8). The kitchen island is to the East/South-East (near waypoints 1/4). The living room is further East (near waypoint 6)."
},
"thought": "The instruction for P1 is 'turn hard left toward dinning area. walk past kitchen towards the living room.' This implies a sequence: first go to the dining area, then proceed to the living room passing the kitchen. Currently, I am at the start (waypoint 5). The dining table is to my North-West (visible in the front-left). The kitchen is to my East/South-East. To reach the dining area, I need to move towards waypoint 7 or 8. Waypoint 7 is closest to the table. After reaching the dining area, I will then need to head towards the living room (waypoint 6 area), which involves walking past the kitchen island.",
"stuck": false,
"plan": "1. Move towards the dining table (waypoint 7). 2. From the dining table, move towards the living room (waypoint 6), passing the kitchen island.",
"curr_step": "I need to reach the dining area first. Waypoint 7 is located right next to the dining table. Moving to waypoint 7 will fulfill the 'turn hard left toward dinning area' part of the instruction.",
"action": 7
}
```
Calculated floor height difference: 2.65m
Action: turn
Action: move_forward
Action: turn
Action: move_forward
Action: move_forward
Action: turn
Action: move_forward
Action: null
waypoints: 7
skipped waypoints: edge 1,  distance 0,  no_path 0,  occlusion 3



Action: stop
waypoints: 7
skipped waypoints: edge 1,  distance 0,  no_path 0,  occlusion 3

```json
{
"movement": "I have moved from the start position towards the dining table (labeled 'desk' on the map). I am now standing near the dining table, facing it.",
"observation": {
    "front view": "I see a long wooden dining table with chairs. To the left is a white sideboard with framed pictures on the wall above it.",
    "left view": "I see the white sideboard and framed pictures more clearly. There is a window to the right of the sideboard.",
    "right view": "I see the kitchen island (white counter) in the foreground and the living room area with a couch and TV in the background. Large glass doors lead to an outdoor deck.",
    "map": "My current position is near the 'desk' (dining table). The path from START goes up to the desk. The kitchen and living room are to the right/down-right on the map."
},
"thought": "I have completed the first part of the instruction: 'turn hard left toward dinning area'. I am now at the dining table. The next part is 'walk past kitchen towards the living room'. Looking at the Right View, the kitchen island is to my right, and the living room is beyond it. To follow this path, I need to move from the dining table towards the kitchen/living room area. Waypoint 4 (from the first image) is located near the kitchen island, which is on the path to the living room (waypoint 6). Therefore, I should move towards waypoint 4.",
"stuck": false,
"plan": "1. Move from the dining table towards the kitchen island (waypoint 4). 2. Continue past the kitchen towards the living room (waypoint 6). 3. Turn right by the couch and walk down the hallway (P2).",
"curr_step": "I am at the dining table. The next logical step is to move towards the kitchen/living room area. Waypoint 4 is near the kitchen island, which matches the instruction to 'walk past kitchen'. So I will move towards waypoint 4.",
"action": 4
}
```
```json
{
"movement": "I have moved from the start position to the dining table (labeled 'desk' on the map). I am currently standing at the dining table.",
"observation": {
    "front view": "I see a long wooden dining table with chairs. To the left is a white sideboard with framed pictures on the wall above it.",
    "left view": "I see the white sideboard and framed pictures more clearly. There is a window to the right of the sideboard.",
    "right view": "I see the kitchen island (white counter) in the foreground and the living room area with a couch and TV in the background. Large glass doors lead to an outdoor deck.",
    "map": "My current position is near the 'desk' (dining table). The path from START goes up to the desk. The kitchen and living room are to the right/down-right on the map."
},
"thought": "I have completed the first part of the instruction: 'turn hard left toward dinning area'. I am now at the dining table. The next part is 'walk past kitchen towards the living room'. Looking at the Right View, the kitchen island is to my right, and the living room is beyond it. To follow this path, I need to move from the dining table towards the kitchen/living room area. Waypoint 4 (from the first image) is located near the kitchen island, which is on the path to the living room (waypoint 6). Therefore, I should move towards waypoint 4.",
"stuck": false,
"plan": "1. Move from the dining table towards the kitchen island (waypoint 4). 2. Continue past the kitchen towards the living room (waypoint 6). 3. Turn right by the couch and walk down the hallway (P2).",
"curr_step": "I am at the dining table. The next logical step is to move towards the kitchen/living room area. Waypoint 4 is near the kitchen island, which matches the instruction to 'walk past kitchen'. So I will move towards waypoint 4.",
"action": 4
}
```
Action: stop
['Walk through the doorway into the dining room and walk straight back to the door leading outside.', 'When you get to the door make a right and walk down the hallway. Walk straight down the hall and wait in the doorway of another dining area.']
Initialized data for new floor level: 0
Switching pcds to floor level: 0
Initialized data for new floor level: 0
Switching pcds to floor level: 0
Initialized data for new floor level: 0
Switching pcds to floor level: 0
[StairDetect] normals=0.0033s, cpu=0.0003s, cluster=0.0316s, loop=0.0373s, total=0.0826s
waypoints: 26
skipped waypoints: edge 3,  distance 11,  no_path 0,  occlusion 4

2026-09-19 01:50:26,709 - INFO - --- Episode 75, Step 2/100 ---
2026-09-19 01:53:12,816 - INFO - HTTP Request: POST http://127.0.0.1:22448/v1/chat/completions "HTTP/1.1 200 OK"
2026-09-19 01:55:39,742 - INFO - HTTP Request: POST http://127.0.0.1:22448/v1/chat/completions "HTTP/1.1 200 OK"
2026-09-19 01:57:46,439 - INFO - HTTP Request: POST http://127.0.0.1:22448/v1/chat/completions "HTTP/1.1 200 OK"
2026-09-19 01:57:47,195 - INFO - --- Episode 75, Step 3/100 ---
2026-09-19 01:58:16,282 - INFO - HTTP Request: POST http://127.0.0.1:22448/v1/chat/completions "HTTP/1.1 200 OK"
2026-09-19 01:58:17,244 - INFO - --- Episode 75, Step 4/100 ---
2026-09-19 01:58:18,462 - INFO - --- Episode 75, Step 5/100 ---
2026-09-19 01:58:19,250 - INFO - --- Episode 75, Step 6/100 ---
2026-09-19 01:58:20,095 - INFO - --- Episode 75, Step 7/100 ---
2026-09-19 01:58:20,928 - INFO - --- Episode 75, Step 8/100 ---
2026-09-19 01:59:11,025 - INFO - HTTP Request: POST http://127.0.0.1:22448/v1/chat/completions "HTTP/1.1 200 OK"
2026-09-19 01:59:12,172 - INFO - --- Episode 75, Step 9/100 ---
2026-09-19 01:59:13,054 - INFO - --- Episode 75, Step 10/100 ---
2026-09-19 01:59:13,736 - INFO - --- Episode 75, Step 11/100 ---
2026-09-19 01:59:14,350 - INFO - --- Episode 75, Step 12/100 ---
2026-09-19 01:59:14,971 - INFO - --- Episode 75, Step 13/100 ---
2026-09-19 01:59:15,585 - INFO - --- Episode 75, Step 14/100 ---
2026-09-19 01:59:16,450 - INFO - --- Episode 75, Step 15/100 ---
2026-09-19 01:59:17,118 - INFO - --- Episode 75, Step 16/100 ---
2026-09-19 01:59:49,960 - INFO - HTTP Request: POST http://127.0.0.1:22448/v1/chat/completions "HTTP/1.1 200 OK"
2026-09-19 02:00:11,641 - INFO - HTTP Request: POST http://127.0.0.1:22448/v1/chat/completions "HTTP/1.1 200 OK"
2026-09-19 02:00:26,440 - INFO - HTTP Request: POST http://127.0.0.1:22448/v1/chat/completions "HTTP/1.1 200 OK"
 52%|█████▏    | 26/50 [5:47:09<5:22:11, 805.47s/it]Renderer: NVIDIA GeForce RTX 4090/PCIe/SSE2 by NVIDIA Corporation
OpenGL version: 4.6.0 NVIDIA 590.48.01
Using optional features:
    GL_ARB_vertex_array_object
    GL_ARB_separate_shader_objects
    GL_ARB_robustness
    GL_ARB_texture_storage
    GL_ARB_texture_view
    GL_ARB_framebuffer_no_attachments
    GL_ARB_invalidate_subdata
    GL_ARB_texture_storage_multisample
    GL_ARB_multi_bind
    GL_ARB_direct_state_access
    GL_ARB_get_texture_sub_image
    GL_ARB_texture_filter_anisotropic
    GL_KHR_debug
    GL_KHR_parallel_shader_compile
    GL_NV_depth_buffer_float
Using driver workarounds:
    no-forward-compatible-core-context
    nv-egl-incorrect-gl11-function-pointers
    no-layout-qualifiers-on-old-glsl
    nv-zero-context-profile-mask
    nv-implementation-color-read-format-dsa-broken
    nv-cubemap-inconsistent-compressed-image-size
    nv-cubemap-broken-full-compressed-image-query
    nv-compressed-block-size-in-bits
[02:00:28:422453]:[Warning]:[Metadata] SceneDatasetAttributes.cpp(107)::addNewSceneInstanceToDataset : Dataset : 'default' : Lighting Layout Attributes 'no_lights' specified in Scene Attributes but does not exist in dataset, so creating default.
2026-09-19 02:00:40,262 - INFO - Simulator initialized!
2026-09-19 02:01:02,094 - INFO - HTTP Request: POST http://127.0.0.1:22448/v1/chat/completions "HTTP/1.1 200 OK"
2026-09-19 02:01:02,815 - INFO - --- Episode 76, Step 1/100 ---
2026-09-19 02:04:28,724 - INFO - HTTP Request: POST http://127.0.0.1:22448/v1/chat/completions "HTTP/1.1 200 OK"
2026-09-19 02:07:36,952 - INFO - HTTP Request: POST http://127.0.0.1:22448/v1/chat/completions "HTTP/1.1 200 OK"
2026-09-19 02:10:25,239 - INFO - HTTP Request: POST http://127.0.0.1:22448/v1/chat/completions "HTTP/1.1 200 OK"
2026-09-19 02:10:25,764 - INFO - --- Episode 76, Step 2/100 ---
2026-09-19 02:12:54,931 - INFO - HTTP Request: POST http://127.0.0.1:22448/v1/chat/completions "HTTP/1.1 200 OK"
2026-09-19 02:15:01,940 - INFO - HTTP Request: POST http://127.0.0.1:22448/v1/chat/completions "HTTP/1.1 200 OK"
2026-09-19 02:16:51,716 - INFO - HTTP Request: POST http://127.0.0.1:22448/v1/chat/completions "HTTP/1.1 200 OK"
 54%|█████▍    | 27/50 [6:03:34<5:29:21, 859.19s/it]Renderer: NVIDIA GeForce RTX 4090/PCIe/SSE2 by NVIDIA Corporation
OpenGL version: 4.6.0 NVIDIA 590.48.01
Using optional features:
    GL_ARB_vertex_array_object
    GL_ARB_separate_shader_objects
    GL_ARB_robustness
    GL_ARB_texture_storage
    GL_ARB_texture_view
    GL_ARB_framebuffer_no_attachments
    GL_ARB_invalidate_subdata
    GL_ARB_texture_storage_multisample
    GL_ARB_multi_bind
    GL_ARB_direct_state_access
    GL_ARB_get_texture_sub_image
    GL_ARB_texture_filter_anisotropic
    GL_KHR_debug
    GL_KHR_parallel_shader_compile
    GL_NV_depth_buffer_float
Using driver workarounds:
    no-forward-compatible-core-context
    nv-egl-incorrect-gl11-function-pointers
    no-layout-qualifiers-on-old-glsl
    nv-zero-context-profile-mask
    nv-implementation-color-read-format-dsa-broken
    nv-cubemap-inconsistent-compressed-image-size
    nv-cubemap-broken-full-compressed-image-query
    nv-compressed-block-size-in-bits
[02:16:52:956470]:[Warning]:[Metadata] SceneDatasetAttributes.cpp(107)::addNewSceneInstanceToDataset : Dataset : 'default' : Lighting Layout Attributes 'no_lights' specified in Scene Attributes but does not exist in dataset, so creating default.
2026-09-19 02:17:04,460 - INFO - Simulator initialized!
2026-09-19 02:17:27,220 - INFO - HTTP Request: POST http://127.0.0.1:22448/v1/chat/completions "HTTP/1.1 200 OK"
2026-09-19 02:17:27,942 - INFO - --- Episode 77, Step 1/100 ---
2026-09-19 02:20:43,509 - INFO - HTTP Request: POST http://127.0.0.1:22448/v1/chat/completions "HTTP/1.1 200 OK"
2026-09-19 02:23:54,754 - INFO - HTTP Request: POST http://127.0.0.1:22448/v1/chat/completions "HTTP/1.1 200 OK"
2026-09-19 02:26:42,909 - INFO - HTTP Request: POST http://127.0.0.1:22448/v1/chat/completions "HTTP/1.1 200 OK"
2026-09-19 02:26:43,559 - INFO - --- Episode 77, Step 2/100 ---
2026-09-19 02:27:27,399 - INFO - HTTP Request: POST http://127.0.0.1:22448/v1/chat/completions "HTTP/1.1 200 OK"
```json
{
"movement": "I am currently standing in a hallway with terracotta tile flooring. To my right, there is a large wooden doorway leading into a dining room, which is clearly visible in the Right View showing a long table and chairs. Ahead of me (Front View) is a hallway leading to glass doors labeled 'B' and 'L'.",
"observation": {
    "front view": "A hallway stretching forward with terracotta tiles. To the left are glass doors (L). Straight ahead are more glass doors (B). To the right edge, there is a dark wooden door frame.",
    "left view": "A hallway extending to the left with glass doors at the end.",
    "right view": "A large dining room with a long wooden table, chairs, and a rug. Glass doors/windows are visible at the far end of this room.",
    "map": "The map shows my current position at 'START'. The path ahead goes through waypoints 1, 2, 6... The area to the right (dark shading) corresponds to the dining room seen in the Right View."
},
"thought": "The instruction is to 'Walk through the doorway into the dining room and walk straight back to the door leading outside.' The dining room is located to my right, as seen in the Right View. I am currently standing just outside its entrance. To follow the instruction, I first need to turn towards the dining room and enter it. Then I will walk across it to the outside door at the far end.",
"stuck": false,
"plan": "1. Turn right to face the dining room entrance. 2. Move forward into the dining room. 3. Walk straight across the dining room towards the glass doors/windows at the far end (the 'door leading outside').",
"curr_step": "I am at the start position. The dining room entrance is immediately to my right. I need to turn right to align myself with the doorway and enter the room.",
"action": "R"
}
```
Calculated floor height difference: 2.84m
Action: turn
waypoints: 31
skipped waypoints: edge 2,  distance 15,  no_path 0,  occlusion 5



Action: stop
waypoints: 31
skipped waypoints: edge 2,  distance 15,  no_path 0,  occlusion 5
```json
{
"observation": {
    "front view": "I see a large wooden door frame/pillar directly ahead and slightly left. To the right of it is the entrance to a dining room with a long table, chairs, and a rug. Waypoints 4, 5, 6, 7 are visible inside or near the entrance.",
    "left view": "A hallway extending to the left with glass doors at the end.",
    "right view": "The interior of the dining room is clearly visible, showing a long wooden table on a rug and glass doors/windows at the far end.",
    "map": "I am at the START position. The dining room (dark area with chairs) is to my right/front-right. The path leads into that area."
},
"thought": "I am standing at the entrance of the dining room. The instruction tells me to walk through the doorway into the dining room and then go straight back to the door leading outside. The dining room is visible in the front-right and right views. I need to enter the room first. Waypoint 6 is located just inside the entrance on the left side of the rug, which seems like a good path to clear the doorway and start walking across the room.",
"stuck": false,
"plan": "1. Move forward into the dining room via the entrance near waypoint 6. 2. Once inside, continue walking straight across the room towards the glass doors/windows at the far end (the 'door leading outside').",
"curr_step": "I am currently just outside the dining room entrance. To follow the instruction 'Walk through the doorway into the dining room', I need to move forward into that space. Waypoint 6 is positioned just inside the entrance, making it the logical next step.",
"action": 6
}
```
Action: turn
Action: move_forward
Action: turn
Action: move_forward
Action: null
waypoints: 33
skipped waypoints: edge 1,  distance 16,  no_path 0,  occlusion 8
```json
{
"movement": "I moved forward from the entrance of the dining room, passing the side of the dining table on my right. I am now positioned near the edge of the rug in the middle of the room, facing towards the back of the room where a living area with sofas is visible.",
"observation": {
    "front view": "I see the rest of the dining room extending forward. To my left is a hallway/opening. Straight ahead is a living area with sofas and a fireplace. To my right is the long dining table on a rug.",
    "left view": "A hallway or opening to the left, leading away from the dining room.",
    "right view": "The long dining table and a sideboard against the wall. Glass doors are visible at the far end of that wall.",
    "map": "I am near the START position, having moved slightly forward into the dining area. The path forward (up on the map) leads towards the living area."
},
"thought": "The instruction is to 'walk straight back to the door leading outside'. Based on the Right View, there are glass doors at the far end of the right wall. In the Front View, I am facing somewhat towards the side of the table and the living area. To reach the doors at the back of the room, I need to continue moving forward into the room. Waypoint 2 is located straight ahead, further into the room, which aligns with the direction of the 'door leading outside' (likely at the far end).",
"stuck": false,
"plan": "1. Move forward towards the back of the dining room/living area (towards waypoint 2). 2. Continue straight until I reach the door leading outside.",
"curr_step": "I am currently near the entrance of the dining room. To follow the instruction 'walk straight back', I need to move further into the room. Waypoint 2 is the most direct path forward towards the back of the room where the doors are likely located.",
"action": 2
}
```
Action: turn
Action: move_forward
Action: turn
Action: move_forward
Action: move_forward
Action: turn
Action: move_forward
Action: null
waypoints: 49
skipped waypoints: edge 9,  distance 21,  no_path 0,  occlusion 9



Action: stop
['Walk into the nearest open double doors to the dining area that has a cupboard and candle lamps on top.', 'Walk passed the dining table and through the open double doors on the other side that lead outside.', 'Walk through the next set of double doors on the other side of the front entrance and back into the home.']
Initialized data for new floor level: 0
Switching pcds to floor level: 0
Initialized data for new floor level: 0
Switching pcds to floor level: 0
Initialized data for new floor level: 0
Switching pcds to floor level: 0
[StairDetect] normals=0.0033s, cpu=0.0002s, cluster=0.0296s, loop=0.0360s, total=0.0787s
waypoints: 26
skipped waypoints: edge 3,  distance 11,  no_path 0,  occlusion 4



Calculated floor height difference: 2.84m
Action: stop
waypoints: 23
skipped waypoints: edge 1,  distance 10,  no_path 0,  occlusion 5



Action: stop
['Go through the dining room, past the table.', 'Turn right and go through the door onto the patio.', 'Continue straight across the patio and wait at the door.']
Initialized data for new floor level: 0
Switching pcds to floor level: 0
Initialized data for new floor level: 0
Switching pcds to floor level: 0
Initialized data for new floor level: 0
Switching pcds to floor level: 0
[StairDetect] normals=0.0033s, cpu=0.0003s, cluster=0.0309s, loop=0.0392s, total=0.0837s
waypoints: 26
skipped waypoints: edge 3,  distance 11,  no_path 0,  occlusion 4



Calculated floor height difference: 2.84m
Action: stop
waypoints: 23
skipped waypoints: edge 1,  distance 10,  no_path 0,  occlusion 5
2026-09-19 02:27:28,073 - INFO - --- Episode 77, Step 3/100 ---
2026-09-19 02:29:33,250 - INFO - HTTP Request: POST http://127.0.0.1:22448/v1/chat/completions "HTTP/1.1 200 OK"
2026-09-19 02:30:10,931 - INFO - HTTP Request: POST http://127.0.0.1:22448/v1/chat/completions "HTTP/1.1 200 OK"
2026-09-19 02:30:11,807 - INFO - --- Episode 77, Step 4/100 ---
2026-09-19 02:30:12,972 - INFO - --- Episode 77, Step 5/100 ---
2026-09-19 02:30:13,846 - INFO - --- Episode 77, Step 6/100 ---
2026-09-19 02:30:14,521 - INFO - --- Episode 77, Step 7/100 ---
2026-09-19 02:30:15,270 - INFO - --- Episode 77, Step 8/100 ---
2026-09-19 02:30:16,064 - INFO - --- Episode 77, Step 9/100 ---
2026-09-19 02:30:17,057 - INFO - --- Episode 77, Step 10/100 ---
2026-09-19 02:30:17,819 - INFO - --- Episode 77, Step 11/100 ---
2026-09-19 02:30:18,618 - INFO - --- Episode 77, Step 12/100 ---
2026-09-19 02:30:19,435 - INFO - --- Episode 77, Step 13/100 ---
2026-09-19 02:30:20,251 - INFO - --- Episode 77, Step 14/100 ---
2026-09-19 02:30:21,251 - INFO - --- Episode 77, Step 15/100 ---
2026-09-19 02:30:22,078 - INFO - --- Episode 77, Step 16/100 ---
2026-09-19 02:30:22,916 - INFO - --- Episode 77, Step 17/100 ---
2026-09-19 02:30:23,598 - INFO - --- Episode 77, Step 18/100 ---
2026-09-19 02:30:52,678 - INFO - HTTP Request: POST http://127.0.0.1:22448/v1/chat/completions "HTTP/1.1 200 OK"
2026-09-19 02:30:54,354 - INFO - HTTP Request: POST http://127.0.0.1:22448/v1/chat/completions "HTTP/1.1 400 Bad Request"
2026-09-19 02:30:56,052 - INFO - HTTP Request: POST http://127.0.0.1:22448/v1/chat/completions "HTTP/1.1 400 Bad Request"
 56%|█████▌    | 28/50 [6:17:39<5:13:29, 854.99s/it]Renderer: NVIDIA GeForce RTX 4090/PCIe/SSE2 by NVIDIA Corporation
OpenGL version: 4.6.0 NVIDIA 590.48.01
Using optional features:
    GL_ARB_vertex_array_object
    GL_ARB_separate_shader_objects
    GL_ARB_robustness
    GL_ARB_texture_storage
    GL_ARB_texture_view
    GL_ARB_framebuffer_no_attachments
    GL_ARB_invalidate_subdata
    GL_ARB_texture_storage_multisample
    GL_ARB_multi_bind
    GL_ARB_direct_state_access
    GL_ARB_get_texture_sub_image
    GL_ARB_texture_filter_anisotropic
    GL_KHR_debug
    GL_KHR_parallel_shader_compile
    GL_NV_depth_buffer_float
Using driver workarounds:
    no-forward-compatible-core-context
    nv-egl-incorrect-gl11-function-pointers
    no-layout-qualifiers-on-old-glsl
    nv-zero-context-profile-mask
    nv-implementation-color-read-format-dsa-broken
    nv-cubemap-inconsistent-compressed-image-size
    nv-cubemap-broken-full-compressed-image-query
    nv-compressed-block-size-in-bits
[02:30:58:130756]:[Warning]:[Metadata] SceneDatasetAttributes.cpp(107)::addNewSceneInstanceToDataset : Dataset : 'default' : Lighting Layout Attributes 'no_lights' specified in Scene Attributes but does not exist in dataset, so creating default.
2026-09-19 02:31:09,500 - INFO - Simulator initialized!
2026-09-19 02:31:37,507 - INFO - HTTP Request: POST http://127.0.0.1:22448/v1/chat/completions "HTTP/1.1 200 OK"
2026-09-19 02:31:38,204 - INFO - --- Episode 78, Step 1/100 ---
2026-09-19 02:32:27,786 - INFO - HTTP Request: POST http://127.0.0.1:22448/v1/chat/completions "HTTP/1.1 200 OK"
2026-09-19 02:32:28,381 - INFO - --- Episode 78, Step 2/100 ---
2026-09-19 02:32:28,915 - INFO - --- Episode 78, Step 3/100 ---
2026-09-19 02:32:29,467 - INFO - --- Episode 78, Step 4/100 ---
2026-09-19 02:32:30,227 - INFO - --- Episode 78, Step 5/100 ---
2026-09-19 02:32:30,791 - INFO - --- Episode 78, Step 6/100 ---
2026-09-19 02:32:31,322 - INFO - --- Episode 78, Step 7/100 ---
2026-09-19 02:32:31,923 - INFO - --- Episode 78, Step 8/100 ---
2026-09-19 02:32:32,511 - INFO - --- Episode 78, Step 9/100 ---
2026-09-19 02:32:33,318 - INFO - --- Episode 78, Step 10/100 ---
2026-09-19 02:33:18,773 - INFO - HTTP Request: POST http://127.0.0.1:22448/v1/chat/completions "HTTP/1.1 200 OK"
2026-09-19 02:33:19,530 - INFO - --- Episode 78, Step 11/100 ---
2026-09-19 02:33:20,252 - INFO - --- Episode 78, Step 12/100 ---
2026-09-19 02:33:21,017 - INFO - --- Episode 78, Step 13/100 ---
2026-09-19 02:33:21,782 - INFO - --- Episode 78, Step 14/100 ---
2026-09-19 02:33:22,751 - INFO - --- Episode 78, Step 15/100 ---
2026-09-19 02:33:23,569 - INFO - --- Episode 78, Step 16/100 ---
2026-09-19 02:33:24,360 - INFO - --- Episode 78, Step 17/100 ---
2026-09-19 02:33:25,048 - INFO - --- Episode 78, Step 18/100 ---
```json
{
    "movement": "I am currently standing in a hallway with terracotta tile flooring. To my immediate right, there is an opening into a room with wooden floors and a large dining table (visible in the Right View). To my left are glass doors leading outside. Ahead of me is a continuation of the hallway.",
    "observation": {
        "front view": "The hallway continues forward with several waypoints (1-5) marked on the floor. There is an archway or opening on the right side of the hallway.",
        "left view": "Glass doors leading to an outdoor area are visible on the left.",
        "right view": "A large dining room with a wooden table and chairs is visible immediately to the right, through a wide opening.",
        "map": "The map shows my current position at 'START' near the bottom. The hallway extends upwards/leftwards. A dark area representing furniture (likely the dining room) is to the right."
    },
    "thought": "The current task is to 'Go through the dining room, past the table.' The Right View clearly shows the dining room with a table is located to my right. I am currently facing down the hallway. To enter the dining room as instructed, I need to turn towards it. Therefore, I should turn right to face the entrance of the dining room.",
    "stuck": false,
    "plan": "Turn right to face the dining room entrance, then move forward into the room to pass the table.",
    "curr_step": "I need to orient myself towards the dining room which is to my right. Turning right will allow me to enter it in the next step.",
    "action": "R"
}
```
Action: turn
waypoints: 31
skipped waypoints: edge 2,  distance 15,  no_path 0,  occlusion 5

```json
{
    "observation": {
        "front view": "I am facing the entrance to a dining room. To my left is a wall/corner. Directly ahead and slightly right is the dining area with a large wooden table and chairs. Waypoints 4, 5, and 8 are visible in/near the room. Waypoint 8 is further back near a sideboard.",
        "left view": "The hallway I came from is visible to the left, with terracotta tiles.",
        "right view": "A clear view into the dining room showing the long wooden table and glass doors leading outside in the background.",
        "map": "The map shows the dining room (with 'chair' labels) to the top-right of my current position. Waypoint 8 is located on the far side of the dining room, near the edge of the carpet."
    },
    "thought": "I am currently at the entrance of the dining room. The instruction for P1 is to 'Go through the dining room, past the table.' Looking at the views, the table is in the center/left of the room, and there are glass doors (likely the patio door mentioned in P2) visible in the background/right. To go 'past' the table and towards the far side of the room where the patio access likely is, I need to move into the room and aim for the area near the sideboard on the right. Waypoint 8 is located in this area, past the main part of the table.",
    "stuck": false,
    "plan": "Move forward into the dining room towards waypoint 8. This will take me through the entrance and alongside/past the dining table towards the far side of the room.",
    "curr_step": "I am not yet past the table. I need to move to a position that is clearly 'past' the table. Waypoint 8 is located on the far side of the room, near the sideboard, which satisfies the condition of being past the table.",
    "action": 8
}
```
Action: turn
Action: move_forward
Action: turn
Action: move_forward
Action: turn
Action: move_forward
Action: turn
Action: move_forward
Action: move_forward
Action: move_forward
Action: move_forward
Action: move_forward
Action: move_forward
Action: move_forward
detected agent stuck, last8 steps position changes: [0.0, 0.0, 0.0, 0.0, 0.0, 0.0, 0.0, 0.0]
Action: turn
detected agent stuck, last8 steps position changes: [0.0, 0.0, 0.0, 0.0, 0.0, 0.0, 0.0, 0.0]
waypoints: 19
skipped waypoints: edge 2,  distance 4,  no_path 1,  occlusion 11

Action: stop
['Exit the bathroom and walk down the hall to the second doorway on your left.', 'Turn left and enter the room through that doorway.']
Initialized data for new floor level: 0
Switching pcds to floor level: 0
Initialized data for new floor level: 0
Switching pcds to floor level: 0
Initialized data for new floor level: 0
Switching pcds to floor level: 0
waypoints: 17
skipped waypoints: edge 1,  distance 5,  no_path 0,  occlusion 6
```json
{
"movement": "Move forward from the bathroom vanity area, passing through the archway labeled 'B' into the hallway, and continue towards the left side of the hall where a doorway is visible.",
"observation": {
    "front view": "I see the bathroom exit archway 'B' leading into a hallway. Further down the hallway on the left, there appears to be a dark doorway or opening. To the right of the archway, there is another door frame.",
    "left view": "I see the bathroom vanity and mirror.",
    "right view": "I see a large bathtub and a window.",
    "map": "The map shows my current position in the blue-shaded bathroom area. A grey path leads out of the bathroom into a hallway. Waypoint 5 is located further down this hallway on the left side, which aligns with the target destination."
},
"thought": "I am currently inside the bathroom. The instruction for subtask P1 is to 'Exit the bathroom and walk down the hall to the second doorway on your left.' Looking at the front view and map, the exit is through archway 'B'. Beyond that, there is a hallway. Waypoint 5 is positioned further down this hallway on the left side, which likely corresponds to the target doorway mentioned in the instruction (the second one on the left). Reaching this point will complete subtask P1 and position me for subtask P2.",
"stuck": false,
"plan": "Exit the bathroom through archway 'B' and proceed down the hallway to reach the doorway indicated by waypoint 5 on the left side.",
"curr_step": "The subtask P1 is not yet completed as I am still in the bathroom. I need to move towards the target doorway. Waypoint 5 is the strategic waypoint that represents the destination of P1 (the second doorway on the left). Therefore, I will move towards waypoint 5.",
"action": 5
}
```
Calculated floor height difference: 2.38m
Action: turn
Action: move_forward
Action: turn
Action: move_forward
Action: turn
Action: move_forward
Action: turn
Action: move_forward
Action: null
waypoints: 13
skipped waypoints: edge 1,  distance 7,  no_path 0,  occlusion 0
```json
{
"movement": "Move forward from the bathroom exit into the hallway, walking past the first doorway on the left and towards the rug in the middle of the hall.",
"observation": {
    "front view": "I see a hallway with a large rug. There is a doorway straight ahead (labeled 'B' in previous frames) and another opening further down on the left side. To my immediate left, there is a wall with a picture.",
    "left view": "I see the first doorway on the left, which I have just passed or am passing.",
    "right view": "I see the bathroom interior with a bathtub, confirming I have exited it.",
    "map": "The map shows the hallway extending upwards. I am near the start. There are doorways on the left side of the hallway further up."
},
"thought": "I have exited the bathroom and am now in the hallway. The instruction is to walk down the hall to the second doorway on my left. The first doorway is immediately to my left (visible in the Left View). I need to continue walking down the hallway to find the second one. Waypoint 2 is located further down the hall on the rug, which seems like a good target to reach before identifying the second doorway.",
"stuck": false,
"plan": "Walk down the hallway towards the second doorway on the left. I will move towards waypoint 2 as an intermediate step.",
"curr_step": "The subtask P1 is not yet completed. I need to reach the second doorway on the left. Waypoint 2 is a strategic point further down the hall that will bring me closer to the target.",
"action": 2
}
```
Action: turn
Action: move_forward
Action: turn
Action: move_forward
Action: turn
Action: move_forward
Action: null
Action: turn
waypoints: 10
2026-09-19 02:35:44,628 - INFO - HTTP Request: POST http://127.0.0.1:22448/v1/chat/completions "HTTP/1.1 200 OK"
2026-09-19 02:37:41,635 - INFO - HTTP Request: POST http://127.0.0.1:22448/v1/chat/completions "HTTP/1.1 200 OK"
2026-09-19 02:38:20,442 - INFO - HTTP Request: POST http://127.0.0.1:22448/v1/chat/completions "HTTP/1.1 200 OK"
2026-09-19 02:38:21,371 - INFO - --- Episode 78, Step 19/100 ---
2026-09-19 02:38:22,118 - INFO - --- Episode 78, Step 20/100 ---
2026-09-19 02:38:22,771 - INFO - --- Episode 78, Step 21/100 ---
2026-09-19 02:38:23,228 - INFO - --- Episode 78, Step 22/100 ---
2026-09-19 02:38:23,790 - INFO - --- Episode 78, Step 23/100 ---
2026-09-19 02:38:24,331 - INFO - --- Episode 78, Step 24/100 ---
2026-09-19 02:38:49,408 - INFO - HTTP Request: POST http://127.0.0.1:22448/v1/chat/completions "HTTP/1.1 200 OK"
2026-09-19 02:38:50,659 - INFO - --- Episode 78, Step 25/100 ---
2026-09-19 02:39:05,432 - INFO - HTTP Request: POST http://127.0.0.1:22448/v1/chat/completions "HTTP/1.1 200 OK"
2026-09-19 02:39:06,135 - INFO - --- Episode 78, Step 26/100 ---
2026-09-19 02:39:07,102 - INFO - --- Episode 78, Step 27/100 ---
2026-09-19 02:39:07,711 - INFO - --- Episode 78, Step 28/100 ---
2026-09-19 02:39:08,422 - INFO - --- Episode 78, Step 29/100 ---
2026-09-19 02:39:09,276 - INFO - --- Episode 78, Step 30/100 ---
2026-09-19 02:39:10,063 - INFO - --- Episode 78, Step 31/100 ---
2026-09-19 02:39:10,985 - INFO - --- Episode 78, Step 32/100 ---
2026-09-19 02:39:46,400 - INFO - HTTP Request: POST http://127.0.0.1:22448/v1/chat/completions "HTTP/1.1 200 OK"
2026-09-19 02:40:13,794 - INFO - HTTP Request: POST http://127.0.0.1:22448/v1/chat/completions "HTTP/1.1 200 OK"
2026-09-19 02:40:34,498 - INFO - HTTP Request: POST http://127.0.0.1:22448/v1/chat/completions "HTTP/1.1 200 OK"
2026-09-19 02:40:35,667 - INFO - --- Episode 78, Step 33/100 ---
2026-09-19 02:40:56,522 - INFO - HTTP Request: POST http://127.0.0.1:22448/v1/chat/completions "HTTP/1.1 200 OK"
2026-09-19 02:40:58,358 - INFO - --- Episode 78, Step 34/100 ---
2026-09-19 02:41:28,385 - INFO - HTTP Request: POST http://127.0.0.1:22448/v1/chat/completions "HTTP/1.1 200 OK"
2026-09-19 02:41:51,065 - INFO - HTTP Request: POST http://127.0.0.1:22448/v1/chat/completions "HTTP/1.1 200 OK"
2026-09-19 02:42:08,067 - INFO - HTTP Request: POST http://127.0.0.1:22448/v1/chat/completions "HTTP/1.1 200 OK"
 58%|█████▊    | 29/50 [6:28:53<4:40:13, 800.64s/it]Renderer: NVIDIA GeForce RTX 4090/PCIe/SSE2 by NVIDIA Corporation
OpenGL version: 4.6.0 NVIDIA 590.48.01
Using optional features:
    GL_ARB_vertex_array_object
    GL_ARB_separate_shader_objects
    GL_ARB_robustness
    GL_ARB_texture_storage
    GL_ARB_texture_view
    GL_ARB_framebuffer_no_attachments
    GL_ARB_invalidate_subdata
    GL_ARB_texture_storage_multisample
    GL_ARB_multi_bind
    GL_ARB_direct_state_access
    GL_ARB_get_texture_sub_image
    GL_ARB_texture_filter_anisotropic
    GL_KHR_debug
    GL_KHR_parallel_shader_compile
    GL_NV_depth_buffer_float
Using driver workarounds:
    no-forward-compatible-core-context
    nv-egl-incorrect-gl11-function-pointers
    no-layout-qualifiers-on-old-glsl
    nv-zero-context-profile-mask
    nv-implementation-color-read-format-dsa-broken
    nv-cubemap-inconsistent-compressed-image-size
    nv-cubemap-broken-full-compressed-image-query
    nv-compressed-block-size-in-bits
[02:42:11:950107]:[Warning]:[Metadata] SceneDatasetAttributes.cpp(107)::addNewSceneInstanceToDataset : Dataset : 'default' : Lighting Layout Attributes 'no_lights' specified in Scene Attributes but does not exist in dataset, so creating default.
2026-09-19 02:42:23,173 - INFO - Simulator initialized!
2026-09-19 02:42:40,233 - INFO - HTTP Request: POST http://127.0.0.1:22448/v1/chat/completions "HTTP/1.1 200 OK"
2026-09-19 02:42:40,921 - INFO - --- Episode 79, Step 1/100 ---
2026-09-19 02:42:54,852 - INFO - HTTP Request: POST http://127.0.0.1:22448/v1/chat/completions "HTTP/1.1 200 OK"
2026-09-19 02:42:55,464 - INFO - --- Episode 79, Step 2/100 ---
2026-09-19 02:42:55,991 - INFO - --- Episode 79, Step 3/100 ---
2026-09-19 02:42:56,508 - INFO - --- Episode 79, Step 4/100 ---
2026-09-19 02:42:57,216 - INFO - --- Episode 79, Step 5/100 ---
2026-09-19 02:42:57,734 - INFO - --- Episode 79, Step 6/100 ---
2026-09-19 02:43:10,118 - INFO - HTTP Request: POST http://127.0.0.1:22448/v1/chat/completions "HTTP/1.1 200 OK"
skipped waypoints: edge 1,  distance 3,  no_path 1,  occlusion 0


```json
{
"movement": "Move forward along the hallway, passing the rug and the dresser on the right, towards the doorway on the left further down the hall.",
"observation": {
    "front view": "I see the continuation of the hallway with a rug on the floor. There is an opening straight ahead (labeled B in previous frames) and a doorway further down on the left side. A large wooden cabinet/dresser is on the right.",
    "left view": "I see the wall and the first doorway I passed (near the TV stand). Further down, there is another doorway on the left.",
    "right view": "I see a large wooden dresser/cabinet with drawers.",
    "map": "The map shows my path up the hallway. Waypoint 5 is located further down the hall on the left side, near the target doorway."
},
"thought": "I have exited the bathroom and am walking down the hall. The instruction is to reach the second doorway on the left. Based on the map and the view, the first doorway was near the TV stand (now behind/to the left). The second doorway is further down the hall on the left, which corresponds to the location of waypoint 5. I need to move towards this point to complete subtask P1.",
"stuck": false,
"plan": "Walk down the hallway towards the second doorway on the left, which is indicated by waypoint 5 on the map.",
"curr_step": "The subtask P1 is not yet completed. I need to reach the second doorway on the left. Waypoint 5 is the strategic point closest to this destination.",
"action": 5
}
```
Action: turn
Action: move_forward
Action: turn
Action: move_forward
Action: null
Action: turn
waypoints: 7
skipped waypoints: edge 3,  distance 1,  no_path 1,  occlusion 0
```json
{
"movement": "Move forward along the hallway past the rug and dresser, arriving at the second doorway on the left which leads into a room with wooden cabinets.",
"observation": {
    "front view": "I am facing a wooden door frame or wall section. To my left is an opening leading into a room.",
    "left view": "I see the interior of a room (likely a walk-in closet) filled with large wooden cabinets and drawers.",
    "right view": "I see the hallway I just walked down, with a rug and a vanity area visible in the distance.",
    "map": "The map shows my current position near the entrance of the target room (blue shaded area). I have reached the second doorway on the left as instructed."
},
"thought": "I have successfully completed subtask P1 by walking down the hall to the second doorway on the left. I am now standing at the entrance of this room. The next instruction is P2: 'Turn left and enter the room through that doorway.' Since the room is visible in my Left View, I need to turn left to face it and then move forward to enter.",
"stuck": false,
"plan": "Turn left to face the room entrance and then move forward into the room with the wooden cabinets.",
"curr_step": "Subtask P1 is completed. For subtask P2, I need to turn left towards the doorway visible in the Left View.",
"action": "L"
}
```
Action: turn
waypoints: 10
skipped waypoints: edge 2,  distance 3,  no_path 0,  occlusion 0
```json
{
"movement": "Move forward from the hallway threshold into the walk-in closet/dressing room with wooden cabinets.",
"observation": {
    "front view": "I am looking directly into a walk-in closet or dressing room filled with large wooden cabinets and drawers. There is a rug on the floor.",
    "left view": "I see the side of a cabinet structure and the edge of the doorway I just entered through.",
    "right view": "I see more wooden cabinetry and the door frame.",
    "map": "The map shows my current position (red triangle) just inside the entrance of the target room (blue shaded area). Waypoints 1, 2, 3 are further inside this room."
},
"thought": "I have reached the second doorway on the left as instructed in P1. I have turned left to face it. Now I need to complete P2 by entering the room. The room is directly in front of me, filled with wooden cabinets. Moving forward into the room will complete this subtask.",
"stuck": false,
"plan": "Move forward into the walk-in closet/dressing room towards the center area near the cabinets.",
"curr_step": "Subtask P2 is not yet completed. I am at the entrance. I need to move further into the room. Waypoint 1 is located centrally in the room ahead.",
"action": 1
}
```
Action: turn
Action: move_forward
Action: turn
Action: move_forward
Action: turn
Action: move_forward
Action: null
waypoints: 7
skipped waypoints: edge 2,  distance 0,  no_path 0,  occlusion 0



Action: stop
waypoints: 7
skipped waypoints: edge 2,  distance 0,  no_path 0,  occlusion 0
```json
{
"movement": "Move forward from the hallway threshold into the walk-in closet/dressing room with wooden cabinets.",
"observation": {
    "front view": "I am facing a wall of tall wooden cabinets/closets. To the left is a workbench area with a printer.",
    "left view": "I see a long wooden workbench/desk with drawers and a window above it.",
    "right view": "I see more wooden closet doors.",
    "map": "The map shows my current position (red triangle) is well inside the blue-shaded target area (the room with the workbench). I have successfully entered the room."
},
"thought": "I have completed all parts of the instruction: exiting the bathroom, walking down the hall to the second doorway on the left, turning left, and entering the room. I am now inside the destination room (the walk-in closet/dressing room). There are no further instructions to follow.",
"stuck": false,
"plan": "The task is complete. I have reached the final destination described in the instructions.",
"curr_step": "Subtask P1 and P2 are effectively completed as I am inside the target room. The instruction 'Turn left and enter the room through that doorway' has been fulfilled.",
"action": -1
}
```
Action: pause
waypoints: 7
skipped waypoints: edge 2,  distance 0,  no_path 0,  occlusion 0



Action: stop
['Walk out of the bathroom past the sink and shower.', 'Walk through the arched doorway down the hall with the throw rug.', 'Walk into the room with wooden closet doors and two ceiling lamps.']
Initialized data for new floor level: 0
Switching pcds to floor level: 0
Initialized data for new floor level: 0
Switching pcds to floor level: 0
Initialized data for new floor level: 0
Switching pcds to floor level: 0
waypoints: 17
skipped waypoints: edge 1,  distance 5,  no_path 0,  occlusion 6
```json
{
"movement": "I am currently standing in the bathroom facing the exit. To my left is a vanity with a sink, and to my right is a large bathtub. Directly ahead is an open doorway leading to a hallway.",
"observation": {
    "front view": "I see the exit of the bathroom leading into a hallway. There are numbered waypoints 1 and 5 in the hallway area. Waypoint 1 is just outside the door frame.",
    "left view": "A long wooden vanity with a sink and mirror is visible on the left wall.",
    "right view": "A large white bathtub is visible on the right side of the room.",
    "map": "The map shows my current position (START) inside the bathroom. Waypoint 1 is located just outside the bathroom door in the hallway."
},
"thought": "The current subtask is to walk out of the bathroom past the sink and shower. I am currently facing the exit. Moving forward towards the hallway will take me out of the bathroom. Waypoint 1 is located just outside the doorway, which aligns with the goal of exiting the room.",
"stuck": false,
"plan": "Move forward out of the bathroom into the hallway towards waypoint 1.",
"curr_step": "I need to exit the bathroom. Waypoint 1 is directly ahead in the hallway, just past the threshold. This is the correct path to leave the room.",
"action": 1
}
```
Calculated floor height difference: 2.38m
Action: turn
Action: move_forward
Action: turn
Action: move_forward
Action: null
waypoints: 28
skipped waypoints: edge 1,  distance 18,  no_path 0,  occlusion 3
2026-09-19 02:43:10,843 - INFO - --- Episode 79, Step 7/100 ---
2026-09-19 02:43:11,498 - INFO - --- Episode 79, Step 8/100 ---
2026-09-19 02:43:12,269 - INFO - --- Episode 79, Step 9/100 ---
2026-09-19 02:43:13,331 - INFO - --- Episode 79, Step 10/100 ---
2026-09-19 02:43:14,073 - INFO - --- Episode 79, Step 11/100 ---
2026-09-19 02:43:14,841 - INFO - --- Episode 79, Step 12/100 ---
2026-09-19 02:43:15,590 - INFO - --- Episode 79, Step 13/100 ---
2026-09-19 02:45:39,745 - INFO - HTTP Request: POST http://127.0.0.1:22448/v1/chat/completions "HTTP/1.1 200 OK"
2026-09-19 02:46:33,632 - INFO - HTTP Request: POST http://127.0.0.1:22448/v1/chat/completions "HTTP/1.1 200 OK"
2026-09-19 02:46:34,270 - INFO - --- Episode 79, Step 14/100 ---
2026-09-19 02:47:06,289 - INFO - HTTP Request: POST http://127.0.0.1:22448/v1/chat/completions "HTTP/1.1 200 OK"
2026-09-19 02:47:07,154 - INFO - --- Episode 79, Step 15/100 ---
2026-09-19 02:47:07,768 - INFO - --- Episode 79, Step 16/100 ---
2026-09-19 02:47:08,343 - INFO - --- Episode 79, Step 17/100 ---
2026-09-19 02:47:08,948 - INFO - --- Episode 79, Step 18/100 ---
2026-09-19 02:47:09,511 - INFO - --- Episode 79, Step 19/100 ---
2026-09-19 02:48:32,868 - INFO - HTTP Request: POST http://127.0.0.1:22448/v1/chat/completions "HTTP/1.1 200 OK"
2026-09-19 02:49:19,379 - INFO - HTTP Request: POST http://127.0.0.1:22448/v1/chat/completions "HTTP/1.1 200 OK"
2026-09-19 02:49:20,151 - INFO - --- Episode 79, Step 20/100 ---
2026-09-19 02:50:06,871 - INFO - HTTP Request: POST http://127.0.0.1:22448/v1/chat/completions "HTTP/1.1 200 OK"
2026-09-19 02:50:07,730 - INFO - --- Episode 79, Step 21/100 ---
2026-09-19 02:50:08,502 - INFO - --- Episode 79, Step 22/100 ---
2026-09-19 02:50:09,511 - INFO - --- Episode 79, Step 23/100 ---
2026-09-19 02:50:31,330 - INFO - HTTP Request: POST http://127.0.0.1:22448/v1/chat/completions "HTTP/1.1 200 OK"
```json
{
"movement": "I have moved forward from the center of the bathroom towards the open doorway. I am now positioned at the threshold of the bathroom, looking out into the hallway.",
"observation": {
    "front view": "I see the open wooden door to my right and the hallway beyond. There is a rug on the floor in the hallway further ahead. An arched doorway is visible in the distance down the hall.",
    "left view": "I see the side of the bathroom vanity and the toilet area behind me/to the left.",
    "right view": "I see the shower stall and the bathtub area I just passed.",
    "map": "The map shows my position (red arrow) just inside the bathroom door. Waypoint 1 is located just outside the door frame in the hallway."
},
"thought": "I have successfully walked past the sink and shower as instructed in P1. I am now at the exit of the bathroom. To complete P1 and prepare for P2 (walking down the hall with the throw rug), I need to step out into the hallway. Waypoint 1 is located just outside the door frame, which is the logical next step to clear the bathroom.",
"stuck": false,
"plan": "Move forward through the doorway into the hallway towards waypoint 1. This will complete the task of walking out of the bathroom.",
"curr_step": "I am at the bathroom exit. Waypoint 1 is just outside the door. Moving to waypoint 1 will complete P1.",
"action": 1
}
```
Action: turn
Action: move_forward
Action: turn
Action: move_forward
Action: turn
Action: move_forward
Action: null
waypoints: 25
skipped waypoints: edge 4,  distance 10,  no_path 1,  occlusion 2

```json
{
"movement": "I have successfully exited the bathroom and am now standing on the throw rug in the hallway. The sink and shower are behind me/to my sides.",
"observation": {
    "front view": "I see a dark wooden cabinet straight ahead and a vanity to the right. To the left of the cabinet is a doorway.",
    "left view": "I see stairs going down and a painting on the wall.",
    "right view": "I see an arched doorway leading into a bedroom with a bed visible inside.",
    "map": "The map shows my position (red arrow) on the rug. The 'bed' icon is to the right, indicating the room through the arched doorway."
},
"thought": "Subtask P1 ('Walk out of the bathroom past the sink and shower') is complete as I am now in the hallway on the rug. Subtask P2 is 'Walk through the arched doorway down the hall with the throw rug'. The arched doorway is clearly visible in the right view, leading to the bedroom. Therefore, I need to turn right to face this doorway.",
"stuck": false,
"plan": "Turn right to face the arched doorway seen in the right view, then move forward into it to complete P2.",
"curr_step": "P1 is complete. The target for P2 is the arched doorway to the right. I need to turn right to align with it.",
"action": "R"
}
```
Action: turn
waypoints: 14
skipped waypoints: edge 1,  distance 8,  no_path 1,  occlusion 2
```json
{
"movement": "I have moved out of the bathroom and am now standing on the throw rug in the hallway. I am facing down the hallway towards a room with a lamp visible inside.",
"observation": {
    "front view": "I see a hallway extending forward. To the left is a wooden dresser. Straight ahead is a doorway leading into a bedroom where a bed and a lamp are visible. Waypoint 2 is located further down this hallway, near the entrance to that room.",
    "left view": "I see the side of the wooden dresser and the rug I am standing on.",
    "right view": "I see a wall with a thermostat and light switches, and stairs going down to the right.",
    "map": "The map shows my position (red arrow) in the hallway near the carpet. The path leads towards the 'bed' icon which is in the room straight ahead."
},
"thought": "I have completed P1. I am now in the hallway with the throw rug. The next subtask is P2: 'Walk through the arched doorway down the hall with the throw rug.' and then P3: 'Walk into the room with wooden closet doors and two ceiling lamps.' The room straight ahead matches the description of having a lamp (and likely more) and wooden furniture/closets. I need to proceed down the hallway towards this room. Waypoint 2 is located in the hallway, closer to the bedroom entrance.",
"stuck": false,
"plan": "Move forward down the hallway towards waypoint 2, which leads into the bedroom with the bed and lamp.",
"curr_step": "I am in the hallway. Waypoint 2 is ahead of me in the hallway, leading towards the bedroom. I need to move forward to reach it.",
"action": 2
}
```
Action: turn
Action: move_forward
Action: turn
Action: move_forward
Action: null
waypoints: 25
skipped waypoints: edge 1,  distance 10,  no_path 0,  occlusion 11

```json
{
"movement": "I have moved from the hallway into the bedroom. I am now standing inside the room, facing towards the fireplace and bed.",
"observation": {
    "front view": "I see a bedroom with a large bed on the left, a fireplace straight ahead, and wooden beams on the ceiling. To the right of the bed, there is a wooden structure that looks like a closet or wardrobe.",
    "left view": "I see the side of the bed and a window/mirror area.",
    "right view": "I see a wall with a thermostat and curtains, and the entrance to the room I just came through.",
    "map": "The map shows my position (red arrow) inside the 'bed' area, which is the target room."
},
"thought": "I have successfully completed P1 (exiting the bathroom) and P2 (walking down the hall with the rug). I am now in the room described in P3 ('room with wooden closet doors and two ceiling lamps'). The room has wooden elements (beams, closet/wardrobe) and lighting fixtures. Since I have entered the room as instructed, P3 is complete.",
"stuck": false,
"plan": "Complete the current subtask P3 as I have reached the destination.",
"curr_step": "P3 is completed. I am in the room with wooden closet doors (visible to the right) and lamps (one on table, likely ceiling ones too). No further movement is needed.",
"action": -1
}
```
Action: pause
waypoints: 25
skipped waypoints: edge 1,  distance 10,  no_path 0,  occlusion 11
```json
{
"movement": "I have moved from the hallway with the throw rug to the entrance of a bedroom. I am currently standing at the threshold, looking into the room.",
"observation": {
    "front view": "I see a bedroom with a large bed on the left, a fireplace straight ahead, and a wooden structure (likely closet doors) on the right. Waypoints 1, 2, and 3 are located near this wooden structure.",
    "left view": "I see the side of the bed and a white fur rug on the floor.",
    "right view": "I see a wall with a thermostat and light switches, and the doorway I just came through leading back to the stairs/hallway.",
    "map": "The map shows my position (red arrow) near the entrance to the 'bed' area. The path from the hallway ('carpet') leads directly here."
},
"thought": "I have completed P1 (exiting the bathroom). I am now at the threshold of the bedroom. P2 is 'Walk through the arched doorway down the hall with the throw rug.' Since I am at the entrance, moving forward will take me through the doorway (completing P2) and into the room (starting P3). P3 is 'Walk into the room with wooden closet doors and two ceiling lamps.' The wooden structure on the right matches the description of wooden closet doors. Therefore, I should move towards it.",
"stuck": false,
"plan": "Move forward into the bedroom towards the wooden closet doors (waypoint 2) to complete P2 and advance towards P3.",
"curr_step": "I am at the entrance. Waypoint 2 is located inside the room near the wooden closet structure. Moving to waypoint 2 will take me through the doorway and into the room.",
"action": 2
}
```
Action: turn
Action: move_forward
Action: null
waypoints: 30
skipped waypoints: edge 1,  distance 11,  no_path 2,  occlusion 11
2026-09-19 02:50:32,613 - INFO - --- Episode 79, Step 24/100 ---
2026-09-19 02:50:34,013 - INFO - --- Episode 79, Step 25/100 ---
2026-09-19 02:50:35,157 - INFO - --- Episode 79, Step 26/100 ---
2026-09-19 02:50:36,118 - INFO - --- Episode 79, Step 27/100 ---
2026-09-19 02:50:37,129 - INFO - --- Episode 79, Step 28/100 ---
2026-09-19 02:50:37,920 - INFO - --- Episode 79, Step 29/100 ---
2026-09-19 02:50:39,031 - INFO - --- Episode 79, Step 30/100 ---
2026-09-19 02:50:57,657 - INFO - HTTP Request: POST http://127.0.0.1:22448/v1/chat/completions "HTTP/1.1 200 OK"
2026-09-19 02:50:59,371 - INFO - HTTP Request: POST http://127.0.0.1:22448/v1/chat/completions "HTTP/1.1 400 Bad Request"
2026-09-19 02:51:00,585 - INFO - HTTP Request: POST http://127.0.0.1:22448/v1/chat/completions "HTTP/1.1 400 Bad Request"
2026-09-19 02:51:01,857 - INFO - --- Episode 79, Step 31/100 ---
2026-09-19 02:51:35,417 - INFO - HTTP Request: POST http://127.0.0.1:22448/v1/chat/completions "HTTP/1.1 200 OK"
2026-09-19 02:51:58,261 - INFO - HTTP Request: POST http://127.0.0.1:22448/v1/chat/completions "HTTP/1.1 200 OK"
2026-09-19 02:52:14,295 - INFO - HTTP Request: POST http://127.0.0.1:22448/v1/chat/completions "HTTP/1.1 200 OK"
 60%|██████    | 30/50 [6:38:59<4:07:24, 742.25s/it]Renderer: NVIDIA GeForce RTX 4090/PCIe/SSE2 by NVIDIA Corporation
OpenGL version: 4.6.0 NVIDIA 590.48.01
Using optional features:
    GL_ARB_vertex_array_object
    GL_ARB_separate_shader_objects
    GL_ARB_robustness
    GL_ARB_texture_storage
    GL_ARB_texture_view
    GL_ARB_framebuffer_no_attachments
    GL_ARB_invalidate_subdata
    GL_ARB_texture_storage_multisample
    GL_ARB_multi_bind
    GL_ARB_direct_state_access
    GL_ARB_get_texture_sub_image
    GL_ARB_texture_filter_anisotropic
    GL_KHR_debug
    GL_KHR_parallel_shader_compile
    GL_NV_depth_buffer_float
Using driver workarounds:
    no-forward-compatible-core-context
    nv-egl-incorrect-gl11-function-pointers
    no-layout-qualifiers-on-old-glsl
    nv-zero-context-profile-mask
    nv-implementation-color-read-format-dsa-broken
    nv-cubemap-inconsistent-compressed-image-size
    nv-cubemap-broken-full-compressed-image-query
    nv-compressed-block-size-in-bits
[02:52:17:958801]:[Warning]:[Metadata] SceneDatasetAttributes.cpp(107)::addNewSceneInstanceToDataset : Dataset : 'default' : Lighting Layout Attributes 'no_lights' specified in Scene Attributes but does not exist in dataset, so creating default.
2026-09-19 02:52:28,712 - INFO - Simulator initialized!
2026-09-19 02:52:49,146 - INFO - HTTP Request: POST http://127.0.0.1:22448/v1/chat/completions "HTTP/1.1 200 OK"
2026-09-19 02:52:49,845 - INFO - --- Episode 80, Step 1/100 ---
2026-09-19 02:53:00,804 - INFO - HTTP Request: POST http://127.0.0.1:22448/v1/chat/completions "HTTP/1.1 200 OK"
2026-09-19 02:53:01,348 - INFO - --- Episode 80, Step 2/100 ---
2026-09-19 02:53:01,966 - INFO - --- Episode 80, Step 3/100 ---
2026-09-19 02:53:02,497 - INFO - --- Episode 80, Step 4/100 ---
2026-09-19 02:53:03,215 - INFO - --- Episode 80, Step 5/100 ---
2026-09-19 02:53:03,822 - INFO - --- Episode 80, Step 6/100 ---
2026-09-19 02:55:52,086 - INFO - HTTP Request: POST http://127.0.0.1:22448/v1/chat/completions "HTTP/1.1 200 OK"
2026-09-19 02:56:06,915 - INFO - HTTP Request: POST http://127.0.0.1:22448/v1/chat/completions "HTTP/1.1 200 OK"
2026-09-19 02:56:07,657 - INFO - --- Episode 80, Step 7/100 ---
2026-09-19 02:56:08,284 - INFO - --- Episode 80, Step 8/100 ---
2026-09-19 02:56:08,982 - INFO - --- Episode 80, Step 9/100 ---
2026-09-19 02:56:09,949 - INFO - --- Episode 80, Step 10/100 ---
2026-09-19 02:56:10,662 - INFO - --- Episode 80, Step 11/100 ---
2026-09-19 02:56:11,432 - INFO - --- Episode 80, Step 12/100 ---
2026-09-19 02:56:12,167 - INFO - --- Episode 80, Step 13/100 ---
2026-09-19 02:56:40,783 - INFO - HTTP Request: POST http://127.0.0.1:22448/v1/chat/completions "HTTP/1.1 200 OK"
2026-09-19 02:56:41,732 - INFO - --- Episode 80, Step 14/100 ---
2026-09-19 02:56:42,779 - INFO - --- Episode 80, Step 15/100 ---
2026-09-19 02:56:43,568 - INFO - --- Episode 80, Step 16/100 ---
2026-09-19 02:56:44,194 - INFO - --- Episode 80, Step 17/100 ---
2026-09-19 02:56:44,808 - INFO - --- Episode 80, Step 18/100 ---
2026-09-19 02:56:45,418 - INFO - --- Episode 80, Step 19/100 ---
2026-09-19 02:56:46,134 - INFO - --- Episode 80, Step 20/100 ---
2026-09-19 02:56:46,699 - INFO - --- Episode 80, Step 21/100 ---
2026-09-19 02:56:47,394 - INFO - --- Episode 80, Step 22/100 ---
2026-09-19 02:58:23,217 - INFO - HTTP Request: POST http://127.0.0.1:22448/v1/chat/completions "HTTP/1.1 200 OK"
2026-09-19 02:59:36,216 - INFO - HTTP Request: POST http://127.0.0.1:22448/v1/chat/completions "HTTP/1.1 200 OK"
2026-09-19 02:59:54,693 - INFO - HTTP Request: POST http://127.0.0.1:22448/v1/chat/completions "HTTP/1.1 200 OK"
2026-09-19 02:59:55,356 - INFO - --- Episode 80, Step 23/100 ---
2026-09-19 03:00:55,610 - INFO - HTTP Request: POST http://127.0.0.1:22448/v1/chat/completions "HTTP/1.1 200 OK"
2026-09-19 03:01:46,566 - INFO - HTTP Request: POST http://127.0.0.1:22448/v1/chat/completions "HTTP/1.1 200 OK"
2026-09-19 03:02:29,668 - INFO - HTTP Request: POST http://127.0.0.1:22448/v1/chat/completions "HTTP/1.1 200 OK"
 62%|██████▏   | 31/50 [6:49:13<3:42:53, 703.87s/it]Renderer: NVIDIA GeForce RTX 4090/PCIe/SSE2 by NVIDIA Corporation
OpenGL version: 4.6.0 NVIDIA 590.48.01
Using optional features:
    GL_ARB_vertex_array_object
    GL_ARB_separate_shader_objects
    GL_ARB_robustness
    GL_ARB_texture_storage
    GL_ARB_texture_view
    GL_ARB_framebuffer_no_attachments
    GL_ARB_invalidate_subdata
    GL_ARB_texture_storage_multisample
    GL_ARB_multi_bind
    GL_ARB_direct_state_access
    GL_ARB_get_texture_sub_image
    GL_ARB_texture_filter_anisotropic
    GL_KHR_debug
    GL_KHR_parallel_shader_compile
    GL_NV_depth_buffer_float
Using driver workarounds:
    no-forward-compatible-core-context
    nv-egl-incorrect-gl11-function-pointers
    no-layout-qualifiers-on-old-glsl
    nv-zero-context-profile-mask
    nv-implementation-color-read-format-dsa-broken
    nv-cubemap-inconsistent-compressed-image-size
    nv-cubemap-broken-full-compressed-image-query
    nv-compressed-block-size-in-bits
[03:02:32:302141]:[Warning]:[Metadata] SceneDatasetAttributes.cpp(107)::addNewSceneInstanceToDataset : Dataset : 'default' : Lighting Layout Attributes 'no_lights' specified in Scene Attributes but does not exist in dataset, so creating default.
2026-09-19 03:02:44,132 - INFO - Simulator initialized!
2026-09-19 03:03:06,861 - INFO - HTTP Request: POST http://127.0.0.1:22448/v1/chat/completions "HTTP/1.1 200 OK"
```json
{
"movement": "I have moved from the hallway into the bedroom. I am now standing near the foot of the bed, facing towards the fireplace and a wooden structure in the corner.",
"observation": {
    "front view": "I see a fireplace with a sunburst mirror above it. To the right of the fireplace is a dark wooden structure that looks like closet doors or a large wardrobe. There are lights on the ceiling beams. Waypoints 1 and 4 are near this wooden structure.",
    "left view": "I see the bed with white linens and a mirror on the wall.",
    "right view": "I see curtains and a glass door leading to a balcony.",
    "map": "The map shows my position (red arrow) inside the bedroom area. The path leads towards the 'chair' and 'carpet' areas near the fireplace."
},
"thought": "I have completed P1 and P2. I am now in the bedroom. The next subtask is P3: 'Walk into the room with wooden closet doors and two ceiling lamps.' The dark wooden structure in the front view matches the description of 'wooden closet doors'. I need to move closer to it to complete this task.",
"stuck": false,
"plan": "Move forward towards the wooden closet doors (waypoint 1) to complete P3.",
"curr_step": "I am in the bedroom. Waypoint 1 is located near the wooden closet doors. Moving there will complete the instruction.",
"action": 1
}
```
Action: turn
Action: move_forward
Action: turn
Action: move_forward
Action: turn
Action: move_forward
Action: null
waypoints: 14
skipped waypoints: edge 3,  distance 5,  no_path 0,  occlusion 2

Action: stop
waypoints: 14
skipped waypoints: edge 3,  distance 5,  no_path 0,  occlusion 2



Action: stop
['Leave the bathroom and walk straight into the hallway.', 'Go straight and enter the office in the second door on your left.']
Initialized data for new floor level: 0
Switching pcds to floor level: 0
Initialized data for new floor level: 0
Switching pcds to floor level: 0
Initialized data for new floor level: 0
Switching pcds to floor level: 0
waypoints: 17
skipped waypoints: edge 1,  distance 5,  no_path 0,  occlusion 6
```json
{
"movement": "I am currently standing in the bathroom near the rug. I need to exit through the doorway visible in the front view.",
"observation": {
    "front view": "I see a long vanity counter on both sides and an open doorway leading to a hallway in the center background. Points 1 and 5 mark the path into the hallway.",
    "left view": "I see a window and the left side of the vanity.",
    "right view": "I see a large bathtub and another vanity area.",
    "map": "My current position is 'START' inside the bathroom. Point 1 is just outside the door in the hallway."
},
"thought": "The instruction is to leave the bathroom and walk into the hallway. The exit is directly ahead of me, visible in the front view as an opening leading to a corridor. I need to move forward through this doorway.",
"stuck": false,
"plan": "Walk straight forward out of the bathroom and into the hallway towards point 1.",
"curr_step": "I am currently inside the bathroom. The exit is straight ahead. I should move towards point 1 which is just outside the door.",
"action": 1
}
```
Calculated floor height difference: 2.38m
Action: turn
Action: move_forward
Action: turn
Action: move_forward
Action: null
waypoints: 28
skipped waypoints: edge 1,  distance 18,  no_path 0,  occlusion 3

```json
{
"movement": "I have moved forward from the bathroom interior towards the doorway. I am now positioned right at the threshold of the bathroom exit.",
"observation": {
    "front view": "I see the open wooden door to my right and the hallway ahead with a rug on the floor. Points 1 and 2 mark the path into the hallway.",
    "left view": "I see the toilet and the vanity counter inside the bathroom.",
    "right view": "I see the shower area and bathtub inside the bathroom.",
    "map": "My current position is just inside the bathroom doorway. Point 1 is located in the hallway just outside the door."
},
"thought": "I am currently at the exit of the bathroom. The instruction is to leave the bathroom and walk straight into the hallway. Point 1 is directly ahead in the hallway, just past the threshold. Moving to point 1 will complete the first part of the task (leaving the bathroom) and position me in the hallway for the next subtask.",
"stuck": false,
"plan": "Move forward through the doorway into the hallway towards point 1. Once in the hallway, I will continue straight to find the second door on the left as per the next instruction.",
"curr_step": "I am at the bathroom exit. The target is point 1 in the hallway. Moving to point 1 completes the 'leave the bathroom' part of P1.",
"action": 1
}
```
Action: turn
Action: move_forward
Action: turn
Action: move_forward
Action: turn
Action: move_forward
Action: null
waypoints: 25
skipped waypoints: edge 4,  distance 10,  no_path 1,  occlusion 2
```json
{
"movement": "I have moved from the bathroom onto the rug in the landing area. I am now facing a tall wooden cabinet and an open doorway to its left.",
"observation": {
    "front view": "I see a tall wooden cabinet (point 5) and an open doorway (point 6) to its left. Through the doorway, I can see another room or hallway with a window. To the right is a wall with a thermostat.",
    "left view": "I see a wall with a framed picture and a small table.",
    "right view": "I see an entrance to a bedroom with a bed visible inside.",
    "map": "My current position is on the carpet. The path forward leads towards point 6, which appears to be the exit from this suite into the hallway."
},
"thought": "I have successfully left the bathroom and am now in the landing area. The instruction is to 'walk straight into the hallway'. The doorway labeled 6 is directly ahead (slightly left of center) and leads out of the current room. This matches the description of entering a hallway where I can then find doors on the left. Therefore, moving towards point 6 is the correct next step to complete P1.",
"stuck": false,
"plan": "Move forward through the doorway labeled 6 to enter the hallway. Once in the hallway, I will continue straight and look for the second door on the left to enter the office (P2).",
"curr_step": "I am currently on the rug in the landing area. The target is the doorway ahead (point 6). Moving to point 6 will take me into the hallway, completing subtask P1.",
"action": 6
}
```
Action: turn
Action: move_forward
Action: turn
Action: move_forward
Action: move_forward
Action: turn
Action: move_forward
Action: null
Action: turn
waypoints: 7
skipped waypoints: edge 1,  distance 0,  no_path 5,  occlusion 0


```json
{
"movement": "I have navigated through the dressing area and am now facing the exit doorway that leads into the hallway.",
"observation": {
    "front view": "I see an open doorway leading out of this room. Through the door, I can see a hallway with wooden floors and a window in the distance.",
    "left view": "I see a wall and the edge of the rug I am standing on.",
    "right view": "I see a large wooden cabinet or wardrobe structure.",
    "map": "My current position is just inside the room. The path forward leads through the 'door' label into the hallway area."
},
"thought": "I have successfully left the main bathroom area and am now in the dressing area. The instruction is to 'walk straight into the hallway'. The doorway directly ahead of me leads to the hallway. I need to pass through this doorway to complete subtask P1.",
"stuck": false,
"plan": "Move forward through the doorway ahead to enter the hallway. Once in the hallway, I will proceed straight to find the second door on the left for the office (P2).",
"curr_step": "I am facing the exit of the current room. Moving forward will take me into the hallway, completing P1.",
"action": 1
}
```
Action: stop
waypoints: 7
skipped waypoints: edge 1,  distance 0,  no_path 5,  occlusion 0



Action: stop
['Turn right, walk straight through the arched door way', 'continue straight stop beside the bed.']
Initialized data for new floor level: 0
Switching pcds to floor level: 0
Initialized data for new floor level: 0
Switching pcds to floor level: 0
Initialized data for new floor level: 0
2026-09-19 03:03:07,479 - INFO - --- Episode 81, Step 1/100 ---
2026-09-19 03:05:06,506 - INFO - HTTP Request: POST http://127.0.0.1:22448/v1/chat/completions "HTTP/1.1 200 OK"
2026-09-19 03:05:07,114 - INFO - --- Episode 81, Step 2/100 ---
2026-09-19 03:05:07,620 - INFO - --- Episode 81, Step 3/100 ---
2026-09-19 03:05:08,218 - INFO - --- Episode 81, Step 4/100 ---
2026-09-19 03:05:08,921 - INFO - --- Episode 81, Step 5/100 ---
2026-09-19 03:08:01,473 - INFO - HTTP Request: POST http://127.0.0.1:22448/v1/chat/completions "HTTP/1.1 200 OK"
2026-09-19 03:10:35,192 - INFO - HTTP Request: POST http://127.0.0.1:22448/v1/chat/completions "HTTP/1.1 200 OK"
2026-09-19 03:11:32,764 - INFO - HTTP Request: POST http://127.0.0.1:22448/v1/chat/completions "HTTP/1.1 200 OK"
2026-09-19 03:11:33,408 - INFO - --- Episode 81, Step 6/100 ---
2026-09-19 03:11:59,253 - INFO - HTTP Request: POST http://127.0.0.1:22448/v1/chat/completions "HTTP/1.1 200 OK"
2026-09-19 03:12:00,005 - INFO - --- Episode 81, Step 7/100 ---
2026-09-19 03:12:00,518 - INFO - --- Episode 81, Step 8/100 ---
2026-09-19 03:12:01,174 - INFO - --- Episode 81, Step 9/100 ---
2026-09-19 03:12:01,978 - INFO - --- Episode 81, Step 10/100 ---
2026-09-19 03:12:02,346 - INFO - --- Episode 81, Step 11/100 ---
2026-09-19 03:12:02,885 - INFO - --- Episode 81, Step 12/100 ---
2026-09-19 03:12:03,490 - INFO - --- Episode 81, Step 13/100 ---
2026-09-19 03:12:04,083 - INFO - --- Episode 81, Step 14/100 ---
2026-09-19 03:12:04,920 - INFO - --- Episode 81, Step 15/100 ---
2026-09-19 03:12:05,549 - INFO - --- Episode 81, Step 16/100 ---
2026-09-19 03:12:27,045 - INFO - HTTP Request: POST http://127.0.0.1:22448/v1/chat/completions "HTTP/1.1 200 OK"
2026-09-19 03:12:27,980 - INFO - --- Episode 81, Step 17/100 ---
2026-09-19 03:12:28,934 - INFO - --- Episode 81, Step 18/100 ---
2026-09-19 03:12:29,959 - INFO - --- Episode 81, Step 19/100 ---
2026-09-19 03:12:31,374 - INFO - --- Episode 81, Step 20/100 ---
2026-09-19 03:12:32,372 - INFO - --- Episode 81, Step 21/100 ---
2026-09-19 03:12:34,521 - INFO - --- Episode 81, Step 22/100 ---
2026-09-19 03:13:02,143 - INFO - HTTP Request: POST http://127.0.0.1:22448/v1/chat/completions "HTTP/1.1 200 OK"
Switching pcds to floor level: 0
waypoints: 23
skipped waypoints: edge 1,  distance 11,  no_path 0,  occlusion 7
```json
{
"movement": "I am currently facing the glass doors/windows (West). The kitchen island is to my left (South) and the hallway with the arched doorway is to my right (North). To follow the instruction 'Turn right, walk straight through the arched door way', I need to orient myself towards the hallway.",
"observation": {
    "front view": "I am facing a set of glass doors/windows looking outside.",
    "left view": "I see the kitchen island and a glimpse of the hallway in the distance.",
    "right view": "I see the hallway with an arched doorway at the end, and the kitchen island on the right side of the view (which corresponds to the East side of the room if facing North).",
    "map": "The map shows my starting position near the kitchen island. The hallway is to the North (up). Waypoint 2 is to the North-West, and Waypoint 4 is to the North-East."
},
"thought": "My current orientation is facing West (towards the windows), as evidenced by the Front View showing windows and the Right View showing the hallway (which is North of me). The instruction 'Turn right' implies I should turn towards the North to face the hallway. Walking straight through the arched doorway means proceeding down this hallway. On the map, the hallway is to the North. Waypoint 2 is located to the North-West, which aligns with the left side of the hallway (near the window wall). Therefore, moving towards Waypoint 2 is the correct strategic step.",
"stuck": false,
"plan": "Turn right to face the hallway and move forward towards the arched doorway. I will aim for Waypoint 2 which is in the North-West direction, keeping the window wall on my left as I enter the hallway.",
"curr_step": "I need to move towards the hallway entrance. Waypoint 2 is the closest waypoint in the correct direction (North-West).",
"action": 2
}
```
Calculated floor height difference: 3.47m
Action: turn
Action: move_forward
Action: null
Action: turn
waypoints: 23
skipped waypoints: edge 6,  distance 10,  no_path 3,  occlusion 2


```json
{
"movement": "I am currently facing a corner with glass windows on my right and a wall on my left. To my left, I see a kitchen island and a hallway with arched doorways (Left View). To my right, I see a dining area and another arched doorway further down (Right View). The instruction 'Turn right, walk straight through the arched door way' suggests I should head towards the archway seen in my Right View.",
"observation": {
    "front view": "I am facing a corner with a glass window frame on the right and a wall on the left.",
    "left view": "I see a kitchen island on the left and a hallway extending forward with arched doorways.",
    "right view": "I see a dining area with a table and an arched doorway further down the hall to the right.",
    "map": "My current position is near the start point. Waypoint 3 is located to the East (right), which aligns with the direction of the archway seen in the Right View."
},
"thought": "The instruction tells me to 'Turn right, walk straight through the arched door way'. My Right View shows a clear path towards an arched doorway past a dining area. This corresponds to the direction of Waypoint 3 on the map (East). Therefore, I should move towards Waypoint 3 to align with and enter that hallway.",
"stuck": false,
"plan": "Move towards Waypoint 3, which is located to the East, towards the dining area and the arched doorway seen in the Right View.",
"curr_step": "I need to head towards the archway on the right. Waypoint 3 is the strategic point in that direction.",
"action": 3
}
```
Action: stop
waypoints: 23
skipped waypoints: edge 6,  distance 10,  no_path 3,  occlusion 2
```json
{
"movement": "I am currently facing a glass window frame. To my left is a kitchen island and a hallway with arched doorways. To my right is a dining area. Based on the instruction 'Turn right, walk straight through the arched door way', and assuming I need to face North (which is to my right if I'm facing West towards the windows), the hallway with the arches is the correct path.",
"observation": {
    "front view": "I see a glass window frame directly in front. To the left of it, there is a hallway leading away with arched doorways visible in the distance (Left View).",
    "left view": "I see a kitchen island and a long hallway extending forward with multiple arched doorways.",
    "right view": "I see a dining area through an archway.",
    "map": "My current position is near the start. Waypoint 1 is located further down the hallway to the North-West, which aligns with the direction of the arched doorways seen in the Left View."
},
"thought": "The instruction 'Turn right' likely refers to orienting myself towards the hallway which is to the North (relative to the room layout where windows are West). The hallway contains the arched doorways mentioned. Waypoint 1 is located down this hallway, past the initial section. I need to move towards it to walk through the archway.",
"stuck": false,
"plan": "Move towards Waypoint 1, which is located down the hallway with the arched doorways seen in the Left View.",
"curr_step": "I need to enter the hallway and head towards the first arched doorway. Waypoint 1 is the appropriate target.",
"action": 1
}
```
Action: turn
Action: move_forward
Action: turn
Action: move_forward
Action: move_forward
Action: move_forward
Action: turn
Action: move_forward
Action: null
Action: turn
waypoints: 35
skipped waypoints: edge 1,  distance 29,  no_path 0,  occlusion 0
```json
{
"movement": "I have moved forward through the hallway and am now approaching a junction. To my left is a narrow passage/stairwell, and to my right is a large open living area accessible through a wide archway.",
"observation": {
    "front view": "I see a wall with a painting and two large pots. To the left of the wall is a narrow passage/staircase. To the right is a large arched doorway leading into a spacious room.",
    "left view": "I see the kitchen area and a hallway leading further back.",
    "right view": "I see the large living/dining area through the archway.",
    "map": "My current position is near the center of the junction. Waypoint 1 is located in the direction of the large arched doorway to the right."
},
"thought": "The instruction is to 'Turn right, walk straight through the arched door way'. The large archway is clearly visible to my right/front-right. I need to head towards it. Waypoint 1 is positioned perfectly to guide me into that room.",
"stuck": false,
"plan": "Move towards the large arched doorway leading into the living area. I will aim for Waypoint 1 to enter this space.",
"curr_step": "I need to head towards the archway on the right. Waypoint 1 is the correct target.",
"action": 1
}
```
Action: turn
Action: move_forward
Action: move_forward
Action: turn
Action: move_forward
Action: null
waypoints: 28
skipped waypoints: edge 2,  distance 21,  no_path 0,  occlusion 0
2026-09-19 03:13:03,224 - INFO - --- Episode 81, Step 23/100 ---
2026-09-19 03:13:05,336 - INFO - --- Episode 81, Step 24/100 ---
2026-09-19 03:13:07,321 - INFO - --- Episode 81, Step 25/100 ---
2026-09-19 03:13:08,816 - INFO - --- Episode 81, Step 26/100 ---
2026-09-19 03:13:10,577 - INFO - --- Episode 81, Step 27/100 ---
2026-09-19 03:13:12,691 - INFO - --- Episode 81, Step 28/100 ---
2026-09-19 03:13:13,625 - INFO - --- Episode 81, Step 29/100 ---
2026-09-19 03:13:16,531 - INFO - --- Episode 81, Step 30/100 ---
2026-09-19 03:13:52,768 - INFO - HTTP Request: POST http://127.0.0.1:22448/v1/chat/completions "HTTP/1.1 200 OK"
2026-09-19 03:14:09,493 - INFO - HTTP Request: POST http://127.0.0.1:22448/v1/chat/completions "HTTP/1.1 200 OK"
2026-09-19 03:14:11,350 - INFO - HTTP Request: POST http://127.0.0.1:22448/v1/chat/completions "HTTP/1.1 400 Bad Request"
 64%|██████▍   | 32/50 [7:00:55<3:31:01, 703.41s/it]Renderer: NVIDIA GeForce RTX 4090/PCIe/SSE2 by NVIDIA Corporation
OpenGL version: 4.6.0 NVIDIA 590.48.01
Using optional features:
    GL_ARB_vertex_array_object
    GL_ARB_separate_shader_objects
    GL_ARB_robustness
    GL_ARB_texture_storage
    GL_ARB_texture_view
    GL_ARB_framebuffer_no_attachments
    GL_ARB_invalidate_subdata
    GL_ARB_texture_storage_multisample
    GL_ARB_multi_bind
    GL_ARB_direct_state_access
    GL_ARB_get_texture_sub_image
    GL_ARB_texture_filter_anisotropic
    GL_KHR_debug
    GL_KHR_parallel_shader_compile
    GL_NV_depth_buffer_float
Using driver workarounds:
    no-forward-compatible-core-context
    nv-egl-incorrect-gl11-function-pointers
    no-layout-qualifiers-on-old-glsl
    nv-zero-context-profile-mask
    nv-implementation-color-read-format-dsa-broken
    nv-cubemap-inconsistent-compressed-image-size
    nv-cubemap-broken-full-compressed-image-query
    nv-compressed-block-size-in-bits
[03:14:14:645610]:[Warning]:[Metadata] SceneDatasetAttributes.cpp(107)::addNewSceneInstanceToDataset : Dataset : 'default' : Lighting Layout Attributes 'no_lights' specified in Scene Attributes but does not exist in dataset, so creating default.
2026-09-19 03:14:26,717 - INFO - Simulator initialized!
2026-09-19 03:15:02,417 - INFO - HTTP Request: POST http://127.0.0.1:22448/v1/chat/completions "HTTP/1.1 200 OK"
2026-09-19 03:15:03,084 - INFO - --- Episode 82, Step 1/100 ---
2026-09-19 03:18:29,207 - INFO - HTTP Request: POST http://127.0.0.1:22448/v1/chat/completions "HTTP/1.1 200 OK"
2026-09-19 03:18:58,184 - INFO - HTTP Request: POST http://127.0.0.1:22448/v1/chat/completions "HTTP/1.1 200 OK"
2026-09-19 03:18:58,763 - INFO - --- Episode 82, Step 2/100 ---
2026-09-19 03:18:59,305 - INFO - --- Episode 82, Step 3/100 ---
2026-09-19 03:18:59,854 - INFO - --- Episode 82, Step 4/100 ---
2026-09-19 03:19:00,702 - INFO - --- Episode 82, Step 5/100 ---
2026-09-19 03:19:01,255 - INFO - --- Episode 82, Step 6/100 ---
2026-09-19 03:19:13,464 - INFO - HTTP Request: POST http://127.0.0.1:22448/v1/chat/completions "HTTP/1.1 200 OK"
2026-09-19 03:19:14,192 - INFO - --- Episode 82, Step 7/100 ---
2026-09-19 03:19:14,749 - INFO - --- Episode 82, Step 8/100 ---
2026-09-19 03:19:15,364 - INFO - --- Episode 82, Step 9/100 ---
2026-09-19 03:19:16,158 - INFO - --- Episode 82, Step 10/100 ---
2026-09-19 03:19:16,722 - INFO - --- Episode 82, Step 11/100 ---
2026-09-19 03:19:17,517 - INFO - --- Episode 82, Step 12/100 ---
2026-09-19 03:19:18,390 - INFO - --- Episode 82, Step 13/100 ---
2026-09-19 03:19:19,071 - INFO - --- Episode 82, Step 14/100 ---
2026-09-19 03:19:36,251 - INFO - HTTP Request: POST http://127.0.0.1:22448/v1/chat/completions "HTTP/1.1 200 OK"
```json
{
"movement": "I have moved forward and slightly adjusted my orientation. I am now facing a wall with a painting and two large pots. To the right of this wall is a large arched doorway leading into a spacious living area.",
"observation": {
    "front view": "I see a wall with a framed painting and two large decorative pots at its base. To the right of the wall is an open archway leading into a large room with furniture.",
    "left view": "I see a staircase going down with a brick wall on the side.",
    "right view": "I see glass doors/windows and the continuation of the living area.",
    "map": "My current position is near the junction. Waypoint 1 is located in the large room to the right, accessible through the archway."
},
"thought": "The instruction is to 'walk straight through the arched door way'. The archway is clearly visible to the right of the wall with the painting. Waypoint 1 is positioned in that direction, inside the room beyond the archway. Moving towards it will fulfill the current subtask.",
"stuck": false,
"plan": "Move towards the arched doorway and into the living area. I will aim for Waypoint 1 which is located in that room.",
"curr_step": "I need to head towards the opening on the right. Waypoint 1 is the correct target to enter the room.",
"action": 1
}
```
Action: turn
Action: move_forward
Action: turn
Action: move_forward
Action: turn
Action: move_forward
Action: null
Action: turn
waypoints: 48
skipped waypoints: edge 2,  distance 33,  no_path 0,  occlusion 3


Action: stop
['Walk past kitchen. Walk past thermostat.', 'Walk into bedroom. Wait on rug.']
Initialized data for new floor level: 0
Switching pcds to floor level: 0
Initialized data for new floor level: 0
Switching pcds to floor level: 0
Initialized data for new floor level: 0
Switching pcds to floor level: 0
waypoints: 23
skipped waypoints: edge 1,  distance 11,  no_path 0,  occlusion 7

```json
{
"movement": "I am currently standing facing a set of glass doors/windows. To my left is a large kitchen island, and to my right is another section of the kitchen counter/island. The path forward through the house appears to be towards the archway visible in the right view.",
"observation": {
    "front view": "A large glass door or window looking out onto greenery. Waypoints 1, 2, 4 are on the floor to the left/center, and waypoint 3 is to the right.",
    "left view": "Shows a long kitchen island with stools on the left and a hallway extending forward-right towards an archway.",
    "right view": "Shows the other side of the kitchen counter/island on the right and a clear path leading straight ahead towards an archway. A thermostat-like device might be visible on the wall near the archway.",
    "map": "The map shows my current position at 'START'. Waypoint 3 is to the right, which aligns with the direction of the hallway/archway seen in the right view."
},
"thought": "The instruction is to walk past the kitchen and then past a thermostat. I am currently positioned between sections of the kitchen. The path leading out of this area towards the next subtask (bedroom) is clearly visible in the right view, leading towards an archway. Moving towards waypoint 3 will take me in that direction, effectively walking past the kitchen island on my right and towards the hallway where I expect to find the thermostat.",
"stuck": false,
"plan": "Move towards the hallway/archway seen in the right view by heading towards waypoint 3. This will allow me to walk past the kitchen and proceed down the corridor to find the thermostat.",
"curr_step": "I need to move towards the right side of the room to align with the hallway path. Waypoint 3 is the correct target for this movement.",
"action": 3
}
```
Calculated floor height difference: 3.47m
Action: turn
Action: move_forward
Action: move_forward
Action: null
Action: turn
waypoints: 13
skipped waypoints: edge 3,  distance 3,  no_path 0,  occlusion 4
```json
{
"movement": "I have moved forward along the hallway with glass doors on my left. I am now positioned near the end of the kitchen/dining area.",
"observation": {
    "front view": "The hallway continues straight ahead. There are waypoints 1, 2, and 3 on the floor. To the right is a wall with a console table further down.",
    "left view": "Large glass doors/windows looking outside. Kitchen chairs are visible further back.",
    "right view": "A wall with a painting and a console table. Further right is an opening into another room (possibly the bedroom area).",
    "map": "I am moving along the path indicated by waypoints 1, 2, and 3. The kitchen area is to my left."
},
"thought": "I am currently walking past the kitchen area as instructed. The next part of the instruction is to walk past the thermostat. I need to continue down this hallway to find it. Waypoint 1 is the immediate next step along this path.",
"stuck": false,
"plan": "Move forward towards waypoint 1 to continue down the hallway. Look for the thermostat on the wall to my right as I pass the kitchen area. Then proceed towards the bedroom.",
"curr_step": "I need to move forward to progress down the hallway. Waypoint 1 is the closest valid step in that direction.",
"action": 1
}
```
Action: turn
Action: move_forward
Action: turn
--- Height change stabilized. Height diff: -0.06, On platform: True, Metrics: {'inlier_count': 993, 'local_count': 27876, 'support_ratio': 0.035622040463638184, 'vertical_score': 1.0, 'plane_height_mean': -1.2374436855316162, 'agent_z': -1.2613017976284027, 'vertical_diff': 0.023858112096786455, 'area_xy': 0.43199999999999994, 'radius_est': 0.370823233942262, 'z_std': 0.0429944172501564, 'occupied_cells': 30, 'bottom_height_tolerance': 0.1}
--- No significant floor change. Height diff: -0.06, On platform: True, Metrics: {'inlier_count': 993, 'local_count': 27876, 'support_ratio': 0.035622040463638184, 'vertical_score': 1.0, 'plane_height_mean': -1.2374436855316162, 'agent_z': -1.2613017976284027, 'vertical_diff': 0.023858112096786455, 'area_xy': 0.43199999999999994, 'radius_est': 0.370823233942262, 'z_std': 0.0429944172501564, 'occupied_cells': 30, 'bottom_height_tolerance': 0.1}
Updated floor height: -1.06, ceiling height: 0.74
Action: move_forward
Action: turn
--- Height change stabilized. Height diff: -0.17, On platform: True, Metrics: {'inlier_count': 11427, 'local_count': 28075, 'support_ratio': 0.40701691895255504, 'vertical_score': 1.0, 'plane_height_mean': -1.4019320011138916, 'agent_z': -1.3703549921512603, 'vertical_diff': 0.03157700896263127, 'area_xy': 6.2928, 'radius_est': 1.415295181853368, 'z_std': 0.012245932593941689, 'occupied_cells': 437, 'bottom_height_tolerance': 0.1}
--- No significant floor change. Height diff: -0.17, On platform: True, Metrics: {'inlier_count': 11427, 'local_count': 28075, 'support_ratio': 0.40701691895255504, 'vertical_score': 1.0, 'plane_height_mean': -1.4019320011138916, 'agent_z': -1.3703549921512603, 'vertical_diff': 0.03157700896263127, 'area_xy': 6.2928, 'radius_est': 1.415295181853368, 'z_std': 0.012245932593941689, 'occupied_cells': 437, 'bottom_height_tolerance': 0.1}
Updated floor height: -1.17, ceiling height: 0.63
Action: move_forward
Action: null
Action: turn
waypoints: 18
skipped waypoints: edge 1,  distance 9,  no_path 0,  occlusion 3
2026-09-19 03:19:37,399 - INFO - --- Episode 82, Step 15/100 ---
2026-09-19 03:19:38,086 - INFO - --- Episode 82, Step 16/100 ---
2026-09-19 03:19:38,993 - INFO - --- Episode 82, Step 17/100 ---
2026-09-19 03:19:40,222 - INFO - --- Episode 82, Step 18/100 ---
2026-09-19 03:19:41,347 - INFO - --- Episode 82, Step 19/100 ---
2026-09-19 03:19:43,248 - INFO - --- Episode 82, Step 20/100 ---
2026-09-19 03:19:45,492 - INFO - --- Episode 82, Step 21/100 ---
2026-09-19 03:19:47,211 - INFO - --- Episode 82, Step 22/100 ---
2026-09-19 03:20:13,675 - INFO - HTTP Request: POST http://127.0.0.1:22448/v1/chat/completions "HTTP/1.1 200 OK"
2026-09-19 03:20:16,217 - INFO - --- Episode 82, Step 23/100 ---
2026-09-19 03:20:18,282 - INFO - --- Episode 82, Step 24/100 ---
2026-09-19 03:20:20,448 - INFO - --- Episode 82, Step 25/100 ---
2026-09-19 03:20:21,156 - INFO - --- Episode 82, Step 26/100 ---
2026-09-19 03:20:22,771 - INFO - --- Episode 82, Step 27/100 ---
2026-09-19 03:20:24,098 - INFO - --- Episode 82, Step 28/100 ---
2026-09-19 03:20:25,418 - INFO - --- Episode 82, Step 29/100 ---
2026-09-19 03:21:56,880 - INFO - HTTP Request: POST http://127.0.0.1:22448/v1/chat/completions "HTTP/1.1 200 OK"
2026-09-19 03:22:54,433 - INFO - HTTP Request: POST http://127.0.0.1:22448/v1/chat/completions "HTTP/1.1 200 OK"
2026-09-19 03:23:30,308 - INFO - HTTP Request: POST http://127.0.0.1:22448/v1/chat/completions "HTTP/1.1 200 OK"
2026-09-19 03:23:31,451 - INFO - --- Episode 82, Step 30/100 ---
2026-09-19 03:23:58,944 - INFO - HTTP Request: POST http://127.0.0.1:22448/v1/chat/completions "HTTP/1.1 200 OK"
2026-09-19 03:24:00,408 - INFO - --- Episode 82, Step 31/100 ---
2026-09-19 03:24:02,116 - INFO - --- Episode 82, Step 32/100 ---
2026-09-19 03:24:03,666 - INFO - --- Episode 82, Step 33/100 ---
2026-09-19 03:24:30,795 - INFO - HTTP Request: POST http://127.0.0.1:22448/v1/chat/completions "HTTP/1.1 200 OK"
2026-09-19 03:24:32,779 - INFO - --- Episode 82, Step 34/100 ---
2026-09-19 03:24:34,087 - INFO - --- Episode 82, Step 35/100 ---
2026-09-19 03:24:58,749 - INFO - HTTP Request: POST http://127.0.0.1:22448/v1/chat/completions "HTTP/1.1 200 OK"
```json
{
"movement": "I have moved past the console table and am now positioned in the open area between the dining space and the hallway. I am facing towards the dining table but need to head towards the hallway on the right.",
"observation": {
    "front view": "A dining table with chairs is directly ahead. To the right is an archway leading to a hallway. A large cabinet is visible in the dining area.",
    "left view": "Glass doors/windows and the side of the console table I just passed.",
    "right view": "A wall with a painting and an archway leading into a hallway. There appears to be a thermostat or control panel on the wall near the archway.",
    "map": "I am near the 'workbench' (console table). Waypoints 1, 2, 3 are ahead towards the dining area/hallway junction."
},
"thought": "I have walked past the kitchen/dining transition. I see a potential thermostat on the wall to the right near the archway. My next goal is to walk past it and enter the bedroom. The hallway to the right seems to be the correct path. I need to move towards that hallway.",
"stuck": false,
"plan": "Move forward and slightly right towards the archway/hallway area to pass the thermostat on the wall and proceed towards the bedroom.",
"curr_step": "I need to move into the open space towards the hallway. Waypoint 3 is positioned towards the archway/hallway entrance.",
"action": 3
}
```
Action: turn
Action: move_forward
Action: turn
Action: move_forward
Action: turn
--- Height change stabilized. Height diff: -0.10, On platform: True, Metrics: {'inlier_count': 939, 'local_count': 30033, 'support_ratio': 0.03126560783034443, 'vertical_score': 1.0, 'plane_height_mean': -1.2779333591461182, 'agent_z': -1.3038544103503227, 'vertical_diff': 0.025921051204204515, 'area_xy': 0.4608, 'radius_est': 0.38298458918537537, 'z_std': 0.04328402876853943, 'occupied_cells': 32, 'bottom_height_tolerance': 0.1}
--- No significant floor change. Height diff: -0.10, On platform: True, Metrics: {'inlier_count': 939, 'local_count': 30033, 'support_ratio': 0.03126560783034443, 'vertical_score': 1.0, 'plane_height_mean': -1.2779333591461182, 'agent_z': -1.3038544103503227, 'vertical_diff': 0.025921051204204515, 'area_xy': 0.4608, 'radius_est': 0.38298458918537537, 'z_std': 0.04328402876853943, 'occupied_cells': 32, 'bottom_height_tolerance': 0.1}
Updated floor height: -1.10, ceiling height: 0.70
Action: move_forward
Action: null
Action: turn
waypoints: 25
skipped waypoints: edge 2,  distance 10,  no_path 0,  occlusion 4
```json
{
"movement": "I have moved past the dining table and am now positioned near the corner of the wall separating the dining area from the hallway/living area. I am facing somewhat towards the dining table but need to head towards the hallway on the right.",
"observation": {
    "front view": "I see the dining table with chairs in front of me. To the right is a wall with a painting and an archway leading to a hallway. Waypoints 1, 2, 3, 4 are on the floor to the right.",
    "left view": "A console table with flowers is visible against the wall.",
    "right view": "An archway leads into a hallway with stone walls. This looks like the path to the bedroom.",
    "map": "I am near the dining area (carpet/chair). The path forward leads towards the right side of the map where the sofa and hallway are."
},
"thought": "I have walked past the kitchen/dining area. I need to find the thermostat and then enter the bedroom. The hallway visible in the right view seems to be the correct path. I need to move towards that hallway entrance. Waypoint 3 is located near the corner of the wall, which will position me to enter the hallway.",
"stuck": false,
"plan": "Move towards waypoint 3 to approach the hallway entrance on the right. This should lead me past the thermostat (likely on the wall near the archway) and into the bedroom area.",
"curr_step": "I need to move forward and slightly right to align with the hallway entrance. Waypoint 3 is the closest valid step in that direction.",
"action": 3
}
```
Action: turn
--- Height change stabilized. Height diff: 0.00, On platform: True, Metrics: {'inlier_count': 946, 'local_count': 29543, 'support_ratio': 0.03202112175364651, 'vertical_score': 1.0, 'plane_height_mean': -1.180138349533081, 'agent_z': -1.2, 'vertical_diff': 0.0198616504669189, 'area_xy': 0.5327999999999999, 'radius_est': 0.41181975105466184, 'z_std': 0.04385041072964668, 'occupied_cells': 37, 'bottom_height_tolerance': 0.1}
--- No significant floor change. Height diff: 0.00, On platform: True, Metrics: {'inlier_count': 946, 'local_count': 29543, 'support_ratio': 0.03202112175364651, 'vertical_score': 1.0, 'plane_height_mean': -1.180138349533081, 'agent_z': -1.2, 'vertical_diff': 0.0198616504669189, 'area_xy': 0.5327999999999999, 'radius_est': 0.41181975105466184, 'z_std': 0.04385041072964668, 'occupied_cells': 37, 'bottom_height_tolerance': 0.1}
Updated floor height: -1.00, ceiling height: 0.80
Action: move_forward
Action: turn
Action: move_forward
Action: turn
Action: move_forward
Action: null
waypoints: 20
skipped waypoints: edge 2,  distance 4,  no_path 1,  occlusion 5



Action: stop
waypoints: 20
skipped waypoints: edge 2,  distance 4,  no_path 1,  occlusion 5
```json
{
"movement": "I have moved past the dining table and am now positioned near the large cabinet. I am facing the corner between the dining area and the hallway/living area.",
"observation": {
    "front view": "A large wooden cabinet is directly ahead/slightly left. To the right is an archway leading to a hallway with stone walls. Waypoints 1, 2, 3 are near the cabinet and hallway entrance.",
    "left view": "The dining table and chairs are visible.",
    "right view": "An archway leads into a hallway. There is a small table with a plant on it near the archway, which is a likely spot for a thermostat.",
    "map": "I am near the 'desk' (dining table) area. Waypoint 2 is positioned towards the hallway entrance."
},
"thought": "I have walked past the kitchen/dining area. The next part of the instruction is to walk past the thermostat. Based on the Right View, there is an archway leading to a hallway where a thermostat is likely located on the wall near the entrance. I need to move towards that area.",
"stuck": false,
"plan": "Move towards waypoint 2 to approach the hallway entrance and the wall where the thermostat is likely located. This will allow me to walk past it and then proceed to the bedroom.",
"curr_step": "I need to move forward and slightly right to align with the path towards the archway/hallway. Waypoint 2 is the closest valid step in that direction.",
"action": 2
}
```
Action: turn
Action: move_forward
Action: null
waypoints: 14
skipped waypoints: edge 1,  distance 1,  no_path 0,  occlusion 6
```json
{
"movement": "I have moved forward along the side of the dining table and am now positioned between the table and a large wooden cabinet. I am facing towards an archway/hallway entrance.",
"observation": {
    "front view": "A narrow path between the dining table (left) and a large wooden cabinet (right). Waypoints 1, 2, 3 are on the floor ahead leading towards an archway.",
    "left view": "The dining table with chairs is visible.",
    "right view": "The side of the large wooden cabinet and an opening to another area further right.",
    "map": "I am near the 'desk' (dining table). Waypoint 1 is directly ahead in the path towards the hallway."
},
"thought": "I have walked past the kitchen/dining area. The next part of the instruction is to walk past the thermostat. The path forward leads towards an archway where a thermostat is likely located on the wall. I need to continue moving forward along this path.",
"stuck": false,
"plan": "Move forward towards waypoint 1 to approach the hallway entrance and the wall where the thermostat is likely located. This will allow me to walk past it and then proceed to the bedroom.",
"curr_step": "I need to move forward to progress down the path towards the archway. Waypoint 1 is the closest valid step in that direction.",
"action": 1
}
```
Action: move_forward
Action: null
waypoints: 8
skipped waypoints: edge 1,  distance 1,  no_path 0,  occlusion 2
2026-09-19 03:25:00,609 - INFO - --- Episode 82, Step 36/100 ---
2026-09-19 03:25:02,044 - INFO - --- Episode 82, Step 37/100 ---
2026-09-19 03:25:03,454 - INFO - --- Episode 82, Step 38/100 ---
2026-09-19 03:25:04,510 - INFO - --- Episode 82, Step 39/100 ---
2026-09-19 03:25:05,869 - INFO - --- Episode 82, Step 40/100 ---
2026-09-19 03:25:07,308 - INFO - --- Episode 82, Step 41/100 ---
2026-09-19 03:25:08,105 - INFO - --- Episode 82, Step 42/100 ---
2026-09-19 03:25:16,458 - INFO - HTTP Request: POST http://127.0.0.1:22448/v1/chat/completions "HTTP/1.1 400 Bad Request"
2026-09-19 03:25:18,011 - INFO - HTTP Request: POST http://127.0.0.1:22448/v1/chat/completions "HTTP/1.1 400 Bad Request"
2026-09-19 03:25:19,559 - INFO - HTTP Request: POST http://127.0.0.1:22448/v1/chat/completions "HTTP/1.1 400 Bad Request"
 66%|██████▌   | 33/50 [7:12:05<3:16:24, 693.23s/it]Renderer: NVIDIA GeForce RTX 4090/PCIe/SSE2 by NVIDIA Corporation
OpenGL version: 4.6.0 NVIDIA 590.48.01
Using optional features:
    GL_ARB_vertex_array_object
    GL_ARB_separate_shader_objects
    GL_ARB_robustness
    GL_ARB_texture_storage
    GL_ARB_texture_view
    GL_ARB_framebuffer_no_attachments
    GL_ARB_invalidate_subdata
    GL_ARB_texture_storage_multisample
    GL_ARB_multi_bind
    GL_ARB_direct_state_access
    GL_ARB_get_texture_sub_image
    GL_ARB_texture_filter_anisotropic
    GL_KHR_debug
    GL_KHR_parallel_shader_compile
    GL_NV_depth_buffer_float
Using driver workarounds:
    no-forward-compatible-core-context
    nv-egl-incorrect-gl11-function-pointers
    no-layout-qualifiers-on-old-glsl
    nv-zero-context-profile-mask
    nv-implementation-color-read-format-dsa-broken
    nv-cubemap-inconsistent-compressed-image-size
    nv-cubemap-broken-full-compressed-image-query
    nv-compressed-block-size-in-bits
[03:25:24:098365]:[Warning]:[Metadata] SceneDatasetAttributes.cpp(107)::addNewSceneInstanceToDataset : Dataset : 'default' : Lighting Layout Attributes 'no_lights' specified in Scene Attributes but does not exist in dataset, so creating default.
2026-09-19 03:25:36,910 - INFO - Simulator initialized!
2026-09-19 03:26:03,206 - INFO - HTTP Request: POST http://127.0.0.1:22448/v1/chat/completions "HTTP/1.1 200 OK"
2026-09-19 03:26:03,925 - INFO - --- Episode 83, Step 1/100 ---
2026-09-19 03:29:32,606 - INFO - HTTP Request: POST http://127.0.0.1:22448/v1/chat/completions "HTTP/1.1 200 OK"
2026-09-19 03:32:39,790 - INFO - HTTP Request: POST http://127.0.0.1:22448/v1/chat/completions "HTTP/1.1 200 OK"
2026-09-19 03:34:11,064 - INFO - HTTP Request: POST http://127.0.0.1:22448/v1/chat/completions "HTTP/1.1 200 OK"
2026-09-19 03:34:11,736 - INFO - --- Episode 83, Step 2/100 ---
2026-09-19 03:34:12,458 - INFO - --- Episode 83, Step 3/100 ---
2026-09-19 03:34:13,111 - INFO - --- Episode 83, Step 4/100 ---
2026-09-19 03:34:14,046 - INFO - --- Episode 83, Step 5/100 ---
2026-09-19 03:34:14,636 - INFO - --- Episode 83, Step 6/100 ---
2026-09-19 03:34:28,527 - INFO - HTTP Request: POST http://127.0.0.1:22448/v1/chat/completions "HTTP/1.1 200 OK"
2026-09-19 03:34:29,306 - INFO - --- Episode 83, Step 7/100 ---
2026-09-19 03:34:29,996 - INFO - --- Episode 83, Step 8/100 ---
2026-09-19 03:34:30,714 - INFO - --- Episode 83, Step 9/100 ---
2026-09-19 03:34:31,654 - INFO - --- Episode 83, Step 10/100 ---
2026-09-19 03:34:32,499 - INFO - --- Episode 83, Step 11/100 ---
2026-09-19 03:34:33,314 - INFO - --- Episode 83, Step 12/100 ---
2026-09-19 03:34:34,104 - INFO - --- Episode 83, Step 13/100 ---
2026-09-19 03:34:34,945 - INFO - --- Episode 83, Step 14/100 ---
2026-09-19 03:34:35,908 - INFO - --- Episode 83, Step 15/100 ---
2026-09-19 03:34:36,707 - INFO - --- Episode 83, Step 16/100 ---
2026-09-19 03:34:37,558 - INFO - --- Episode 83, Step 17/100 ---
2026-09-19 03:35:05,460 - INFO - HTTP Request: POST http://127.0.0.1:22448/v1/chat/completions "HTTP/1.1 200 OK"
```json
{
"movement": "I have moved forward along the side of the dining table and am now positioned between the table and a large wooden cabinet. I am facing towards an archway/hallway entrance.",
"observation": {
    "front view": "A narrow path between the dining table (left) and a large wooden cabinet (right). Waypoints 1, 2, 3 are on the floor ahead leading towards an archway.",
    "left view": "The dining table with chairs is visible.",
    "right view": "The side of the large wooden cabinet and an opening to another area further right.",
    "map": "I am near the 'desk' (dining table). Waypoint 1 is directly ahead in the path towards the hallway."
},
"thought": "I have walked past the kitchen/dining area. The next part of the instruction is to walk past the thermostat. The path forward leads towards an archway where a thermostat is likely located on the wall. I need to continue moving forward along this path.",
"stuck": false,
"plan": "Move forward towards waypoint 1 to approach the hallway entrance and the wall where the thermostat is likely located. This will allow me to walk past it and then proceed to the bedroom.",
"curr_step": "I need to move forward to progress down the path towards the archway. Waypoint 1 is the closest valid step in that direction.",
"action": 1
}
```
Action: turn
Action: move_forward
Action: turn
Action: move_forward
Action: move_forward
Action: null
Action: turn
waypoints: 5
skipped waypoints: edge 2,  distance 0,  no_path 2,  occlusion 1
Action: stop
['Walk along the kitchen counter passed the bar stools.', 'Continue forward through the arched entry way ahead near the stairs.', 'Walk into the bedroom with an armchair near the window.']
Initialized data for new floor level: 0
Switching pcds to floor level: 0
Initialized data for new floor level: 0
Switching pcds to floor level: 0
Initialized data for new floor level: 0
Switching pcds to floor level: 0
waypoints: 23
skipped waypoints: edge 1,  distance 11,  no_path 0,  occlusion 7


```json
{
"movement": "I am currently facing a wall of glass doors/windows. To my left, there is a long kitchen counter with bar stools and a path leading towards arched entryways. My current orientation is perpendicular to the direction I need to travel for the first subtask.",
"observation": {
    "front view": "A wall of large glass windows/doors looking out onto greenery.",
    "left view": "A long wooden kitchen counter with bar stools tucked underneath, and a tiled floor path leading straight ahead towards arched doorways in the distance.",
    "right view": "The end of the kitchen counter/island and more glass doors/windows.",
    "map": "The map shows my starting position (blue triangle) near the center. The kitchen counter is the dark shape to the left. Waypoints 1, 2, 4, and 3 are arranged in an arc ahead. Waypoint 1 is on the far left, closest to the counter area."
},
"thought": "The current task P1 is to 'Walk along the kitchen counter passed the bar stools.' Based on the Left View, the kitchen counter and the path alongside it are to my left. I need to orient myself towards this path. Waypoint 1 is located on the left side of the map, near the counter, which aligns with the direction of the kitchen counter. Moving towards waypoint 1 will bring me alongside the counter and bar stools, allowing me to proceed along them as instructed.",
"stuck": false,
"plan": "Move towards waypoint 1, which is situated on the left side near the kitchen counter. This will align my path with the counter so I can walk along it past the bar stools.",
"curr_step": "Subtask P1 is not yet completed. I need to reach the area alongside the counter. Waypoint 1 is the closest strategic point in that direction.",
"action": 1
}
```
Calculated floor height difference: 3.47m
[StairDetect] normals=0.0039s, cpu=0.0002s, cluster=0.0487s, loop=0.0597s, total=0.1261s
Action: turn
[StairDetect] normals=0.0041s, cpu=0.0003s, cluster=0.0502s, loop=0.0495s, total=0.1196s
Action: move_forward
Action: move_forward
Action: null
[StairDetect] normals=0.0048s, cpu=0.0003s, cluster=0.0482s, loop=0.0265s, total=0.0957s
Action: turn
waypoints: 17
skipped waypoints: edge 7,  distance 5,  no_path 0,  occlusion 1
```json
{
"movement": "I have moved forward and turned slightly right, positioning myself near a black chair/stool. I am now facing a wall corner with the kitchen counter and bar stools visible to my left and right.",
"observation": {
    "front view": "A beige wall corner with a framed picture on the left wall further down. A black chair is directly in front/slightly left.",
    "left view": "The kitchen counter with bar stools is clearly visible on the left, extending forward into an arched hallway.",
    "right view": "Large glass doors/windows and the continuation of the kitchen island/bar area with more stools.",
    "map": "I am near the 'chair' label. Waypoint 1 is further down the path to the left, past the immediate obstacle."
},
"thought": "The instruction is to walk along the kitchen counter past the bar stools. The counter and stools are to my left. I need to proceed down that path. Waypoint 1 is located further along this path, past the chair I am currently near. Moving towards waypoint 1 will take me alongside the counter.",
"stuck": false,
"plan": "Move forward and slightly left towards waypoint 1 to continue walking along the kitchen counter and past the bar stools.",
"curr_step": "I am at the start of the path along the counter. I need to move further down this path to pass the stools. Waypoint 1 is the next logical step in that direction.",
"action": 1
}
```
Action: turn
[StairDetect] normals=0.0049s, cpu=0.0003s, cluster=0.0433s, loop=0.0361s, total=0.1006s
Action: move_forward
[StairDetect] normals=0.0052s, cpu=0.0003s, cluster=0.0434s, loop=0.0367s, total=0.1018s
Action: turn
Action: move_forward
[StairDetect] normals=0.0053s, cpu=0.0003s, cluster=0.0426s, loop=0.0356s, total=0.0999s
Action: move_forward
Action: move_forward
Action: move_forward
[StairDetect] normals=0.0055s, cpu=0.0004s, cluster=0.0574s, loop=0.0359s, total=0.1152s
Action: move_forward
[StairDetect] normals=0.0054s, cpu=0.0004s, cluster=0.0504s, loop=0.0355s, total=0.1079s
Action: move_forward
[StairDetect] normals=0.0054s, cpu=0.0003s, cluster=0.0608s, loop=0.0359s, total=0.1187s
Action: move_forward
detected agent stuck, last8 steps position changes: [0.0, 0.032719195, 0.00023841858, 0.00023841858, 0.00023841858, 0.00023841858, 0.00023841858, 0.00023841858]
Action: turn
detected agent stuck, last8 steps position changes: [0.032719195, 0.00023841858, 0.00023841858, 0.00023841858, 0.00023841858, 0.00023841858, 0.00023841858, 0.0]
waypoints: 14
skipped waypoints: edge 1,  distance 6,  no_path 0,  occlusion 3
2026-09-19 03:35:06,922 - INFO - --- Episode 83, Step 18/100 ---
2026-09-19 03:35:08,397 - INFO - --- Episode 83, Step 19/100 ---
2026-09-19 03:35:10,265 - INFO - --- Episode 83, Step 20/100 ---
2026-09-19 03:35:11,468 - INFO - --- Episode 83, Step 21/100 ---
2026-09-19 03:35:12,573 - INFO - --- Episode 83, Step 22/100 ---
2026-09-19 03:35:14,096 - INFO - --- Episode 83, Step 23/100 ---
2026-09-19 03:35:15,151 - INFO - --- Episode 83, Step 24/100 ---
2026-09-19 03:35:17,107 - INFO - --- Episode 83, Step 25/100 ---
2026-09-19 03:35:18,014 - INFO - --- Episode 83, Step 26/100 ---
2026-09-19 03:35:19,145 - INFO - --- Episode 83, Step 27/100 ---
2026-09-19 03:35:40,794 - INFO - HTTP Request: POST http://127.0.0.1:22448/v1/chat/completions "HTTP/1.1 200 OK"
2026-09-19 03:35:41,997 - INFO - --- Episode 83, Step 28/100 ---
2026-09-19 03:35:43,222 - INFO - --- Episode 83, Step 29/100 ---
2026-09-19 03:35:44,818 - INFO - --- Episode 83, Step 30/100 ---
2026-09-19 03:35:46,051 - INFO - --- Episode 83, Step 31/100 ---
2026-09-19 03:35:46,914 - INFO - --- Episode 83, Step 32/100 ---
2026-09-19 03:35:47,870 - INFO - --- Episode 83, Step 33/100 ---
2026-09-19 03:35:49,711 - INFO - --- Episode 83, Step 34/100 ---
2026-09-19 03:35:51,141 - INFO - --- Episode 83, Step 35/100 ---
2026-09-19 03:35:52,317 - INFO - --- Episode 83, Step 36/100 ---
2026-09-19 03:35:53,593 - INFO - --- Episode 83, Step 37/100 ---
2026-09-19 03:35:54,861 - INFO - --- Episode 83, Step 38/100 ---
2026-09-19 03:35:56,095 - INFO - --- Episode 83, Step 39/100 ---
2026-09-19 03:35:57,500 - INFO - --- Episode 83, Step 40/100 ---
2026-09-19 03:35:58,586 - INFO - --- Episode 83, Step 41/100 ---
2026-09-19 03:36:36,522 - INFO - HTTP Request: POST http://127.0.0.1:22448/v1/chat/completions "HTTP/1.1 200 OK"
2026-09-19 03:36:38,113 - INFO - HTTP Request: POST http://127.0.0.1:22448/v1/chat/completions "HTTP/1.1 400 Bad Request"
2026-09-19 03:36:39,721 - INFO - HTTP Request: POST http://127.0.0.1:22448/v1/chat/completions "HTTP/1.1 400 Bad Request"
2026-09-19 03:36:40,467 - INFO - --- Episode 83, Step 42/100 ---
2026-09-19 03:37:28,495 - INFO - HTTP Request: POST http://127.0.0.1:22448/v1/chat/completions "HTTP/1.1 200 OK"
2026-09-19 03:37:29,743 - INFO - --- Episode 83, Step 43/100 ---
2026-09-19 03:37:30,468 - INFO - --- Episode 83, Step 44/100 ---
2026-09-19 03:37:31,854 - INFO - --- Episode 83, Step 45/100 ---
2026-09-19 03:37:32,569 - INFO - --- Episode 83, Step 46/100 ---
2026-09-19 03:37:33,662 - INFO - --- Episode 83, Step 47/100 ---
2026-09-19 03:37:34,554 - INFO - --- Episode 83, Step 48/100 ---
2026-09-19 03:37:35,789 - INFO - --- Episode 83, Step 49/100 ---
2026-09-19 03:38:07,939 - INFO - HTTP Request: POST http://127.0.0.1:22448/v1/chat/completions "HTTP/1.1 200 OK"
2026-09-19 03:38:23,601 - INFO - HTTP Request: POST http://127.0.0.1:22448/v1/chat/completions "HTTP/1.1 200 OK"
2026-09-19 03:38:25,651 - INFO - HTTP Request: POST http://127.0.0.1:22448/v1/chat/completions "HTTP/1.1 400 Bad Request"
 68%|██████▊   | 34/50 [7:25:11<3:12:17, 721.11s/it]Renderer: NVIDIA GeForce RTX 4090/PCIe/SSE2 by NVIDIA Corporation
OpenGL version: 4.6.0 NVIDIA 590.48.01
Using optional features:
    GL_ARB_vertex_array_object
    GL_ARB_separate_shader_objects
    GL_ARB_robustness
    GL_ARB_texture_storage
    GL_ARB_texture_view
    GL_ARB_framebuffer_no_attachments
    GL_ARB_invalidate_subdata
    GL_ARB_texture_storage_multisample
    GL_ARB_multi_bind
    GL_ARB_direct_state_access
    GL_ARB_get_texture_sub_image
    GL_ARB_texture_filter_anisotropic
    GL_KHR_debug
    GL_KHR_parallel_shader_compile
    GL_NV_depth_buffer_float
Using driver workarounds:
    no-forward-compatible-core-context
    nv-egl-incorrect-gl11-function-pointers
    no-layout-qualifiers-on-old-glsl
    nv-zero-context-profile-mask
    nv-implementation-color-read-format-dsa-broken
    nv-cubemap-inconsistent-compressed-image-size
    nv-cubemap-broken-full-compressed-image-query
    nv-compressed-block-size-in-bits
[03:38:30:263312]:[Warning]:[Metadata] SceneDatasetAttributes.cpp(107)::addNewSceneInstanceToDataset : Dataset : 'default' : Lighting Layout Attributes 'no_lights' specified in Scene Attributes but does not exist in dataset, so creating default.
2026-09-19 03:38:35,855 - INFO - Simulator initialized!
2026-09-19 03:39:05,494 - INFO - HTTP Request: POST http://127.0.0.1:22448/v1/chat/completions "HTTP/1.1 200 OK"
```json
{
"movement": "I have moved forward and turned right, positioning myself near a black chair/stool facing a wall corner with a framed picture. I am currently stuck or blocked by the chair/wall configuration.",
"observation": {
    "front view": "A beige wall corner with a framed picture on the left wall further down. A black chair is directly in front/slightly left. Waypoint 3 is visible on the floor to the left, further down the path.",
    "left view": "The kitchen counter with bar stools is clearly visible on the left, extending forward into an arched hallway.",
    "right view": "A wall and glass doors/windows leading to another room.",
    "map": "I am near the 'chair' label. Waypoint 1 and 2 are near the wall corner ahead. Waypoint 3 is further down the path to the left, alongside the kitchen counter area."
},
"thought": "The instruction is to walk along the kitchen counter past the bar stools. I am currently facing a wall corner with a chair in front of me. The path along the counter is to my left (visible in the Left View and towards waypoint 3 in the Front View). To continue along the counter, I need to move towards the path indicated by waypoint 3.",
"stuck": true,
"plan": "Move towards waypoint 3, which is located down the path alongside the kitchen counter. This will allow me to walk past the current bar stool and continue along the counter as instructed.",
"curr_step": "I am at the start of the path along the counter but facing a wall. I need to move towards waypoint 3 to proceed along the counter.",
"action": 3
}
```
[StairDetect] normals=0.0051s, cpu=0.0003s, cluster=0.0434s, loop=0.0384s, total=0.1038s
Action: turn
[StairDetect] normals=0.0064s, cpu=0.0004s, cluster=0.0534s, loop=0.0353s, total=0.1147s
Action: move_forward
[StairDetect] normals=0.0066s, cpu=0.0003s, cluster=0.0513s, loop=0.0351s, total=0.1134s
Action: turn
[StairDetect] normals=0.0068s, cpu=0.0004s, cluster=0.0515s, loop=0.0037s, total=0.0817s
Action: move_forward
[StairDetect] normals=0.0071s, cpu=0.0004s, cluster=0.0506s, loop=0.0037s, total=0.0808s
Action: turn
[StairDetect] normals=0.0085s, cpu=0.0005s, cluster=0.0566s, loop=0.0038s, total=0.0890s
Action: move_forward
[StairDetect] normals=0.0084s, cpu=0.0005s, cluster=0.0557s, loop=0.0038s, total=0.0871s
Action: turn
[StairDetect] normals=0.0102s, cpu=0.0005s, cluster=0.0612s, loop=0.0224s, total=0.1130s
Action: move_forward
[StairDetect] normals=0.0102s, cpu=0.0005s, cluster=0.0628s, loop=0.0221s, total=0.1154s
Action: null
[StairDetect] normals=0.0107s, cpu=0.0005s, cluster=0.0640s, loop=0.0235s, total=0.1188s
Action: turn
waypoints: 17
skipped waypoints: edge 4,  distance 2,  no_path 0,  occlusion 4
```json
{
"movement": "I have moved forward and turned right into a hallway. I am now facing down a corridor with an arched doorway at the far end and a staircase going down to my right.",
"observation": {
    "front view": "A hallway leading towards an arched entryway. There are pictures on the walls. To the right, there is a staircase railing.",
    "left view": "A wall with light switches and a doorway further back.",
    "right view": "The top of a staircase going down and a large vase/urn against the wall.",
    "map": "I am near waypoints 2 and 3. Waypoint 1 is straight ahead in the hallway, leading towards the archway labeled 'B'."
},
"thought": "I have completed the first part of the instruction by walking along the kitchen counter. Now I need to 'Continue forward through the arched entry way ahead near the stairs.' The arched entryway is directly in front of me at the end of this hallway section. Waypoint 1 is located on the path leading towards that archway.",
"stuck": false,
"plan": "Move forward towards waypoint 1 to approach and eventually pass through the arched entryway near the stairs.",
"curr_step": "I am in the hallway. Waypoint 1 is the next point of interest leading towards the target archway.",
"action": 1
}
```
[StairDetect] normals=0.0098s, cpu=0.0006s, cluster=0.0643s, loop=0.0227s, total=0.1178s
Action: turn
[StairDetect] normals=0.0099s, cpu=0.0005s, cluster=0.0574s, loop=0.0175s, total=0.1040s
Action: move_forward
[StairDetect] normals=0.0106s, cpu=0.0005s, cluster=0.0552s, loop=0.0166s, total=0.1004s
Action: turn
[StairDetect] normals=0.0107s, cpu=0.0005s, cluster=0.0532s, loop=0.0048s, total=0.0846s
Action: move_forward
[StairDetect] normals=0.0108s, cpu=0.0006s, cluster=0.0550s, loop=0.0048s, total=0.0871s
Action: turn
[StairDetect] normals=0.0108s, cpu=0.0005s, cluster=0.0539s, loop=0.0046s, total=0.0850s
Action: move_forward
[StairDetect] normals=0.0109s, cpu=0.0005s, cluster=0.0561s, loop=0.0060s, total=0.0893s
Action: turn
[StairDetect] normals=0.0108s, cpu=0.0005s, cluster=0.0559s, loop=0.0049s, total=0.0885s
Action: move_forward
[StairDetect] normals=0.0111s, cpu=0.0005s, cluster=0.0557s, loop=0.0051s, total=0.0898s
Action: move_forward
[StairDetect] normals=0.0109s, cpu=0.0005s, cluster=0.0571s, loop=0.0047s, total=0.0887s
Action: move_forward
[StairDetect] normals=0.0111s, cpu=0.0005s, cluster=0.0576s, loop=0.0047s, total=0.0896s
Action: move_forward
[StairDetect] normals=0.0112s, cpu=0.0005s, cluster=0.0570s, loop=0.0047s, total=0.0893s
Action: move_forward
[StairDetect] normals=0.0110s, cpu=0.0005s, cluster=0.0578s, loop=0.0048s, total=0.0901s
Action: move_forward
[StairDetect] normals=0.0110s, cpu=0.0005s, cluster=0.0541s, loop=0.0050s, total=0.0862s
Action: move_forward
detected agent stuck, last8 steps position changes: [0.0, 0.0, 0.0, 0.0, 0.0, 0.0, 0.0, 0.0]
waypoints: 12
skipped waypoints: edge 1,  distance 2,  no_path 0,  occlusion 4

[StairDetect] normals=0.0111s, cpu=0.0005s, cluster=0.0563s, loop=0.0047s, total=0.0881s
Action: stop
waypoints: 12
skipped waypoints: edge 1,  distance 2,  no_path 0,  occlusion 4
```json
{
"movement": "I have moved into the hallway and am now facing down a corridor towards an arched entryway (labeled B). Waypoints 1 and 2 are visible on the floor ahead, leading towards the archway.",
"observation": {
    "front view": "A long hallway with pictures on the walls. At the far end is an arched doorway (B) leading to another room. Waypoints 1 and 2 are on the floor in the middle of the hallway.",
    "left view": "A wall with light switches and a doorway further back.",
    "right view": "A wall with framed pictures, leading back towards the kitchen area where I came from.",
    "map": "I am near waypoint 3 (visited). The path ahead leads through waypoints 1 and 2 towards the archway B."
},
"thought": "I have completed the initial part of walking along the kitchen counter. I am now in the hallway facing the arched entryway mentioned in the next subtask (P2). To continue towards the arched entryway, I need to move forward down the hallway. Waypoint 1 is the closest point on this path.",
"stuck": false,
"plan": "Move forward towards waypoint 1 to proceed down the hallway towards the arched entryway.",
"curr_step": "I am in the hallway. Waypoint 1 is the next logical step to approach the archway.",
"action": 1
}
```
[StairDetect] normals=0.0104s, cpu=0.0005s, cluster=0.0546s, loop=0.0045s, total=0.0853s
Action: turn
[StairDetect] normals=0.0103s, cpu=0.0004s, cluster=0.0527s, loop=0.0135s, total=0.0929s
Action: move_forward
[StairDetect] normals=0.0114s, cpu=0.0005s, cluster=0.0536s, loop=0.0135s, total=0.0953s
Action: turn
[StairDetect] normals=0.0097s, cpu=0.0005s, cluster=0.0422s, loop=0.0031s, total=0.0678s
Action: move_forward
[StairDetect] normals=0.0102s, cpu=0.0004s, cluster=0.0420s, loop=0.0030s, total=0.0677s
Action: turn
[StairDetect] normals=0.0086s, cpu=0.0004s, cluster=0.0362s, loop=0.0028s, total=0.0569s
Action: move_forward
[StairDetect] normals=0.0086s, cpu=0.0004s, cluster=0.0366s, loop=0.0028s, total=0.0573s
Action: null
waypoints: 17
skipped waypoints: edge 4,  distance 9,  no_path 0,  occlusion 1


[StairDetect] normals=0.0085s, cpu=0.0004s, cluster=0.0379s, loop=0.0030s, total=0.0593s
Action: stop
['Go past a display case, through a hallway with an eye chart', 'into the waiting area, and stop in front of a light beige couch with six pillows.']
Initialized data for new floor level: 0
2026-09-19 03:39:06,150 - INFO - --- Episode 84, Step 1/100 ---
2026-09-19 03:39:18,952 - INFO - HTTP Request: POST http://127.0.0.1:22448/v1/chat/completions "HTTP/1.1 200 OK"
2026-09-19 03:39:19,590 - INFO - --- Episode 84, Step 2/100 ---
2026-09-19 03:39:20,130 - INFO - --- Episode 84, Step 3/100 ---
2026-09-19 03:39:20,721 - INFO - --- Episode 84, Step 4/100 ---
2026-09-19 03:39:21,393 - INFO - --- Episode 84, Step 5/100 ---
2026-09-19 03:39:55,852 - INFO - HTTP Request: POST http://127.0.0.1:22448/v1/chat/completions "HTTP/1.1 200 OK"
2026-09-19 03:39:56,511 - INFO - --- Episode 84, Step 6/100 ---
2026-09-19 03:39:56,995 - INFO - --- Episode 84, Step 7/100 ---
2026-09-19 03:39:57,356 - INFO - --- Episode 84, Step 8/100 ---
2026-09-19 03:40:07,646 - INFO - HTTP Request: POST http://127.0.0.1:22448/v1/chat/completions "HTTP/1.1 200 OK"
2026-09-19 03:40:08,309 - INFO - --- Episode 84, Step 9/100 ---
2026-09-19 03:40:09,072 - INFO - --- Episode 84, Step 10/100 ---
2026-09-19 03:40:09,628 - INFO - --- Episode 84, Step 11/100 ---
2026-09-19 03:40:10,248 - INFO - --- Episode 84, Step 12/100 ---
2026-09-19 03:40:10,859 - INFO - --- Episode 84, Step 13/100 ---
2026-09-19 03:40:11,435 - INFO - --- Episode 84, Step 14/100 ---
2026-09-19 03:40:12,214 - INFO - --- Episode 84, Step 15/100 ---
2026-09-19 03:40:33,985 - INFO - HTTP Request: POST http://127.0.0.1:22448/v1/chat/completions "HTTP/1.1 200 OK"
2026-09-19 03:40:34,775 - INFO - --- Episode 84, Step 16/100 ---
2026-09-19 03:40:35,340 - INFO - --- Episode 84, Step 17/100 ---
2026-09-19 03:40:36,109 - INFO - --- Episode 84, Step 18/100 ---
2026-09-19 03:40:36,849 - INFO - --- Episode 84, Step 19/100 ---
2026-09-19 03:40:37,823 - INFO - --- Episode 84, Step 20/100 ---
2026-09-19 03:40:38,861 - INFO - --- Episode 84, Step 21/100 ---
2026-09-19 03:40:39,992 - INFO - --- Episode 84, Step 22/100 ---
2026-09-19 03:40:41,118 - INFO - --- Episode 84, Step 23/100 ---
2026-09-19 03:41:26,984 - INFO - HTTP Request: POST http://127.0.0.1:22448/v1/chat/completions "HTTP/1.1 200 OK"
Switching pcds to floor level: 0
Initialized data for new floor level: 0
Switching pcds to floor level: 0
Initialized data for new floor level: 0
Switching pcds to floor level: 0
[StairDetect] normals=0.0046s, cpu=0.0007s, cluster=0.0452s, loop=0.0488s, total=0.1101s
waypoints: 32
skipped waypoints: edge 3,  distance 14,  no_path 0,  occlusion 1
```json
{
"movement": "I moved forward from my starting position near the rug and desk area, heading towards the open floor space that leads into the hallway.",
"observation": {
"front view": "I see a long hallway stretching ahead. To the left is a wall with a framed picture further down. Straight ahead are white closet doors (labeled B). To my immediate left is the edge of the black display case/shelf unit.",
"left view": "I see the tall black shelving unit (display case) filled with various items, and a large poster on the wall next to it featuring boomboxes/radios.",
"right view": "I see a desk area with a world map above it, windows with blinds, and a doorway leading to another room.",
"map": "The map shows my current position near the start point (blue dot) in the lower central area. The hallway extends upwards and slightly left on the map."
},
"thought": "I am currently in the room with the desk. To my left is the display case mentioned in the instruction. The hallway is straight ahead/slightly left. I need to move past the display case and enter the hallway. Waypoint 2 is directly in front of me, leading towards the hallway entrance.",
"stuck": false,
"plan": "Move forward into the hallway area, passing the display case on my left. I will aim for the center of the path leading down the corridor.",
"curr_step": "I am currently at the start of the room. I need to move forward towards the hallway. Waypoint 2 is the most logical next step to enter the hallway space.",
"action": 2
}
```
Calculated floor height difference: 2.57m
Action: turn
Action: move_forward
Action: move_forward
Action: null
waypoints: 18
skipped waypoints: edge 4,  distance 5,  no_path 0,  occlusion 0
```json
{
"movement": "I moved forward from my starting position near the rug and desk area, heading towards the open floor space that leads into the hallway.",
"observation": {
"front view": "I see a long hallway stretching ahead. To the left is a wall with a framed picture further down. Straight ahead are white closet doors (labeled B). To my immediate left is the edge of the black display case/shelf unit.",
"left view": "I see the tall black shelving unit (display case) filled with various items, and a large poster on the wall next to it featuring boomboxes/radios.",
"right view": "I see a desk area with a world map above it, windows with blinds, and a doorway leading to another room.",
"map": "The map shows my current position near the start point (blue dot) in the lower central area. The hallway extends upwards and slightly left on the map."
},
"thought": "I am currently in the room with the desk. To my left is the display case mentioned in the instruction. The hallway is straight ahead/slightly left. I need to move past the display case and enter the hallway. Waypoint 2 is directly in front of me, leading towards the hallway entrance.",
"stuck": false,
"plan": "Move forward into the hallway area, passing the display case on my left. I will aim for the center of the path leading down the corridor.",
"curr_step": "I am currently at the start of the room. I need to move forward towards the hallway. Waypoint 2 is the most logical next step to enter the hallway space.",
"action": 2
}
```
Action: turn
Action: move_forward
Action: null
waypoints: 10
skipped waypoints: edge 2,  distance 2,  no_path 0,  occlusion 1
```json
{
"movement": "I moved forward from my previous position, entering the hallway area. I am now positioned between the kitchen on the left and a wall on the right.",
"observation": {
"front view": "The hallway continues straight ahead. On the left wall further down, there is a dark rectangular object that looks like an eye chart or poster. There is a doorway on the left just past the kitchen area.",
"left view": "I see the kitchen counter and cabinets through a large opening. The display case is behind me to the left.",
"right view": "I see a room with a desk, a world map on the wall, and a window with blinds.",
"map": "The map shows I have moved from the start point (blue dot) up into the central hallway area. The path continues upwards towards waypoint 3."
},
"thought": "I am currently in the hallway. The instruction says to go through a hallway with an eye chart. Looking ahead, there is a dark rectangular object on the left wall further down that likely is the eye chart. I need to continue moving forward down this hallway to reach it and then find the waiting area.",
"stuck": false,
"plan": "Continue straight down the hallway towards the eye chart and the waiting area beyond it.",
"curr_step": "I am in the middle of the hallway. Waypoint 1 is directly ahead of me in the corridor. I should move towards it to progress further down the hall.",
"action": 1
}
```
Action: turn
Action: move_forward
Action: turn
Action: move_forward
Action: turn
Action: move_forward
Action: null
waypoints: 19
skipped waypoints: edge 1,  distance 7,  no_path 0,  occlusion 4
```json
{
"movement": "I moved forward from the hallway entrance into the open waiting area/living room space.",
"observation": {
"front view": "I am looking into a living/waiting area. To the left, there is a light-colored sofa with several pillows (one orange, one patterned). Straight ahead is a wall with a TV and a large window/door to the left of it.",
"left view": "I see the eye chart on the wall immediately to my left, confirming I have just passed it. Further left is the display case/shelving unit.",
"right view": "I see a doorway leading to another room (possibly a bathroom or bedroom) and the edge of the living area.",
"map": "The map shows I have moved from the hallway (near the 'mirror' label) into the large open area. The target seating area is in the upper left quadrant of the map relative to my current position."
},
"thought": "I have completed P1 by passing the display case and the eye chart. I am now entering the waiting area as per P2. I see a light beige couch with pillows on the left side of the room. I need to move closer to it to verify the pillow count (six) and stop in front of it.",
"stuck": false,
"plan": "Move into the waiting area towards the light beige couch visible on the left. I will navigate towards the seating area to position myself in front of it.",
"curr_step": "I am at the entrance of the waiting area. The couch is ahead and to the left. I should move forward into the room, angling slightly left towards the sofa.",
"action": 3
}
```
Action: turn
Action: move_forward
Action: turn
Action: move_forward
Action: turn
Action: move_forward
Action: null
Action: turn
waypoints: 10
skipped waypoints: edge 1,  distance 3,  no_path 0,  occlusion 2
2026-09-19 03:41:28,108 - INFO - --- Episode 84, Step 24/100 ---
2026-09-19 03:41:28,940 - INFO - --- Episode 84, Step 25/100 ---
2026-09-19 03:41:29,848 - INFO - --- Episode 84, Step 26/100 ---
2026-09-19 03:41:30,880 - INFO - --- Episode 84, Step 27/100 ---
2026-09-19 03:41:31,661 - INFO - --- Episode 84, Step 28/100 ---
2026-09-19 03:41:32,414 - INFO - --- Episode 84, Step 29/100 ---
2026-09-19 03:41:33,374 - INFO - --- Episode 84, Step 30/100 ---
2026-09-19 03:41:34,215 - INFO - --- Episode 84, Step 31/100 ---
2026-09-19 03:41:55,161 - INFO - HTTP Request: POST http://127.0.0.1:22448/v1/chat/completions "HTTP/1.1 200 OK"
2026-09-19 03:41:56,421 - INFO - --- Episode 84, Step 32/100 ---
2026-09-19 03:41:57,238 - INFO - --- Episode 84, Step 33/100 ---
2026-09-19 03:41:58,113 - INFO - --- Episode 84, Step 34/100 ---
2026-09-19 03:41:59,166 - INFO - --- Episode 84, Step 35/100 ---
2026-09-19 03:41:59,998 - INFO - --- Episode 84, Step 36/100 ---
2026-09-19 03:42:17,490 - INFO - HTTP Request: POST http://127.0.0.1:22448/v1/chat/completions "HTTP/1.1 200 OK"
2026-09-19 03:42:18,800 - INFO - --- Episode 84, Step 37/100 ---
2026-09-19 03:42:34,320 - INFO - HTTP Request: POST http://127.0.0.1:22448/v1/chat/completions "HTTP/1.1 200 OK"
2026-09-19 03:42:35,233 - INFO - --- Episode 84, Step 38/100 ---
2026-09-19 03:42:53,221 - INFO - HTTP Request: POST http://127.0.0.1:22448/v1/chat/completions "HTTP/1.1 200 OK"
 70%|███████   | 35/50 [7:29:38<2:26:12, 584.86s/it]Renderer: NVIDIA GeForce RTX 4090/PCIe/SSE2 by NVIDIA Corporation
OpenGL version: 4.6.0 NVIDIA 590.48.01
Using optional features:
    GL_ARB_vertex_array_object
    GL_ARB_separate_shader_objects
    GL_ARB_robustness
    GL_ARB_texture_storage
    GL_ARB_texture_view
    GL_ARB_framebuffer_no_attachments
    GL_ARB_invalidate_subdata
    GL_ARB_texture_storage_multisample
    GL_ARB_multi_bind
    GL_ARB_direct_state_access
    GL_ARB_get_texture_sub_image
    GL_ARB_texture_filter_anisotropic
    GL_KHR_debug
    GL_KHR_parallel_shader_compile
    GL_NV_depth_buffer_float
Using driver workarounds:
    no-forward-compatible-core-context
    nv-egl-incorrect-gl11-function-pointers
    no-layout-qualifiers-on-old-glsl
    nv-zero-context-profile-mask
    nv-implementation-color-read-format-dsa-broken
    nv-cubemap-inconsistent-compressed-image-size
    nv-cubemap-broken-full-compressed-image-query
    nv-compressed-block-size-in-bits
[03:42:57:227318]:[Warning]:[Metadata] SceneDatasetAttributes.cpp(107)::addNewSceneInstanceToDataset : Dataset : 'default' : Lighting Layout Attributes 'no_lights' specified in Scene Attributes but does not exist in dataset, so creating default.
2026-09-19 03:43:02,863 - INFO - Simulator initialized!
2026-09-19 03:43:28,200 - INFO - HTTP Request: POST http://127.0.0.1:22448/v1/chat/completions "HTTP/1.1 200 OK"
2026-09-19 03:43:28,932 - INFO - --- Episode 85, Step 1/100 ---
2026-09-19 03:46:52,502 - INFO - HTTP Request: POST http://127.0.0.1:22448/v1/chat/completions "HTTP/1.1 200 OK"
2026-09-19 03:47:04,645 - INFO - HTTP Request: POST http://127.0.0.1:22448/v1/chat/completions "HTTP/1.1 200 OK"
```json
{
"movement": "I moved forward into the waiting area and turned slightly to face the seating arrangement. I am now standing on the rug near the coffee table, facing towards the sofas.",
"observation": {
"front view": "I see a living room setup with a coffee table in the center. To the left is a light beige sofa with several pillows (light, dark, orange, patterned). To the right is another light beige sofa with pillows (orange, white, dark, light brown).",
"left view": "I see the hallway I came from and the side of the sofa on the left. The sofa has multiple pillows including a light one, a dark one, an orange one, and a patterned one.",
"right view": "I see the side of the sofa on the right and a wall with artwork.",
"map": "The map shows I am in the waiting area near the coffee table (labeled 'carpet' and 'sofa'). The target is likely one of the sofas."
},
"thought": "I have entered the waiting area. I see two light beige couches. The instruction specifies a couch with six pillows. Looking at the couch on the left in the front view, it has a light pillow, a dark pillow, an orange pillow, and a patterned pillow visible. It's possible there are more pillows tucked in or behind. The couch on the right also has several pillows. I need to get closer to verify the pillow count and stop in front of the correct one. The couch on the left seems more prominent in my current view (especially the Left View). I will move towards it.",
"stuck": false,
"plan": "Move towards the light beige couch on the left (near waypoint 3) to verify the pillow count and stop in front of it.",
"curr_step": "I am standing near the coffee table. Waypoint 3 is located near the couch on the left. I should move towards it.",
"action": 3
}
```
Action: turn
Action: move_forward
Action: turn
Action: move_forward
Action: turn
Action: move_forward
Action: null
Action: turn
waypoints: 5
skipped waypoints: edge 1,  distance 0,  no_path 0,  occlusion 1
```json
{
"movement": "I moved forward from the hallway into the waiting area, navigating past the coffee table towards the seating area.",
"observation": {
"front view": "I am facing a light beige/white couch with several pillows (tan, dark grey, orange, patterned). There is a large cityscape painting above it. To the right is a fireplace and another framed picture.",
"left view": "I see the hallway I came from, a clock on the wall, and the side of the couch.",
"right view": "I see the rest of the living room, including another couch further away and windows with blinds.",
"map": "The map shows my current position near the coffee table ('album carpet'). The target couch ('sofa') is directly ahead/left."
},
"thought": "I have completed P1. I am now in the waiting area (P2). I see a light beige couch with approximately six pillows (tan, dark grey, orange, patterned, orange, dark) directly in front of me. This matches the description perfectly. I need to stop in front of it. Waypoint 2 is located directly in front of this couch.",
"stuck": false,
"plan": "Move forward towards the light beige couch with six pillows to stop in front of it.",
"curr_step": "I am standing near the coffee table facing the target couch. Waypoint 2 is directly in front of the couch. I should move to waypoint 2 to complete the task.",
"action": 2
}
```
Action: turn
Action: move_forward
Action: turn
Action: move_forward
Action: null
waypoints: 4
skipped waypoints: edge 2,  distance 0,  no_path 0,  occlusion 1
```json
{
"movement": "I moved forward from the hallway into the waiting area and approached the light beige couch on the left side of the room.",
"observation": {
"front view": "I am standing directly in front of a light beige/white couch. It has multiple pillows: a large orange one in the foreground, a polka-dot one, a dark grey one, another orange one, and others further down.",
"left view": "I see the side of the couch and a clock on the wall nearby.",
"right view": "I see the rest of the waiting area with a coffee table and another couch in the distance.",
"map": "The map shows I am at the 'sofa' location near the 'album carpet' (coffee table)."
},
"thought": "I have completed P1. I am now in the waiting area (P2). I am standing directly in front of a light beige couch. Counting the pillows visible on this couch: 1 large orange, 1 polka-dot, 1 dark grey, 1 orange, 1 dark, and potentially 1 white at the far end. This matches the description 'light beige couch with six pillows'. I have reached the target destination.",
"stuck": false,
"plan": "I have reached the light beige couch with six pillows as instructed. I should stop here.",
"curr_step": "I am standing in front of the target couch. The task is complete.",
"action": -1
}
```
Action: pause
waypoints: 4
skipped waypoints: edge 2,  distance 0,  no_path 0,  occlusion 1
```json
{
"movement": "I moved forward from the hallway into the waiting area and approached the light beige couch on the left side of the room.",
"observation": {
"front view": "I am standing directly in front of a light beige/white couch. It has multiple pillows: a large orange one in the foreground, a polka-dot one, a dark grey one, another orange one, and others further down.",
"left view": "I see the side of the couch and a clock on the wall nearby.",
"right view": "I see the rest of the waiting area with a coffee table and another couch in the distance.",
"map": "The map shows I am at the 'sofa' location near the 'album carpet' (coffee table)."
},
"thought": "I have completed P1. I am now in the waiting area (P2). I am standing directly in front of a light beige couch. Counting the pillows visible on this couch: 1 large orange, 1 polka-dot, 1 dark grey, 1 orange, 1 dark, and potentially 1 white at the far end. This matches the description 'light beige couch with six pillows'. I have reached the target destination.",
"stuck": false,
"plan": "I have reached the light beige couch with six pillows as instructed. I should stop here.",
"curr_step": "I am standing in front of the target couch. The task is complete.",
"action": -1
}
```
Action: stop
waypoints: 4
skipped waypoints: edge 2,  distance 0,  no_path 0,  occlusion 1
```json
{
"movement": "I moved forward from the hallway into the waiting area and approached the light beige couch on the left side of the room.",
"observation": {
"front view": "I am standing directly in front of a light beige/white couch. It has multiple pillows: a large orange one in the foreground, a polka-dot one, a dark grey one, another orange one, and others further down.",
"left view": "I see the side of the couch and a clock on the wall nearby.",
"right view": "I see the rest of the waiting area with a coffee table and another couch in the distance.",
"map": "The map shows I am at the 'sofa' location near the 'album carpet' (coffee table)."
},
"thought": "I have completed P1. I am now in the waiting area (P2). I am standing directly in front of a light beige couch. Counting the pillows visible on this couch: 1 large orange, 1 polka-dot, 1 dark grey, 1 orange, 1 dark, and potentially 1 white at the far end. This matches the description 'light beige couch with six pillows'. I have reached the target destination.",
"stuck": false,
"plan": "I have reached the light beige couch with six pillows as instructed. I should stop here.",
"curr_step": "I am standing in front of the target couch. The task is complete.",
"action": -1
}
```
Action: stop
['Walk down the hall and make a left at the end and stop at the first room on the right.', 'Wait in the entryway of the room with the two couches.']
Initialized data for new floor level: 0
Switching pcds to floor level: 0
Initialized data for new floor level: 0
Switching pcds to floor level: 0
Initialized data for new floor level: 0
Switching pcds to floor level: 0
[StairDetect] normals=0.0046s, cpu=0.0004s, cluster=0.0435s, loop=0.0469s, total=0.1057s
waypoints: 32
skipped waypoints: edge 3,  distance 14,  no_path 0,  occlusion 1

2026-09-19 03:47:05,218 - INFO - --- Episode 85, Step 2/100 ---
2026-09-19 03:47:05,752 - INFO - --- Episode 85, Step 3/100 ---
2026-09-19 03:47:06,249 - INFO - --- Episode 85, Step 4/100 ---
2026-09-19 03:47:07,161 - INFO - --- Episode 85, Step 5/100 ---
2026-09-19 03:48:27,837 - INFO - HTTP Request: POST http://127.0.0.1:22448/v1/chat/completions "HTTP/1.1 200 OK"
2026-09-19 03:48:28,547 - INFO - --- Episode 85, Step 6/100 ---
2026-09-19 03:48:29,105 - INFO - --- Episode 85, Step 7/100 ---
2026-09-19 03:48:29,696 - INFO - --- Episode 85, Step 8/100 ---
2026-09-19 03:48:30,249 - INFO - --- Episode 85, Step 9/100 ---
2026-09-19 03:48:30,981 - INFO - --- Episode 85, Step 10/100 ---
2026-09-19 03:48:31,568 - INFO - --- Episode 85, Step 11/100 ---
2026-09-19 03:48:32,166 - INFO - --- Episode 85, Step 12/100 ---
2026-09-19 03:48:47,162 - INFO - HTTP Request: POST http://127.0.0.1:22448/v1/chat/completions "HTTP/1.1 200 OK"
2026-09-19 03:48:47,910 - INFO - --- Episode 85, Step 13/100 ---
2026-09-19 03:48:48,458 - INFO - --- Episode 85, Step 14/100 ---
2026-09-19 03:48:49,264 - INFO - --- Episode 85, Step 15/100 ---
2026-09-19 03:48:49,834 - INFO - --- Episode 85, Step 16/100 ---
2026-09-19 03:48:50,448 - INFO - --- Episode 85, Step 17/100 ---
2026-09-19 03:48:51,071 - INFO - --- Episode 85, Step 18/100 ---
2026-09-19 03:50:36,825 - INFO - HTTP Request: POST http://127.0.0.1:22448/v1/chat/completions "HTTP/1.1 200 OK"
2026-09-19 03:50:47,621 - INFO - HTTP Request: POST http://127.0.0.1:22448/v1/chat/completions "HTTP/1.1 200 OK"
2026-09-19 03:50:48,553 - INFO - --- Episode 85, Step 19/100 ---
2026-09-19 03:50:49,343 - INFO - --- Episode 85, Step 20/100 ---
2026-09-19 03:50:50,086 - INFO - --- Episode 85, Step 21/100 ---
2026-09-19 03:50:50,753 - INFO - --- Episode 85, Step 22/100 ---
2026-09-19 03:50:51,657 - INFO - --- Episode 85, Step 23/100 ---
2026-09-19 03:50:52,623 - INFO - --- Episode 85, Step 24/100 ---
2026-09-19 03:50:53,860 - INFO - --- Episode 85, Step 25/100 ---
2026-09-19 03:50:54,987 - INFO - --- Episode 85, Step 26/100 ---
2026-09-19 03:51:51,881 - INFO - HTTP Request: POST http://127.0.0.1:22448/v1/chat/completions "HTTP/1.1 200 OK"
2026-09-19 03:52:22,508 - INFO - HTTP Request: POST http://127.0.0.1:22448/v1/chat/completions "HTTP/1.1 200 OK"
2026-09-19 03:52:47,060 - INFO - HTTP Request: POST http://127.0.0.1:22448/v1/chat/completions "HTTP/1.1 200 OK"
2026-09-19 03:52:48,303 - INFO - --- Episode 85, Step 27/100 ---
2026-09-19 03:53:36,040 - INFO - HTTP Request: POST http://127.0.0.1:22448/v1/chat/completions "HTTP/1.1 200 OK"
2026-09-19 03:54:11,326 - INFO - HTTP Request: POST http://127.0.0.1:22448/v1/chat/completions "HTTP/1.1 200 OK"
2026-09-19 03:54:39,721 - INFO - HTTP Request: POST http://127.0.0.1:22448/v1/chat/completions "HTTP/1.1 200 OK"
 72%|███████▏  | 36/50 [7:41:23<2:24:54, 621.02s/it]Renderer: NVIDIA GeForce RTX 4090/PCIe/SSE2 by NVIDIA Corporation
OpenGL version: 4.6.0 NVIDIA 590.48.01
Using optional features:
    GL_ARB_vertex_array_object
    GL_ARB_separate_shader_objects
    GL_ARB_robustness
    GL_ARB_texture_storage
    GL_ARB_texture_view
    GL_ARB_framebuffer_no_attachments
    GL_ARB_invalidate_subdata
    GL_ARB_texture_storage_multisample
    GL_ARB_multi_bind
    GL_ARB_direct_state_access
    GL_ARB_get_texture_sub_image
    GL_ARB_texture_filter_anisotropic
    GL_KHR_debug
    GL_KHR_parallel_shader_compile
    GL_NV_depth_buffer_float
Using driver workarounds:
    no-forward-compatible-core-context
    nv-egl-incorrect-gl11-function-pointers
    no-layout-qualifiers-on-old-glsl
    nv-zero-context-profile-mask
    nv-implementation-color-read-format-dsa-broken
    nv-cubemap-inconsistent-compressed-image-size
    nv-cubemap-broken-full-compressed-image-query
    nv-compressed-block-size-in-bits
[03:54:42:604009]:[Warning]:[Metadata] SceneDatasetAttributes.cpp(107)::addNewSceneInstanceToDataset : Dataset : 'default' : Lighting Layout Attributes 'no_lights' specified in Scene Attributes but does not exist in dataset, so creating default.
2026-09-19 03:54:48,097 - INFO - Simulator initialized!
2026-09-19 03:55:05,138 - INFO - HTTP Request: POST http://127.0.0.1:22448/v1/chat/completions "HTTP/1.1 200 OK"
2026-09-19 03:55:05,833 - INFO - --- Episode 86, Step 1/100 ---
2026-09-19 03:55:33,586 - INFO - HTTP Request: POST http://127.0.0.1:22448/v1/chat/completions "HTTP/1.1 200 OK"
```json
{
"movement": "I have moved from my starting position in the office/study area and am now positioned at the entrance of the hallway, facing down it.",
"observation": {
    "front view": "I see a long hallway stretching ahead with white tiled floors. There are white built-in cabinets or closets at the far end (labeled B). To the left, there is an opening into another room. To the right, there is a doorway leading into a bedroom.",
    "left view": "There is a tall black shelving unit and a doorway leading to another area with a bed visible in the distance.",
    "right view": "I see a desk with a world map above it, a rug on the floor, and windows with blinds.",
    "map": "The map shows my current position near 'START'. The hallway extends upwards from here. There are waypoints 1, 2, 4, 5, 9 along the path."
},
"thought": "I am currently at the start of the task P1: 'Walk down the hall and make a left at the end and stop at the first room on the right.' I am facing the hallway. My immediate goal is to walk down this hallway. Waypoint 1 is directly ahead in the hallway, making it the logical next step to progress towards the end of the hall.",
"stuck": false,
"plan": "I will move forward into the hallway towards waypoint 1. Then I will continue down the hall towards the end (near waypoints 4, 5, 9). Once I reach the end, I will look for a place to turn left as instructed.",
"curr_step": "I am at the beginning of the hallway. I need to move forward to walk down it. Waypoint 1 is directly in front of me and leads down the hall.",
"action": 1
}
```
Calculated floor height difference: 2.57m
Action: turn
Action: move_forward
Action: move_forward
Action: null
waypoints: 27
skipped waypoints: edge 2,  distance 12,  no_path 0,  occlusion 5
```json
{
"movement": "I have moved from my starting position in the office/study area and am now positioned at the entrance of the hallway, facing down it.",
"observation": {
    "front view": "I see a long hallway stretching ahead with white tiled floors. There are white built-in cabinets or closets at the far end (labeled B). To the left, there is an opening into another room (kitchen area). To the right, there is a doorway leading into a bedroom.",
    "left view": "There is a tall black shelving unit and a doorway leading to another area with a bed visible in the distance.",
    "right view": "I see a desk with a world map above it, a rug on the floor, and windows with blinds.",
    "map": "The map shows my current position near 'START'. The hallway extends upwards from here. There are waypoints 1, 2, 4, 5 along the path."
},
"thought": "I am currently at the start of the task P1: 'Walk down the hall and make a left at the end and stop at the first room on the right.' I am facing the hallway. My immediate goal is to walk down this hallway. Waypoint 1 is directly ahead in the hallway, making it the logical next step to progress towards the end of the hall.",
"stuck": false,
"plan": "I will move forward into the hallway towards waypoint 1. Then I will continue down the hall towards the end (near waypoints 4, 5, 9). Once I reach the end, I will look for a place to turn left as instructed.",
"curr_step": "I am at the beginning of the hallway. I need to move forward to walk down it. Waypoint 1 is directly in front of me and leads down the hall.",
"action": 1
}
```
Action: turn
Action: move_forward
Action: move_forward
Action: turn
Action: move_forward
Action: null
Action: turn
waypoints: 10
skipped waypoints: edge 1,  distance 4,  no_path 0,  occlusion 0
```json
{
"movement": "I have moved further down the hallway, passing the initial junction. I am now approaching a section where the hallway continues straight ahead towards a wall labeled B.",
"observation": {
    "front view": "I see the hallway continuing straight ahead. There is a doorway on the left leading into a kitchen area and another opening further down. The path leads towards a white wall/closet area labeled B.",
    "left view": "There is a dark shelving unit and a doorway leading into a bedroom with a bed visible.",
    "right view": "I see a desk area with a world map on the wall and a rug on the floor.",
    "map": "The map shows my current position near the center of a junction. The path forward leads towards waypoint 1, which is further down the hall."
},
"thought": "I am currently walking down the hall as instructed. I have not yet reached the 'end' where I need to make a left turn. My immediate goal is to continue moving forward down this hallway. Waypoint 1 is directly ahead and leads further down the path towards the end of the hall.",
"stuck": false,
"plan": "I will continue moving forward down the hallway towards waypoint 1. Once I reach the end near wall B, I will look for a place to turn left as per the instructions.",
"curr_step": "I am in the middle of the hallway. I need to keep moving forward to reach the end. Waypoint 1 is the next logical step to progress down the hall.",
"action": 1
}
```
Action: move_forward
Action: move_forward
Action: turn
Action: move_forward
Action: null
Action: turn
waypoints: 18
skipped waypoints: edge 1,  distance 6,  no_path 0,  occlusion 4

```json
{
"movement": "I have walked down the hallway and reached the end near wall B. I am now positioned at the junction where the hallway opens up to the left into a living area.",
"observation": {
    "front view": "I see the end of the hallway with white cabinets/wall labeled B. To the left, there is an opening into a large room with couches and a TV. To the right, there is a wall.",
    "left view": "There is a doorway leading into a living room with a white couch, orange pillows, and a brown ottoman.",
    "right view": "I see a wall and a glimpse into another room (possibly a bathroom or bedroom) through a glass door.",
    "map": "The map shows I am at the end of the hallway. The living area is to the left (where 'carpet' is labeled). Waypoints 1, 2, 4 are near this junction."
},
"thought": "I have reached the end of the hall as instructed. The next part of the instruction is to 'make a left at the end and stop at the first room on the right'. Looking at the scene, turning left leads into a living room with couches. This seems to be the target room. I need to move into this room. Waypoint 2 is directly in front of the opening to the living room.",
"stuck": false,
"plan": "I will move forward and slightly left towards waypoint 2 to enter the living room area which contains the couches mentioned in the instruction.",
"curr_step": "I am at the end of the hall. I need to turn left into the room with the couches. Waypoint 2 is the best path to enter that room.",
"action": 2
}
```
Action: turn
Action: move_forward
Action: turn
Action: move_forward
Action: turn
Action: move_forward
Action: null
Action: turn
waypoints: 10
skipped waypoints: edge 1,  distance 3,  no_path 0,  occlusion 2



Action: stop
waypoints: 10
skipped waypoints: edge 1,  distance 3,  no_path 0,  occlusion 2



Action: stop
['walk straight to to the end of the hall, turn left into living room, stop at the couch.']
Initialized data for new floor level: 0
Switching pcds to floor level: 0
Initialized data for new floor level: 0
Switching pcds to floor level: 0
Initialized data for new floor level: 0
Switching pcds to floor level: 0
[StairDetect] normals=0.0045s, cpu=0.0003s, cluster=0.0427s, loop=0.0473s, total=0.1053s
waypoints: 32
skipped waypoints: edge 3,  distance 14,  no_path 0,  occlusion 1
2026-09-19 03:55:34,209 - INFO - --- Episode 86, Step 2/100 ---
2026-09-19 03:55:34,774 - INFO - --- Episode 86, Step 3/100 ---
2026-09-19 03:55:35,431 - INFO - --- Episode 86, Step 4/100 ---
2026-09-19 03:55:36,123 - INFO - --- Episode 86, Step 5/100 ---
2026-09-19 03:58:29,117 - INFO - HTTP Request: POST http://127.0.0.1:22448/v1/chat/completions "HTTP/1.1 200 OK"
2026-09-19 03:58:53,683 - INFO - HTTP Request: POST http://127.0.0.1:22448/v1/chat/completions "HTTP/1.1 200 OK"
2026-09-19 03:58:54,408 - INFO - --- Episode 86, Step 6/100 ---
2026-09-19 03:58:54,924 - INFO - --- Episode 86, Step 7/100 ---
2026-09-19 03:58:55,485 - INFO - --- Episode 86, Step 8/100 ---
2026-09-19 03:58:56,071 - INFO - --- Episode 86, Step 9/100 ---
2026-09-19 03:58:56,848 - INFO - --- Episode 86, Step 10/100 ---
2026-09-19 03:58:57,413 - INFO - --- Episode 86, Step 11/100 ---
2026-09-19 03:58:57,972 - INFO - --- Episode 86, Step 12/100 ---
2026-09-19 04:01:02,174 - INFO - HTTP Request: POST http://127.0.0.1:22448/v1/chat/completions "HTTP/1.1 200 OK"
2026-09-19 04:01:05,952 - INFO - HTTP Request: POST http://127.0.0.1:22448/v1/chat/completions "HTTP/1.1 500 Internal Server Error"
2026-09-19 04:01:05,953 - INFO - Retrying request to /chat/completions in 0.443628 seconds
2026-09-19 04:01:29,871 - INFO - HTTP Request: POST http://127.0.0.1:22448/v1/chat/completions "HTTP/1.1 200 OK"
2026-09-19 04:01:30,713 - INFO - --- Episode 86, Step 13/100 ---
2026-09-19 04:01:31,256 - INFO - --- Episode 86, Step 14/100 ---
2026-09-19 04:01:32,105 - INFO - --- Episode 86, Step 15/100 ---
2026-09-19 04:01:32,741 - INFO - --- Episode 86, Step 16/100 ---
2026-09-19 04:01:33,327 - INFO - --- Episode 86, Step 17/100 ---
2026-09-19 04:01:33,915 - INFO - --- Episode 86, Step 18/100 ---
2026-09-19 04:01:59,936 - INFO - HTTP Request: POST http://127.0.0.1:22448/v1/chat/completions "HTTP/1.1 200 OK"
2026-09-19 04:02:00,792 - INFO - --- Episode 86, Step 19/100 ---
2026-09-19 04:02:01,562 - INFO - --- Episode 86, Step 20/100 ---
2026-09-19 04:02:02,208 - INFO - --- Episode 86, Step 21/100 ---
2026-09-19 04:02:03,132 - INFO - --- Episode 86, Step 22/100 ---
2026-09-19 04:02:03,773 - INFO - --- Episode 86, Step 23/100 ---
2026-09-19 04:02:04,471 - INFO - --- Episode 86, Step 24/100 ---
2026-09-19 04:02:05,501 - INFO - --- Episode 86, Step 25/100 ---
2026-09-19 04:02:06,372 - INFO - --- Episode 86, Step 26/100 ---
2026-09-19 04:02:07,503 - INFO - --- Episode 86, Step 27/100 ---
2026-09-19 04:03:05,792 - INFO - HTTP Request: POST http://127.0.0.1:22448/v1/chat/completions "HTTP/1.1 200 OK"
2026-09-19 04:03:25,256 - INFO - HTTP Request: POST http://127.0.0.1:22448/v1/chat/completions "HTTP/1.1 200 OK"
2026-09-19 04:03:26,645 - INFO - --- Episode 86, Step 28/100 ---
2026-09-19 04:03:27,458 - INFO - --- Episode 86, Step 29/100 ---
2026-09-19 04:03:28,422 - INFO - --- Episode 86, Step 30/100 ---
2026-09-19 04:03:29,170 - INFO - --- Episode 86, Step 31/100 ---
2026-09-19 04:03:29,950 - INFO - --- Episode 86, Step 32/100 ---
2026-09-19 04:03:30,788 - INFO - --- Episode 86, Step 33/100 ---
2026-09-19 04:03:31,652 - INFO - --- Episode 86, Step 34/100 ---
2026-09-19 04:03:32,694 - INFO - --- Episode 86, Step 35/100 ---
2026-09-19 04:03:33,544 - INFO - --- Episode 86, Step 36/100 ---
2026-09-19 04:03:54,285 - INFO - HTTP Request: POST http://127.0.0.1:22448/v1/chat/completions "HTTP/1.1 200 OK"
```json
{
"movement": "I am currently standing in a room with a desk to my right and a shelving unit/couch area to my left. Directly ahead is a hallway leading towards white closet doors labeled B.",
"observation": {
    "front view": "A long hallway extends straight ahead towards white closet doors (B). Waypoints 1, 4, and others are visible along the path.",
    "left view": "A shelving unit with various items and a couch with pillows are visible to the left.",
    "right view": "A desk with a world map on the wall above it is visible to the right.",
    "map": "The map shows my current position (START) in a room, with a hallway extending upwards (North). The path forward goes through waypoints 1 and 4 into the hallway."
},
"thought": "The instruction is to 'walk straight to the end of the hall, turn left into living room, stop at the couch.' I am currently facing the entrance to the hallway. To follow the first part of the instruction ('walk straight to the end of the hall'), I need to proceed forward into the hallway. Waypoint 1 is directly in front of me and marks the beginning of this path.",
"stuck": false,
"plan": "Move forward into the hallway towards waypoint 1, then continue down the hallway towards the end (near B) before looking for a left turn into a living room.",
"curr_step": "I am at the start of the task. I need to begin walking down the hall. Waypoint 1 is the immediate next step.",
"action": 1
}
```
Calculated floor height difference: 2.57m
Action: turn
Action: move_forward
Action: move_forward
Action: null
waypoints: 27
skipped waypoints: edge 2,  distance 12,  no_path 0,  occlusion 5

```json
{
"movement": "I have moved forward from the start area and am now facing the white closet doors labeled B. To my left, there is a hallway extending towards the kitchen/dining area.",
"observation": {
    "front view": "Directly ahead are white closet doors (B). To the left of the closets is an opening into a hallway/kitchen area. To the right is a bedroom entrance.",
    "left view": "A long hallway extends to the left, leading towards a kitchen/dining area with dark cabinetry.",
    "right view": "An entrance to a bedroom with a bed and a desk is visible to the right.",
    "map": "The map shows my current position near the start. The path forward involves moving towards waypoint 1, then turning left towards waypoints 2 and 5 down the hallway."
},
"thought": "The instruction is to 'walk straight to the end of the hall'. Based on the map and views, the main hallway extends to the left (towards waypoints 2 and 5). Currently, I am facing the closets B. Waypoint 1 is visible on the floor to my front-left, marking the entrance to this hallway. I need to move towards waypoint 1 to begin walking down this hall.",
"stuck": false,
"plan": "Move towards waypoint 1 to enter the hallway, then continue down the hallway towards waypoints 2 and 5 (the end of the hall). After reaching the end, I will look for a left turn into the living room to find the couch.",
"curr_step": "I am currently facing the closets. Waypoint 1 is the next logical step to enter the hallway leading to the end of the hall.",
"action": 1
}
```
Action: turn
Action: move_forward
Action: move_forward
Action: turn
Action: move_forward
Action: null
Action: turn
waypoints: 10
skipped waypoints: edge 1,  distance 4,  no_path 0,  occlusion 0

```json
{
"movement": "I have navigated through the junction and am now facing the long hallway leading towards the white closet doors labeled B. I am positioned to walk straight down this corridor.",
"observation": {
    "front view": "A long hallway extends straight ahead towards white closet doors (B). Waypoints 1, 2, 3, 4 are visible on the floor near the junction.",
    "left view": "An opening into a kitchen area with dark cabinetry is visible to the left.",
    "right view": "A doorway leading into a bedroom is visible to the right.",
    "map": "The map shows my current position at the junction. The path forward goes up towards waypoints 1 and B."
},
"thought": "The instruction is to 'walk straight to the end of the hall'. I am currently facing the hallway that leads to B. To follow the instruction, I need to proceed down this hallway. Waypoint 1 is directly in front of me along this path.",
"stuck": false,
"plan": "Move forward down the hallway towards waypoint 1 and eventually towards the end near B. After reaching the end, I will look for a left turn into the living room to find the couch.",
"curr_step": "I am at the junction facing the hallway. Waypoint 1 is the next logical step to continue straight down the hall.",
"action": 1
}
```
Action: move_forward
Action: move_forward
Action: turn
Action: move_forward
Action: null
Action: turn
waypoints: 18
skipped waypoints: edge 1,  distance 6,  no_path 0,  occlusion 4
```json
{
"movement": "I have reached the end of the hallway and am now at a junction. To my left, I can see into a living room area with a couch and ottoman. I am currently facing a wall/corner near the entrance to this room.",
"observation": {
    "front view": "I am facing a white wall corner. To the left of the wall, there is an opening into a living room with a couch, ottoman, and large windows. Waypoints 1, 2, 3, 4, 5, 6 are visible on the floor.",
    "left view": "The living room is clearly visible to the left, containing a white couch with orange pillows and a brown ottoman.",
    "right view": "A wall and a doorway (possibly to a bathroom or bedroom) are to the right.",
    "map": "The map shows my current position near the junction. The living room area is to the north-west, marked with 'carpet' and furniture icons."
},
"thought": "I have completed the first part of the instruction ('walk straight to the end of the hall'). Now I need to 'turn left into living room, stop at the couch'. The living room is visible to my left. Waypoint 6 is located inside the living room area, near the ottoman and couch. Moving towards waypoint 6 will take me into the living room and closer to the target.",
"stuck": false,
"plan": "Move into the living room towards the couch. Waypoint 6 is the closest waypoint to the couch area visible in the front view.",
"curr_step": "I am at the end of the hall. The living room is to my left. I need to enter it and approach the couch. Waypoint 6 is the best candidate to reach the couch area.",
"action": 6
}
```
Action: turn
Action: move_forward
Action: turn
Action: move_forward
Action: move_forward
Action: turn
Action: move_forward
Action: null
Action: turn
waypoints: 11
skipped waypoints: edge 2,  distance 1,  no_path 0,  occlusion 1

```json
{
"movement": "I have entered the living room and am standing near the ottoman. I am facing the fireplace wall with couches on either side.",
"observation": {
    "front view": "I see a white couch with orange pillows on the left, a large ottoman in the center, and another white couch on the right. A fireplace is on the back wall.",
    "left view": "The hallway I came from is visible to the left, along with the side of the left couch.",
    "right view": "The right couch is visible to the right.",
    "map": "I am near waypoint 4. Waypoint 2 is located next to the left couch."
},
"thought": "The instruction is to 'stop at the couch'. I am in the living room but still a bit away from the couches. I need to move closer to one of them. The left couch (near waypoint 2) is a clear target.",
"stuck": false,
"plan": "Move towards the left couch near waypoint 2 to complete the instruction 'stop at the couch'.",
"curr_step": "I am in the living room. I need to approach the couch. Waypoint 2 is adjacent to the left couch.",
"action": 2
}
```
Action: turn
Action: move_forward
Action: turn
Action: move_forward
Action: move_forward
Action: turn
Action: move_forward
Action: null
Action: turn
waypoints: 3
skipped waypoints: edge 2,  distance 0,  no_path 0,  occlusion 0
2026-09-19 04:03:55,245 - INFO - --- Episode 86, Step 37/100 ---
2026-09-19 04:04:09,743 - INFO - HTTP Request: POST http://127.0.0.1:22448/v1/chat/completions "HTTP/1.1 200 OK"
 74%|███████▍  | 37/50 [7:50:54<2:11:17, 605.93s/it]Renderer: NVIDIA GeForce RTX 4090/PCIe/SSE2 by NVIDIA Corporation
OpenGL version: 4.6.0 NVIDIA 590.48.01
Using optional features:
    GL_ARB_vertex_array_object
    GL_ARB_separate_shader_objects
    GL_ARB_robustness
    GL_ARB_texture_storage
    GL_ARB_texture_view
    GL_ARB_framebuffer_no_attachments
    GL_ARB_invalidate_subdata
    GL_ARB_texture_storage_multisample
    GL_ARB_multi_bind
    GL_ARB_direct_state_access
    GL_ARB_get_texture_sub_image
    GL_ARB_texture_filter_anisotropic
    GL_KHR_debug
    GL_KHR_parallel_shader_compile
    GL_NV_depth_buffer_float
Using driver workarounds:
    no-forward-compatible-core-context
    nv-egl-incorrect-gl11-function-pointers
    no-layout-qualifiers-on-old-glsl
    nv-zero-context-profile-mask
    nv-implementation-color-read-format-dsa-broken
    nv-cubemap-inconsistent-compressed-image-size
    nv-cubemap-broken-full-compressed-image-query
    nv-compressed-block-size-in-bits
[04:04:13:333778]:[Warning]:[Metadata] SceneDatasetAttributes.cpp(107)::addNewSceneInstanceToDataset : Dataset : 'default' : Lighting Layout Attributes 'no_lights' specified in Scene Attributes but does not exist in dataset, so creating default.
2026-09-19 04:04:24,934 - INFO - Simulator initialized!
2026-09-19 04:04:51,267 - INFO - HTTP Request: POST http://127.0.0.1:22448/v1/chat/completions "HTTP/1.1 200 OK"
2026-09-19 04:04:52,006 - INFO - --- Episode 87, Step 1/100 ---
2026-09-19 04:08:14,419 - INFO - HTTP Request: POST http://127.0.0.1:22448/v1/chat/completions "HTTP/1.1 200 OK"
2026-09-19 04:11:18,373 - INFO - HTTP Request: POST http://127.0.0.1:22448/v1/chat/completions "HTTP/1.1 200 OK"
2026-09-19 04:11:48,608 - INFO - HTTP Request: POST http://127.0.0.1:22448/v1/chat/completions "HTTP/1.1 200 OK"
2026-09-19 04:11:49,204 - INFO - --- Episode 87, Step 2/100 ---
2026-09-19 04:11:49,741 - INFO - --- Episode 87, Step 3/100 ---
2026-09-19 04:11:50,276 - INFO - --- Episode 87, Step 4/100 ---
2026-09-19 04:11:51,009 - INFO - --- Episode 87, Step 5/100 ---
2026-09-19 04:11:51,583 - INFO - --- Episode 87, Step 6/100 ---
2026-09-19 04:11:52,141 - INFO - --- Episode 87, Step 7/100 ---
2026-09-19 04:11:52,753 - INFO - --- Episode 87, Step 8/100 ---
2026-09-19 04:11:53,391 - INFO - --- Episode 87, Step 9/100 ---
2026-09-19 04:11:54,138 - INFO - --- Episode 87, Step 10/100 ---
2026-09-19 04:13:52,831 - INFO - HTTP Request: POST http://127.0.0.1:22448/v1/chat/completions "HTTP/1.1 200 OK"
2026-09-19 04:14:13,854 - INFO - HTTP Request: POST http://127.0.0.1:22448/v1/chat/completions "HTTP/1.1 200 OK"
2026-09-19 04:14:14,494 - INFO - --- Episode 87, Step 11/100 ---
2026-09-19 04:14:15,093 - INFO - --- Episode 87, Step 12/100 ---
2026-09-19 04:14:15,732 - INFO - --- Episode 87, Step 13/100 ---
2026-09-19 04:14:16,325 - INFO - --- Episode 87, Step 14/100 ---
2026-09-19 04:14:17,144 - INFO - --- Episode 87, Step 15/100 ---
2026-09-19 04:14:17,775 - INFO - --- Episode 87, Step 16/100 ---
2026-09-19 04:14:53,996 - INFO - HTTP Request: POST http://127.0.0.1:22448/v1/chat/completions "HTTP/1.1 200 OK"
```json
{
"movement": "I have moved forward into the living room and approached the white couch with orange pillows until I am standing directly next to it.",
"observation": {
    "front view": "I am facing the corner of the living room near a window with blinds. The white couch with orange and patterned pillows is immediately to my left and front.",
    "left view": "The hallway entrance and a clock on the wall are visible to the left.",
    "right view": "Another section of the living room with a large ottoman and another couch is visible to the right.",
    "map": "The map shows my position (red triangle) directly adjacent to the 'sofa' label in the living room area."
},
"thought": "I have successfully followed the instructions: walked straight to the end of the hall, turned left into the living room, and moved to the couch. I am now standing right next to the target object (the couch). The task is complete.",
"stuck": false,
"plan": "The task P1 is completed. No further movement is needed.",
"curr_step": "The subtask P1 is completed as I have reached the couch.",
"action": -1
}
```
Action: stop
waypoints: 3
skipped waypoints: edge 2,  distance 0,  no_path 0,  occlusion 0
```json
{
"movement": "I have successfully navigated from the start, down the hallway, turned left into the living room, and approached the white couch with orange pillows until I am standing directly next to it.",
"observation": {
    "front view": "I am facing the corner of the living room near a window. The white couch is immediately to my left/front, very close (within 1m).",
    "left view": "The hallway entrance and a clock on the wall are visible to the left.",
    "right view": "Another section of the living room with a large ottoman and another couch is visible to the right.",
    "map": "The map shows my position (red triangle) directly adjacent to the 'sofa' label in the living room area."
},
"thought": "I have followed all parts of the instruction: walked straight to the end of the hall, turned left into the living room, and stopped at the couch. I am currently standing right next to the target object.",
"stuck": false,
"plan": "The task P1 is completed. No further movement is needed.",
"curr_step": "The subtask P1 is completed as I have reached the couch.",
"action": -1
}
```
Action: stop
['Go through the wooden doors to the dining area. Walk past the dining table to the glass and wood doors beyond.', 'Turn right and go through the doors to the vestibule. Stop at the doors leading to a second dining area.']
Initialized data for new floor level: 0
Switching pcds to floor level: 0
Initialized data for new floor level: 0
Switching pcds to floor level: 0
Initialized data for new floor level: 0
Switching pcds to floor level: 0
[StairDetect] normals=0.0039s, cpu=0.0002s, cluster=0.0301s, loop=0.0371s, total=0.0810s
waypoints: 26
skipped waypoints: edge 3,  distance 11,  no_path 0,  occlusion 4


```json
{
"movement": "I am currently standing in a hallway facing towards wooden doors labeled 'B'. To my right, there is an opening into a dining area with a large table and glass doors/windows at the far end.",
"observation": {
    "front view": "A hallway leading to wooden double doors labeled 'B' and another set of doors further down. There are numbered waypoints 1-7 on the floor.",
    "left view": "A wall and a doorway leading to another area.",
    "right view": "A large dining room with a wooden table, chairs, and glass doors/windows at the far end. I am standing just outside the entrance to this room.",
    "map": "The map shows my current position near 'START'. There are paths leading forward (towards 1) and right (towards 3, 4, 5). The dining room is to the right."
},
"thought": "The instruction asks me to go through wooden doors to the dining area. The Right View clearly shows a dining area with a table and glass doors beyond it, which matches the description 'Walk past the dining table to the glass and wood doors beyond'. This dining area is located to my right. Therefore, I need to turn right and move into that room. Waypoint 3 is positioned near the entrance to this room.",
"stuck": false,
"plan": "I will move towards waypoint 3 to enter the dining area on the right. Once inside, I will walk past the dining table towards the glass and wood doors at the far end of that room.",
"curr_step": "I need to enter the dining area which is to my right. Waypoint 3 is located near the entrance to this room. Moving to waypoint 3 will take me through the wooden door frame into the dining area.",
"action": 3
}
```
Calculated floor height difference: 2.84m
Action: turn
Action: move_forward
Action: move_forward
Action: turn
Action: move_forward
Action: move_forward
Action: move_forward
Action: null
Action: turn
waypoints: 32
skipped waypoints: edge 1,  distance 11,  no_path 0,  occlusion 13

```json
{
"movement": "I have moved forward through the hallway and am now approaching the entrance to the dining area on the right. I am positioned near the threshold of this room.",
"observation": {
    "front view": "I see the hallway continuing ahead with an archway in the distance. To my right, there is a large opening into a room with wooden floors, a dining table, and chairs. Waypoint 4 is on the floor near the corner of the wall separating the hallway from this room.",
    "left view": "There are wooden doors with glass panes to my left.",
    "right view": "I can see into the dining area with a large table and chairs through the wide opening.",
    "map": "The map shows the path leading towards the room on the right where the 'chair' is located. Waypoint 4 is near the entrance to this area."
},
"thought": "The instruction is to go through wooden doors to the dining area. The room to my right clearly contains a dining table and chairs, matching the description. I need to enter this room. Waypoint 4 is positioned near the entrance/corner of this room, guiding me towards it. Moving to waypoint 4 will put me in position to enter the dining area.",
"stuck": false,
"plan": "I will move towards waypoint 4 to approach the entrance of the dining area on the right. Once there, I will turn right and enter the room to walk past the dining table towards the glass and wood doors at the far end.",
"curr_step": "I am currently in the hallway just outside the dining area. Waypoint 4 is located near the corner of the wall leading into the dining room. Moving to waypoint 4 is the correct next step to reach the entrance.",
"action": 4
}
```
Action: turn
Action: move_forward
Action: turn
Action: move_forward
Action: null
Action: turn
waypoints: 46
skipped waypoints: edge 1,  distance 25,  no_path 0,  occlusion 12
2026-09-19 04:14:54,822 - INFO - --- Episode 87, Step 17/100 ---
2026-09-19 04:14:55,447 - INFO - --- Episode 87, Step 18/100 ---
2026-09-19 04:14:56,142 - INFO - --- Episode 87, Step 19/100 ---
2026-09-19 04:14:57,017 - INFO - --- Episode 87, Step 20/100 ---
2026-09-19 04:14:57,701 - INFO - --- Episode 87, Step 21/100 ---
2026-09-19 04:14:58,412 - INFO - --- Episode 87, Step 22/100 ---
2026-09-19 04:14:59,140 - INFO - --- Episode 87, Step 23/100 ---
2026-09-19 04:14:59,868 - INFO - --- Episode 87, Step 24/100 ---
2026-09-19 04:15:58,660 - INFO - HTTP Request: POST http://127.0.0.1:22448/v1/chat/completions "HTTP/1.1 200 OK"
2026-09-19 04:16:30,816 - INFO - HTTP Request: POST http://127.0.0.1:22448/v1/chat/completions "HTTP/1.1 200 OK"
2026-09-19 04:16:58,081 - INFO - HTTP Request: POST http://127.0.0.1:22448/v1/chat/completions "HTTP/1.1 200 OK"
2026-09-19 04:16:58,941 - INFO - --- Episode 87, Step 25/100 ---
2026-09-19 04:17:38,347 - INFO - HTTP Request: POST http://127.0.0.1:22448/v1/chat/completions "HTTP/1.1 200 OK"
2026-09-19 04:17:39,463 - INFO - --- Episode 87, Step 26/100 ---
2026-09-19 04:17:41,180 - INFO - --- Episode 87, Step 27/100 ---
2026-09-19 04:17:41,908 - INFO - --- Episode 87, Step 28/100 ---
2026-09-19 04:17:43,433 - INFO - --- Episode 87, Step 29/100 ---
2026-09-19 04:17:45,558 - INFO - --- Episode 87, Step 30/100 ---
2026-09-19 04:17:46,814 - INFO - --- Episode 87, Step 31/100 ---
2026-09-19 04:17:48,091 - INFO - --- Episode 87, Step 32/100 ---
2026-09-19 04:17:49,405 - INFO - --- Episode 87, Step 33/100 ---
2026-09-19 04:17:51,254 - INFO - --- Episode 87, Step 34/100 ---
2026-09-19 04:17:53,053 - INFO - --- Episode 87, Step 35/100 ---
2026-09-19 04:17:55,028 - INFO - --- Episode 87, Step 36/100 ---
2026-09-19 04:17:56,574 - INFO - --- Episode 87, Step 37/100 ---
2026-09-19 04:17:57,833 - INFO - --- Episode 87, Step 38/100 ---
2026-09-19 04:17:59,297 - INFO - --- Episode 87, Step 39/100 ---
2026-09-19 04:18:13,371 - INFO - HTTP Request: POST http://127.0.0.1:22448/v1/chat/completions "HTTP/1.1 400 Bad Request"
2026-09-19 04:18:15,194 - INFO - HTTP Request: POST http://127.0.0.1:22448/v1/chat/completions "HTTP/1.1 400 Bad Request"
2026-09-19 04:18:17,054 - INFO - HTTP Request: POST http://127.0.0.1:22448/v1/chat/completions "HTTP/1.1 400 Bad Request"
 76%|███████▌  | 38/50 [8:05:03<2:15:44, 678.68s/it]Renderer: NVIDIA GeForce RTX 4090/PCIe/SSE2 by NVIDIA Corporation
OpenGL version: 4.6.0 NVIDIA 590.48.01
Using optional features:
    GL_ARB_vertex_array_object
    GL_ARB_separate_shader_objects
    GL_ARB_robustness
    GL_ARB_texture_storage
    GL_ARB_texture_view
    GL_ARB_framebuffer_no_attachments
    GL_ARB_invalidate_subdata
    GL_ARB_texture_storage_multisample
    GL_ARB_multi_bind
    GL_ARB_direct_state_access
    GL_ARB_get_texture_sub_image
    GL_ARB_texture_filter_anisotropic
    GL_KHR_debug
    GL_KHR_parallel_shader_compile
    GL_NV_depth_buffer_float
Using driver workarounds:
    no-forward-compatible-core-context
    nv-egl-incorrect-gl11-function-pointers
    no-layout-qualifiers-on-old-glsl
    nv-zero-context-profile-mask
    nv-implementation-color-read-format-dsa-broken
    nv-cubemap-inconsistent-compressed-image-size
    nv-cubemap-broken-full-compressed-image-query
    nv-compressed-block-size-in-bits
[04:18:21:771743]:[Warning]:[Metadata] SceneDatasetAttributes.cpp(107)::addNewSceneInstanceToDataset : Dataset : 'default' : Lighting Layout Attributes 'no_lights' specified in Scene Attributes but does not exist in dataset, so creating default.
2026-09-19 04:18:33,457 - INFO - Simulator initialized!
2026-09-19 04:18:58,695 - INFO - HTTP Request: POST http://127.0.0.1:22448/v1/chat/completions "HTTP/1.1 200 OK"
2026-09-19 04:18:59,472 - INFO - --- Episode 88, Step 1/100 ---
2026-09-19 04:19:32,517 - INFO - HTTP Request: POST http://127.0.0.1:22448/v1/chat/completions "HTTP/1.1 200 OK"
2026-09-19 04:19:33,206 - INFO - --- Episode 88, Step 2/100 ---
2026-09-19 04:19:47,635 - INFO - HTTP Request: POST http://127.0.0.1:22448/v1/chat/completions "HTTP/1.1 200 OK"
2026-09-19 04:19:48,624 - INFO - --- Episode 88, Step 3/100 ---
2026-09-19 04:19:49,595 - INFO - --- Episode 88, Step 4/100 ---
2026-09-19 04:19:50,729 - INFO - --- Episode 88, Step 5/100 ---
2026-09-19 04:19:51,789 - INFO - --- Episode 88, Step 6/100 ---
2026-09-19 04:19:52,721 - INFO - --- Episode 88, Step 7/100 ---
2026-09-19 04:19:53,738 - INFO - --- Episode 88, Step 8/100 ---
2026-09-19 04:19:54,727 - INFO - --- Episode 88, Step 9/100 ---
2026-09-19 04:20:25,903 - INFO - HTTP Request: POST http://127.0.0.1:22448/v1/chat/completions "HTTP/1.1 200 OK"
```json
{
"movement": "I have moved forward through the hallway and am now positioned near the entrance to the room on the right. I am facing a large wooden pillar/wall section with an opening to its right leading into a room with furniture.",
"observation": {
    "front view": "I see a large wooden pillar in the center. To the left is an archway leading to another hallway. To the right is a wide opening into a room with wooden floors, chairs, and tables (likely the dining area). Waypoints 1, 2, 3, 4, 6 are visible on the floor.",
    "left view": "There are wooden doors with glass panes to my left.",
    "right view": "I can see into the room on the right more clearly. It contains chairs and a table, consistent with a dining area. There are windows/doors at the far end letting in light.",
    "map": "The map shows the path leading towards the room on the right where 'chair' and 'desk' are labeled. Waypoint 6 is near the entrance to this room."
},
"thought": "The instruction is to go through wooden doors to the dining area and walk past the dining table to glass and wood doors beyond. The room to my right contains a table and chairs, fitting the description of a dining area. The opening to this room appears to be framed by wood. I need to enter this room. Waypoint 6 is located near the entrance to this room.",
"stuck": false,
"plan": "I will move towards waypoint 6 to enter the dining area on the right. Once inside, I will walk past the dining table towards the glass and wood doors at the far end of that room.",
"curr_step": "I am currently in the hallway near the entrance to the dining area. Waypoint 6 is positioned near the threshold of this room. Moving to waypoint 6 will take me into the dining area.",
"action": 6
}
```
Action: move_forward
Action: turn
Action: move_forward
Action: move_forward
Action: turn
Action: move_forward
Action: null
Action: turn
waypoints: 44
skipped waypoints: edge 2,  distance 26,  no_path 0,  occlusion 14



Action: stop
waypoints: 44
skipped waypoints: edge 2,  distance 26,  no_path 0,  occlusion 14
```json
{
"movement": "I have moved into a large room with wood paneling, sofas, and a fireplace. I am currently facing towards a seating area with a fireplace. To my right, there is an opening leading to another room with a dining table.",
"observation": {
    "front view": "I see a seating area with armchairs and a sofa. Waypoint 2 is near a chair in this area. To the left is a fireplace. Straight ahead is more of the living space.",
    "left view": "Wooden doors with glass panes are visible to the left, leading outside or to another room.",
    "right view": "Through an opening to the right, I can see a dining table with chairs and glass doors/windows at the far end. This appears to be the dining area mentioned in the instructions.",
    "map": "The map shows my current position near a 'chair' and 'lar carpet'. The path leads towards the center of this room. The dining area is to the right."
},
"thought": "The instruction is to go through wooden doors to the dining area and walk past the dining table to glass and wood doors beyond. I am currently in a living room area. The dining area is visible to my right. To reach it, I need to move towards the opening on the right. Waypoint 2 is located near a chair in the direction of that opening. Moving to waypoint 2 will position me better to enter the dining area.",
"stuck": false,
"plan": "I will move towards waypoint 2 to get closer to the entrance of the dining area. Once there, I will turn right and proceed into the dining room, walking past the table towards the glass doors at the far end.",
"curr_step": "I am in the living room area. Waypoint 2 is near a chair, slightly to the right of my current heading, leading towards the opening for the dining area. Moving to waypoint 2 is the correct next step to approach the dining area entrance.",
"action": 2
}
```
Action: turn
Action: move_forward
Action: turn
Action: move_forward
Action: turn
Action: move_forward
Action: turn
Action: move_forward
Action: turn
Action: move_forward
Action: turn
Action: move_forward
Action: null
Action: turn
waypoints: 34
skipped waypoints: edge 2,  distance 17,  no_path 0,  occlusion 6
Action: stop
['Enter the dining room and walk to the other end. Go through the double doors on the right.', 'Walk straight across the walkway and wait outside on the mat.']
Initialized data for new floor level: 0
Switching pcds to floor level: 0
Initialized data for new floor level: 0
Switching pcds to floor level: 0
Initialized data for new floor level: 0
Switching pcds to floor level: 0
[StairDetect] normals=0.0034s, cpu=0.0003s, cluster=0.0297s, loop=0.0365s, total=0.0796s
waypoints: 26
skipped waypoints: edge 3,  distance 11,  no_path 0,  occlusion 4
```json
{
"movement": "I am standing in a hallway with terracotta tile flooring. To my immediate right, there is a large opening leading into a dining room with a wooden table and chairs (visible in the Right View). Ahead of me, the hallway continues towards a set of double doors labeled 'B'.",
"observation": {
    "front view": "The hallway extends forward with terracotta tiles. There are double doors labeled 'B' further down on the left/center. To the right, there is a wall corner and an opening into another room.",
    "left view": "A wall and a door frame are visible to the left.",
    "right view": "A large dining room is visible with a long wooden table, chairs, and windows at the far end.",
    "map": "The map shows my current position (START) in a corridor. To the right of the corridor is a large dark area representing the dining room. The path ahead leads further down the hallway."
},
"thought": "The instruction is to 'Enter the dining room'. The Right View clearly shows a dining room immediately to my right. I am currently facing down the hallway (Front View). To enter the dining room, I need to turn towards it. Therefore, I must turn right.",
"stuck": false,
"plan": "1. Turn right to face the dining room entrance.\n2. Move forward into the dining room.\n3. Walk across the dining room towards the far end (where the windows are).\n4. Look for double doors on the right side of that room to complete the subtask.",
"curr_step": "I am currently facing the hallway. The dining room is to my right. I need to turn right to enter it.",
"action": "R"
}
```
Calculated floor height difference: 2.84m
Action: turn
waypoints: 31
skipped waypoints: edge 2,  distance 15,  no_path 0,  occlusion 5
```json
{
"movement": "I have turned right from the hallway and am now facing the entrance to the dining room. The large wooden table and chairs are visible ahead on a rug.",
"observation": {
    "front view": "I see the entrance to the dining room. There is a large wooden table with chairs on a rug. Waypoint 3 is near the table leg/chair just inside the room. Waypoint 5 is further back on the rug. To the left is a pillar and the hallway I came from.",
    "left view": "The hallway continues to the left with terracotta tiles.",
    "right view": "A large wooden cabinet/sideboard is visible against the wall inside the dining room.",
    "map": "The map shows the dining room area (with 'chair' and 'carpet' labels) to the right of my current position. I need to move into that area."
},
"thought": "I am at the threshold of the dining room. The instruction is to enter it and walk to the other end. Waypoint 3 is located just inside the dining room near the table. Moving towards it will complete the 'Enter' part of the instruction and position me to walk across the room.",
"stuck": false,
"plan": "1. Move forward into the dining room towards waypoint 3.\n2. Continue walking across the rug towards the far end of the room (where the windows/doors are).\n3. Look for double doors on the right side at the far end.",
"curr_step": "I need to enter the dining room. Waypoint 3 is the closest point inside the room.",
"action": 3
}
```
Action: turn
Action: move_forward
Action: turn
Action: move_forward
Action: turn
Action: move_forward
Action: null
waypoints: 42
skipped waypoints: edge 1,  distance 28,  no_path 0,  occlusion 5
2026-09-19 04:20:27,078 - INFO - --- Episode 88, Step 10/100 ---
2026-09-19 04:20:27,928 - INFO - --- Episode 88, Step 11/100 ---
2026-09-19 04:20:28,613 - INFO - --- Episode 88, Step 12/100 ---
2026-09-19 04:20:29,222 - INFO - --- Episode 88, Step 13/100 ---
2026-09-19 04:20:29,922 - INFO - --- Episode 88, Step 14/100 ---
2026-09-19 04:20:30,874 - INFO - --- Episode 88, Step 15/100 ---
2026-09-19 04:22:34,375 - INFO - HTTP Request: POST http://127.0.0.1:22448/v1/chat/completions "HTTP/1.1 200 OK"
2026-09-19 04:24:15,070 - INFO - HTTP Request: POST http://127.0.0.1:22448/v1/chat/completions "HTTP/1.1 200 OK"
2026-09-19 04:25:36,189 - INFO - HTTP Request: POST http://127.0.0.1:22448/v1/chat/completions "HTTP/1.1 200 OK"
2026-09-19 04:25:36,983 - INFO - --- Episode 88, Step 16/100 ---
2026-09-19 04:25:58,549 - INFO - HTTP Request: POST http://127.0.0.1:22448/v1/chat/completions "HTTP/1.1 200 OK"
2026-09-19 04:25:59,571 - INFO - --- Episode 88, Step 17/100 ---
2026-09-19 04:26:00,379 - INFO - --- Episode 88, Step 18/100 ---
2026-09-19 04:26:01,160 - INFO - --- Episode 88, Step 19/100 ---
2026-09-19 04:26:02,081 - INFO - --- Episode 88, Step 20/100 ---
2026-09-19 04:26:02,718 - INFO - --- Episode 88, Step 21/100 ---
2026-09-19 04:26:03,444 - INFO - --- Episode 88, Step 22/100 ---
2026-09-19 04:26:04,196 - INFO - --- Episode 88, Step 23/100 ---
2026-09-19 04:26:04,877 - INFO - --- Episode 88, Step 24/100 ---
2026-09-19 04:26:32,547 - INFO - HTTP Request: POST http://127.0.0.1:22448/v1/chat/completions "HTTP/1.1 200 OK"
2026-09-19 04:26:33,904 - INFO - --- Episode 88, Step 25/100 ---
2026-09-19 04:26:34,751 - INFO - --- Episode 88, Step 26/100 ---
2026-09-19 04:26:36,018 - INFO - --- Episode 88, Step 27/100 ---
2026-09-19 04:26:36,833 - INFO - --- Episode 88, Step 28/100 ---
2026-09-19 04:27:13,878 - INFO - HTTP Request: POST http://127.0.0.1:22448/v1/chat/completions "HTTP/1.1 200 OK"
2026-09-19 04:27:37,497 - INFO - HTTP Request: POST http://127.0.0.1:22448/v1/chat/completions "HTTP/1.1 200 OK"
2026-09-19 04:27:52,773 - INFO - HTTP Request: POST http://127.0.0.1:22448/v1/chat/completions "HTTP/1.1 200 OK"
 78%|███████▊  | 39/50 [8:14:40<1:58:52, 648.40s/it]Renderer: NVIDIA GeForce RTX 4090/PCIe/SSE2 by NVIDIA Corporation
OpenGL version: 4.6.0 NVIDIA 590.48.01
Using optional features:
    GL_ARB_vertex_array_object
    GL_ARB_separate_shader_objects
    GL_ARB_robustness
    GL_ARB_texture_storage
    GL_ARB_texture_view
    GL_ARB_framebuffer_no_attachments
    GL_ARB_invalidate_subdata
    GL_ARB_texture_storage_multisample
    GL_ARB_multi_bind
    GL_ARB_direct_state_access
    GL_ARB_get_texture_sub_image
    GL_ARB_texture_filter_anisotropic
    GL_KHR_debug
    GL_KHR_parallel_shader_compile
    GL_NV_depth_buffer_float
Using driver workarounds:
    no-forward-compatible-core-context
    nv-egl-incorrect-gl11-function-pointers
    no-layout-qualifiers-on-old-glsl
    nv-zero-context-profile-mask
    nv-implementation-color-read-format-dsa-broken
    nv-cubemap-inconsistent-compressed-image-size
    nv-cubemap-broken-full-compressed-image-query
    nv-compressed-block-size-in-bits
[04:27:59:492909]:[Warning]:[Metadata] SceneDatasetAttributes.cpp(107)::addNewSceneInstanceToDataset : Dataset : 'default' : Lighting Layout Attributes 'no_lights' specified in Scene Attributes but does not exist in dataset, so creating default.
2026-09-19 04:28:11,251 - INFO - Simulator initialized!
2026-09-19 04:28:39,457 - INFO - HTTP Request: POST http://127.0.0.1:22448/v1/chat/completions "HTTP/1.1 200 OK"
2026-09-19 04:28:40,205 - INFO - --- Episode 89, Step 1/100 ---
2026-09-19 04:32:06,123 - INFO - HTTP Request: POST http://127.0.0.1:22448/v1/chat/completions "HTTP/1.1 200 OK"
2026-09-19 04:32:39,937 - INFO - HTTP Request: POST http://127.0.0.1:22448/v1/chat/completions "HTTP/1.1 200 OK"
2026-09-19 04:32:40,441 - INFO - --- Episode 89, Step 2/100 ---
2026-09-19 04:32:41,015 - INFO - --- Episode 89, Step 3/100 ---
2026-09-19 04:32:41,598 - INFO - --- Episode 89, Step 4/100 ---
2026-09-19 04:32:42,321 - INFO - --- Episode 89, Step 5/100 ---
2026-09-19 04:32:42,674 - INFO - --- Episode 89, Step 6/100 ---
2026-09-19 04:32:43,271 - INFO - --- Episode 89, Step 7/100 ---
2026-09-19 04:32:43,803 - INFO - --- Episode 89, Step 8/100 ---
```json
{
"movement": "I have moved into the dining room and am now positioned near the large wooden table. I am facing towards the far end of the room which opens up into a living area with a fireplace.",
"observation": {
    "front view": "I see the open floor space ahead leading towards a living area with a sofa and fireplace (labeled B in previous views). To the right, there is a large wooden sideboard/cabinet and glass doors/windows further back. The dining table is to my right.",
    "left view": "A wall and doorway are visible to the left.",
    "right view": "The dining table and chairs are close by. Further right along the wall are glass doors/windows.",
    "map": "The map shows the dining room (orange/red area) where I am. The path forward leads towards the living room area (blue area with sofa/lamp). Waypoint 1 is in the open space ahead, near the transition to the living room."
},
"thought": "I have entered the dining room and am currently near the table. The instruction is to 'walk to the other end'. The far end of the dining room appears to be the area leading into the living room (towards the fireplace/living area). Waypoint 1 is located in this open space ahead, which aligns with walking to the other end of the room. Once I reach that end, I will look for double doors on the right.",
"stuck": false,
"plan": "1. Move forward towards waypoint 1 to reach the far end of the dining room.\n2. Once at the far end, identify the double doors on the right.\n3. Go through those double doors.",
"curr_step": "I need to continue walking across the dining room to the other end. Waypoint 1 is directly ahead in the open space.",
"action": 1
}
```
Action: move_forward
Action: turn
Action: move_forward
Action: turn
Action: move_forward
Action: null
waypoints: 44
skipped waypoints: edge 12,  distance 12,  no_path 0,  occlusion 14



Action: stop
waypoints: 44
skipped waypoints: edge 12,  distance 12,  no_path 0,  occlusion 14
```json
{
"movement": "I have moved from the entrance of the dining room into the main area, passing the large wooden table. I am now positioned near the transition between the dining area and the living area, facing towards the far end of the room.",
"observation": {
    "front view": "I see a living area with sofas and a coffee table ahead. To the right, there is a large lamp and more seating. The floor is wooden.",
    "left view": "There is a large wooden pillar/wall section to my left and an archway leading back towards the hallway.",
    "right view": "To my right, there is a dining table with chairs on a rug. Further along that wall, there are double doors with glass panes (visible in the background of the right view).",
    "map": "The map shows I am near the boundary of the orange (dining) and blue (living) areas. Waypoint 1 is located further ahead along the right side of the room."
},
"thought": "I have entered the dining room and am walking towards the other end as instructed. The double doors mentioned in the instruction are visible on the right wall (seen in the Right View). I need to continue moving forward along this side to reach them.",
"stuck": false,
"plan": "1. Move forward towards waypoint 1 to get closer to the far end of the room and the double doors on the right.\n2. Once close to the doors, turn right and go through them.\n3. Walk across the walkway outside and wait on the mat.",
"curr_step": "I need to continue walking to the other end of the room. Waypoint 1 is ahead and slightly to the right, aligning with the wall where the double doors are located.",
"action": 1
}
```
Action: turn
Action: move_forward
Action: turn
Action: move_forward
Action: turn
Action: move_forward
Action: null
Action: turn
waypoints: 44
skipped waypoints: edge 2,  distance 22,  no_path 0,  occlusion 15
```json
{
"movement": "I have moved forward from the dining area towards the far end of the room where a long wooden chest is located against the wall. I am now positioned near the transition between the living area and the hallway/corridor section on the right.",
"observation": {
    "front view": "Directly ahead is a long, ornate wooden chest/bench against a wood-paneled wall. To the left is an archway leading to a living room with a fireplace. To the right is a large wooden pillar/wall section.",
    "left view": "A living room area with sofas, a lamp, and a fireplace is visible through an archway.",
    "right view": "To the right, past the pillar, there are double doors with glass panes leading to another area (possibly outside or a hallway).",
    "map": "The map shows my position near the dining/living transition. Waypoint 3 is located near the wall/pillar on the right side of the front view."
},
"thought": "I have walked to the other end of the room as instructed. The double doors mentioned in the instruction are visible in the Right View, located further down the wall on the right side. To reach them and go through, I need to move closer to that section of the wall. Waypoint 3 is positioned near the pillar/wall on the right, which will put me in a good position to turn into those doors.",
"stuck": false,
"plan": "1. Move towards waypoint 3 to get closer to the double doors on the right.\n2. Once close enough, turn right and go through the double doors.\n3. Walk across the walkway outside and wait on the mat.",
"curr_step": "I need to approach the double doors on the right. Waypoint 3 is near the wall/pillar where these doors are located.",
"action": 3
}
```
Action: turn
Action: move_forward
Action: null
Action: turn
waypoints: 19
skipped waypoints: edge 4,  distance 10,  no_path 0,  occlusion 2



Action: stop
['Walk into the dining area and make a right when you get to the end of the table.', 'Walk down the hall and stand in front of the door of the dining room at the end of the hall.']
Initialized data for new floor level: 0
Switching pcds to floor level: 0
Initialized data for new floor level: 0
Switching pcds to floor level: 0
Initialized data for new floor level: 0
Switching pcds to floor level: 0
[StairDetect] normals=0.0033s, cpu=0.0003s, cluster=0.0302s, loop=0.0368s, total=0.0804s
waypoints: 26
skipped waypoints: edge 3,  distance 11,  no_path 0,  occlusion 4

```json
{
"movement": "I am currently standing in a hallway facing forward towards another doorway (labeled B). To my right, there is an opening into a large room with a long wooden table, which is the dining area mentioned in the instructions. I need to enter this dining area.",
"observation": {
    "front view": "I see a hallway extending forward with terracotta tile flooring. There are doorways on the left and right sides of the hallway further down. Waypoints 1, 2, 4, 5, 6, 7 are visible in the hallway.",
    "left view": "There is a wall and a doorway to the left.",
    "right view": "I see into a large dining room with a long wooden table and chairs on a rug. This is the destination for the first part of the instruction.",
    "map": "The map shows my current position near the start point. The path forward leads down the hallway. The dining room is to the right."
},
"thought": "The instruction is to 'Walk into the dining area'. The dining area is clearly visible to my right in the Right View. To enter it, I need to move towards the opening on the right side of the hallway. Waypoint 5 is located near the right wall of the hallway, close to the entrance of the dining room. Moving to waypoint 5 will position me at the threshold of the dining area.",
"stuck": false,
"plan": "1. Move towards waypoint 5 to reach the entrance of the dining area. 2. Turn right and enter the dining room. 3. Walk along the table towards its end. 4. Make a right turn at the end of the table as instructed.",
"curr_step": "I am currently in the hallway. The dining room is to my right. Waypoint 5 is near the entrance to the dining room on the right side of the hallway. Moving to waypoint 5 is the correct next step to approach the dining area.",
"action": 5
}
```
Calculated floor height difference: 2.84m
Action: turn
Action: move_forward
Action: move_forward
Action: turn
Action: move_forward
Action: null
Action: turn
waypoints: 15
2026-09-19 04:33:08,796 - INFO - HTTP Request: POST http://127.0.0.1:22448/v1/chat/completions "HTTP/1.1 200 OK"
2026-09-19 04:33:09,546 - INFO - --- Episode 89, Step 9/100 ---
2026-09-19 04:33:10,361 - INFO - --- Episode 89, Step 10/100 ---
2026-09-19 04:33:11,184 - INFO - --- Episode 89, Step 11/100 ---
2026-09-19 04:33:11,866 - INFO - --- Episode 89, Step 12/100 ---
2026-09-19 04:33:12,492 - INFO - --- Episode 89, Step 13/100 ---
2026-09-19 04:33:13,115 - INFO - --- Episode 89, Step 14/100 ---
2026-09-19 04:33:14,034 - INFO - --- Episode 89, Step 15/100 ---
2026-09-19 04:33:14,729 - INFO - --- Episode 89, Step 16/100 ---
2026-09-19 04:35:19,461 - INFO - HTTP Request: POST http://127.0.0.1:22448/v1/chat/completions "HTTP/1.1 200 OK"
2026-09-19 04:36:59,219 - INFO - HTTP Request: POST http://127.0.0.1:22448/v1/chat/completions "HTTP/1.1 200 OK"
2026-09-19 04:38:06,334 - INFO - HTTP Request: POST http://127.0.0.1:22448/v1/chat/completions "HTTP/1.1 200 OK"
2026-09-19 04:38:07,429 - INFO - --- Episode 89, Step 17/100 ---
2026-09-19 04:38:08,067 - INFO - --- Episode 89, Step 18/100 ---
2026-09-19 04:38:08,660 - INFO - --- Episode 89, Step 19/100 ---
2026-09-19 04:38:09,490 - INFO - --- Episode 89, Step 20/100 ---
2026-09-19 04:38:10,173 - INFO - --- Episode 89, Step 21/100 ---
2026-09-19 04:38:10,895 - INFO - --- Episode 89, Step 22/100 ---
2026-09-19 04:38:11,616 - INFO - --- Episode 89, Step 23/100 ---
2026-09-19 04:39:14,576 - INFO - HTTP Request: POST http://127.0.0.1:22448/v1/chat/completions "HTTP/1.1 200 OK"
2026-09-19 04:39:49,226 - INFO - HTTP Request: POST http://127.0.0.1:22448/v1/chat/completions "HTTP/1.1 200 OK"
2026-09-19 04:40:17,549 - INFO - HTTP Request: POST http://127.0.0.1:22448/v1/chat/completions "HTTP/1.1 200 OK"
2026-09-19 04:40:18,189 - INFO - --- Episode 89, Step 24/100 ---
2026-09-19 04:41:03,639 - INFO - HTTP Request: POST http://127.0.0.1:22448/v1/chat/completions "HTTP/1.1 200 OK"
2026-09-19 04:41:05,529 - INFO - --- Episode 89, Step 25/100 ---
2026-09-19 04:41:06,578 - INFO - --- Episode 89, Step 26/100 ---
2026-09-19 04:41:08,121 - INFO - --- Episode 89, Step 27/100 ---
2026-09-19 04:41:09,277 - INFO - --- Episode 89, Step 28/100 ---
2026-09-19 04:41:11,154 - INFO - --- Episode 89, Step 29/100 ---
2026-09-19 04:41:13,178 - INFO - --- Episode 89, Step 30/100 ---
2026-09-19 04:41:14,395 - INFO - --- Episode 89, Step 31/100 ---
2026-09-19 04:41:15,585 - INFO - --- Episode 89, Step 32/100 ---
2026-09-19 04:41:17,540 - INFO - --- Episode 89, Step 33/100 ---
2026-09-19 04:41:19,924 - INFO - --- Episode 89, Step 34/100 ---
2026-09-19 04:41:21,693 - INFO - --- Episode 89, Step 35/100 ---
2026-09-19 04:41:23,297 - INFO - --- Episode 89, Step 36/100 ---
2026-09-19 04:41:26,265 - INFO - --- Episode 89, Step 37/100 ---
2026-09-19 04:41:40,760 - INFO - HTTP Request: POST http://127.0.0.1:22448/v1/chat/completions "HTTP/1.1 400 Bad Request"
2026-09-19 04:41:42,532 - INFO - HTTP Request: POST http://127.0.0.1:22448/v1/chat/completions "HTTP/1.1 400 Bad Request"
2026-09-19 04:41:44,298 - INFO - HTTP Request: POST http://127.0.0.1:22448/v1/chat/completions "HTTP/1.1 400 Bad Request"
 80%|████████  | 40/50 [8:28:29<1:57:05, 702.54s/it]Renderer: NVIDIA GeForce RTX 4090/PCIe/SSE2 by NVIDIA Corporation
OpenGL version: 4.6.0 NVIDIA 590.48.01
Using optional features:
    GL_ARB_vertex_array_object
    GL_ARB_separate_shader_objects
    GL_ARB_robustness
    GL_ARB_texture_storage
    GL_ARB_texture_view
    GL_ARB_framebuffer_no_attachments
    GL_ARB_invalidate_subdata
    GL_ARB_texture_storage_multisample
    GL_ARB_multi_bind
    GL_ARB_direct_state_access
    GL_ARB_get_texture_sub_image
    GL_ARB_texture_filter_anisotropic
    GL_KHR_debug
    GL_KHR_parallel_shader_compile
    GL_NV_depth_buffer_float
Using driver workarounds:
    no-forward-compatible-core-context
    nv-egl-incorrect-gl11-function-pointers
    no-layout-qualifiers-on-old-glsl
    nv-zero-context-profile-mask
    nv-implementation-color-read-format-dsa-broken
    nv-cubemap-inconsistent-compressed-image-size
    nv-cubemap-broken-full-compressed-image-query
    nv-compressed-block-size-in-bits
[04:41:48:361500]:[Warning]:[Metadata] SceneDatasetAttributes.cpp(107)::addNewSceneInstanceToDataset : Dataset : 'default' : Lighting Layout Attributes 'no_lights' specified in Scene Attributes but does not exist in dataset, so creating default.
2026-09-19 04:41:58,277 - INFO - Simulator initialized!
2026-09-19 04:42:16,791 - INFO - HTTP Request: POST http://127.0.0.1:22448/v1/chat/completions "HTTP/1.1 200 OK"
2026-09-19 04:42:17,511 - INFO - --- Episode 90, Step 1/100 ---
2026-09-19 04:42:49,439 - INFO - HTTP Request: POST http://127.0.0.1:22448/v1/chat/completions "HTTP/1.1 200 OK"
2026-09-19 04:42:50,006 - INFO - --- Episode 90, Step 2/100 ---
skipped waypoints: edge 2,  distance 6,  no_path 0,  occlusion 1
```json
{
"movement": "I have moved down the hallway and am now positioned near the entrance to a large room on my right. I have turned slightly left previously, but the dining area is clearly visible through the opening on the right.",
"observation": {
    "front view": "I see the continuation of the hallway leading towards an archway labeled B. To the immediate right, there is a large wooden door frame/opening leading into a room with wood paneling and furniture.",
    "left view": "There are glass doors leading outside to my left.",
    "right view": "I see into a room with dark wood paneling and a large desk or table. This appears to be the dining area or a study adjacent to it.",
    "map": "The map shows my current position in the hallway. Waypoint 4 is located inside the room to the right, which corresponds to the dining area I need to enter."
},
"thought": "The instruction is to 'Walk into the dining area'. The room to my right (visible in the Right View and containing waypoint 4) appears to be the dining area or a large room with furniture. To follow the instruction, I need to enter this room. Waypoint 4 is located inside this room.",
"stuck": false,
"plan": "1. Move into the dining area by heading towards waypoint 4. 2. Once inside, locate the table and walk towards its end. 3. Make a right turn at the end of the table as instructed.",
"curr_step": "I am currently in the hallway just outside the entrance to the dining area. To enter the room, I need to move towards the opening on the right where waypoint 4 is located.",
"action": 4
}
```
Action: turn
Action: move_forward
Action: turn
Action: move_forward
Action: move_forward
Action: move_forward
Action: null
Action: turn
waypoints: 50
skipped waypoints: edge 1,  distance 31,  no_path 0,  occlusion 10


```json
{
"movement": "I have moved into the large room with wood paneling. To my right, there is a long dining table extending towards glass doors. Ahead of me is a living area with a sofa and fireplace. I am currently positioned near the entrance to this space.",
"observation": {
    "front view": "I see a living area with a sofa and fireplace ahead. Waypoint 4 is located near the sofa, further into the room. Waypoint 3 is to the left of 4.",
    "left view": "There is an archway leading to a hallway with terracotta tiles.",
    "right view": "I see the long dining table with chairs on a rug, extending towards glass doors at the far end.",
    "map": "The map shows my current position near the start. Waypoint 4 is ahead in the living area, near the sofa. The dining table is to the right of the path."
},
"thought": "The instruction is to 'Walk into the dining area and make a right when you get to the end of the table.' I am currently entering the dining/living area. The dining table is to my right. To reach the end of the table (which appears to be near the glass doors at the far end), I need to walk forward along its side. Waypoint 4 is located ahead, near the sofa and fireplace, which seems to be in the direction of the end of the table. Moving towards waypoint 4 will bring me closer to the end of the table so I can then make a right turn as instructed.",
"stuck": false,
"plan": "1. Move forward towards waypoint 4 to reach the end of the dining table. 2. Once at the end of the table, make a right turn into the hallway/area on the right.",
"curr_step": "I am currently in the dining/living area. The end of the table is ahead and to the right. Waypoint 4 is a good target to reach the end of the table area.",
"action": 4
}
```
Action: move_forward
Action: turn
Action: move_forward
Action: turn
Action: move_forward
Action: null
Action: turn
waypoints: 35
skipped waypoints: edge 3,  distance 22,  no_path 0,  occlusion 6



Action: stop
waypoints: 35
skipped waypoints: edge 3,  distance 22,  no_path 0,  occlusion 6
```json
{
"movement": "I have moved into the large room with wood paneling and am currently positioned near the sofa and fireplace area. To my right, I can see a long dining table extending towards glass doors in the distance.",
"observation": {
    "front view": "I see a large wooden wall/door frame directly ahead and slightly left. To the right, there is an opening into the living area with sofas and a fireplace. Waypoint 1 is near the sofa, and waypoint 3 is further ahead towards the glass doors.",
    "left view": "There is a hallway with terracotta tiles to my left, leading away from this room.",
    "right view": "I see the living area with sofas, a coffee table, and a fireplace. Further right, there are glass doors and what appears to be the end of the long dining table.",
    "map": "The map shows my current position near the 'sofa'. Waypoint 3 is located further into the room towards the right side, near the area with the glass doors."
},
"thought": "The instruction is to 'Walk into the dining area and make a right when you get to the end of the table.' I am currently in the dining/living area. The long dining table is visible in the Right View, extending towards the glass doors. To reach the end of the table, I need to move towards the glass doors. Waypoint 3 is located in that direction. Once I reach the end of the table near the glass doors, I will make a right turn as instructed.",
"stuck": false,
"plan": "1. Move towards waypoint 3 to reach the end of the dining table near the glass doors. 2. Make a right turn at the end of the table. 3. Proceed down the resulting hallway for task P2.",
"curr_step": "I am currently near the sofa/fireplace area. The end of the dining table is towards the glass doors (Right View). Waypoint 3 is the closest waypoint in that direction.",
"action": 3
}
```
Action: move_forward
Action: turn
Action: move_forward
Action: move_forward
Action: turn
Action: move_forward
Action: turn
Action: move_forward
Action: move_forward
Action: turn
Action: move_forward
Action: null
Action: turn
waypoints: 38
skipped waypoints: edge 4,  distance 19,  no_path 0,  occlusion 6
Action: stop
['enter bedroom', 'proceed into bathroom']
Initialized data for new floor level: 0
Switching pcds to floor level: 0
Initialized data for new floor level: 0
Switching pcds to floor level: 0
Initialized data for new floor level: 0
Switching pcds to floor level: 0
[StairDetect] normals=0.0038s, cpu=0.0004s, cluster=0.0330s, loop=0.0329s, total=0.0792s
waypoints: 24
skipped waypoints: edge 5,  distance 7,  no_path 0,  occlusion 3
```json
{
"movement": "Move forward and slightly left towards the hallway visible in the left view, passing the black console table.",
"observation": {
    "front view": "A wall with decorative plates (B) is straight ahead. To the right is a doorway (R). To the left, partially visible, is the start of a hallway with a black console table.",
    "left view": "A long hallway extends to the left. A black console table is on the left wall. At the end of the hallway, a bedroom with a white bed is visible.",
    "right view": "A hallway leads to white closet doors and another room further down.",
    "map": "I am at the START position near the top of the stairs. The path to the bedroom (left) goes through waypoints 5 and 2."
},
"thought": "The current task is to enter the bedroom. The bedroom is clearly visible in the left view, located down the hallway to the left of my current position. I need to move into that hallway. Waypoint 2 is along this path, further down towards the bedroom.",
"stuck": false,
"plan": "Move towards waypoint 2 to enter the hallway leading to the bedroom.",
"curr_step": "Move towards waypoint 2.",
"action": 2
}
```
Calculated floor height difference: 2.97m
Action: turn
--- Height change stabilized. Height diff: 0.06, On platform: True, Metrics: {'inlier_count': 740, 'local_count': 16173, 'support_ratio': 0.045755271128068056, 'vertical_score': 1.0, 'plane_height_mean': -1.1594915390014648, 'agent_z': -1.139181089401245, 'vertical_diff': 0.02031044960021977, 'area_xy': 0.5184, 'radius_est': 0.4062165001543845, 'z_std': 0.030858883634209633, 'occupied_cells': 36, 'bottom_height_tolerance': 0.1}
2026-09-19 04:42:50,602 - INFO - --- Episode 90, Step 3/100 ---
2026-09-19 04:42:51,152 - INFO - --- Episode 90, Step 4/100 ---
2026-09-19 04:42:51,964 - INFO - --- Episode 90, Step 5/100 ---
2026-09-19 04:42:52,734 - INFO - --- Episode 90, Step 6/100 ---
2026-09-19 04:42:53,493 - INFO - --- Episode 90, Step 7/100 ---
2026-09-19 04:42:54,274 - INFO - --- Episode 90, Step 8/100 ---
2026-09-19 04:42:55,087 - INFO - --- Episode 90, Step 9/100 ---
2026-09-19 04:42:56,041 - INFO - --- Episode 90, Step 10/100 ---
2026-09-19 04:42:56,799 - INFO - --- Episode 90, Step 11/100 ---
2026-09-19 04:42:57,557 - INFO - --- Episode 90, Step 12/100 ---
2026-09-19 04:42:58,287 - INFO - --- Episode 90, Step 13/100 ---
2026-09-19 04:42:58,870 - INFO - --- Episode 90, Step 14/100 ---
2026-09-19 04:43:18,802 - INFO - HTTP Request: POST http://127.0.0.1:22448/v1/chat/completions "HTTP/1.1 200 OK"
2026-09-19 04:43:19,764 - INFO - --- Episode 90, Step 15/100 ---
2026-09-19 04:43:20,527 - INFO - --- Episode 90, Step 16/100 ---
2026-09-19 04:43:21,233 - INFO - --- Episode 90, Step 17/100 ---
2026-09-19 04:43:21,940 - INFO - --- Episode 90, Step 18/100 ---
2026-09-19 04:43:22,707 - INFO - --- Episode 90, Step 19/100 ---
2026-09-19 04:43:23,547 - INFO - --- Episode 90, Step 20/100 ---
2026-09-19 04:43:24,217 - INFO - --- Episode 90, Step 21/100 ---
2026-09-19 04:43:25,022 - INFO - --- Episode 90, Step 22/100 ---
2026-09-19 04:43:25,734 - INFO - --- Episode 90, Step 23/100 ---
2026-09-19 04:43:26,445 - INFO - --- Episode 90, Step 24/100 ---
2026-09-19 04:43:27,301 - INFO - --- Episode 90, Step 25/100 ---
2026-09-19 04:43:42,839 - INFO - HTTP Request: POST http://127.0.0.1:22448/v1/chat/completions "HTTP/1.1 200 OK"
2026-09-19 04:43:43,863 - INFO - --- Episode 90, Step 26/100 ---
2026-09-19 04:43:44,732 - INFO - --- Episode 90, Step 27/100 ---
2026-09-19 04:43:45,645 - INFO - --- Episode 90, Step 28/100 ---
2026-09-19 04:43:46,375 - INFO - --- Episode 90, Step 29/100 ---
2026-09-19 04:43:47,430 - INFO - --- Episode 90, Step 30/100 ---
2026-09-19 04:43:48,346 - INFO - --- Episode 90, Step 31/100 ---
2026-09-19 04:43:49,201 - INFO - --- Episode 90, Step 32/100 ---
2026-09-19 04:43:50,027 - INFO - --- Episode 90, Step 33/100 ---
2026-09-19 04:43:50,945 - INFO - --- Episode 90, Step 34/100 ---
2026-09-19 04:43:52,113 - INFO - --- Episode 90, Step 35/100 ---
2026-09-19 04:43:53,291 - INFO - --- Episode 90, Step 36/100 ---
2026-09-19 04:45:49,479 - INFO - HTTP Request: POST http://127.0.0.1:22448/v1/chat/completions "HTTP/1.1 200 OK"
2026-09-19 04:47:19,219 - INFO - HTTP Request: POST http://127.0.0.1:22448/v1/chat/completions "HTTP/1.1 200 OK"
2026-09-19 04:47:41,771 - INFO - HTTP Request: POST http://127.0.0.1:22448/v1/chat/completions "HTTP/1.1 200 OK"
--- No significant floor change. Height diff: 0.06, On platform: True, Metrics: {'inlier_count': 740, 'local_count': 16173, 'support_ratio': 0.045755271128068056, 'vertical_score': 1.0, 'plane_height_mean': -1.1594915390014648, 'agent_z': -1.139181089401245, 'vertical_diff': 0.02031044960021977, 'area_xy': 0.5184, 'radius_est': 0.4062165001543845, 'z_std': 0.030858883634209633, 'occupied_cells': 36, 'bottom_height_tolerance': 0.1}
Updated floor height: -0.94, ceiling height: 0.86
Action: move_forward
Action: turn
--- Height change stabilized. Height diff: -0.14, On platform: True, Metrics: {'inlier_count': 7427, 'local_count': 17245, 'support_ratio': 0.43067555810781816, 'vertical_score': 1.0, 'plane_height_mean': -1.3390926122665405, 'agent_z': -1.3359121799468994, 'vertical_diff': 0.0031804323196411577, 'area_xy': 4.7376, 'radius_est': 1.2280166598154632, 'z_std': 0.014847636222839355, 'occupied_cells': 329, 'bottom_height_tolerance': 0.1}
--- No significant floor change. Height diff: -0.14, On platform: True, Metrics: {'inlier_count': 7427, 'local_count': 17245, 'support_ratio': 0.43067555810781816, 'vertical_score': 1.0, 'plane_height_mean': -1.3390926122665405, 'agent_z': -1.3359121799468994, 'vertical_diff': 0.0031804323196411577, 'area_xy': 4.7376, 'radius_est': 1.2280166598154632, 'z_std': 0.014847636222839355, 'occupied_cells': 329, 'bottom_height_tolerance': 0.1}
Updated floor height: -1.14, ceiling height: 0.66
Action: move_forward
Action: turn
Action: move_forward
Action: move_forward
Action: move_forward
Action: move_forward
Action: move_forward
Action: move_forward
Action: move_forward
detected agent stuck, last8 steps position changes: [0.0, 0.0, 0.0, 0.0, 0.0, 0.0, 0.0, 0.0]
Action: turn
detected agent stuck, last8 steps position changes: [0.0, 0.0, 0.0, 0.0, 0.0, 0.0, 0.0, 0.0]
waypoints: 28
skipped waypoints: edge 0,  distance 12,  no_path 3,  occlusion 5
```json
{
"movement": "Move forward and slightly left towards the hallway/landing area near the bedroom entrance.",
"observation": {
    "front view": "The bedroom with a white bed is visible to the left. The top of the stairs is in front/right.",
    "left view": "A console table with a mirror is on the wall. The bedroom is further left.",
    "right view": "The stairs going down are visible, along with a hallway leading to white doors.",
    "map": "I am at the START position near the top of the stairs. The bedroom (blue area) is to the left. Waypoint 6 is in the landing area near the bedroom entrance."
},
"thought": "The current task is to enter the bedroom. The bedroom is visible to the left in the front view and on the map. I need to move from the top of the stairs towards the bedroom entrance. Waypoint 6 is located in the landing area, leading directly towards the bedroom door.",
"stuck": false,
"plan": "Move towards waypoint 6 to approach the bedroom entrance.",
"curr_step": "Move towards waypoint 6.",
"action": 6
}
```
Action: turn
--- Height change stabilized. Height diff: 0.02, On platform: True, Metrics: {'inlier_count': 860, 'local_count': 18634, 'support_ratio': 0.04615219491004872, 'vertical_score': 1.0, 'plane_height_mean': -1.1599926948547363, 'agent_z': -1.1766063690185546, 'vertical_diff': 0.016613674163818315, 'area_xy': 0.5471999999999999, 'radius_est': 0.41734778029812286, 'z_std': 0.03280523791909218, 'occupied_cells': 38, 'bottom_height_tolerance': 0.1}
--- No significant floor change. Height diff: 0.02, On platform: True, Metrics: {'inlier_count': 860, 'local_count': 18634, 'support_ratio': 0.04615219491004872, 'vertical_score': 1.0, 'plane_height_mean': -1.1599926948547363, 'agent_z': -1.1766063690185546, 'vertical_diff': 0.016613674163818315, 'area_xy': 0.5471999999999999, 'radius_est': 0.41734778029812286, 'z_std': 0.03280523791909218, 'occupied_cells': 38, 'bottom_height_tolerance': 0.1}
Updated floor height: -0.98, ceiling height: 0.82
Action: move_forward
Action: turn
Action: move_forward
Action: move_forward
Action: move_forward
Action: move_forward
Action: move_forward
Action: move_forward
Action: move_forward
detected agent stuck, last8 steps position changes: [0.0, 0.0, 0.0, 0.0, 0.0, 0.0, 0.0, 0.0]
Action: turn
detected agent stuck, last8 steps position changes: [0.0, 0.0, 0.0, 0.0, 0.0, 0.0, 0.0, 0.0]
waypoints: 35
skipped waypoints: edge 0,  distance 22,  no_path 3,  occlusion 3
```json
{
"movement": "Move forward and slightly left towards the bedroom entrance visible in the front view.",
"observation": {
    "front view": "The bedroom with a white bed is visible through an open doorway on the left side of the central wall. The top of the stairs is to the right.",
    "left view": "A black console table with a mirror is on the wall. The bedroom entrance is further left.",
    "right view": "The stairs going down are visible, along with white closet doors.",
    "map": "I am at the START position near the top of the stairs. The bedroom (blue area) is to the left. Waypoint 3 is located just inside or at the threshold of the bedroom entrance."
},
"thought": "The current task is to enter the bedroom. The bedroom is visible in the front view, slightly to the left. I need to move from my current position near the stairs towards the bedroom door. Waypoint 3 is positioned directly in the path towards the bedroom entrance.",
"stuck": false,
"plan": "Move towards waypoint 3 to enter the bedroom.",
"curr_step": "Move towards waypoint 3.",
"action": 3
}
```
Action: turn
--- Height change stabilized. Height diff: -0.05, On platform: True, Metrics: {'inlier_count': 1078, 'local_count': 26976, 'support_ratio': 0.03996144721085552, 'vertical_score': 1.0, 'plane_height_mean': -1.2373442649841309, 'agent_z': -1.2479800701141357, 'vertical_diff': 0.010635805130004838, 'area_xy': 0.8783999999999998, 'radius_est': 0.5287753814464529, 'z_std': 0.04660767689347267, 'occupied_cells': 61, 'bottom_height_tolerance': 0.1}
--- No significant floor change. Height diff: -0.05, On platform: True, Metrics: {'inlier_count': 1078, 'local_count': 26976, 'support_ratio': 0.03996144721085552, 'vertical_score': 1.0, 'plane_height_mean': -1.2373442649841309, 'agent_z': -1.2479800701141357, 'vertical_diff': 0.010635805130004838, 'area_xy': 0.8783999999999998, 'radius_est': 0.5287753814464529, 'z_std': 0.04660767689347267, 'occupied_cells': 61, 'bottom_height_tolerance': 0.1}
Updated floor height: -1.05, ceiling height: 0.75
Action: move_forward
Action: turn
--- Height change stabilized. Height diff: -0.14, On platform: True, Metrics: {'inlier_count': 9525, 'local_count': 26197, 'support_ratio': 0.3635912508927132, 'vertical_score': 1.0, 'plane_height_mean': -1.346238374710083, 'agent_z': -1.3359121799468994, 'vertical_diff': 0.010326194763183638, 'area_xy': 5.3424, 'radius_est': 1.3040470604806726, 'z_std': 0.010968171060085297, 'occupied_cells': 371, 'bottom_height_tolerance': 0.1}
--- No significant floor change. Height diff: -0.14, On platform: True, Metrics: {'inlier_count': 9525, 'local_count': 26197, 'support_ratio': 0.3635912508927132, 'vertical_score': 1.0, 'plane_height_mean': -1.346238374710083, 'agent_z': -1.3359121799468994, 'vertical_diff': 0.010326194763183638, 'area_xy': 5.3424, 'radius_est': 1.3040470604806726, 'z_std': 0.010968171060085297, 'occupied_cells': 371, 'bottom_height_tolerance': 0.1}
Updated floor height: -1.14, ceiling height: 0.66
Action: move_forward
Action: turn
Action: move_forward
Action: turn
Action: move_forward
Action: turn
Action: move_forward
Action: null
waypoints: 16
skipped waypoints: edge 2,  distance 1,  no_path 1,  occlusion 3


2026-09-19 04:47:42,843 - INFO - --- Episode 90, Step 37/100 ---
2026-09-19 04:47:44,055 - INFO - --- Episode 90, Step 38/100 ---
2026-09-19 04:47:44,793 - INFO - --- Episode 90, Step 39/100 ---
2026-09-19 04:47:46,013 - INFO - --- Episode 90, Step 40/100 ---
2026-09-19 04:47:46,869 - INFO - --- Episode 90, Step 41/100 ---
2026-09-19 04:48:59,403 - INFO - HTTP Request: POST http://127.0.0.1:22448/v1/chat/completions "HTTP/1.1 200 OK"
2026-09-19 04:49:16,596 - INFO - HTTP Request: POST http://127.0.0.1:22448/v1/chat/completions "HTTP/1.1 200 OK"
2026-09-19 04:49:17,888 - INFO - --- Episode 90, Step 42/100 ---
2026-09-19 04:50:22,598 - INFO - HTTP Request: POST http://127.0.0.1:22448/v1/chat/completions "HTTP/1.1 200 OK"
2026-09-19 04:51:13,537 - INFO - HTTP Request: POST http://127.0.0.1:22448/v1/chat/completions "HTTP/1.1 200 OK"
2026-09-19 04:51:57,952 - INFO - HTTP Request: POST http://127.0.0.1:22448/v1/chat/completions "HTTP/1.1 200 OK"
2026-09-19 04:51:58,794 - INFO - --- Episode 90, Step 43/100 ---
2026-09-19 04:52:46,171 - INFO - HTTP Request: POST http://127.0.0.1:22448/v1/chat/completions "HTTP/1.1 200 OK"
2026-09-19 04:53:18,370 - INFO - HTTP Request: POST http://127.0.0.1:22448/v1/chat/completions "HTTP/1.1 200 OK"
2026-09-19 04:53:44,880 - INFO - HTTP Request: POST http://127.0.0.1:22448/v1/chat/completions "HTTP/1.1 200 OK"
 82%|████████▏ | 41/50 [8:40:29<1:46:10, 707.82s/it]Renderer: NVIDIA GeForce RTX 4090/PCIe/SSE2 by NVIDIA Corporation
OpenGL version: 4.6.0 NVIDIA 590.48.01
Using optional features:
    GL_ARB_vertex_array_object
    GL_ARB_separate_shader_objects
    GL_ARB_robustness
    GL_ARB_texture_storage
    GL_ARB_texture_view
    GL_ARB_framebuffer_no_attachments
    GL_ARB_invalidate_subdata
    GL_ARB_texture_storage_multisample
    GL_ARB_multi_bind
    GL_ARB_direct_state_access
    GL_ARB_get_texture_sub_image
    GL_ARB_texture_filter_anisotropic
    GL_KHR_debug
    GL_KHR_parallel_shader_compile
    GL_NV_depth_buffer_float
Using driver workarounds:
    no-forward-compatible-core-context
    nv-egl-incorrect-gl11-function-pointers
    no-layout-qualifiers-on-old-glsl
    nv-zero-context-profile-mask
    nv-implementation-color-read-format-dsa-broken
    nv-cubemap-inconsistent-compressed-image-size
    nv-cubemap-broken-full-compressed-image-query
    nv-compressed-block-size-in-bits
[04:53:48:501118]:[Warning]:[Metadata] SceneDatasetAttributes.cpp(107)::addNewSceneInstanceToDataset : Dataset : 'default' : Lighting Layout Attributes 'no_lights' specified in Scene Attributes but does not exist in dataset, so creating default.
2026-09-19 04:53:58,207 - INFO - Simulator initialized!
2026-09-19 04:54:27,994 - INFO - HTTP Request: POST http://127.0.0.1:22448/v1/chat/completions "HTTP/1.1 200 OK"
2026-09-19 04:54:28,682 - INFO - --- Episode 91, Step 1/100 ---
2026-09-19 04:57:52,067 - INFO - HTTP Request: POST http://127.0.0.1:22448/v1/chat/completions "HTTP/1.1 200 OK"
2026-09-19 04:58:35,338 - INFO - HTTP Request: POST http://127.0.0.1:22448/v1/chat/completions "HTTP/1.1 200 OK"
2026-09-19 04:58:36,041 - INFO - --- Episode 91, Step 2/100 ---
2026-09-19 04:58:36,695 - INFO - --- Episode 91, Step 3/100 ---
2026-09-19 04:58:37,400 - INFO - --- Episode 91, Step 4/100 ---
2026-09-19 04:58:38,179 - INFO - --- Episode 91, Step 5/100 ---
2026-09-19 04:58:38,795 - INFO - --- Episode 91, Step 6/100 ---
2026-09-19 04:58:51,855 - INFO - HTTP Request: POST http://127.0.0.1:22448/v1/chat/completions "HTTP/1.1 200 OK"
2026-09-19 04:58:52,662 - INFO - --- Episode 91, Step 7/100 ---
```json
{
"movement": "Move forward and slightly right towards the white door located on the right wall, past the dresser.",
"observation": {
    "front view": "A black dresser with a mirror is ahead. To the right of the dresser is a white door. To the left is the bed.",
    "left view": "The bed and windows are visible to the left.",
    "right view": "The hallway and stairs are visible to the right (from previous steps), but currently facing into the room.",
    "map": "I am in the bedroom (blue area). The white door on the right wall leads to an adjacent room, likely the bathroom."
},
"thought": "I have entered the bedroom. The next subtask is to proceed into the bathroom. The white door on the right wall in the front view is the most likely entrance to the bathroom. I need to move towards it.",
"stuck": false,
"plan": "Move towards the white door on the right wall to enter the bathroom.",
"curr_step": "Move towards waypoint 4 which is near the white door.",
"action": 4
}
```
Action: turn
Action: move_forward
Action: turn
--- Height change stabilized. Height diff: -0.02, On platform: True, Metrics: {'inlier_count': 1081, 'local_count': 34234, 'support_ratio': 0.0315767949982013, 'vertical_score': 1.0, 'plane_height_mean': -1.2125275135040283, 'agent_z': -1.221289825439453, 'vertical_diff': 0.00876231193542476, 'area_xy': 0.7056, 'radius_est': 0.47391925018011527, 'z_std': 0.043262552469968796, 'occupied_cells': 49, 'bottom_height_tolerance': 0.1}
--- No significant floor change. Height diff: -0.02, On platform: True, Metrics: {'inlier_count': 1081, 'local_count': 34234, 'support_ratio': 0.0315767949982013, 'vertical_score': 1.0, 'plane_height_mean': -1.2125275135040283, 'agent_z': -1.221289825439453, 'vertical_diff': 0.00876231193542476, 'area_xy': 0.7056, 'radius_est': 0.47391925018011527, 'z_std': 0.043262552469968796, 'occupied_cells': 49, 'bottom_height_tolerance': 0.1}
Updated floor height: -1.02, ceiling height: 0.78
Action: move_forward
Action: null
waypoints: 6
skipped waypoints: edge 3,  distance 1,  no_path 0,  occlusion 0

```json
{
"movement": "Turn left to face the doorway located next to the bed.",
"observation": {
    "front view": "A dresser with a mirror is directly in front. To the left are glass doors.",
    "left view": "The bed is visible, and further left is a doorway leading to another room (likely the bathroom).",
    "right view": "A wall with a thermostat and an open door leading back to the hallway.",
    "map": "I am in the bedroom (blue area) near the dresser. The bathroom entrance is likely the doorway to the left of the bed."
},
"thought": "I have entered the bedroom. The next subtask is to proceed into the bathroom. Looking at the left view, there is a doorway next to the bed which is the most probable location for the ensuite bathroom. I need to turn towards it.",
"stuck": false,
"plan": "Turn left to face the doorway next to the bed and then move forward into the bathroom.",
"curr_step": "Turn left significantly to align with the doorway seen in the left view.",
"action": "L"
}
```
Action: turn
waypoints: 21
skipped waypoints: edge 0,  distance 6,  no_path 0,  occlusion 4



Action: stop
waypoints: 21
skipped waypoints: edge 0,  distance 6,  no_path 0,  occlusion 4



Action: stop
['Walk down the hallway past the vases, enter the bedroom', 'walk to the foot of the bed, walk toward the bathroom on the left, wait in the doorway to the bathroom.']
Initialized data for new floor level: 0
Switching pcds to floor level: 0
Initialized data for new floor level: 0
Switching pcds to floor level: 0
Initialized data for new floor level: 0
Switching pcds to floor level: 0
[StairDetect] normals=0.0038s, cpu=0.0002s, cluster=0.0315s, loop=0.0311s, total=0.0752s
waypoints: 24
skipped waypoints: edge 5,  distance 7,  no_path 0,  occlusion 3

```json
{
"movement": "I am currently standing at the top of the stairs on the landing. I have not moved yet.",
"observation": {
    "front view": "I see a wall with decorative leaf art and the top of the staircase going down to the left. To the right is a hallway with white closet doors.",
    "left view": "I see a long hallway extending forward. On the left wall of this hallway, there is a black console table with vases/sculptures on it. Further down, I can see into a bedroom with a white bed.",
    "right view": "I see a hallway leading to white double doors (closets) and another doorway further down.",
    "map": "My current position is marked as 'START' near the stairs. Waypoint 5 is located in the hallway to the left, near the black console table."
},
"thought": "The current task is to 'Walk down the hallway past the vases, enter the bedroom'. The Left View clearly shows a hallway with a console table holding vases/sculptures, which matches the instruction. This hallway leads directly into a bedroom. Waypoint 5 is located in this hallway near the console table. Therefore, I need to move towards waypoint 5 to proceed down this hallway.",
"stuck": false,
"plan": "Move towards waypoint 5 to enter the hallway with the vases. Once there, I will continue past the vases into the bedroom as instructed.",
"curr_step": "I am at the start of the task. The target is the hallway on the left. Waypoint 5 is the closest strategic point in that direction.",
"action": 5
}
```
Calculated floor height difference: 2.97m
Action: turn
Action: move_forward
Action: turn
--- Height change stabilized. Height diff: -0.06, On platform: True, Metrics: {'inlier_count': 1071, 'local_count': 17783, 'support_ratio': 0.06022605859190091, 'vertical_score': 1.0, 'plane_height_mean': -1.2799650430679321, 'agent_z': -1.2638797283172607, 'vertical_diff': 0.01608531475067143, 'area_xy': 0.7488, 'radius_est': 0.48821147341538634, 'z_std': 0.048059310764074326, 'occupied_cells': 52, 'bottom_height_tolerance': 0.1}
--- No significant floor change. Height diff: -0.06, On platform: True, Metrics: {'inlier_count': 1071, 'local_count': 17783, 'support_ratio': 0.06022605859190091, 'vertical_score': 1.0, 'plane_height_mean': -1.2799650430679321, 'agent_z': -1.2638797283172607, 'vertical_diff': 0.01608531475067143, 'area_xy': 0.7488, 'radius_est': 0.48821147341538634, 'z_std': 0.048059310764074326, 'occupied_cells': 52, 'bottom_height_tolerance': 0.1}
Updated floor height: -1.06, ceiling height: 0.74
Action: move_forward
Action: null
waypoints: 22
skipped waypoints: edge 3,  distance 13,  no_path 1,  occlusion 0
```json
{
"movement": "I have moved from the top of the stairs/landing area towards the entrance of the bedroom. I am now standing just outside the bedroom door, looking in.",
"observation": {
    "front view": "I see the interior of a bedroom with a large bed on the left and glass doors leading to a balcony at the far end. There is a black console table with vases/sculptures near the entrance.",
    "left view": "The bed is clearly visible to my left.",
    "right view": "I see the wall of the hallway I just came from and the top of the stairs railing.",
    "map": "My current position is near waypoint 5. Waypoint 1 is located inside the bedroom, near the foot of the bed."
},
"thought": "I have successfully walked down the hallway past the vases (which are visible on the console table near the entrance). I am now at the threshold of the bedroom. To complete subtask P1 ('enter the bedroom'), I need to move further into the room. Waypoint 1 is located inside the bedroom, which aligns with entering the room.",
"stuck": false,
"plan": "Move forward into the bedroom towards the foot of the bed (waypoint 1) to complete subtask P1 and prepare for subtask P2.",
"curr_step": "I am at the entrance of the bedroom. Moving to waypoint 1 will place me inside the room near the foot of the bed.",
"action": 1
}
```
Action: turn
2026-09-19 04:58:53,530 - INFO - --- Episode 91, Step 8/100 ---
2026-09-19 04:58:54,413 - INFO - --- Episode 91, Step 9/100 ---
2026-09-19 04:58:55,497 - INFO - --- Episode 91, Step 10/100 ---
2026-09-19 04:58:56,424 - INFO - --- Episode 91, Step 11/100 ---
2026-09-19 04:58:57,260 - INFO - --- Episode 91, Step 12/100 ---
2026-09-19 04:58:58,079 - INFO - --- Episode 91, Step 13/100 ---
2026-09-19 04:58:59,016 - INFO - --- Episode 91, Step 14/100 ---
2026-09-19 05:00:59,408 - INFO - HTTP Request: POST http://127.0.0.1:22448/v1/chat/completions "HTTP/1.1 200 OK"
2026-09-19 05:01:27,370 - INFO - HTTP Request: POST http://127.0.0.1:22448/v1/chat/completions "HTTP/1.1 200 OK"
2026-09-19 05:01:28,593 - INFO - --- Episode 91, Step 15/100 ---
2026-09-19 05:02:00,174 - INFO - HTTP Request: POST http://127.0.0.1:22448/v1/chat/completions "HTTP/1.1 200 OK"
2026-09-19 05:02:01,272 - INFO - --- Episode 91, Step 16/100 ---
2026-09-19 05:02:02,028 - INFO - --- Episode 91, Step 17/100 ---
2026-09-19 05:02:02,727 - INFO - --- Episode 91, Step 18/100 ---
2026-09-19 05:02:03,474 - INFO - --- Episode 91, Step 19/100 ---
2026-09-19 05:02:04,558 - INFO - --- Episode 91, Step 20/100 ---
2026-09-19 05:02:05,491 - INFO - --- Episode 91, Step 21/100 ---
2026-09-19 05:02:06,450 - INFO - --- Episode 91, Step 22/100 ---
2026-09-19 05:02:07,338 - INFO - --- Episode 91, Step 23/100 ---
2026-09-19 05:02:34,049 - INFO - HTTP Request: POST http://127.0.0.1:22448/v1/chat/completions "HTTP/1.1 200 OK"
2026-09-19 05:02:35,050 - INFO - --- Episode 91, Step 24/100 ---
2026-09-19 05:02:35,968 - INFO - --- Episode 91, Step 25/100 ---
2026-09-19 05:02:36,879 - INFO - --- Episode 91, Step 26/100 ---
--- Height change stabilized. Height diff: -0.14, On platform: True, Metrics: {'inlier_count': 11642, 'local_count': 27256, 'support_ratio': 0.4271353096409181, 'vertical_score': 1.0, 'plane_height_mean': -1.3484888076782227, 'agent_z': -1.3359121799468994, 'vertical_diff': 0.012576627731323287, 'area_xy': 6.048, 'radius_est': 1.387493492467466, 'z_std': 0.01050388440489769, 'occupied_cells': 420, 'bottom_height_tolerance': 0.1}
--- No significant floor change. Height diff: -0.14, On platform: True, Metrics: {'inlier_count': 11642, 'local_count': 27256, 'support_ratio': 0.4271353096409181, 'vertical_score': 1.0, 'plane_height_mean': -1.3484888076782227, 'agent_z': -1.3359121799468994, 'vertical_diff': 0.012576627731323287, 'area_xy': 6.048, 'radius_est': 1.387493492467466, 'z_std': 0.01050388440489769, 'occupied_cells': 420, 'bottom_height_tolerance': 0.1}
Updated floor height: -1.14, ceiling height: 0.66
Action: move_forward
Action: turn
Action: move_forward
Action: turn
Action: move_forward
Action: null
Action: turn
waypoints: 14
skipped waypoints: edge 2,  distance 2,  no_path 0,  occlusion 3

```json
{
"movement": "I have moved forward into the bedroom and am now standing near the foot of the bed, between the bed and the dresser.",
"observation": {
    "front view": "I see glass doors leading to a balcony straight ahead. To the left is the foot of the bed. To the right is a long black dresser with vases/sculptures.",
    "left view": "I see the side of the bed and a nightstand with a lamp.",
    "right view": "I see the dresser and a doorway leading back towards the hallway/stairs area.",
    "map": "My current position (triangle) is inside the bedroom, near the foot of the bed. The path from START leads through the hallway (waypoint 5) into this room."
},
"thought": "I have successfully walked down the hallway past the vases and entered the bedroom as instructed in P1. I am now positioned near the foot of the bed. Since the goal for P1 was to 'enter the bedroom', and I am now inside, I should complete this subtask.",
"stuck": false,
"plan": "Complete subtask P1. The next subtask P2 will involve walking to the foot of the bed (which I am near) and then towards the bathroom on the left.",
"curr_step": "P1 is completed as I have entered the bedroom.",
"action": -1
}
```
Action: pause
waypoints: 14
skipped waypoints: edge 2,  distance 2,  no_path 0,  occlusion 3
```json
{
"movement": "I have entered the bedroom and am standing near the foot of the bed. I am facing the balcony doors with the bed to my left and a dresser to my right.",
"observation": {
    "front view": "I see glass balcony doors straight ahead. To the left is the bed, and to the right is a long black dresser with vases.",
    "left view": "I see the side of the bed and a doorway leading out of the room (likely back to the hallway). Further left along the wall, there appears to be another door or opening.",
    "right view": "I see the dresser and the entrance to the bedroom.",
    "map": "My current position is near the foot of the bed. The map shows a door to the left of the bed (blue area), which likely corresponds to the bathroom mentioned in the instructions."
},
"thought": "The instruction is to 'walk toward the bathroom on the left'. Based on the map, there is a door to the left of the bed. I am currently near the foot of the bed. To get closer to that bathroom door, I need to move along the side of the bed towards the left wall. Waypoint 4 is located in this direction, along the side of the bed.",
"stuck": false,
"plan": "Move towards waypoint 4 to get closer to the bathroom door on the left side of the room.",
"curr_step": "I am near the foot of the bed. Moving to waypoint 4 will bring me closer to the bathroom door located on the left wall.",
"action": 4
}
```
Action: turn
--- Height change stabilized. Height diff: -0.05, On platform: True, Metrics: {'inlier_count': 842, 'local_count': 39051, 'support_ratio': 0.021561547719096526, 'vertical_score': 1.0, 'plane_height_mean': -1.2129812240600586, 'agent_z': -1.2520689487457275, 'vertical_diff': 0.0390877246856689, 'area_xy': 0.7631999999999999, 'radius_est': 0.4928834599938093, 'z_std': 0.04203789681196213, 'occupied_cells': 53, 'bottom_height_tolerance': 0.1}
--- No significant floor change. Height diff: -0.05, On platform: True, Metrics: {'inlier_count': 842, 'local_count': 39051, 'support_ratio': 0.021561547719096526, 'vertical_score': 1.0, 'plane_height_mean': -1.2129812240600586, 'agent_z': -1.2520689487457275, 'vertical_diff': 0.0390877246856689, 'area_xy': 0.7631999999999999, 'radius_est': 0.4928834599938093, 'z_std': 0.04203789681196213, 'occupied_cells': 53, 'bottom_height_tolerance': 0.1}
Updated floor height: -1.05, ceiling height: 0.75
Action: move_forward
Action: turn
--- Height change stabilized. Height diff: 0.01, On platform: True, Metrics: {'inlier_count': 1267, 'local_count': 41629, 'support_ratio': 0.030435513703657654, 'vertical_score': 1.0, 'plane_height_mean': -1.1538028717041016, 'agent_z': -1.1945001602172851, 'vertical_diff': 0.04069728851318355, 'area_xy': 0.9503999999999999, 'radius_est': 0.5500197413085048, 'z_std': 0.03946754336357117, 'occupied_cells': 66, 'bottom_height_tolerance': 0.1}
--- No significant floor change. Height diff: 0.01, On platform: True, Metrics: {'inlier_count': 1267, 'local_count': 41629, 'support_ratio': 0.030435513703657654, 'vertical_score': 1.0, 'plane_height_mean': -1.1538028717041016, 'agent_z': -1.1945001602172851, 'vertical_diff': 0.04069728851318355, 'area_xy': 0.9503999999999999, 'radius_est': 0.5500197413085048, 'z_std': 0.03946754336357117, 'occupied_cells': 66, 'bottom_height_tolerance': 0.1}
Updated floor height: -0.99, ceiling height: 0.81
Action: move_forward
Action: turn
Action: move_forward
Action: null
Action: turn
waypoints: 13
skipped waypoints: edge 2,  distance 0,  no_path 0,  occlusion 1
```json
{
"movement": "I have moved from the foot of the bed towards the left side of the room where the bathroom is located.",
"observation": {
    "front view": "I see the bed on the left and balcony doors straight ahead. To the far left, near the head of the bed, there appears to be a doorway or opening.",
    "left view": "I see a white door that is open, leading to a hallway or bathroom area with a rug.",
    "right view": "I see the dresser and mirror.",
    "map": "My current position is near the foot of the bed. The bathroom (blue area) is located to the left of the bed on the map. Waypoint 9 is near the nightstand, close to the bathroom door."
},
"thought": "I have entered the bedroom and walked to the foot of the bed. The next part of the instruction is to 'walk toward the bathroom on the left'. Based on the map and previous views, the bathroom is located to the left of the bed. Waypoint 9 is positioned near the nightstand, which is adjacent to the bathroom doorway. I need to move towards this area to reach the bathroom doorway.",
"stuck": false,
"plan": "Move towards waypoint 9 to approach the bathroom doorway on the left side of the room.",
"curr_step": "I am near the foot of the bed. Moving to waypoint 9 will bring me closer to the bathroom door.",
"action": 9
}
```
Action: turn
--- Height change stabilized. Height diff: 0.06, On platform: True, Metrics: {'inlier_count': 1420, 'local_count': 44857, 'support_ratio': 0.03165615177047827, 'vertical_score': 1.0, 'plane_height_mean': -1.1147733926773071, 'agent_z': -1.1359123706817627, 'vertical_diff': 0.021138978004455522, 'area_xy': 0.8927999999999999, 'radius_est': 0.5330919867948573, 'z_std': 0.0417361781001091, 'occupied_cells': 62, 'bottom_height_tolerance': 0.1}
--- No significant floor change. Height diff: 0.06, On platform: True, Metrics: {'inlier_count': 1420, 'local_count': 44857, 'support_ratio': 0.03165615177047827, 'vertical_score': 1.0, 'plane_height_mean': -1.1147733926773071, 'agent_z': -1.1359123706817627, 'vertical_diff': 0.021138978004455522, 'area_xy': 0.8927999999999999, 'radius_est': 0.5330919867948573, 'z_std': 0.0417361781001091, 'occupied_cells': 62, 'bottom_height_tolerance': 0.1}
Updated floor height: -0.94, ceiling height: 0.86
Action: move_forward
Action: turn
2026-09-19 05:02:37,845 - INFO - --- Episode 91, Step 27/100 ---
2026-09-19 05:02:38,515 - INFO - --- Episode 91, Step 28/100 ---
2026-09-19 05:02:39,367 - INFO - --- Episode 91, Step 29/100 ---
2026-09-19 05:02:40,478 - INFO - --- Episode 91, Step 30/100 ---
2026-09-19 05:02:41,424 - INFO - --- Episode 91, Step 31/100 ---
2026-09-19 05:02:42,211 - INFO - --- Episode 91, Step 32/100 ---
2026-09-19 05:03:13,980 - INFO - HTTP Request: POST http://127.0.0.1:22448/v1/chat/completions "HTTP/1.1 200 OK"
2026-09-19 05:03:28,856 - INFO - HTTP Request: POST http://127.0.0.1:22448/v1/chat/completions "HTTP/1.1 200 OK"
2026-09-19 05:03:29,747 - INFO - --- Episode 91, Step 33/100 ---
2026-09-19 05:03:50,191 - INFO - HTTP Request: POST http://127.0.0.1:22448/v1/chat/completions "HTTP/1.1 200 OK"
2026-09-19 05:03:51,470 - INFO - --- Episode 91, Step 34/100 ---
2026-09-19 05:04:32,544 - INFO - HTTP Request: POST http://127.0.0.1:22448/v1/chat/completions "HTTP/1.1 200 OK"
2026-09-19 05:05:00,275 - INFO - HTTP Request: POST http://127.0.0.1:22448/v1/chat/completions "HTTP/1.1 200 OK"
2026-09-19 05:05:21,220 - INFO - HTTP Request: POST http://127.0.0.1:22448/v1/chat/completions "HTTP/1.1 200 OK"
2026-09-19 05:05:22,434 - INFO - --- Episode 91, Step 35/100 ---
2026-09-19 05:05:43,688 - INFO - HTTP Request: POST http://127.0.0.1:22448/v1/chat/completions "HTTP/1.1 200 OK"
2026-09-19 05:05:45,181 - INFO - HTTP Request: POST http://127.0.0.1:22448/v1/chat/completions "HTTP/1.1 400 Bad Request"
2026-09-19 05:05:46,238 - INFO - HTTP Request: POST http://127.0.0.1:22448/v1/chat/completions "HTTP/1.1 400 Bad Request"
 84%|████████▍ | 42/50 [8:52:31<1:34:55, 711.88s/it]Renderer: NVIDIA GeForce RTX 4090/PCIe/SSE2 by NVIDIA Corporation
OpenGL version: 4.6.0 NVIDIA 590.48.01
Using optional features:
    GL_ARB_vertex_array_object
    GL_ARB_separate_shader_objects
    GL_ARB_robustness
    GL_ARB_texture_storage
    GL_ARB_texture_view
    GL_ARB_framebuffer_no_attachments
    GL_ARB_invalidate_subdata
    GL_ARB_texture_storage_multisample
    GL_ARB_multi_bind
    GL_ARB_direct_state_access
    GL_ARB_get_texture_sub_image
    GL_ARB_texture_filter_anisotropic
    GL_KHR_debug
    GL_KHR_parallel_shader_compile
    GL_NV_depth_buffer_float
Using driver workarounds:
    no-forward-compatible-core-context
    nv-egl-incorrect-gl11-function-pointers
    no-layout-qualifiers-on-old-glsl
    nv-zero-context-profile-mask
    nv-implementation-color-read-format-dsa-broken
    nv-cubemap-inconsistent-compressed-image-size
    nv-cubemap-broken-full-compressed-image-query
    nv-compressed-block-size-in-bits
[05:05:49:854698]:[Warning]:[Metadata] SceneDatasetAttributes.cpp(107)::addNewSceneInstanceToDataset : Dataset : 'default' : Lighting Layout Attributes 'no_lights' specified in Scene Attributes but does not exist in dataset, so creating default.
2026-09-19 05:05:59,357 - INFO - Simulator initialized!
2026-09-19 05:06:19,844 - INFO - HTTP Request: POST http://127.0.0.1:22448/v1/chat/completions "HTTP/1.1 200 OK"
2026-09-19 05:06:20,520 - INFO - --- Episode 92, Step 1/100 ---
2026-09-19 05:09:43,426 - INFO - HTTP Request: POST http://127.0.0.1:22448/v1/chat/completions "HTTP/1.1 200 OK"
2026-09-19 05:12:47,756 - INFO - HTTP Request: POST http://127.0.0.1:22448/v1/chat/completions "HTTP/1.1 200 OK"
2026-09-19 05:15:32,943 - INFO - HTTP Request: POST http://127.0.0.1:22448/v1/chat/completions "HTTP/1.1 200 OK"
2026-09-19 05:15:33,506 - INFO - --- Episode 92, Step 2/100 ---
2026-09-19 05:18:02,448 - INFO - HTTP Request: POST http://127.0.0.1:22448/v1/chat/completions "HTTP/1.1 200 OK"
2026-09-19 05:20:12,349 - INFO - HTTP Request: POST http://127.0.0.1:22448/v1/chat/completions "HTTP/1.1 200 OK"
2026-09-19 05:22:03,785 - INFO - HTTP Request: POST http://127.0.0.1:22448/v1/chat/completions "HTTP/1.1 200 OK"
 86%|████████▌ | 43/50 [9:08:46<1:32:16, 790.87s/it]Renderer: NVIDIA GeForce RTX 4090/PCIe/SSE2 by NVIDIA Corporation
OpenGL version: 4.6.0 NVIDIA 590.48.01
Using optional features:
    GL_ARB_vertex_array_object
    GL_ARB_separate_shader_objects
    GL_ARB_robustness
    GL_ARB_texture_storage
    GL_ARB_texture_view
    GL_ARB_framebuffer_no_attachments
    GL_ARB_invalidate_subdata
    GL_ARB_texture_storage_multisample
    GL_ARB_multi_bind
    GL_ARB_direct_state_access
    GL_ARB_get_texture_sub_image
    GL_ARB_texture_filter_anisotropic
    GL_KHR_debug
    GL_KHR_parallel_shader_compile
    GL_NV_depth_buffer_float
Using driver workarounds:
    no-forward-compatible-core-context
    nv-egl-incorrect-gl11-function-pointers
    no-layout-qualifiers-on-old-glsl
    nv-zero-context-profile-mask
    nv-implementation-color-read-format-dsa-broken
    nv-cubemap-inconsistent-compressed-image-size
    nv-cubemap-broken-full-compressed-image-query
    nv-compressed-block-size-in-bits
[05:22:05:053861]:[Warning]:[Metadata] SceneDatasetAttributes.cpp(107)::addNewSceneInstanceToDataset : Dataset : 'default' : Lighting Layout Attributes 'no_lights' specified in Scene Attributes but does not exist in dataset, so creating default.
2026-09-19 05:22:16,799 - INFO - Simulator initialized!
2026-09-19 05:22:39,966 - INFO - HTTP Request: POST http://127.0.0.1:22448/v1/chat/completions "HTTP/1.1 200 OK"
2026-09-19 05:22:40,625 - INFO - --- Episode 93, Step 1/100 ---
2026-09-19 05:23:10,153 - INFO - HTTP Request: POST http://127.0.0.1:22448/v1/chat/completions "HTTP/1.1 200 OK"
2026-09-19 05:23:10,833 - INFO - --- Episode 93, Step 2/100 ---
2026-09-19 05:23:11,402 - INFO - --- Episode 93, Step 3/100 ---
2026-09-19 05:23:11,946 - INFO - --- Episode 93, Step 4/100 ---
2026-09-19 05:23:12,537 - INFO - --- Episode 93, Step 5/100 ---
2026-09-19 05:23:13,177 - INFO - --- Episode 93, Step 6/100 ---
2026-09-19 05:23:13,808 - INFO - --- Episode 93, Step 7/100 ---
2026-09-19 05:23:14,558 - INFO - --- Episode 93, Step 8/100 ---
2026-09-19 05:23:15,325 - INFO - --- Episode 93, Step 9/100 ---
2026-09-19 05:25:56,410 - INFO - HTTP Request: POST http://127.0.0.1:22448/v1/chat/completions "HTTP/1.1 200 OK"
2026-09-19 05:28:14,437 - INFO - HTTP Request: POST http://127.0.0.1:22448/v1/chat/completions "HTTP/1.1 200 OK"
2026-09-19 05:28:41,447 - INFO - HTTP Request: POST http://127.0.0.1:22448/v1/chat/completions "HTTP/1.1 200 OK"
--- Height change stabilized. Height diff: -0.14, On platform: True, Metrics: {'inlier_count': 9437, 'local_count': 45901, 'support_ratio': 0.20559464934956548, 'vertical_score': 1.0, 'plane_height_mean': -1.3431296348571777, 'agent_z': -1.3359121799468994, 'vertical_diff': 0.007217454910278365, 'area_xy': 5.500799999999999, 'radius_est': 1.3232380821000411, 'z_std': 0.01198768150061369, 'occupied_cells': 382, 'bottom_height_tolerance': 0.1}
--- No significant floor change. Height diff: -0.14, On platform: True, Metrics: {'inlier_count': 9437, 'local_count': 45901, 'support_ratio': 0.20559464934956548, 'vertical_score': 1.0, 'plane_height_mean': -1.3431296348571777, 'agent_z': -1.3359121799468994, 'vertical_diff': 0.007217454910278365, 'area_xy': 5.500799999999999, 'radius_est': 1.3232380821000411, 'z_std': 0.01198768150061369, 'occupied_cells': 382, 'bottom_height_tolerance': 0.1}
Updated floor height: -1.14, ceiling height: 0.66
Action: move_forward
--- Height change stabilized. Height diff: -0.01, On platform: True, Metrics: {'inlier_count': 1352, 'local_count': 51220, 'support_ratio': 0.02639593908577907, 'vertical_score': 1.0, 'plane_height_mean': -1.1906671524047852, 'agent_z': -1.205964994430542, 'vertical_diff': 0.015297842025756792, 'area_xy': 0.7631999999999999, 'radius_est': 0.4928834599938093, 'z_std': 0.042236387729644775, 'occupied_cells': 53, 'bottom_height_tolerance': 0.1}
--- No significant floor change. Height diff: -0.01, On platform: True, Metrics: {'inlier_count': 1352, 'local_count': 51220, 'support_ratio': 0.02639593908577907, 'vertical_score': 1.0, 'plane_height_mean': -1.1906671524047852, 'agent_z': -1.205964994430542, 'vertical_diff': 0.015297842025756792, 'area_xy': 0.7631999999999999, 'radius_est': 0.4928834599938093, 'z_std': 0.042236387729644775, 'occupied_cells': 53, 'bottom_height_tolerance': 0.1}
Updated floor height: -1.01, ceiling height: 0.79
Action: move_forward
Action: turn
Action: move_forward
Action: null
Action: turn
waypoints: 5
skipped waypoints: edge 2,  distance 1,  no_path 2,  occlusion 0

```json
{
"movement": "I have moved along the side of the bed towards the headboard area. I am now standing next to the nightstand at the head of the bed.",
"observation": {
    "front view": "I see a nightstand with a lamp and a picture frame, and a window to the right.",
    "left view": "I see the foot of the bed and the rest of the bedroom.",
    "right view": "I see glass doors leading to a balcony.",
    "map": "My current position is near the head of the bed. The bathroom (blue area) is located to the left of the bed on the map."
},
"thought": "I am currently at the head of the bed, facing the nightstand/window. The instruction is to 'walk toward the bathroom on the left'. Based on the map, the bathroom is to the left of the bed. I need to turn around/left to face the bathroom door and move towards it.",
"stuck": false,
"plan": "Turn left to face the direction of the bathroom door and then move towards it.",
"curr_step": "I am at the head of the bed. I need to orient myself towards the bathroom which is to the left.",
"action": "L"
}
```
Action: turn
waypoints: 25
skipped waypoints: edge 6,  distance 10,  no_path 2,  occlusion 7
```json
{
"movement": "I have turned left from facing the nightstand/window to face the direction of the bathroom door.",
"observation": {
    "front view": "I see the side of the bed and a doorway leading out of the bedroom towards a hallway/bathroom area.",
    "left view": "I see the path along the foot of the bed towards the exit.",
    "right view": "I see the nightstand and window I was just facing.",
    "map": "My current position is near the head of the bed. The bathroom (blue area) is to the left."
},
"thought": "I am currently at the head of the bed. The instruction is to 'walk toward the bathroom on the left'. Turning left will orient me towards the doorway that leads to the bathroom. Once oriented, I can move forward.",
"stuck": false,
"plan": "Turn left to face the bathroom door and then move forward towards it.",
"curr_step": "I need to turn left to face the correct direction.",
"action": "L"
}
```
Action: turn
waypoints: 38
skipped waypoints: edge 2,  distance 14,  no_path 0,  occlusion 17



Action: stop
waypoints: 38
skipped waypoints: edge 2,  distance 14,  no_path 0,  occlusion 17

Action: stop
['Enter the first bedroom on the right and wait in the en suite bathroom.']
Initialized data for new floor level: 0
Switching pcds to floor level: 0
Initialized data for new floor level: 0
Switching pcds to floor level: 0
Initialized data for new floor level: 0
Switching pcds to floor level: 0
[StairDetect] normals=0.0038s, cpu=0.0003s, cluster=0.0315s, loop=0.0313s, total=0.0757s
waypoints: 24
skipped waypoints: edge 5,  distance 7,  no_path 0,  occlusion 3



Calculated floor height difference: 2.97m
Action: stop
waypoints: 20
skipped waypoints: edge 4,  distance 7,  no_path 0,  occlusion 4



Action: stop
['Walk forward, take a left around the corner and walk all the way to the end of the hallway', 'stop at the door before the bedroom.']
Initialized data for new floor level: 0
Switching pcds to floor level: 0
Initialized data for new floor level: 0
Switching pcds to floor level: 0
Initialized data for new floor level: 0
Switching pcds to floor level: 0
[StairDetect] normals=0.0029s, cpu=0.0002s, cluster=0.0191s, loop=0.0139s, total=0.0463s
waypoints: 28
skipped waypoints: edge 2,  distance 14,  no_path 0,  occlusion 3
```json
{
    "movement": "Move forward and slightly left towards the arched opening visible in the front view.",
    "observation": {
        "front view": "An arched doorway leading into a stone-walled hallway is visible ahead, slightly to the left of the center. To the right is a wall with a framed picture. To the left is an opening into a living room with a fireplace.",
        "left view": "A living room with a fireplace and TV is visible to the left.",
        "right view": "Glass doors and a console table are visible to the right.",
        "map": "The map shows the current path leading forward towards an arched area (waypoint 4). The path continues beyond that into a hallway."
    },
    "thought": "I am currently facing the entrance to the hallway through an archway. The instruction says to 'walk forward, take a left around the corner'. The wall with the picture on the right acts as the corner. By moving towards waypoint 4, I will walk past the living room opening and go around the corner of that wall into the arched hallway. This aligns with the first part of the instruction.",
    "stuck": false,
    "plan": "Move towards waypoint 4 to enter the stone-walled hallway. Once inside, I will continue walking down the hallway to find the door before the bedroom as per the next subtask.",
    "curr_step": "Move towards waypoint 4 which is located at the entrance of the arched hallway.",
    "action": 4
}
```
Calculated floor height difference: 2.97m
Action: turn
--- Height change stabilized. Height diff: -0.08, On platform: True, Metrics: {'inlier_count': 9868, 'local_count': 21517, 'support_ratio': 0.45861411904732935, 'vertical_score': 1.0, 'plane_height_mean': -1.3041679859161377, 'agent_z': -1.275116030871868, 'vertical_diff': 0.029051955044269606, 'area_xy': 6.1488, 'radius_est': 1.3990081587206316, 'z_std': 0.016144247725605965, 'occupied_cells': 427, 'bottom_height_tolerance': 0.1}
--- No significant floor change. Height diff: -0.08, On platform: True, Metrics: {'inlier_count': 9868, 'local_count': 21517, 'support_ratio': 0.45861411904732935, 'vertical_score': 1.0, 'plane_height_mean': -1.3041679859161377, 'agent_z': -1.275116030871868, 'vertical_diff': 0.029051955044269606, 'area_xy': 6.1488, 'radius_est': 1.3990081587206316, 'z_std': 0.016144247725605965, 'occupied_cells': 427, 'bottom_height_tolerance': 0.1}
Updated floor height: -1.08, ceiling height: 0.72
Action: move_forward
Action: turn
Action: move_forward
Action: move_forward
Action: turn
Action: move_forward
Action: null
waypoints: 49
skipped waypoints: edge 2,  distance 20,  no_path 0,  occlusion 15


2026-09-19 05:28:42,611 - INFO - --- Episode 93, Step 10/100 ---
2026-09-19 05:28:43,391 - INFO - --- Episode 93, Step 11/100 ---
2026-09-19 05:28:44,150 - INFO - --- Episode 93, Step 12/100 ---
2026-09-19 05:28:44,779 - INFO - --- Episode 93, Step 13/100 ---
2026-09-19 05:28:45,415 - INFO - --- Episode 93, Step 14/100 ---
2026-09-19 05:28:46,406 - INFO - --- Episode 93, Step 15/100 ---
2026-09-19 05:28:47,196 - INFO - --- Episode 93, Step 16/100 ---
2026-09-19 05:28:48,035 - INFO - --- Episode 93, Step 17/100 ---
2026-09-19 05:30:32,962 - INFO - HTTP Request: POST http://127.0.0.1:22448/v1/chat/completions "HTTP/1.1 200 OK"
2026-09-19 05:31:51,238 - INFO - HTTP Request: POST http://127.0.0.1:22448/v1/chat/completions "HTTP/1.1 200 OK"
2026-09-19 05:32:15,642 - INFO - HTTP Request: POST http://127.0.0.1:22448/v1/chat/completions "HTTP/1.1 200 OK"
2026-09-19 05:32:16,623 - INFO - --- Episode 93, Step 18/100 ---
2026-09-19 05:32:17,311 - INFO - --- Episode 93, Step 19/100 ---
2026-09-19 05:32:18,353 - INFO - --- Episode 93, Step 20/100 ---
2026-09-19 05:32:19,195 - INFO - --- Episode 93, Step 21/100 ---
2026-09-19 05:32:19,960 - INFO - --- Episode 93, Step 22/100 ---
2026-09-19 05:32:20,683 - INFO - --- Episode 93, Step 23/100 ---
2026-09-19 05:32:21,515 - INFO - --- Episode 93, Step 24/100 ---
2026-09-19 05:32:22,612 - INFO - --- Episode 93, Step 25/100 ---
2026-09-19 05:32:23,382 - INFO - --- Episode 93, Step 26/100 ---
2026-09-19 05:32:57,860 - INFO - HTTP Request: POST http://127.0.0.1:22448/v1/chat/completions "HTTP/1.1 200 OK"
2026-09-19 05:32:59,141 - INFO - --- Episode 93, Step 27/100 ---
2026-09-19 05:32:59,980 - INFO - --- Episode 93, Step 28/100 ---
2026-09-19 05:33:00,795 - INFO - --- Episode 93, Step 29/100 ---
2026-09-19 05:33:01,699 - INFO - --- Episode 93, Step 30/100 ---
2026-09-19 05:33:02,328 - INFO - --- Episode 93, Step 31/100 ---
2026-09-19 05:33:55,441 - INFO - HTTP Request: POST http://127.0.0.1:22448/v1/chat/completions "HTTP/1.1 200 OK"
2026-09-19 05:34:28,124 - INFO - HTTP Request: POST http://127.0.0.1:22448/v1/chat/completions "HTTP/1.1 200 OK"
2026-09-19 05:34:51,351 - INFO - HTTP Request: POST http://127.0.0.1:22448/v1/chat/completions "HTTP/1.1 200 OK"
```json
{
    "movement": "Move forward and slightly left towards the opening to the left of the central pillar.",
    "observation": {
        "front view": "A large pillar/wall section is directly ahead. To its left is an opening into a living/dining area with a fireplace and windows. To its right is a stone archway leading to a kitchen area.",
        "left view": "A dining table and chairs are visible in the room to the left, with large windows.",
        "right view": "A kitchen island and stone wall are visible to the right.",
        "map": "The map shows the current position near the pillar. Waypoint 3 is located to the left of the pillar, leading towards the 'desk' and 'lamp' area."
    },
    "thought": "I have reached the junction with the pillar. The instruction says to 'take a left around the corner'. The pillar acts as the corner. To go around it to the left, I need to head into the space to the left of the pillar, which corresponds to waypoint 3. This will lead me towards the area with the desk and lamp, which appears to be the start of the hallway mentioned in the instruction.",
    "stuck": false,
    "plan": "Move towards waypoint 3 to navigate around the left side of the pillar and enter the hallway/living area. Then continue walking down this path towards the end.",
    "curr_step": "Select waypoint 3 which is located to the left of the pillar, leading into the next section of the house.",
    "action": 3
}
```
Action: turn
Action: move_forward
Action: turn
--- Height change stabilized. Height diff: 0.02, On platform: True, Metrics: {'inlier_count': 718, 'local_count': 26659, 'support_ratio': 0.026932743162649285, 'vertical_score': 1.0, 'plane_height_mean': -1.1869173049926758, 'agent_z': -1.1768081083893775, 'vertical_diff': 0.010109196603298232, 'area_xy': 0.3888, 'radius_est': 0.35179380857010234, 'z_std': 0.04306793585419655, 'occupied_cells': 27, 'bottom_height_tolerance': 0.1}
--- No significant floor change. Height diff: 0.02, On platform: True, Metrics: {'inlier_count': 718, 'local_count': 26659, 'support_ratio': 0.026932743162649285, 'vertical_score': 1.0, 'plane_height_mean': -1.1869173049926758, 'agent_z': -1.1768081083893775, 'vertical_diff': 0.010109196603298232, 'area_xy': 0.3888, 'radius_est': 0.35179380857010234, 'z_std': 0.04306793585419655, 'occupied_cells': 27, 'bottom_height_tolerance': 0.1}
Updated floor height: -0.98, ceiling height: 0.82
Action: move_forward
Action: turn
--- Height change stabilized. Height diff: 0.14, On platform: True, Metrics: {'inlier_count': 1217, 'local_count': 29957, 'support_ratio': 0.040624895682457356, 'vertical_score': 1.0, 'plane_height_mean': -1.060113787651062, 'agent_z': -1.0566888570785522, 'vertical_diff': 0.00342493057250981, 'area_xy': 0.7343999999999999, 'radius_est': 0.4834943437242838, 'z_std': 0.04143981635570526, 'occupied_cells': 51, 'bottom_height_tolerance': 0.1}
--- No significant floor change. Height diff: 0.14, On platform: True, Metrics: {'inlier_count': 1217, 'local_count': 29957, 'support_ratio': 0.040624895682457356, 'vertical_score': 1.0, 'plane_height_mean': -1.060113787651062, 'agent_z': -1.0566888570785522, 'vertical_diff': 0.00342493057250981, 'area_xy': 0.7343999999999999, 'radius_est': 0.4834943437242838, 'z_std': 0.04143981635570526, 'occupied_cells': 51, 'bottom_height_tolerance': 0.1}
Updated floor height: -0.86, ceiling height: 0.94
Action: move_forward
Action: null
Action: turn
waypoints: 45
skipped waypoints: edge 2,  distance 10,  no_path 0,  occlusion 23


```json
{
    "movement": "Move forward and slightly left towards the corner of the wall/pillar near the dining area.",
    "observation": {
        "front view": "A long wooden workbench/table is directly ahead. To its left is a pillar/wall section. Beyond that, there is an opening into a dining area with a large table and chairs. Waypoint 5 is located near the corner of this wall/pillar.",
        "left view": "A dining room with a large table and chairs is visible to the left.",
        "right view": "A kitchen area with an island is visible to the right.",
        "map": "The map shows the path continuing from the workbench area towards waypoints 13, 8, and then 5, which leads into a hallway-like passage."
    },
    "thought": "I have reached the workbench area. The instruction says to 'take a left around the corner'. The pillar/wall section in front of me acts as the corner. To go around it to the left, I need to head towards the opening near waypoint 5, which leads into the dining area and subsequently the hallway mentioned in the instructions.",
    "stuck": false,
    "plan": "Move towards waypoint 5 to navigate around the left side of the pillar/wall. This will lead me into the next section of the house where I can continue down the hallway.",
    "curr_step": "Select waypoint 5 which is located near the corner of the wall/pillar to the left of the workbench.",
    "action": 5
}
```
Action: turn
Action: move_forward
Action: turn
Action: move_forward
Action: turn
Action: move_forward
Action: turn
Action: move_forward
Action: null
waypoints: 32
skipped waypoints: edge 3,  distance 15,  no_path 0,  occlusion 6
```json
{
    "movement": "Move forward and slightly left towards the area near the pillar and window, specifically targeting waypoint 7 which is located on the floor near the corner.",
    "observation": {
        "front view": "A large window with curtains is on the left. A pillar/wall section is in front. To the right is a living room with a sofa and fireplace. Waypoint 7 is on the floor near the base of the pillar/window wall.",
        "left view": "A long hallway with wooden floors and white walls extends to the left, past the curtains.",
        "right view": "The living room area with a large sofa, coffee table, and fireplace is visible.",
        "map": "The map shows my current position near the 'carpet' and 'desk'. The path continues towards the top left, which corresponds to the hallway seen in the left view. Waypoint 7 is located along this path."
    },
    "thought": "I have reached the corner formed by the window wall/pillar. The instruction tells me to 'take a left around the corner'. The hallway is visible in the left view. To enter it, I need to move past the immediate corner of the pillar/window. Waypoint 7 is located on the floor near this corner, allowing me to navigate around it and align myself with the hallway entrance.",
    "stuck": false,
    "plan": "Move towards waypoint 7 to get past the window/pillar corner. Once there, I will turn left into the hallway and walk all the way to the end as instructed.",
    "curr_step": "Select waypoint 7 which is located on the floor near the pillar/window corner, leading towards the hallway entrance.",
    "action": 7
}
```
Action: turn
Action: move_forward
Action: turn
Action: move_forward
Action: null
waypoints: 39
skipped waypoints: edge 1,  distance 17,  no_path 1,  occlusion 9


2026-09-19 05:34:52,490 - INFO - --- Episode 93, Step 32/100 ---
2026-09-19 05:34:53,383 - INFO - --- Episode 93, Step 33/100 ---
2026-09-19 05:34:54,265 - INFO - --- Episode 93, Step 34/100 ---
2026-09-19 05:34:55,238 - INFO - --- Episode 93, Step 35/100 ---
2026-09-19 05:34:56,126 - INFO - --- Episode 93, Step 36/100 ---
2026-09-19 05:34:57,068 - INFO - --- Episode 93, Step 37/100 ---
2026-09-19 05:34:57,906 - INFO - --- Episode 93, Step 38/100 ---
2026-09-19 05:35:20,789 - INFO - HTTP Request: POST http://127.0.0.1:22448/v1/chat/completions "HTTP/1.1 200 OK"
2026-09-19 05:35:22,601 - INFO - HTTP Request: POST http://127.0.0.1:22448/v1/chat/completions "HTTP/1.1 400 Bad Request"
2026-09-19 05:35:23,842 - INFO - HTTP Request: POST http://127.0.0.1:22448/v1/chat/completions "HTTP/1.1 400 Bad Request"
2026-09-19 05:35:24,925 - INFO - --- Episode 93, Step 39/100 ---
2026-09-19 05:35:50,120 - INFO - HTTP Request: POST http://127.0.0.1:22448/v1/chat/completions "HTTP/1.1 200 OK"
2026-09-19 05:35:52,232 - INFO - --- Episode 93, Step 40/100 ---
2026-09-19 05:35:53,301 - INFO - --- Episode 93, Step 41/100 ---
2026-09-19 05:35:54,043 - INFO - --- Episode 93, Step 42/100 ---
2026-09-19 05:35:54,923 - INFO - --- Episode 93, Step 43/100 ---
2026-09-19 05:35:55,967 - INFO - --- Episode 93, Step 44/100 ---
2026-09-19 05:35:57,175 - INFO - --- Episode 93, Step 45/100 ---
2026-09-19 05:35:58,218 - INFO - --- Episode 93, Step 46/100 ---
2026-09-19 05:35:59,095 - INFO - --- Episode 93, Step 47/100 ---
2026-09-19 05:35:59,937 - INFO - --- Episode 93, Step 48/100 ---
2026-09-19 05:36:00,752 - INFO - --- Episode 93, Step 49/100 ---
2026-09-19 05:36:04,122 - INFO - --- Episode 93, Step 50/100 ---
2026-09-19 05:36:05,134 - INFO - --- Episode 93, Step 51/100 ---
2026-09-19 05:36:06,323 - INFO - --- Episode 93, Step 52/100 ---
2026-09-19 05:36:14,014 - INFO - HTTP Request: POST http://127.0.0.1:22448/v1/chat/completions "HTTP/1.1 400 Bad Request"
2026-09-19 05:36:15,426 - INFO - HTTP Request: POST http://127.0.0.1:22448/v1/chat/completions "HTTP/1.1 400 Bad Request"
2026-09-19 05:36:16,835 - INFO - HTTP Request: POST http://127.0.0.1:22448/v1/chat/completions "HTTP/1.1 400 Bad Request"
 88%|████████▊ | 44/50 [9:23:03<1:21:05, 810.90s/it]Renderer: NVIDIA GeForce RTX 4090/PCIe/SSE2 by NVIDIA Corporation
OpenGL version: 4.6.0 NVIDIA 590.48.01
Using optional features:
    GL_ARB_vertex_array_object
    GL_ARB_separate_shader_objects
    GL_ARB_robustness
    GL_ARB_texture_storage
    GL_ARB_texture_view
    GL_ARB_framebuffer_no_attachments
    GL_ARB_invalidate_subdata
    GL_ARB_texture_storage_multisample
    GL_ARB_multi_bind
    GL_ARB_direct_state_access
    GL_ARB_get_texture_sub_image
    GL_ARB_texture_filter_anisotropic
    GL_KHR_debug
    GL_KHR_parallel_shader_compile
    GL_NV_depth_buffer_float
Using driver workarounds:
    no-forward-compatible-core-context
    nv-egl-incorrect-gl11-function-pointers
    no-layout-qualifiers-on-old-glsl
    nv-zero-context-profile-mask
    nv-implementation-color-read-format-dsa-broken
    nv-cubemap-inconsistent-compressed-image-size
    nv-cubemap-broken-full-compressed-image-query
    nv-compressed-block-size-in-bits
[05:36:22:692597]:[Warning]:[Metadata] SceneDatasetAttributes.cpp(107)::addNewSceneInstanceToDataset : Dataset : 'default' : Lighting Layout Attributes 'no_lights' specified in Scene Attributes but does not exist in dataset, so creating default.
2026-09-19 05:36:34,741 - INFO - Simulator initialized!
2026-09-19 05:37:06,400 - INFO - HTTP Request: POST http://127.0.0.1:22448/v1/chat/completions "HTTP/1.1 200 OK"
2026-09-19 05:37:07,019 - INFO - --- Episode 94, Step 1/100 ---
2026-09-19 05:38:13,445 - INFO - HTTP Request: POST http://127.0.0.1:22448/v1/chat/completions "HTTP/1.1 200 OK"
2026-09-19 05:38:14,142 - INFO - --- Episode 94, Step 2/100 ---
2026-09-19 05:38:14,670 - INFO - --- Episode 94, Step 3/100 ---
2026-09-19 05:38:15,223 - INFO - --- Episode 94, Step 4/100 ---
2026-09-19 05:38:16,009 - INFO - --- Episode 94, Step 5/100 ---
2026-09-19 05:38:16,643 - INFO - --- Episode 94, Step 6/100 ---
2026-09-19 05:38:17,378 - INFO - --- Episode 94, Step 7/100 ---
2026-09-19 05:38:18,094 - INFO - --- Episode 94, Step 8/100 ---
2026-09-19 05:38:18,846 - INFO - --- Episode 94, Step 9/100 ---
2026-09-19 05:39:10,130 - INFO - HTTP Request: POST http://127.0.0.1:22448/v1/chat/completions "HTTP/1.1 200 OK"
2026-09-19 05:39:11,281 - INFO - --- Episode 94, Step 10/100 ---
2026-09-19 05:39:12,010 - INFO - --- Episode 94, Step 11/100 ---
2026-09-19 05:39:12,898 - INFO - --- Episode 94, Step 12/100 ---
```json
{
    "movement": "Move forward and slightly left towards the opening just past the pillar/curtain, targeting waypoint 6 which leads into the hallway.",
    "observation": {
        "front view": "A large curtain/pillar is directly ahead and slightly left. To the right is a living room with a fireplace and sofa. To the left of the curtain is a dark opening leading to a hallway/dining area.",
        "left view": "A dining table and chairs are visible in the distance to the left, indicating the path continues that way.",
        "right view": "The living room with a large sectional sofa and coffee table is visible.",
        "map": "The map shows the path continuing from the 'carpet' area towards the top left, where waypoints 6 and 10 are located. This corresponds to the hallway entrance."
    },
    "thought": "I have reached the corner formed by the pillar/curtain. The instruction says to 'take a left around the corner'. The hallway is visible to the left of this pillar. Waypoint 6 is located just past this corner, leading into the hallway. Moving towards waypoint 6 will allow me to enter the hallway and continue walking down it as instructed.",
    "stuck": false,
    "plan": "Move towards waypoint 6 to navigate around the left side of the pillar/curtain and enter the hallway. Then continue walking down this hallway to the end.",
    "curr_step": "Select waypoint 6 which is located just past the pillar/curtain on the left, leading into the hallway.",
    "action": 6
}
```
Action: turn
Action: move_forward
Action: turn
Action: move_forward
Action: turn
Action: move_forward
Action: null
waypoints: 23
skipped waypoints: edge 3,  distance 9,  no_path 1,  occlusion 6

Action: stop
waypoints: 23
skipped waypoints: edge 3,  distance 9,  no_path 1,  occlusion 6
```json
{
    "movement": "Move forward and slightly right towards the opening leading past the living room area, targeting waypoint 3 which is further down the path.",
    "observation": {
        "front view": "A pillar/curtain is directly ahead/left. A small table with items is to the right of the pillar. Further right is the living room with sofas and an archway.",
        "left view": "Windows and curtains are visible to the left.",
        "right view": "The living room with a large sofa, coffee table, and an archway leading to another room is visible.",
        "map": "The map shows the path continuing from my current position towards the top left, passing near 'television' and 'workbench'. Waypoint 3 is located in this direction."
    },
    "thought": "I have turned the corner around the pillar. The instruction is to walk all the way to the end of the hallway. Looking at the map and the right view (which shows the archway leading further into the house), the path continues past the living room area towards the top left of the map. Waypoint 3 is located along this path, near a 'television' and 'workbench'. I need to move in that direction to continue down the hallway.",
    "stuck": false,
    "plan": "Move towards waypoint 3 to proceed further into the house along the path indicated on the map. This will take me past the living room area and deeper into the hallway.",
    "curr_step": "Select waypoint 3 which is located further along the path towards the 'television' and 'workbench'.",
    "action": 3
}
```
Action: turn
Action: move_forward
Action: turn
Action: move_forward
Action: turn
Action: move_forward
Action: turn
Action: move_forward
Action: turn
Action: move_forward
Action: turn
Action: move_forward
Action: null
waypoints: 5
skipped waypoints: edge 1,  distance 0,  no_path 0,  occlusion 1
Action: stop
['Walk toward the big wall of windows.', 'Turn hard left and continue passed the kitchen. Stop when you reach the room in front of you.']
Initialized data for new floor level: 0
Switching pcds to floor level: 0
Initialized data for new floor level: 0
Switching pcds to floor level: 0
Initialized data for new floor level: 0
Switching pcds to floor level: 0
[StairDetect] normals=0.0029s, cpu=0.0003s, cluster=0.0192s, loop=0.0140s, total=0.0465s
waypoints: 28
skipped waypoints: edge 2,  distance 14,  no_path 0,  occlusion 3
```json
{
"movement": "Move forward down the hallway, keeping the wall with the windows on my right.",
"observation": {
"front view": "A hallway leading towards an archway labeled B. To the left is a living room with a fireplace. To the right is a wall with a picture.",
"left view": "A living room with a fireplace and a TV.",
"right view": "A console table against the wall and large glass doors/windows leading outside.",
"map": "The map shows the current path going forward towards archway B, with the living room to the left and open space to the right."
},
"thought": "The instruction is to walk toward the big wall of windows. The Right View clearly shows a large set of glass doors/windows along the right wall of the hallway. To approach them, I need to move forward down the hallway. Waypoint 4 is straight ahead and further down the hall, which will bring me closer to the area with the windows. After reaching this point, the next instruction is to turn hard left, which would face me down the hallway (if I was facing the windows) or towards the living room (if I was facing forward). Given the context, turning left after approaching the windows likely aligns me with the path past the kitchen.",
"stuck": false,
"plan": "Move forward down the hallway towards waypoint 4 to get closer to the big wall of windows on the right.",
"curr_step": "Move towards waypoint 4.",
"action": 4
}
```
Calculated floor height difference: 2.97m
Action: turn
--- Height change stabilized. Height diff: -0.08, On platform: True, Metrics: {'inlier_count': 9869, 'local_count': 21517, 'support_ratio': 0.4586605939276544, 'vertical_score': 1.0, 'plane_height_mean': -1.3041651248931885, 'agent_z': -1.275116030871868, 'vertical_diff': 0.029049094021320387, 'area_xy': 6.1488, 'radius_est': 1.3990081587206316, 'z_std': 0.016143133863806725, 'occupied_cells': 427, 'bottom_height_tolerance': 0.1}
--- No significant floor change. Height diff: -0.08, On platform: True, Metrics: {'inlier_count': 9869, 'local_count': 21517, 'support_ratio': 0.4586605939276544, 'vertical_score': 1.0, 'plane_height_mean': -1.3041651248931885, 'agent_z': -1.275116030871868, 'vertical_diff': 0.029049094021320387, 'area_xy': 6.1488, 'radius_est': 1.3990081587206316, 'z_std': 0.016143133863806725, 'occupied_cells': 427, 'bottom_height_tolerance': 0.1}
Updated floor height: -1.08, ceiling height: 0.72
Action: move_forward
Action: turn
Action: move_forward
Action: move_forward
Action: turn
Action: move_forward
Action: null
waypoints: 49
skipped waypoints: edge 2,  distance 20,  no_path 0,  occlusion 15
```json
{
"movement": "Move forward and slightly left towards the doorway leading to the room with the large windows.",
"observation": {
"front view": "A pillar labeled 'B' is directly ahead, with a living room visible through an opening to its left and a kitchen area to its right.",
"left view": "A room with a desk, chairs, and a large wall of windows with curtains.",
"right view": "A kitchen area with a counter, island, and stone pillars.",
"map": "The map shows the path from START moving towards the center and then curving left towards the 'desk/lamp' area, which corresponds to the room with the big windows seen in the left view."
},
"thought": "The current task is P1: 'Walk toward the big wall of windows.' The Left View clearly shows a large wall of windows in the room to the left. The map path also indicates movement towards this area (labeled 'desk/lamp'). I am currently facing a pillar. To walk toward the windows, I need to move into that room on the left. Waypoint 3 is located just past the pillar on the left side, leading into that room. This aligns with the instruction.",
"stuck": false,
"plan": "Move towards waypoint 3 to enter the room with the big wall of windows.",
"curr_step": "Move towards waypoint 3.",
"action": 3
}
```
Action: turn
Action: move_forward
Action: turn
2026-09-19 05:39:13,517 - INFO - --- Episode 94, Step 13/100 ---
2026-09-19 05:39:14,183 - INFO - --- Episode 94, Step 14/100 ---
2026-09-19 05:39:15,172 - INFO - --- Episode 94, Step 15/100 ---
2026-09-19 05:39:16,141 - INFO - --- Episode 94, Step 16/100 ---
2026-09-19 05:39:16,997 - INFO - --- Episode 94, Step 17/100 ---
2026-09-19 05:39:55,981 - INFO - HTTP Request: POST http://127.0.0.1:22448/v1/chat/completions "HTTP/1.1 200 OK"
2026-09-19 05:39:56,950 - INFO - --- Episode 94, Step 18/100 ---
2026-09-19 05:39:57,666 - INFO - --- Episode 94, Step 19/100 ---
2026-09-19 05:39:58,690 - INFO - --- Episode 94, Step 20/100 ---
2026-09-19 05:39:59,424 - INFO - --- Episode 94, Step 21/100 ---
2026-09-19 05:40:00,121 - INFO - --- Episode 94, Step 22/100 ---
2026-09-19 05:40:00,995 - INFO - --- Episode 94, Step 23/100 ---
2026-09-19 05:40:01,872 - INFO - --- Episode 94, Step 24/100 ---
2026-09-19 05:40:02,746 - INFO - --- Episode 94, Step 25/100 ---
2026-09-19 05:40:03,459 - INFO - --- Episode 94, Step 26/100 ---
2026-09-19 05:40:04,331 - INFO - --- Episode 94, Step 27/100 ---
2026-09-19 05:41:03,842 - INFO - HTTP Request: POST http://127.0.0.1:22448/v1/chat/completions "HTTP/1.1 200 OK"
2026-09-19 05:41:05,003 - INFO - --- Episode 94, Step 28/100 ---
2026-09-19 05:41:05,768 - INFO - --- Episode 94, Step 29/100 ---
2026-09-19 05:41:06,742 - INFO - --- Episode 94, Step 30/100 ---
2026-09-19 05:41:07,627 - INFO - --- Episode 94, Step 31/100 ---
2026-09-19 05:41:08,407 - INFO - --- Episode 94, Step 32/100 ---
2026-09-19 05:41:09,158 - INFO - --- Episode 94, Step 33/100 ---
2026-09-19 05:41:09,871 - INFO - --- Episode 94, Step 34/100 ---
2026-09-19 05:41:53,324 - INFO - HTTP Request: POST http://127.0.0.1:22448/v1/chat/completions "HTTP/1.1 200 OK"
2026-09-19 05:41:54,954 - INFO - --- Episode 94, Step 35/100 ---
2026-09-19 05:41:55,676 - INFO - --- Episode 94, Step 36/100 ---
2026-09-19 05:41:56,439 - INFO - --- Episode 94, Step 37/100 ---
2026-09-19 05:41:57,206 - INFO - --- Episode 94, Step 38/100 ---
2026-09-19 05:41:58,059 - INFO - --- Episode 94, Step 39/100 ---
2026-09-19 05:41:59,106 - INFO - --- Episode 94, Step 40/100 ---
2026-09-19 05:41:59,911 - INFO - --- Episode 94, Step 41/100 ---
2026-09-19 05:42:00,691 - INFO - --- Episode 94, Step 42/100 ---
2026-09-19 05:42:25,110 - INFO - HTTP Request: POST http://127.0.0.1:22448/v1/chat/completions "HTTP/1.1 200 OK"
--- Height change stabilized. Height diff: 0.02, On platform: True, Metrics: {'inlier_count': 719, 'local_count': 26658, 'support_ratio': 0.026971265660328182, 'vertical_score': 1.0, 'plane_height_mean': -1.1869869232177734, 'agent_z': -1.17679453343153, 'vertical_diff': 0.010192389786243483, 'area_xy': 0.3888, 'radius_est': 0.35179380857010234, 'z_std': 0.04316170513629913, 'occupied_cells': 27, 'bottom_height_tolerance': 0.1}
--- No significant floor change. Height diff: 0.02, On platform: True, Metrics: {'inlier_count': 719, 'local_count': 26658, 'support_ratio': 0.026971265660328182, 'vertical_score': 1.0, 'plane_height_mean': -1.1869869232177734, 'agent_z': -1.17679453343153, 'vertical_diff': 0.010192389786243483, 'area_xy': 0.3888, 'radius_est': 0.35179380857010234, 'z_std': 0.04316170513629913, 'occupied_cells': 27, 'bottom_height_tolerance': 0.1}
Updated floor height: -0.98, ceiling height: 0.82
Action: move_forward
Action: turn
--- Height change stabilized. Height diff: 0.14, On platform: True, Metrics: {'inlier_count': 1215, 'local_count': 29956, 'support_ratio': 0.04055948724660971, 'vertical_score': 1.0, 'plane_height_mean': -1.0601434707641602, 'agent_z': -1.0568545430898666, 'vertical_diff': 0.0032889276742935625, 'area_xy': 0.7343999999999999, 'radius_est': 0.4834943437242838, 'z_std': 0.04136500507593155, 'occupied_cells': 51, 'bottom_height_tolerance': 0.1}
--- No significant floor change. Height diff: 0.14, On platform: True, Metrics: {'inlier_count': 1215, 'local_count': 29956, 'support_ratio': 0.04055948724660971, 'vertical_score': 1.0, 'plane_height_mean': -1.0601434707641602, 'agent_z': -1.0568545430898666, 'vertical_diff': 0.0032889276742935625, 'area_xy': 0.7343999999999999, 'radius_est': 0.4834943437242838, 'z_std': 0.04136500507593155, 'occupied_cells': 51, 'bottom_height_tolerance': 0.1}
Updated floor height: -0.86, ceiling height: 0.94
Action: move_forward
Action: null
Action: turn
waypoints: 45
skipped waypoints: edge 2,  distance 10,  no_path 0,  occlusion 23
```json
{
"movement": "Move forward and slightly left towards the area near the dining room and the wall with the large windows.",
"observation": {
"front view": "A large wooden table (workbench) is directly ahead. To the left, there are tall windows with curtains. To the right, a living room area with a fireplace is visible.",
"left view": "An archway leading to a dining room with a large table and chairs. Large windows are visible on the wall to the right of this archway.",
"right view": "A kitchen area with an island and cabinets is visible through an opening.",
"map": "The map shows my current position near the 'workbench'. To the left (West) is the dining area and the window wall. Waypoint 8 is located along this left wall, further towards the windows."
},
"thought": "I am currently facing the workbench/living room area. The 'big wall of windows' is to my left, as seen in the Front View (left side) and Left View. To complete P1 'Walk toward the big wall of windows', I need to move closer to that wall. Waypoint 8 is located along that wall, near the dining room entrance. Moving there will bring me right up to the windows. After reaching the windows, the next instruction is to turn hard left and pass the kitchen. If I am at the window wall facing South (towards the start), a hard left turn would face me East towards the kitchen, which aligns with 'continue passed the kitchen'. So moving to waypoint 8 is the correct step for P1.",
"stuck": false,
"plan": "Move towards waypoint 8 to get closer to the big wall of windows on the left.",
"curr_step": "Move towards waypoint 8.",
"action": 8
}
```
Action: turn
Action: move_forward
Action: turn
Action: move_forward
Action: turn
Action: move_forward
Action: turn
Action: move_forward
Action: null
Action: turn
waypoints: 42
skipped waypoints: edge 3,  distance 28,  no_path 0,  occlusion 5
```json
{
"movement": "Move forward towards the corner near the picture frame and the start of the window wall.",
"observation": {
"front view": "A wall with a large framed picture (labeled B) is directly ahead. To the right of the picture, there are curtains and windows. To the left, there is an opening into a dining room.",
"left view": "A dining room with a table, chairs, and large windows in the background.",
"right view": "A living room area with a fireplace, sofa, and coffee table.",
"map": "The map shows my current position near 'carpet'. To the left is the dining area ('chair'). To the right is the living area ('sofa'). The path along the window wall leads towards the corner where the picture is."
},
"thought": "I am currently facing a wall with a picture. The 'big wall of windows' mentioned in the instruction is visible to my right (the curtains). I have been walking along this wall. To complete P1 'Walk toward the big wall of windows', I need to get closer to it. Waypoint 6 is located near the corner of this wall, just before the window section fully begins or alongside it. This position also sets me up for the next instruction 'Turn hard left', which would face me into the dining room (Left View). Therefore, moving to waypoint 6 is the correct step.",
"stuck": false,
"plan": "Move towards waypoint 6 to get closer to the big wall of windows and position myself for the next turn.",
"curr_step": "Move towards waypoint 6.",
"action": 6
}
```
Action: turn
Action: move_forward
Action: turn
Action: move_forward
Action: turn
Action: move_forward
Action: null
waypoints: 40
skipped waypoints: edge 5,  distance 21,  no_path 0,  occlusion 7
```json
{
"movement": "Move forward along the big wall of windows towards the corner where the wall ends.",
"observation": {
"front view": "The big wall of windows continues ahead on the left. Waypoint 7 is visible further down near the corner. To the right is the living room with a sofa and fireplace.",
"left view": "A dining area with a table and chairs is visible through an opening, located just past the current position along the window wall.",
"right view": "The living room area with a large sofa, coffee table, and fireplace is visible.",
"map": "The map shows the path continuing forward from the current position towards waypoint 7, which is at the end of the window wall. Beyond waypoint 7, the path leads into the room with the 'chair' (dining area)."
},
"thought": "I have been walking along the big wall of windows as instructed. The next part of the instruction is to 'Turn hard left and continue passed the kitchen.' Looking at the map and the front view, I need to reach the end of this window wall (waypoint 7) before turning left into the dining/kitchen area. Turning left now might be too early or misaligned with the path through the room. Therefore, I will continue moving forward towards waypoint 7.",
"stuck": false,
"plan": "Move towards waypoint 7 to reach the end of the window wall. Once there, I will be positioned to turn hard left into the dining/kitchen area as per the next instruction.",
"curr_step": "Move towards waypoint 7.",
"action": 7
}
```
Action: turn
Action: move_forward
Action: turn
Action: move_forward
Action: move_forward
Action: turn
Action: move_forward
Action: null
waypoints: 17
skipped waypoints: edge 3,  distance 4,  no_path 1,  occlusion 6
2026-09-19 05:42:25,825 - INFO - --- Episode 94, Step 43/100 ---
2026-09-19 05:43:00,049 - INFO - HTTP Request: POST http://127.0.0.1:22448/v1/chat/completions "HTTP/1.1 200 OK"
2026-09-19 05:43:01,737 - INFO - --- Episode 94, Step 44/100 ---
2026-09-19 05:43:03,060 - INFO - --- Episode 94, Step 45/100 ---
2026-09-19 05:43:03,812 - INFO - --- Episode 94, Step 46/100 ---
2026-09-19 05:43:06,362 - INFO - --- Episode 94, Step 47/100 ---
2026-09-19 05:43:07,675 - INFO - --- Episode 94, Step 48/100 ---
2026-09-19 05:43:09,212 - INFO - --- Episode 94, Step 49/100 ---
2026-09-19 05:43:10,572 - INFO - --- Episode 94, Step 50/100 ---
2026-09-19 05:43:11,945 - INFO - --- Episode 94, Step 51/100 ---
2026-09-19 05:43:44,703 - INFO - HTTP Request: POST http://127.0.0.1:22448/v1/chat/completions "HTTP/1.1 200 OK"
2026-09-19 05:43:46,526 - INFO - --- Episode 94, Step 52/100 ---
2026-09-19 05:43:47,298 - INFO - --- Episode 94, Step 53/100 ---
2026-09-19 05:43:48,584 - INFO - --- Episode 94, Step 54/100 ---
2026-09-19 05:43:49,530 - INFO - --- Episode 94, Step 55/100 ---
2026-09-19 05:43:50,532 - INFO - --- Episode 94, Step 56/100 ---
2026-09-19 05:43:51,965 - INFO - --- Episode 94, Step 57/100 ---
2026-09-19 05:43:53,212 - INFO - --- Episode 94, Step 58/100 ---
2026-09-19 05:43:54,549 - INFO - --- Episode 94, Step 59/100 ---
2026-09-19 05:43:55,740 - INFO - --- Episode 94, Step 60/100 ---
2026-09-19 05:43:56,652 - INFO - --- Episode 94, Step 61/100 ---
2026-09-19 05:44:29,878 - INFO - HTTP Request: POST http://127.0.0.1:22448/v1/chat/completions "HTTP/1.1 200 OK"
2026-09-19 05:44:32,122 - INFO - HTTP Request: POST http://127.0.0.1:22448/v1/chat/completions "HTTP/1.1 400 Bad Request"
2026-09-19 05:44:33,864 - INFO - HTTP Request: POST http://127.0.0.1:22448/v1/chat/completions "HTTP/1.1 400 Bad Request"
2026-09-19 05:44:34,703 - INFO - --- Episode 94, Step 62/100 ---
2026-09-19 05:45:20,634 - INFO - HTTP Request: POST http://127.0.0.1:22448/v1/chat/completions "HTTP/1.1 200 OK"
2026-09-19 05:45:22,192 - INFO - --- Episode 94, Step 63/100 ---
2026-09-19 05:45:23,489 - INFO - --- Episode 94, Step 64/100 ---
2026-09-19 05:45:25,469 - INFO - --- Episode 94, Step 65/100 ---
2026-09-19 05:45:27,204 - INFO - --- Episode 94, Step 66/100 ---
2026-09-19 05:45:28,181 - INFO - --- Episode 94, Step 67/100 ---
2026-09-19 05:45:29,764 - INFO - --- Episode 94, Step 68/100 ---
2026-09-19 05:45:31,288 - INFO - --- Episode 94, Step 69/100 ---
2026-09-19 05:45:33,068 - INFO - --- Episode 94, Step 70/100 ---
2026-09-19 05:45:34,264 - INFO - --- Episode 94, Step 71/100 ---
2026-09-19 05:45:57,837 - INFO - HTTP Request: POST http://127.0.0.1:22448/v1/chat/completions "HTTP/1.1 400 Bad Request"
2026-09-19 05:45:59,131 - INFO - HTTP Request: POST http://127.0.0.1:22448/v1/chat/completions "HTTP/1.1 400 Bad Request"
2026-09-19 05:46:00,426 - INFO - HTTP Request: POST http://127.0.0.1:22448/v1/chat/completions "HTTP/1.1 400 Bad Request"
 90%|█████████ | 45/50 [9:32:46<1:01:52, 742.44s/it]Renderer: NVIDIA GeForce RTX 4090/PCIe/SSE2 by NVIDIA Corporation
OpenGL version: 4.6.0 NVIDIA 590.48.01
Using optional features:
    GL_ARB_vertex_array_object
    GL_ARB_separate_shader_objects
    GL_ARB_robustness
    GL_ARB_texture_storage
    GL_ARB_texture_view
    GL_ARB_framebuffer_no_attachments
    GL_ARB_invalidate_subdata
    GL_ARB_texture_storage_multisample
    GL_ARB_multi_bind
    GL_ARB_direct_state_access
    GL_ARB_get_texture_sub_image
    GL_ARB_texture_filter_anisotropic
    GL_KHR_debug
    GL_KHR_parallel_shader_compile
    GL_NV_depth_buffer_float
Using driver workarounds:
    no-forward-compatible-core-context
    nv-egl-incorrect-gl11-function-pointers
    no-layout-qualifiers-on-old-glsl
    nv-zero-context-profile-mask
    nv-implementation-color-read-format-dsa-broken
    nv-cubemap-inconsistent-compressed-image-size
    nv-cubemap-broken-full-compressed-image-query
    nv-compressed-block-size-in-bits
[05:46:05:400905]:[Warning]:[Metadata] SceneDatasetAttributes.cpp(107)::addNewSceneInstanceToDataset : Dataset : 'default' : Lighting Layout Attributes 'no_lights' specified in Scene Attributes but does not exist in dataset, so creating default.
2026-09-19 05:46:17,361 - INFO - Simulator initialized!
2026-09-19 05:46:43,037 - INFO - HTTP Request: POST http://127.0.0.1:22448/v1/chat/completions "HTTP/1.1 200 OK"
2026-09-19 05:46:43,798 - INFO - --- Episode 95, Step 1/100 ---
2026-09-19 05:50:09,316 - INFO - HTTP Request: POST http://127.0.0.1:22448/v1/chat/completions "HTTP/1.1 200 OK"
2026-09-19 05:53:16,733 - INFO - HTTP Request: POST http://127.0.0.1:22448/v1/chat/completions "HTTP/1.1 200 OK"
2026-09-19 05:53:57,952 - INFO - HTTP Request: POST http://127.0.0.1:22448/v1/chat/completions "HTTP/1.1 200 OK"
```json
{
"movement": "Turn hard left to face the opening leading out of the living room towards the dining/kitchen area.",
"observation": {
"front view": "I am facing the curtains and a chair near the fireplace. To my left is an opening.",
"left view": "An archway/opening leading to a dining area with a table and chairs is visible.",
"right view": "The living room with a sofa, coffee table, and fireplace is visible.",
"map": "The map shows my current position near the 'carpet' and 'chair'. The path leads left towards the 'dining room' area."
},
"thought": "I have reached the big wall of windows as instructed. Now I need to 'Turn hard left and continue passed the kitchen.' Turning left will face me towards the archway seen in the Left View, which leads into the next section of the house (likely the dining/kitchen area). This aligns with the instruction.",
"stuck": false,
"plan": "Turn hard left to face the exit of the living room. Then move forward through the archway towards the kitchen/dining area.",
"curr_step": "Turn hard left.",
"action": "L"
}
```
Action: turn
waypoints: 28
skipped waypoints: edge 0,  distance 20,  no_path 3,  occlusion 1
```json
{
"movement": "Move forward and slightly left towards the archway leading out of the living room.",
"observation": {
"front view": "A glass door/window (B) is directly ahead. To the left, there is an archway leading to a dining area with a table and chairs visible inside.",
"left view": "The living room sofa and coffee table are visible behind me/to the side.",
"right view": "The curtains and fireplace are to my right.",
"map": "The map shows the path continuing from my current position (near 'carpet') towards the left, passing through an archway towards the dining area ('chair')."
},
"thought": "I have completed P1 by reaching the big wall of windows. I have also performed the 'Turn hard left' part of P2. Now I need to 'continue passed the kitchen'. The path forward leads through the archway visible in the front view (to the left of the glass door). This likely leads into the dining/kitchen area. Waypoint 3 is located near the entrance of this archway.",
"stuck": false,
"plan": "Move towards waypoint 3 to enter the next room (dining/kitchen area) and continue past the kitchen.",
"curr_step": "Move towards waypoint 3.",
"action": 3
}
```
Action: turn
Action: move_forward
Action: turn
Action: move_forward
Action: move_forward
Action: turn
Action: move_forward
Action: null
waypoints: 26
skipped waypoints: edge 3,  distance 14,  no_path 0,  occlusion 4
```json
{
"movement": "Move forward down the hallway/corridor, keeping the windows on my right and passing the kitchen area on my left.",
"observation": {
"front view": "A hallway leading towards an archway. To the left is an opening into a room with cabinets (kitchen). To the right are large windows with curtains.",
"left view": "The living room sofa and the opening to the kitchen/dining area.",
"right view": "Large windows and curtains along the wall.",
"map": "The map shows my current position near 'carpet'. The path forward leads through an archway towards a dining area ('chair') and beyond."
},
"thought": "I have completed the first part of the instruction (Walk toward big wall of windows, Turn hard left). I am now facing down a corridor. The kitchen is visible to the left through an archway. The instruction says 'continue passed the kitchen'. This means I need to walk straight ahead past that opening. Waypoint 1 is located in this hallway, just ahead of me.",
"stuck": false,
"plan": "Move forward down the hallway towards waypoint 1 to pass the kitchen area.",
"curr_step": "Move towards waypoint 1.",
"action": 1
}
```
Action: turn
Action: move_forward
Action: turn
Action: move_forward
Action: turn
Action: move_forward
Action: turn
Action: move_forward
Action: null
Action: turn
waypoints: 27
skipped waypoints: edge 1,  distance 12,  no_path 0,  occlusion 0

Action: stop
waypoints: 27
skipped waypoints: edge 1,  distance 12,  no_path 0,  occlusion 0
```json
{
"movement": "Move forward down the hallway, passing the kitchen island on my left, and head towards the archway leading into the dining area.",
"observation": {
"front view": "A hallway continues ahead. To the left is an opening into a kitchen with cabinets and an island. Straight ahead is a wall with a sink/vanity further back. To the right is a wall/pillar.",
"left view": "The living room sofa and console table are visible behind/to the side.",
"right view": "A wall and the edge of the window curtains are visible.",
"map": "The map shows the path continuing from my current position towards the 'chair' and 'workbench' area, which corresponds to the dining room seen through the archway in the front/left view."
},
"thought": "I have completed the 'Walk toward the big wall of windows' and 'Turn hard left' parts. I am now facing down a hallway with the kitchen on my left. The instruction is to 'continue passed the kitchen' and stop at the 'room in front'. Looking at the map and the archway in the front view, the room ahead (dining area) is slightly to the left of the straight path. Waypoint 14 is located near the entrance to this room.",
"stuck": false,
"plan": "Move towards waypoint 14 to pass the kitchen and enter the dining room.",
"curr_step": "Move towards waypoint 14.",
"action": 14
}
```
Action: turn
--- Height change stabilized. Height diff: 0.25, On platform: True, Metrics: {'inlier_count': 1571, 'local_count': 47194, 'support_ratio': 0.033288129846309106, 'vertical_score': 1.0, 'plane_height_mean': -0.9129803776741028, 'agent_z': -0.9509364187717437, 'vertical_diff': 0.03795604109764095, 'area_xy': 0.7776, 'radius_est': 0.4975115752387231, 'z_std': 0.043424539268016815, 'occupied_cells': 54, 'bottom_height_tolerance': 0.1}
--- No significant floor change. Height diff: 0.25, On platform: True, Metrics: {'inlier_count': 1571, 'local_count': 47194, 'support_ratio': 0.033288129846309106, 'vertical_score': 1.0, 'plane_height_mean': -0.9129803776741028, 'agent_z': -0.9509364187717437, 'vertical_diff': 0.03795604109764095, 'area_xy': 0.7776, 'radius_est': 0.4975115752387231, 'z_std': 0.043424539268016815, 'occupied_cells': 54, 'bottom_height_tolerance': 0.1}
Updated floor height: -0.75, ceiling height: 1.05
Action: move_forward
Action: turn
--- Height change stabilized. Height diff: -0.04, On platform: True, Metrics: {'inlier_count': 13284, 'local_count': 41279, 'support_ratio': 0.32181012136142323, 'vertical_score': 1.0, 'plane_height_mean': -1.3039441108703613, 'agent_z': -1.2369400680065155, 'vertical_diff': 0.06700404286384587, 'area_xy': 7.343999999999999, 'radius_est': 1.5289433619770743, 'z_std': 0.022978341206908226, 'occupied_cells': 510, 'bottom_height_tolerance': 0.1}
--- No significant floor change. Height diff: -0.04, On platform: True, Metrics: {'inlier_count': 13284, 'local_count': 41279, 'support_ratio': 0.32181012136142323, 'vertical_score': 1.0, 'plane_height_mean': -1.3039441108703613, 'agent_z': -1.2369400680065155, 'vertical_diff': 0.06700404286384587, 'area_xy': 7.343999999999999, 'radius_est': 1.5289433619770743, 'z_std': 0.022978341206908226, 'occupied_cells': 510, 'bottom_height_tolerance': 0.1}
Updated floor height: -1.04, ceiling height: 0.76
Action: move_forward
Action: turn
Action: move_forward
Action: turn
Action: move_forward
Action: null
waypoints: 26
skipped waypoints: edge 1,  distance 17,  no_path 0,  occlusion 1
Action: stop
['Walk towards the french doors and turn left.', 'Walk past the kitchen area.', 'Go to the end of the hallway and wait in the archway near the painting.']
Initialized data for new floor level: 0
Switching pcds to floor level: 0
Initialized data for new floor level: 0
Switching pcds to floor level: 0
Initialized data for new floor level: 0
Switching pcds to floor level: 0
[StairDetect] normals=0.0030s, cpu=0.0003s, cluster=0.0198s, loop=0.0146s, total=0.0482s
waypoints: 28
skipped waypoints: edge 2,  distance 14,  no_path 0,  occlusion 3


2026-09-19 05:53:58,564 - INFO - --- Episode 95, Step 2/100 ---
2026-09-19 05:53:59,128 - INFO - --- Episode 95, Step 3/100 ---
2026-09-19 05:53:59,794 - INFO - --- Episode 95, Step 4/100 ---
2026-09-19 05:54:00,849 - INFO - --- Episode 95, Step 5/100 ---
2026-09-19 05:56:19,103 - INFO - HTTP Request: POST http://127.0.0.1:22448/v1/chat/completions "HTTP/1.1 200 OK"
2026-09-19 05:58:12,865 - INFO - HTTP Request: POST http://127.0.0.1:22448/v1/chat/completions "HTTP/1.1 200 OK"
2026-09-19 05:59:45,892 - INFO - HTTP Request: POST http://127.0.0.1:22448/v1/chat/completions "HTTP/1.1 200 OK"
2026-09-19 05:59:46,611 - INFO - --- Episode 95, Step 6/100 ---
2026-09-19 06:01:13,220 - INFO - HTTP Request: POST http://127.0.0.1:22448/v1/chat/completions "HTTP/1.1 200 OK"
2026-09-19 06:02:14,760 - INFO - HTTP Request: POST http://127.0.0.1:22448/v1/chat/completions "HTTP/1.1 200 OK"
2026-09-19 06:03:09,861 - INFO - HTTP Request: POST http://127.0.0.1:22448/v1/chat/completions "HTTP/1.1 200 OK"
 92%|█████████▏| 46/50 [9:49:52<55:10, 827.54s/it]  Renderer: NVIDIA GeForce RTX 4090/PCIe/SSE2 by NVIDIA Corporation
OpenGL version: 4.6.0 NVIDIA 590.48.01
Using optional features:
    GL_ARB_vertex_array_object
    GL_ARB_separate_shader_objects
    GL_ARB_robustness
    GL_ARB_texture_storage
    GL_ARB_texture_view
    GL_ARB_framebuffer_no_attachments
    GL_ARB_invalidate_subdata
    GL_ARB_texture_storage_multisample
    GL_ARB_multi_bind
    GL_ARB_direct_state_access
    GL_ARB_get_texture_sub_image
    GL_ARB_texture_filter_anisotropic
    GL_KHR_debug
    GL_KHR_parallel_shader_compile
    GL_NV_depth_buffer_float
Using driver workarounds:
    no-forward-compatible-core-context
    nv-egl-incorrect-gl11-function-pointers
    no-layout-qualifiers-on-old-glsl
    nv-zero-context-profile-mask
    nv-implementation-color-read-format-dsa-broken
    nv-cubemap-inconsistent-compressed-image-size
    nv-cubemap-broken-full-compressed-image-query
    nv-compressed-block-size-in-bits
[06:03:11:481723]:[Warning]:[Metadata] SceneDatasetAttributes.cpp(107)::addNewSceneInstanceToDataset : Dataset : 'default' : Lighting Layout Attributes 'no_lights' specified in Scene Attributes but does not exist in dataset, so creating default.
2026-09-19 06:03:23,360 - INFO - Simulator initialized!
2026-09-19 06:03:43,606 - INFO - HTTP Request: POST http://127.0.0.1:22448/v1/chat/completions "HTTP/1.1 200 OK"
2026-09-19 06:03:44,438 - INFO - --- Episode 96, Step 1/100 ---
2026-09-19 06:07:03,941 - INFO - HTTP Request: POST http://127.0.0.1:22448/v1/chat/completions "HTTP/1.1 200 OK"
2026-09-19 06:10:05,413 - INFO - HTTP Request: POST http://127.0.0.1:22448/v1/chat/completions "HTTP/1.1 200 OK"
2026-09-19 06:10:55,569 - INFO - HTTP Request: POST http://127.0.0.1:22448/v1/chat/completions "HTTP/1.1 200 OK"
2026-09-19 06:10:56,254 - INFO - --- Episode 96, Step 2/100 ---
2026-09-19 06:10:56,867 - INFO - --- Episode 96, Step 3/100 ---
2026-09-19 06:10:57,536 - INFO - --- Episode 96, Step 4/100 ---
2026-09-19 06:10:58,390 - INFO - --- Episode 96, Step 5/100 ---
2026-09-19 06:11:22,229 - INFO - HTTP Request: POST http://127.0.0.1:22448/v1/chat/completions "HTTP/1.1 200 OK"
2026-09-19 06:11:22,975 - INFO - --- Episode 96, Step 6/100 ---
2026-09-19 06:11:23,719 - INFO - --- Episode 96, Step 7/100 ---
2026-09-19 06:11:24,335 - INFO - --- Episode 96, Step 8/100 ---
2026-09-19 06:11:24,922 - INFO - --- Episode 96, Step 9/100 ---
2026-09-19 06:11:26,130 - INFO - --- Episode 96, Step 10/100 ---
2026-09-19 06:11:26,944 - INFO - --- Episode 96, Step 11/100 ---
2026-09-19 06:11:27,834 - INFO - --- Episode 96, Step 12/100 ---
```json
{
"movement": "I am currently standing in a hallway/foyer area. To my right, I see french doors and a console table. Straight ahead is an archway labeled B. To my left is a living room area with a fireplace. The instruction is to walk towards the french doors and turn left. Since the french doors are along the wall to my right/ahead, I need to move forward along this hallway to get closer to them.",
"observation": {
    "front view": "I see a tiled floor leading towards an archway (labeled B) and a living room area to the left with a fireplace and TV. There is a wall with a picture on the right.",
    "left view": "I see a large painting on the wall and an opening into a living room/kitchen area with a fireplace.",
    "right view": "I see french doors with glass panes and a console table with flowers against the wall.",
    "map": "The map shows my current position (blue triangle) near the start. Waypoint 1 is ahead on the right side of the path, near the wall with the picture. Waypoint 4 is further ahead. Waypoints 2 and 3 are to the left towards the living room."
},
"thought": "The instruction is 'Walk towards the french doors and turn left.' The french doors are visible in the right view, located along the wall to my right/ahead. To walk towards them, I should move forward along the hallway. Waypoint 1 is positioned along the right wall, close to where the french doors are likely located (or just past the picture on the wall). Reaching waypoint 1 will bring me closer to the french doors. After that, I will be in a position to turn left into the living room/kitchen area as instructed.",
"stuck": false,
"plan": "Move forward along the hallway towards the right wall (towards the french doors) by selecting waypoint 1. Once there, I will be ready to turn left into the next area.",
"curr_step": "I need to move towards the french doors first. Waypoint 1 is the closest waypoint along the path towards the french doors (which are on the right). It is a strategic point to reach before turning left.",
"action": 1
}
```
Calculated floor height difference: 2.97m
Action: turn
--- Height change stabilized. Height diff: -0.08, On platform: True, Metrics: {'inlier_count': 9868, 'local_count': 21517, 'support_ratio': 0.45861411904732935, 'vertical_score': 1.0, 'plane_height_mean': -1.3041679859161377, 'agent_z': -1.275116030871868, 'vertical_diff': 0.029051955044269606, 'area_xy': 6.1488, 'radius_est': 1.3990081587206316, 'z_std': 0.016144249588251114, 'occupied_cells': 427, 'bottom_height_tolerance': 0.1}
--- No significant floor change. Height diff: -0.08, On platform: True, Metrics: {'inlier_count': 9868, 'local_count': 21517, 'support_ratio': 0.45861411904732935, 'vertical_score': 1.0, 'plane_height_mean': -1.3041679859161377, 'agent_z': -1.275116030871868, 'vertical_diff': 0.029051955044269606, 'area_xy': 6.1488, 'radius_est': 1.3990081587206316, 'z_std': 0.016144249588251114, 'occupied_cells': 427, 'bottom_height_tolerance': 0.1}
Updated floor height: -1.08, ceiling height: 0.72
Action: move_forward
Action: move_forward
Action: null
waypoints: 55
skipped waypoints: edge 10,  distance 19,  no_path 0,  occlusion 15



Action: stop
waypoints: 55
skipped waypoints: edge 10,  distance 19,  no_path 0,  occlusion 15



Action: stop
['Walk towards the hallway to the left of the refrigerator.', 'Keep walking straight and wait by the wooden table with some white appliances to the right.']
Initialized data for new floor level: 0
Switching pcds to floor level: 0
Initialized data for new floor level: 0
Switching pcds to floor level: 0
Initialized data for new floor level: 0
Switching pcds to floor level: 0
[StairDetect] normals=0.0037s, cpu=0.0002s, cluster=0.0449s, loop=0.0128s, total=0.0705s
waypoints: 17
skipped waypoints: edge 2,  distance 0,  no_path 1,  occlusion 10


```json
{
"movement": "I have just started my journey and am currently standing near the kitchen island (workbench). I am facing the end of the island.",
"observation": {
"front view": "I see the end of a large wooden kitchen island with a bowl of fruit on it. To the right, there are more cabinets and a window. Waypoints 1, 2, 3, and 4 are visible on the floor.",
"left view": "To my left, I see a large stainless steel refrigerator and a counter with a microwave. Further back, there is an opening leading to a hallway or another room.",
"right view": "To my right, there is a large professional-grade stove with a range hood above it.",
"map": "The map shows my current position near the 'workbench' (island). The path forward leads towards the top left of the map, which corresponds to the area with the refrigerator and the hallway."
},
"thought": "The instruction is to walk towards the hallway to the left of the refrigerator. In the left view, I see the refrigerator on the left wall. To its right (from my perspective) is a counter with a microwave, and further right is an opening/hallway. This matches the description if we consider the layout from the kitchen's perspective. To reach this hallway, I need to move towards the back of the kitchen, past the island. Waypoint 4 is located near the end of the island on the side closer to the refrigerator area, which seems like the correct path to approach the hallway.",
"stuck": false,
"plan": "I will move towards waypoint 4, which is positioned near the end of the kitchen island, leading me closer to the refrigerator and the hallway beyond it.",
"curr_step": "I am at the start of the task. I need to move towards the hallway. Waypoint 4 is the closest strategic point that leads in the direction of the refrigerator and the hallway visible in the left view.",
"action": 4
}
```
Calculated floor height difference: 2.99m
Action: turn
Action: move_forward
Action: null
Action: turn
waypoints: 28
skipped waypoints: edge 3,  distance 7,  no_path 0,  occlusion 16
```json
{
"movement": "I moved forward from the workbench area, approaching the space between the kitchen island and the large wooden cabinet structure.",
"observation": {
"front view": "I see the side of a large wooden cabinet structure (B) ahead. To its left is a pillar and an opening. To its right is an archway leading to another room. The floor has waypoints 1 and 2 visible.",
"left view": "I see the kitchen island with a sink and a plant on it. Further back is a dining area.",
"right view": "I see a stone wall, a large farmhouse sink, and a dishwasher. There is an archway leading to a hallway or another room.",
"map": "The map shows my position near the 'workbench'. The path forward leads towards the 'desk' area, which aligns with the instruction to find the wooden table."
},
"thought": "I am currently in the kitchen aisle. The instruction is to walk towards the hallway to the left of the refrigerator. Looking at the layout, the large wooden cabinet (B) likely houses or is near the refrigerator. The path forward between the island and this cabinet leads towards the rest of the house where the 'wooden table' (desk) is located. Waypoint 1 is visible ahead in the path.",
"stuck": false,
"plan": "I will continue moving forward through the kitchen aisle towards the archway/hallway area to reach the wooden table mentioned in the next subtask.",
"curr_step": "I need to move forward towards waypoint 1 to progress down the aisle.",
"action": 1
}
```
Action: turn
Action: move_forward
Action: turn
Action: move_forward
Action: turn
Action: move_forward
Action: turn
--- Height change stabilized. Height diff: -0.18, On platform: True, Metrics: {'inlier_count': 10433, 'local_count': 26359, 'support_ratio': 0.39580408966972175, 'vertical_score': 1.0, 'plane_height_mean': -1.401113748550415, 'agent_z': -1.3822802871465683, 'vertical_diff': 0.018833461403846785, 'area_xy': 5.6448, 'radius_est': 1.340446062148814, 'z_std': 0.012347206473350525, 'occupied_cells': 392, 'bottom_height_tolerance': 0.1}
2026-09-19 06:11:28,531 - INFO - --- Episode 96, Step 13/100 ---
2026-09-19 06:11:29,241 - INFO - --- Episode 96, Step 14/100 ---
2026-09-19 06:11:30,302 - INFO - --- Episode 96, Step 15/100 ---
2026-09-19 06:12:03,289 - INFO - HTTP Request: POST http://127.0.0.1:22448/v1/chat/completions "HTTP/1.1 200 OK"
2026-09-19 06:12:04,280 - INFO - --- Episode 96, Step 16/100 ---
2026-09-19 06:12:05,016 - INFO - --- Episode 96, Step 17/100 ---
2026-09-19 06:12:05,637 - INFO - --- Episode 96, Step 18/100 ---
2026-09-19 06:12:06,449 - INFO - --- Episode 96, Step 19/100 ---
2026-09-19 06:12:07,250 - INFO - --- Episode 96, Step 20/100 ---
2026-09-19 06:12:07,967 - INFO - --- Episode 96, Step 21/100 ---
2026-09-19 06:12:08,708 - INFO - --- Episode 96, Step 22/100 ---
2026-09-19 06:13:37,401 - INFO - HTTP Request: POST http://127.0.0.1:22448/v1/chat/completions "HTTP/1.1 200 OK"
2026-09-19 06:14:36,832 - INFO - HTTP Request: POST http://127.0.0.1:22448/v1/chat/completions "HTTP/1.1 200 OK"
2026-09-19 06:15:13,952 - INFO - HTTP Request: POST http://127.0.0.1:22448/v1/chat/completions "HTTP/1.1 200 OK"
2026-09-19 06:15:15,008 - INFO - --- Episode 96, Step 23/100 ---
2026-09-19 06:15:49,713 - INFO - HTTP Request: POST http://127.0.0.1:22448/v1/chat/completions "HTTP/1.1 200 OK"
2026-09-19 06:15:50,788 - INFO - --- Episode 96, Step 24/100 ---
2026-09-19 06:15:51,803 - INFO - --- Episode 96, Step 25/100 ---
2026-09-19 06:15:52,783 - INFO - --- Episode 96, Step 26/100 ---
2026-09-19 06:16:38,168 - INFO - HTTP Request: POST http://127.0.0.1:22448/v1/chat/completions "HTTP/1.1 200 OK"
2026-09-19 06:17:00,373 - INFO - HTTP Request: POST http://127.0.0.1:22448/v1/chat/completions "HTTP/1.1 200 OK"
--- No significant floor change. Height diff: -0.18, On platform: True, Metrics: {'inlier_count': 10433, 'local_count': 26359, 'support_ratio': 0.39580408966972175, 'vertical_score': 1.0, 'plane_height_mean': -1.401113748550415, 'agent_z': -1.3822802871465683, 'vertical_diff': 0.018833461403846785, 'area_xy': 5.6448, 'radius_est': 1.340446062148814, 'z_std': 0.012347206473350525, 'occupied_cells': 392, 'bottom_height_tolerance': 0.1}
Updated floor height: -1.18, ceiling height: 0.62
Action: move_forward
Action: null
Action: turn
waypoints: 47
skipped waypoints: edge 4,  distance 19,  no_path 0,  occlusion 17
```json
{
"movement": "I have moved forward from the kitchen island area and turned slightly left to face the dining area. I am now standing on a tiled floor section, facing an archway that leads to a room with a wooden table (labeled B). To my right is the kitchen area with a stove.",
"observation": {
"front view": "I see an archway leading into a dining area with a wooden table and chairs (B) near a window. To the right of the archway is a stone pillar.",
"left view": "I see the side of the kitchen island/counter and a hallway extending further back.",
"right view": "I see the kitchen stove and cabinetry, and an opening to a living room area.",
"map": "The map shows my current position near the 'workbench' label. The path forward leads towards the 'desk' and the dining area."
},
"thought": "I am currently facing the dining area which contains the wooden table mentioned in the next subtask (P2). The instruction for P1 is to walk towards the hallway to the left of the refrigerator. Given the layout, the path I am facing leads away from the kitchen (where the fridge/stove likely is) towards the dining room. This path acts as the hallway connecting these areas. I need to continue moving forward into this space to complete P1 and approach the table for P2.",
"stuck": false,
"plan": "I will move forward through the archway towards the dining table (B). This aligns with walking towards the hallway/dining area and sets me up for the next subtask of waiting by the wooden table.",
"curr_step": "I am facing the correct direction. Waypoint 2 is directly ahead on the path towards the archway and the dining table.",
"action": 2
}
```
Action: turn
Action: move_forward
Action: turn
Action: move_forward
Action: turn
--- Height change stabilized. Height diff: -0.08, On platform: True, Metrics: {'inlier_count': 760, 'local_count': 28164, 'support_ratio': 0.026984803294028376, 'vertical_score': 1.0, 'plane_height_mean': -1.2778170108795166, 'agent_z': -1.2843763649463653, 'vertical_diff': 0.0065593540668487105, 'area_xy': 0.33119999999999994, 'radius_est': 0.32469098278836056, 'z_std': 0.04324391111731529, 'occupied_cells': 23, 'bottom_height_tolerance': 0.1}
--- No significant floor change. Height diff: -0.08, On platform: True, Metrics: {'inlier_count': 760, 'local_count': 28164, 'support_ratio': 0.026984803294028376, 'vertical_score': 1.0, 'plane_height_mean': -1.2778170108795166, 'agent_z': -1.2843763649463653, 'vertical_diff': 0.0065593540668487105, 'area_xy': 0.33119999999999994, 'radius_est': 0.32469098278836056, 'z_std': 0.04324391111731529, 'occupied_cells': 23, 'bottom_height_tolerance': 0.1}
Updated floor height: -1.08, ceiling height: 0.72
Action: move_forward
Action: null
waypoints: 54
skipped waypoints: edge 6,  distance 16,  no_path 0,  occlusion 21

```json
{
"movement": "I have moved forward from the kitchen area and am now standing on a tiled floor section near a dining area. I am facing towards a pillar and a dining table. To my left, there is a long hallway visible in the Left View.",
"observation": {
"front view": "I see a large wooden pillar (B) ahead. To its left is a dining area with a table and chairs. To its right is a living room area with a fireplace and a wooden console table.",
"left view": "I see a long tiled hallway extending to the left, which matches the description of the 'hallway to the left of the refrigerator'.",
"right view": "I see the living room with a large wooden console table (desk) and a fireplace. This matches the 'wooden table' mentioned in the next subtask.",
"map": "The map shows my current position near the 'carpet' label. The hallway is to the West (left

Action: stop
waypoints: 54
skipped waypoints: edge 6,  distance 16,  no_path 0,  occlusion 21
```json
{
"movement": "I have moved forward from the kitchen area and am now standing near a large wooden table/desk and a pillar (B). I am facing towards a living/dining area. To my left, there is a long tiled hallway visible in the Left View.",
"observation": {
"front view": "I see a large pillar (B) ahead. To its right is a wooden console table (R). To its left is a tiled floor section leading into a hallway.",
"left view": "I see a long, bright tiled hallway extending forward. This matches the description of the 'hallway to the left of the refrigerator'.",
"right view": "I see a living room area with a fireplace and a large wooden table (desk) in the foreground.",
"map": "The map shows my current position near the 'carpet' and 'desk' labels. The hallway is the long white space to the left of this area."
},
"thought": "I am currently standing at the junction between the kitchen/dining area and the living room. The instruction asks me to walk towards the hallway to the left of the refrigerator. Based on the Left View, there is a clear tiled hallway to my left. In the Front View, I can see the tiled floor extending to the left of the pillar B. To enter this hallway, I need to move towards that tiled area. Waypoint 4 is located on the edge of this tiled area near the pillar, which serves as a good entry point into the hallway.",
"stuck": false,
"plan": "I will move towards waypoint 4 to get closer to the entrance of the hallway seen in the Left View. Once I am there, I will be positioned to walk down the hallway as required by the first part of the instruction.",
"curr_step": "I am currently facing the pillar B. The hallway is to my left. Waypoint 4 is located on the tiled floor near the pillar, which is the correct direction to enter the hallway.",
"action": 4
}
```
Action: turn
--- Height change stabilized. Height diff: 0.00, On platform: True, Metrics: {'inlier_count': 592, 'local_count': 27269, 'support_ratio': 0.02170963364913603, 'vertical_score': 1.0, 'plane_height_mean': -1.167544960975647, 'agent_z': -1.2, 'vertical_diff': 0.03245503902435298, 'area_xy': 0.31679999999999997, 'radius_est': 0.31755404570407364, 'z_std': 0.04346601665019989, 'occupied_cells': 22, 'bottom_height_tolerance': 0.1}
--- No significant floor change. Height diff: 0.00, On platform: True, Metrics: {'inlier_count': 592, 'local_count': 27269, 'support_ratio': 0.02170963364913603, 'vertical_score': 1.0, 'plane_height_mean': -1.167544960975647, 'agent_z': -1.2, 'vertical_diff': 0.03245503902435298, 'area_xy': 0.31679999999999997, 'radius_est': 0.31755404570407364, 'z_std': 0.04346601665019989, 'occupied_cells': 22, 'bottom_height_tolerance': 0.1}
Updated floor height: -1.00, ceiling height: 0.80
Action: move_forward
Action: null
waypoints: 41
skipped waypoints: edge 5,  distance 15,  no_path 0,  occlusion 10

2026-09-19 06:17:01,566 - INFO - --- Episode 96, Step 27/100 ---
2026-09-19 06:17:02,421 - INFO - --- Episode 96, Step 28/100 ---
2026-09-19 06:17:03,428 - INFO - --- Episode 96, Step 29/100 ---
2026-09-19 06:17:04,671 - INFO - --- Episode 96, Step 30/100 ---
2026-09-19 06:17:23,529 - INFO - HTTP Request: POST http://127.0.0.1:22448/v1/chat/completions "HTTP/1.1 500 Internal Server Error"
2026-09-19 06:17:23,530 - INFO - Retrying request to /chat/completions in 0.468915 seconds
2026-09-19 06:17:47,735 - INFO - HTTP Request: POST http://127.0.0.1:22448/v1/chat/completions "HTTP/1.1 200 OK"
2026-09-19 06:17:49,575 - INFO - HTTP Request: POST http://127.0.0.1:22448/v1/chat/completions "HTTP/1.1 400 Bad Request"
2026-09-19 06:17:50,846 - INFO - HTTP Request: POST http://127.0.0.1:22448/v1/chat/completions "HTTP/1.1 400 Bad Request"
 94%|█████████▍| 47/50 [10:04:35<42:12, 844.02s/it]Renderer: NVIDIA GeForce RTX 4090/PCIe/SSE2 by NVIDIA Corporation
OpenGL version: 4.6.0 NVIDIA 590.48.01
Using optional features:
    GL_ARB_vertex_array_object
    GL_ARB_separate_shader_objects
    GL_ARB_robustness
    GL_ARB_texture_storage
    GL_ARB_texture_view
    GL_ARB_framebuffer_no_attachments
    GL_ARB_invalidate_subdata
    GL_ARB_texture_storage_multisample
    GL_ARB_multi_bind
    GL_ARB_direct_state_access
    GL_ARB_get_texture_sub_image
    GL_ARB_texture_filter_anisotropic
    GL_KHR_debug
    GL_KHR_parallel_shader_compile
    GL_NV_depth_buffer_float
Using driver workarounds:
    no-forward-compatible-core-context
    nv-egl-incorrect-gl11-function-pointers
    no-layout-qualifiers-on-old-glsl
    nv-zero-context-profile-mask
    nv-implementation-color-read-format-dsa-broken
    nv-cubemap-inconsistent-compressed-image-size
    nv-cubemap-broken-full-compressed-image-query
    nv-compressed-block-size-in-bits
[06:17:53:957658]:[Warning]:[Metadata] SceneDatasetAttributes.cpp(107)::addNewSceneInstanceToDataset : Dataset : 'default' : Lighting Layout Attributes 'no_lights' specified in Scene Attributes but does not exist in dataset, so creating default.
2026-09-19 06:18:05,788 - INFO - Simulator initialized!
2026-09-19 06:18:26,700 - INFO - HTTP Request: POST http://127.0.0.1:22448/v1/chat/completions "HTTP/1.1 200 OK"
2026-09-19 06:18:27,497 - INFO - --- Episode 97, Step 1/100 ---
2026-09-19 06:19:06,100 - INFO - HTTP Request: POST http://127.0.0.1:22448/v1/chat/completions "HTTP/1.1 200 OK"
2026-09-19 06:19:06,812 - INFO - --- Episode 97, Step 2/100 ---
2026-09-19 06:19:07,586 - INFO - --- Episode 97, Step 3/100 ---
2026-09-19 06:19:08,343 - INFO - --- Episode 97, Step 4/100 ---
2026-09-19 06:19:09,183 - INFO - --- Episode 97, Step 5/100 ---
2026-09-19 06:19:09,693 - INFO - --- Episode 97, Step 6/100 ---
2026-09-19 06:19:10,312 - INFO - --- Episode 97, Step 7/100 ---
2026-09-19 06:19:24,279 - INFO - HTTP Request: POST http://127.0.0.1:22448/v1/chat/completions "HTTP/1.1 200 OK"
2026-09-19 06:19:25,197 - INFO - --- Episode 97, Step 8/100 ---
2026-09-19 06:19:25,801 - INFO - --- Episode 97, Step 9/100 ---
2026-09-19 06:19:26,640 - INFO - --- Episode 97, Step 10/100 ---
2026-09-19 06:19:27,212 - INFO - --- Episode 97, Step 11/100 ---
2026-09-19 06:19:27,868 - INFO - --- Episode 97, Step 12/100 ---
2026-09-19 06:19:28,416 - INFO - --- Episode 97, Step 13/100 ---
2026-09-19 06:19:29,036 - INFO - --- Episode 97, Step 14/100 ---
2026-09-19 06:19:29,862 - INFO - --- Episode 97, Step 15/100 ---
2026-09-19 06:19:30,492 - INFO - --- Episode 97, Step 16/100 ---
2026-09-19 06:20:34,535 - INFO - HTTP Request: POST http://127.0.0.1:22448/v1/chat/completions "HTTP/1.1 200 OK"
2026-09-19 06:20:35,422 - INFO - --- Episode 97, Step 17/100 ---
2026-09-19 06:20:36,098 - INFO - --- Episode 97, Step 18/100 ---
2026-09-19 06:20:36,763 - INFO - --- Episode 97, Step 19/100 ---
2026-09-19 06:20:37,644 - INFO - --- Episode 97, Step 20/100 ---
2026-09-19 06:21:01,369 - INFO - HTTP Request: POST http://127.0.0.1:22448/v1/chat/completions "HTTP/1.1 200 OK"
```json
{
"movement": "I have moved forward from the kitchen area and am now standing near a large wooden table/desk and a pillar (B). I am facing towards a living/dining area. To my left, there is a long tiled hallway visible in the Left View.",
"observation": {
"front view": "I see a large pillar (B) ahead. To its right is a wooden console table (R). To its left is a tiled floor section leading into a hallway.",
"left view": "I see a long, bright tiled hallway extending forward. This matches the description of the 'hallway to the left of the refrigerator'.",
"right view": "I see a living room area with a fireplace and a large wooden table (desk) in the foreground.",
"map": "The map shows my current position near the 'carpet' and 'desk' labels. The hallway is the long white space to the left of this area."
},
"thought": "I am currently standing at the junction between the kitchen/dining area and the living room. The instruction asks me to walk towards the hallway to the left of the refrigerator. Based on the Left View, there is a clear tiled hallway to my left. In the Front View, I can see the tiled floor extending to the left of the pillar B. To enter this hallway, I need to move towards that tiled area. Waypoint 10 is located on the edge of this tiled area near the pillar, which serves as a good entry point into the hallway.",
"stuck": false,
"plan": "I will move towards waypoint 10 to get closer to the entrance of the hallway seen in the Left View. Once I am there, I will be positioned to walk down the hallway as required by the first part of the instruction.",
"curr_step": "I am currently facing the pillar B. The hallway is to my left. Waypoint 10 is located on the tiled floor near the pillar, which is the correct direction to enter the hallway.",
"action": 10
}
```
Action: turn
Action: move_forward
Action: null
Action: turn
waypoints: 40
skipped waypoints: edge 1,  distance 18,  no_path 0,  occlusion 7
```json
{
"movement": "I have moved forward from the kitchen area and am now standing near a large wooden table/desk and a pillar (B). I am facing towards a living/dining area. To my left, there is a long tiled hallway visible in the Left View.",
"observation": {
"front view": "I see a large pillar (B) ahead. To its right is a wooden console table (R). To its left is a tiled floor section leading into a hallway.",
"left view": "I see a long, bright tiled hallway extending forward. This matches the description of the 'hallway to the left of the refrigerator'.",
"right view": "I
Action: stop
['Walk to the oven', 'turn left, walk to the lattice gate', 'turn right, enter the office', 'wait at the desk']
Initialized data for new floor level: 0
Switching pcds to floor level: 0
Initialized data for new floor level: 0
Switching pcds to floor level: 0
Initialized data for new floor level: 0
Switching pcds to floor level: 0
[StairDetect] normals=0.0037s, cpu=0.0002s, cluster=0.0452s, loop=0.0129s, total=0.0711s
waypoints: 17
skipped waypoints: edge 2,  distance 0,  no_path 1,  occlusion 10
```json
{
"movement": "Move forward and slightly right towards the kitchen cabinets on the right side where the stove is located.",
"observation": {
    "front view": "A kitchen island with a sink and fruit plate is in the foreground. To the right, there are wooden cabinets. To the left, glass doors leading outside.",
    "left view": "Glass doors with a lattice pattern (lattice gate) and a microwave oven built into the cabinetry.",
    "right view": "A large professional-style stove/oven range with a hood, located along the wall to the right.",
    "map": "The start point is near the kitchen island. Waypoints 1, 2, and 3 are near the cabinets on the right side of the room."
},
"thought": "The current task is to walk to the oven. The large stove/range is clearly visible in the right view, located along the wall on the right side of the kitchen. This is the most likely target for 'oven'. The next subtask involves turning left and walking to the lattice gate (visible in the left view). If I am at the stove (right side) and turn left, I will face towards the center/left of the room where the lattice gate is located, which fits the sequence perfectly. Therefore, I need to navigate to the stove area. Waypoint 3 is located near the cabinets on the right, close to the stove.",
"stuck": false,
"plan": "Navigate towards the stove/oven area on the right side of the kitchen by moving towards waypoint 3.",
"curr_step": "Move towards waypoint 3 which is near the cabinets and the stove.",
"action": 3
}
```
Calculated floor height difference: 2.99m
Action: turn
Action: move_forward
Action: turn
Action: move_forward
Action: null
Action: turn
waypoints: 26
skipped waypoints: edge 2,  distance 10,  no_path 0,  occlusion 11
```json
{
"movement": "Move forward and slightly right towards the kitchen cabinets on the right side where the stove is located.",
"observation": {
    "front view": "A kitchen island with a sink and fruit plate is in the foreground. To the right, there are wooden cabinets. To the left, glass doors leading outside.",
    "left view": "Glass doors with a lattice pattern (lattice gate) and a microwave oven built into the cabinetry.",
    "right view": "A large professional-style stove/oven range with a hood, located along the wall to the right.",
    "map": "The start point is near the kitchen island. Waypoints 1, 2, and 3 are near the cabinets on the right side of the room."
},
"thought": "The current task is to walk to the oven. The large stove/range is clearly visible in the right view, located along the wall on the right side of the kitchen. This is the most likely target for 'oven'. The next subtask involves turning left and walking to the lattice gate (visible in the left view). If I am at the stove (right side) and turn left, I will face towards the center/left of the room where the lattice gate is located, which fits the sequence perfectly. Therefore, I need to navigate to the stove area. Waypoint 3 is located near the cabinets on the right, close to the stove.",
"stuck": false,
"plan": "Navigate towards the stove/oven area on the right side of the kitchen by moving towards waypoint 3.",
"curr_step": "Move towards waypoint 3 which is near the cabinets and the stove.",
"action": 3
}
```
Action: turn
Action: move_forward
Action: turn
Action: move_forward
Action: move_forward
Action: turn
Action: move_forward
Action: null
Action: turn
waypoints: 20
skipped waypoints: edge 1,  distance 10,  no_path 0,  occlusion 2
```json
{
"movement": "Move forward and slightly right towards the kitchen cabinets on the right side where the stove is located.",
"observation": {
    "front view": "Glass doors with a lattice pattern (lattice gate) are directly ahead.",
    "left view": "Glass doors with a lattice pattern (lattice gate).",
    "right view": "A large professional-style stove/oven range with a hood, located along the wall to the right.",
    "map": "The start point is near the kitchen island. Waypoints 1, 2, and 3 are near the cabinets on the right side of the room."
},
"thought": "The current task is to walk to the oven. The large stove/range is clearly visible in the right view, located along the wall on the right side of the kitchen. This is the most likely target for 'oven'. The next subtask involves turning left and walking to the lattice gate (visible in the left view). If I am at the stove (right side) and turn left, I will face towards the center/left of the room where the lattice gate is located, which fits the sequence perfectly. Therefore, I need to navigate to the stove area. Waypoint 3 is located near the cabinets on the right, close to the stove.",
"stuck": false,
"plan": "Navigate towards the stove/oven area on the right side of the kitchen by moving towards waypoint 3.",
"curr_step": "Move towards waypoint 3 which is near the cabinets and the stove.",
"action": 3
}
```
Action: turn
Action: move_forward
Action: null
Action: turn
waypoints: 18
skipped waypoints: edge 1,  distance 9,  no_path 0,  occlusion 1
2026-09-19 06:21:01,998 - INFO - --- Episode 97, Step 21/100 ---
2026-09-19 06:21:18,832 - INFO - HTTP Request: POST http://127.0.0.1:22448/v1/chat/completions "HTTP/1.1 200 OK"
2026-09-19 06:21:19,848 - INFO - --- Episode 97, Step 22/100 ---
2026-09-19 06:21:20,573 - INFO - --- Episode 97, Step 23/100 ---
2026-09-19 06:21:21,479 - INFO - --- Episode 97, Step 24/100 ---
2026-09-19 06:21:22,569 - INFO - --- Episode 97, Step 25/100 ---
2026-09-19 06:21:23,457 - INFO - --- Episode 97, Step 26/100 ---
2026-09-19 06:21:24,102 - INFO - --- Episode 97, Step 27/100 ---
2026-09-19 06:21:25,083 - INFO - --- Episode 97, Step 28/100 ---
2026-09-19 06:21:26,171 - INFO - --- Episode 97, Step 29/100 ---
2026-09-19 06:21:46,917 - INFO - HTTP Request: POST http://127.0.0.1:22448/v1/chat/completions "HTTP/1.1 200 OK"
2026-09-19 06:21:48,479 - INFO - --- Episode 97, Step 30/100 ---
2026-09-19 06:21:49,143 - INFO - --- Episode 97, Step 31/100 ---
2026-09-19 06:21:50,111 - INFO - --- Episode 97, Step 32/100 ---
2026-09-19 06:21:50,880 - INFO - --- Episode 97, Step 33/100 ---
2026-09-19 06:21:51,675 - INFO - --- Episode 97, Step 34/100 ---
2026-09-19 06:21:52,671 - INFO - --- Episode 97, Step 35/100 ---
2026-09-19 06:21:53,389 - INFO - --- Episode 97, Step 36/100 ---
2026-09-19 06:21:54,225 - INFO - --- Episode 97, Step 37/100 ---
2026-09-19 06:22:24,074 - INFO - HTTP Request: POST http://127.0.0.1:22448/v1/chat/completions "HTTP/1.1 200 OK"
2026-09-19 06:22:24,879 - INFO - --- Episode 97, Step 38/100 ---
2026-09-19 06:22:47,368 - INFO - HTTP Request: POST http://127.0.0.1:22448/v1/chat/completions "HTTP/1.1 200 OK"
2026-09-19 06:22:48,557 - INFO - --- Episode 97, Step 39/100 ---
2026-09-19 06:22:49,571 - INFO - --- Episode 97, Step 40/100 ---
2026-09-19 06:22:50,369 - INFO - --- Episode 97, Step 41/100 ---
2026-09-19 06:22:51,190 - INFO - --- Episode 97, Step 42/100 ---
2026-09-19 06:22:52,012 - INFO - --- Episode 97, Step 43/100 ---
```json
{
"movement": "Turn right to face the kitchen area visible in the right view.",
"observation": {
    "front view": "A hallway leading to a dining room with a table and chairs. A painting is on the right wall.",
    "left view": "Glass doors with a lattice pattern (lattice gate) leading outside.",
    "right view": "An archway leading into a kitchen with a large island, wooden cabinets, and a stove hood.",
    "map": "I am currently near the glass doors (waypoint 6/3 area). The kitchen is to my right."
},
"thought": "The current task is 'Walk to the oven'. I am currently near the lattice gate (glass doors), which was supposed to be the *second* destination. This means I have likely overshot or gone in the wrong direction initially. Looking at the Right View, the kitchen with the stove/oven is clearly visible through an archway to my right. I need to turn towards the kitchen and walk to the oven before proceeding to the lattice gate (which I am currently near anyway, but the order matters). So, I must turn right to face the kitchen and move towards the stove.",
"stuck": false,
"plan": "Turn right to face the kitchen entrance. Then move forward into the kitchen towards the stove/oven located along the cabinets.",
"curr_step": "Turn right to align with the kitchen entrance seen in the right view.",
"action": "R"
}
```
Action: turn
waypoints: 17
skipped waypoints: edge 3,  distance 8,  no_path 0,  occlusion 0
```json
{
"movement": "Move forward and slightly right to go around the corner wall into the kitchen area.",
"observation": {
    "front view": "A white wall corner with a light switch. To the right, the kitchen island and cabinets are visible. To the left, a hallway leads to a dining area.",
    "left view": "The hallway leading away from the kitchen towards a dining room.",
    "right view": "The kitchen workspace with an island and cabinets along the wall. A large range hood is visible further in.",
    "map": "I am near the corner of the wall separating the hallway and kitchen. Waypoint 6 is just ahead to the right, leading into the kitchen."
},
"thought": "I need to walk to the oven. The oven/stove is located in the kitchen area, which is to my right. I am currently facing a wall corner that blocks direct access. I need to move around this corner into the kitchen. Waypoint 6 provides a path around the corner and into the kitchen workspace where the stove is located.",
"stuck": false,
"plan": "Move forward towards waypoint 6 to enter the kitchen area and approach the oven/stove.",
"curr_step": "Move towards waypoint 6 which leads into the kitchen past the corner wall.",
"action": 6
}
```
Action: turn
Action: move_forward
Action: turn
Action: move_forward
Action: turn
Action: move_forward
Action: move_forward
Action: null
waypoints: 22
skipped waypoints: edge 1,  distance 10,  no_path 0,  occlusion 8
```json
{
"movement": "Move forward towards the stainless steel oven/stove located under the hood against the stone wall.",
"observation": {
    "front view": "An archway leading to a living room is straight ahead. To the right of the archway, there is a kitchen counter area with a large range hood and a stainless steel oven/stove underneath it.",
    "left view": "A long wooden counter/island with a bowl on top.",
    "right view": "Another kitchen island/counter with a sink and towels hanging from it. Further right/back is the stove area.",
    "map": "I am in the aisle between two kitchen counters. The oven is located against the back wall, slightly to the right of the archway."
},
"thought": "The current task is 'Walk to the oven'. I have entered the kitchen and am now facing the general direction of the stove. The oven is clearly visible under the hood in the background, slightly to the right of the central archway. I need to move forward into that space to reach it.",
"stuck": false,
"plan": "Move forward towards the oven/stove area against the back wall.",
"curr_step": "Move forward towards the stove.",
"action": 1
}
```
Action: turn
Action: move_forward
Action: turn
Action: move_forward
Action: move_forward
Action: turn
Action: move_forward
Action: null
waypoints: 25
skipped waypoints: edge 3,  distance 5,  no_path 0,  occlusion 15
```json
{
"movement": "I have moved forward and adjusted my position to stand directly next to the stainless steel oven/stove located under the range hood.",
"observation": {
    "front view": "A stone pillar is directly in front of me. To the right of the pillar, the stainless steel oven/stove is visible against the wall.",
    "left view": "An archway leading to a dining/living area with a large window/door (lattice gate) in the distance.",
    "right view": "The kitchen island and the rest of the stove counter.",
    "map": "I am located at the end of the red path, right next to the 'workbench' (island) and the stove area."
},
"thought": "I have successfully walked to the oven as instructed in subtask P1. I am standing right next to it. The next instruction is to turn left and walk to the lattice gate. Since I have reached the destination for P1, I will complete this subtask.",
"stuck": false,
"plan": "Complete subtask P1 (Walk to the oven). Then proceed to subtask P2 (turn left, walk to the lattice gate).",
"curr_step": "Subtask P1 is completed as I am at the oven. I will now complete this step.",
"action": -1
}
```
Action: pause
waypoints: 25
skipped waypoints: edge 3,  distance 5,  no_path 0,  occlusion 15
```json
{
"movement": "Move forward and slightly left to go around the stone pillar towards the archway leading to the room with the lattice gate.",
"observation": {
    "front view": "A stone pillar is directly in front. To the right is the stove. To the left is an opening/archway leading to another room where a large window/door (lattice gate) is visible.",
    "left view": "Through the archway, I see a dining/living area with a large window/door that looks like a lattice gate.",
    "right view": "The kitchen island and the rest of the stove counter.",
    "map": "I am at P1 (near the oven). Waypoint 1 is through the archway to the left, leading towards the lattice gate."
},
"thought": "I have completed P1. Now I need to execute P2: 'turn left, walk to the lattice gate'. The lattice gate is visible through the opening to the left of the stone pillar. I need to move towards that opening. Waypoint 1 is located just past the pillar in that direction, leading into the room with the gate.",
"stuck": false,
"plan": "Move towards waypoint 1 to enter the room containing the lattice gate.",
"curr_step": "Move towards waypoint 1 which leads through the archway towards the lattice gate.",
"action": 1
}
```
Action: turn
--- Height change stabilized. Height diff: -0.09, On platform: True, Metrics: {'inlier_count': 1066, 'local_count': 41693, 'support_ratio': 0.025567841123796134, 'vertical_score': 1.0, 'plane_height_mean': -1.2862622737884521, 'agent_z': -1.2932173505425453, 'vertical_diff': 0.006955076754093126, 'area_xy': 0.5184, 'radius_est': 0.4062165001543845, 'z_std': 0.04399503394961357, 'occupied_cells': 36, 'bottom_height_tolerance': 0.1}
--- No significant floor change. Height diff: -0.09, On platform: True, Metrics: {'inlier_count': 1066, 'local_count': 41693, 'support_ratio': 0.025567841123796134, 'vertical_score': 1.0, 'plane_height_mean': -1.2862622737884521, 'agent_z': -1.2932173505425453, 'vertical_diff': 0.006955076754093126, 'area_xy': 0.5184, 'radius_est': 0.4062165001543845, 'z_std': 0.04399503394961357, 'occupied_cells': 36, 'bottom_height_tolerance': 0.1}
Updated floor height: -1.09, ceiling height: 0.71
Action: move_forward
Action: turn
Action: move_forward
Action: turn
--- Height change stabilized. Height diff: 0.00, On platform: True, Metrics: {'inlier_count': 2009, 'local_count': 40371, 'support_ratio': 0.04976344405514445, 'vertical_score': 1.0, 'plane_height_mean': -1.185100793838501, 'agent_z': -1.2, 'vertical_diff': 0.014899206161498979, 'area_xy': 0.9359999999999999, 'radius_est': 0.5458370209760676, 'z_std': 0.041053857654333115, 'occupied_cells': 65, 'bottom_height_tolerance': 0.1}
2026-09-19 06:22:52,823 - INFO - --- Episode 97, Step 44/100 ---
2026-09-19 06:22:53,770 - INFO - --- Episode 97, Step 45/100 ---
2026-09-19 06:22:54,600 - INFO - --- Episode 97, Step 46/100 ---
2026-09-19 06:22:55,479 - INFO - --- Episode 97, Step 47/100 ---
2026-09-19 06:22:56,443 - INFO - --- Episode 97, Step 48/100 ---
2026-09-19 06:23:08,687 - INFO - HTTP Request: POST http://127.0.0.1:22448/v1/chat/completions "HTTP/1.1 400 Bad Request"
2026-09-19 06:23:10,038 - INFO - HTTP Request: POST http://127.0.0.1:22448/v1/chat/completions "HTTP/1.1 400 Bad Request"
2026-09-19 06:23:11,409 - INFO - HTTP Request: POST http://127.0.0.1:22448/v1/chat/completions "HTTP/1.1 400 Bad Request"
2026-09-19 06:23:12,411 - INFO - --- Episode 97, Step 49/100 ---
2026-09-19 06:23:45,731 - INFO - HTTP Request: POST http://127.0.0.1:22448/v1/chat/completions "HTTP/1.1 200 OK"
2026-09-19 06:23:46,909 - INFO - --- Episode 97, Step 50/100 ---
2026-09-19 06:24:22,114 - INFO - HTTP Request: POST http://127.0.0.1:22448/v1/chat/completions "HTTP/1.1 200 OK"
2026-09-19 06:24:23,575 - INFO - --- Episode 97, Step 51/100 ---
2026-09-19 06:24:24,354 - INFO - --- Episode 97, Step 52/100 ---
2026-09-19 06:24:25,679 - INFO - --- Episode 97, Step 53/100 ---
2026-09-19 06:24:27,462 - INFO - --- Episode 97, Step 54/100 ---
2026-09-19 06:24:28,621 - INFO - --- Episode 97, Step 55/100 ---
2026-09-19 06:24:29,466 - INFO - --- Episode 97, Step 56/100 ---
2026-09-19 06:24:30,256 - INFO - --- Episode 97, Step 57/100 ---
2026-09-19 06:24:31,024 - INFO - --- Episode 97, Step 58/100 ---
2026-09-19 06:24:31,804 - INFO - --- Episode 97, Step 59/100 ---
2026-09-19 06:24:32,664 - INFO - --- Episode 97, Step 60/100 ---
2026-09-19 06:24:51,737 - INFO - HTTP Request: POST http://127.0.0.1:22448/v1/chat/completions "HTTP/1.1 400 Bad Request"
2026-09-19 06:24:53,087 - INFO - HTTP Request: POST http://127.0.0.1:22448/v1/chat/completions "HTTP/1.1 400 Bad Request"
2026-09-19 06:24:54,440 - INFO - HTTP Request: POST http://127.0.0.1:22448/v1/chat/completions "HTTP/1.1 400 Bad Request"
 96%|█████████▌| 48/50 [10:11:39<23:56, 718.25s/it]Renderer: NVIDIA GeForce RTX 4090/PCIe/SSE2 by NVIDIA Corporation
OpenGL version: 4.6.0 NVIDIA 590.48.01
Using optional features:
    GL_ARB_vertex_array_object
    GL_ARB_separate_shader_objects
    GL_ARB_robustness
    GL_ARB_texture_storage
    GL_ARB_texture_view
    GL_ARB_framebuffer_no_attachments
    GL_ARB_invalidate_subdata
    GL_ARB_texture_storage_multisample
    GL_ARB_multi_bind
    GL_ARB_direct_state_access
    GL_ARB_get_texture_sub_image
    GL_ARB_texture_filter_anisotropic
    GL_KHR_debug
    GL_KHR_parallel_shader_compile
    GL_NV_depth_buffer_float
Using driver workarounds:
    no-forward-compatible-core-context
    nv-egl-incorrect-gl11-function-pointers
    no-layout-qualifiers-on-old-glsl
    nv-zero-context-profile-mask
    nv-implementation-color-read-format-dsa-broken
    nv-cubemap-inconsistent-compressed-image-size
    nv-cubemap-broken-full-compressed-image-query
    nv-compressed-block-size-in-bits
[06:24:58:752041]:[Warning]:[Metadata] SceneDatasetAttributes.cpp(107)::addNewSceneInstanceToDataset : Dataset : 'default' : Lighting Layout Attributes 'no_lights' specified in Scene Attributes but does not exist in dataset, so creating default.
2026-09-19 06:25:10,704 - INFO - Simulator initialized!
2026-09-19 06:25:39,016 - INFO - HTTP Request: POST http://127.0.0.1:22448/v1/chat/completions "HTTP/1.1 200 OK"
2026-09-19 06:25:39,825 - INFO - --- Episode 98, Step 1/100 ---
2026-09-19 06:28:59,117 - INFO - HTTP Request: POST http://127.0.0.1:22448/v1/chat/completions "HTTP/1.1 200 OK"
2026-09-19 06:29:12,115 - INFO - HTTP Request: POST http://127.0.0.1:22448/v1/chat/completions "HTTP/1.1 200 OK"
2026-09-19 06:29:12,889 - INFO - --- Episode 98, Step 2/100 ---
2026-09-19 06:29:13,593 - INFO - --- Episode 98, Step 3/100 ---
2026-09-19 06:29:14,311 - INFO - --- Episode 98, Step 4/100 ---
2026-09-19 06:29:15,209 - INFO - --- Episode 98, Step 5/100 ---
2026-09-19 06:29:33,071 - INFO - HTTP Request: POST http://127.0.0.1:22448/v1/chat/completions "HTTP/1.1 200 OK"
--- No significant floor change. Height diff: 0.00, On platform: True, Metrics: {'inlier_count': 2009, 'local_count': 40371, 'support_ratio': 0.04976344405514445, 'vertical_score': 1.0, 'plane_height_mean': -1.185100793838501, 'agent_z': -1.2, 'vertical_diff': 0.014899206161498979, 'area_xy': 0.9359999999999999, 'radius_est': 0.5458370209760676, 'z_std': 0.041053857654333115, 'occupied_cells': 65, 'bottom_height_tolerance': 0.1}
Updated floor height: -1.00, ceiling height: 0.80
Action: move_forward
Action: turn
--- Height change stabilized. Height diff: -0.07, On platform: True, Metrics: {'inlier_count': 1987, 'local_count': 34366, 'support_ratio': 0.057818774368334436, 'vertical_score': 1.0, 'plane_height_mean': -1.2758102416992188, 'agent_z': -1.2715594440698623, 'vertical_diff': 0.004250797629356429, 'area_xy': 1.0512, 'radius_est': 0.5784525497881401, 'z_std': 0.04980973154306412, 'occupied_cells': 73, 'bottom_height_tolerance': 0.1}
--- No significant floor change. Height diff: -0.07, On platform: True, Metrics: {'inlier_count': 1987, 'local_count': 34366, 'support_ratio': 0.057818774368334436, 'vertical_score': 1.0, 'plane_height_mean': -1.2758102416992188, 'agent_z': -1.2715594440698623, 'vertical_diff': 0.004250797629356429, 'area_xy': 1.0512, 'radius_est': 0.5784525497881401, 'z_std': 0.04980973154306412, 'occupied_cells': 73, 'bottom_height_tolerance': 0.1}
Updated floor height: -1.07, ceiling height: 0.73
Action: move_forward
Action: null
Action: turn
waypoints: 51
skipped waypoints: edge 3,  distance 21,  no_path 0,  occlusion 24
Action: stop
waypoints: 51
skipped waypoints: edge 3,  distance 21,  no_path 0,  occlusion 24
```json
{
"movement": "I have moved from the kitchen area through the archway into this room and am now standing directly next to the glass doors with the lattice pattern on my left.",
"observation": {
    "front view": "A long wooden table/desk is in front of me. To the right, there is a hallway leading further into the house. To the left are large glass doors/windows with lattice patterns.",
    "left view": "The lattice gate (glass doors) is immediately to my left.",
    "right view": "A stone pillar and a painting on the wall. Further right, a doorway/hallway is visible.",
    "map": "I am near the 'workbench/lamp' area. The lattice gate is to the left. Waypoint 1 is near a desk in the hallway to the right."
},
"thought": "I have successfully walked to the lattice gate as instructed in P2. I am standing right next to it. The next instruction is to turn right and enter the office. Looking at the surroundings, there is a hallway/doorway to my right (seen in Front View right side and Right View) that likely leads to the office where the desk is located (marked on the map near waypoint 1). Since I have reached the lattice gate, I will complete subtask P2.",
"stuck": false,
"plan": "Complete subtask P2. Then proceed to P3: turn right and enter the office.",
"curr_step": "Subtask P2 is completed as I am at the lattice gate.",
"action": -1
}
```
Action: pause
waypoints: 51
skipped waypoints: edge 3,  distance 21,  no_path 0,  occlusion 24
```json
{
"movement": "Move forward and slightly right, passing the long wooden table on my left, heading towards the hallway/opening near the stone pillar.",
"observation": {
    "front view": "A long wooden table is in front of me. To the right of the table, there is a walkway leading towards a stone pillar and a doorway/hallway.",
    "left view": "The lattice gate (glass doors) is to my left.",
    "right view": "A painting on the wall and a stone pillar. To the left of the pillar, a doorway leads to a room with a white chair.",
    "map": "I am near P2 (lattice gate). The target 'desk' (office) is located further ahead and to the right, near waypoint 1."
},
"thought": "I have completed P2 (walking to the lattice gate). Now I need to execute P3: 'turn right, enter the office'. Turning right from the lattice gate faces me towards the table and the hallway to its right. The map indicates an office with a desk is located in that direction (near waypoint 1). Therefore, I need to move forward and slightly right to enter that area.",
"stuck": false,
"plan": "Move forward and slightly right towards waypoint 1 to enter the office area containing the desk.",
"curr_step": "Move towards waypoint 1 which leads into the room/hallway with the office desk.",
"action": 1
}
```
Action: turn
--- Height change stabilized. Height diff: 0.00, On platform: True, Metrics: {'inlier_count': 2491, 'local_count': 45063, 'support_ratio': 0.05527816612175669, 'vertical_score': 1.0, 'plane_height_mean': -1.1860129833221436, 'agent_z': -1.2, 'vertical_diff': 0.013987016677856401, 'area_xy': 1.0512, 'radius_est': 0.5784525497881401, 'z_std': 0.041166115552186966, 'occupied_cells': 73, 'bottom_height_tolerance': 0.1}
--- No significant floor change. Height diff: 0.00, On platform: True, Metrics: {'inlier_count': 2491, 'local_count': 45063, 'support_ratio': 0.05527816612175669, 'vertical_score': 1.0, 'plane_height_mean': -1.1860129833221436, 'agent_z': -1.2, 'vertical_diff': 0.013987016677856401, 'area_xy': 1.0512, 'radius_est': 0.5784525497881401, 'z_std': 0.041166115552186966, 'occupied_cells': 73, 'bottom_height_tolerance': 0.1}
Updated floor height: -1.00, ceiling height: 0.80
Action: move_forward
Action: turn
Action: move_forward
Action: turn
Action: move_forward
Action: turn
Action: move_forward
Action: null
Action: turn
waypoints: 49
skipped waypoints: edge 1,  distance 24,  no_path 2,  occlusion 17
Action: stop
['Walk through the kitchen and into the hallway on the left by the refrigerator.', 'And wait in the room across the hall.']
Initialized data for new floor level: 0
Switching pcds to floor level: 0
Initialized data for new floor level: 0
Switching pcds to floor level: 0
Initialized data for new floor level: 0
Switching pcds to floor level: 0
[StairDetect] normals=0.0037s, cpu=0.0003s, cluster=0.0446s, loop=0.0129s, total=0.0704s
waypoints: 17
skipped waypoints: edge 2,  distance 0,  no_path 1,  occlusion 10

```json
{
"movement": "I am currently facing the kitchen island. To follow the instruction to go into the hallway on the left by the refrigerator, I need to move towards the left side of the kitchen where the fridge is located.",
"observation": {
    "front view": "I see a large wooden kitchen island with a sink and a plate of fruit. To the right are cabinets and a window. Waypoints 1, 2, 3 are on the floor to the right. Waypoint 4 is near the left end of the island.",
    "left view": "I see a large stainless steel refrigerator on the left wall and an opening/hallway just past it.",
    "right view": "I see a stove top and more cabinetry along the wall.",
    "map": "The map shows my current position near the 'workbench' (island). Waypoint 4 is located further ahead and slightly to the left, towards the area where the refrigerator is."
},
"thought": "The instruction asks me to walk into the hallway on the left by the refrigerator. The refrigerator is visible in the left view. To get there, I need to move past the island towards that side of the room. Waypoint 4 is positioned near the end of the island on the left side, which aligns with the direction of the refrigerator and the potential hallway entrance.",
"stuck": false,
"plan": "Move towards waypoint 4 to get closer to the refrigerator and the hallway entrance on the left side of the kitchen.",
"curr_step": "I need to move forward and slightly left to reach the area near the refrigerator. Waypoint 4 is the closest valid waypoint in that direction.",
"action": 4
}
```
Calculated floor height difference: 2.99m
Action: turn
Action: move_forward
Action: null
Action: turn
waypoints: 28
skipped waypoints: edge 3,  distance 7,  no_path 0,  occlusion 16
2026-09-19 06:29:33,810 - INFO - --- Episode 98, Step 6/100 ---
2026-09-19 06:29:34,608 - INFO - --- Episode 98, Step 7/100 ---
2026-09-19 06:29:35,250 - INFO - --- Episode 98, Step 8/100 ---
2026-09-19 06:29:35,950 - INFO - --- Episode 98, Step 9/100 ---
2026-09-19 06:29:37,102 - INFO - --- Episode 98, Step 10/100 ---
2026-09-19 06:29:37,897 - INFO - --- Episode 98, Step 11/100 ---
2026-09-19 06:29:38,826 - INFO - --- Episode 98, Step 12/100 ---
2026-09-19 06:29:39,579 - INFO - --- Episode 98, Step 13/100 ---
2026-09-19 06:29:40,318 - INFO - --- Episode 98, Step 14/100 ---
2026-09-19 06:29:41,391 - INFO - --- Episode 98, Step 15/100 ---
2026-09-19 06:30:10,539 - INFO - HTTP Request: POST http://127.0.0.1:22448/v1/chat/completions "HTTP/1.1 200 OK"
2026-09-19 06:30:11,530 - INFO - --- Episode 98, Step 16/100 ---
2026-09-19 06:30:12,154 - INFO - --- Episode 98, Step 17/100 ---
2026-09-19 06:30:12,836 - INFO - --- Episode 98, Step 18/100 ---
2026-09-19 06:30:13,605 - INFO - --- Episode 98, Step 19/100 ---
2026-09-19 06:30:14,478 - INFO - --- Episode 98, Step 20/100 ---
2026-09-19 06:30:15,263 - INFO - --- Episode 98, Step 21/100 ---
2026-09-19 06:30:16,081 - INFO - --- Episode 98, Step 22/100 ---
2026-09-19 06:30:45,878 - INFO - HTTP Request: POST http://127.0.0.1:22448/v1/chat/completions "HTTP/1.1 200 OK"
2026-09-19 06:31:00,104 - INFO - HTTP Request: POST http://127.0.0.1:22448/v1/chat/completions "HTTP/1.1 200 OK"
```json
{
"movement": "I moved forward from the start position near the kitchen island/workbench. I am now positioned closer to the back of the island, facing an archway that leads out of the kitchen.",
"observation": {
    "front view": "I see the back of the wooden kitchen island directly in front of me. Beyond it, there is an archway leading into a hallway or another room. To the right of the archway, there is a counter area.",
    "left view": "I see the side of the kitchen island with a sink and a plant on top. Further left, there are glass doors leading outside.",
    "right view": "I see a large stainless steel stove/oven range with a hood above it. To the far right, there appears to be a tall stainless steel refrigerator next to the counter.",
    "map": "The map shows my current position near the 'workbench' (island). Waypoint 1 is located ahead and slightly right, leading towards the archway/opening out of the kitchen."
},
"thought": "I have moved through the kitchen and am now facing the exit. The instruction asks me to go into the hallway on the left by the refrigerator. In the Right View, I see a large stainless steel appliance which is likely the refrigerator. The archway/hallway is to the left of this refrigerator area. Therefore, I need to proceed through the archway visible in the Front View. Waypoint 1 is the correct path towards this hallway.",
"stuck": false,
"plan": "Move forward towards the archway seen in the front view, which leads to the hallway near the refrigerator. This corresponds to moving towards waypoint 1.",
"curr_step": "I need to move forward and slightly right to align with the path through the archway. Waypoint 1 is the closest waypoint in that direction.",
"action": 1
}
```
Action: turn
Action: move_forward
Action: turn
Action: move_forward
Action: turn
Action: move_forward
Action: turn
--- Height change stabilized. Height diff: -0.18, On platform: True, Metrics: {'inlier_count': 10433, 'local_count': 26359, 'support_ratio': 0.39580408966972175, 'vertical_score': 1.0, 'plane_height_mean': -1.4011094570159912, 'agent_z': -1.3822802871465683, 'vertical_diff': 0.018829169869422957, 'area_xy': 5.6448, 'radius_est': 1.340446062148814, 'z_std': 0.012318876571953297, 'occupied_cells': 392, 'bottom_height_tolerance': 0.1}
--- No significant floor change. Height diff: -0.18, On platform: True, Metrics: {'inlier_count': 10433, 'local_count': 26359, 'support_ratio': 0.39580408966972175, 'vertical_score': 1.0, 'plane_height_mean': -1.4011094570159912, 'agent_z': -1.3822802871465683, 'vertical_diff': 0.018829169869422957, 'area_xy': 5.6448, 'radius_est': 1.340446062148814, 'z_std': 0.012318876571953297, 'occupied_cells': 392, 'bottom_height_tolerance': 0.1}
Updated floor height: -1.18, ceiling height: 0.62
Action: move_forward
Action: null
Action: turn
waypoints: 47
skipped waypoints: edge 4,  distance 19,  no_path 0,  occlusion 17
```json
{
"movement": "I have moved through the kitchen area and am now positioned near the end of the island, facing an archway that leads to a dining area. To my right is the stove and likely the refrigerator.",
"observation": {
    "front view": "I see an archway (labeled B) leading into a room with windows and a dining table. There are waypoints 1, 2, 3, 4, 5, 6 on the floor in front of me.",
    "left view": "I see the side of the kitchen island and a glimpse into another area.",
    "right view": "I see the stove and cabinetry, likely where the refrigerator is located nearby.",
    "map": "The map shows the path leading from the kitchen towards the dining table (chair icon). Waypoint 2 is centrally located on the path forward."
},
"thought": "The instruction asks me to walk into the hallway on the left by the refrigerator. The refrigerator appears to be in the kitchen area to my right (near the stove). The hallway/path to its left is the central passage leading through the archway towards the dining area. I need to move forward into this space.",
"stuck": false,
"plan": "Move forward through the archway towards the dining area/hallway. Waypoint 2 is directly in the path.",
"curr_step": "I am facing the archway. Waypoint 2 is the most direct path forward into the hallway/dining area.",
"action": 2
}
```
Action: turn
Action: move_forward
Action: turn
Action: move_forward
Action: turn
--- Height change stabilized. Height diff: -0.08, On platform: True, Metrics: {'inlier_count': 770, 'local_count': 28167, 'support_ratio': 0.027336954591282814, 'vertical_score': 1.0, 'plane_height_mean': -1.2778452634811401, 'agent_z': -1.2843751281499862, 'vertical_diff': 0.006529864668846086, 'area_xy': 0.33119999999999994, 'radius_est': 0.32469098278836056, 'z_std': 0.043692395091056824, 'occupied_cells': 23, 'bottom_height_tolerance': 0.1}
--- No significant floor change. Height diff: -0.08, On platform: True, Metrics: {'inlier_count': 770, 'local_count': 28167, 'support_ratio': 0.027336954591282814, 'vertical_score': 1.0, 'plane_height_mean': -1.2778452634811401, 'agent_z': -1.2843751281499862, 'vertical_diff': 0.006529864668846086, 'area_xy': 0.33119999999999994, 'radius_est': 0.32469098278836056, 'z_std': 0.043692395091056824, 'occupied_cells': 23, 'bottom_height_tolerance': 0.1}
Updated floor height: -1.08, ceiling height: 0.72
Action: move_forward
Action: null
waypoints: 55
skipped waypoints: edge 6,  distance 18,  no_path 0,  occlusion 20
```json
{
"movement": "I have moved out of the kitchen and am now standing near a pillar (labeled B) at the junction of the kitchen/dining area and a living room. To my left, there is a clear tiled hallway extending away.",
"observation": {
    "front view": "I see a large white pillar labeled 'B' directly ahead. To the left of the pillar is an opening into a hallway with light tile flooring. To the right is a living area with a sofa and TV.",
    "left view": "I see a long hallway with light tile floors, leading to a console table against the far wall. This matches the description of a hallway.",
    "right view": "I see a living room area with a large wooden coffee table, a sofa, and a fireplace in the distance.",
    "map": "The map shows my current position near the 'carpet' and 'desk' labels. The path forward leads towards the center of the house. The hallway is to the left."
},
"thought": "The instruction asks me to walk into the hallway on the left by the refrigerator. I have passed the kitchen area. The hallway visible in the Left View (and to the left of pillar B in the Front View) is the target. I need to move forward and slightly left to enter this hallway.",
"stuck": false,
"plan": "Move forward into the hallway located to the left of the pillar 'B'.",
"curr_step": "I am facing the pillar 'B'. The hallway entrance is to the left of it. I need to move forward and angle slightly left to enter the corridor.",
"action": "move_forward"
}
```
2026-09-19 06:31:53,408 - INFO - HTTP Request: POST http://127.0.0.1:22448/v1/chat/completions "HTTP/1.1 200 OK"
2026-09-19 06:31:54,246 - INFO - --- Episode 98, Step 23/100 ---
2026-09-19 06:32:56,941 - INFO - HTTP Request: POST http://127.0.0.1:22448/v1/chat/completions "HTTP/1.1 200 OK"
2026-09-19 06:33:43,251 - INFO - HTTP Request: POST http://127.0.0.1:22448/v1/chat/completions "HTTP/1.1 200 OK"
2026-09-19 06:34:22,199 - INFO - HTTP Request: POST http://127.0.0.1:22448/v1/chat/completions "HTTP/1.1 200 OK"
 98%|█████████▊| 49/50 [10:21:05<11:12, 672.55s/it]Renderer: NVIDIA GeForce RTX 4090/PCIe/SSE2 by NVIDIA Corporation
OpenGL version: 4.6.0 NVIDIA 590.48.01
Using optional features:
    GL_ARB_vertex_array_object
    GL_ARB_separate_shader_objects
    GL_ARB_robustness
    GL_ARB_texture_storage
    GL_ARB_texture_view
    GL_ARB_framebuffer_no_attachments
    GL_ARB_invalidate_subdata
    GL_ARB_texture_storage_multisample
    GL_ARB_multi_bind
    GL_ARB_direct_state_access
    GL_ARB_get_texture_sub_image
    GL_ARB_texture_filter_anisotropic
    GL_KHR_debug
    GL_KHR_parallel_shader_compile
    GL_NV_depth_buffer_float
Using driver workarounds:
    no-forward-compatible-core-context
    nv-egl-incorrect-gl11-function-pointers
    no-layout-qualifiers-on-old-glsl
    nv-zero-context-profile-mask
    nv-implementation-color-read-format-dsa-broken
    nv-cubemap-inconsistent-compressed-image-size
    nv-cubemap-broken-full-compressed-image-query
    nv-compressed-block-size-in-bits
[06:34:24:674304]:[Warning]:[Metadata] SceneDatasetAttributes.cpp(107)::addNewSceneInstanceToDataset : Dataset : 'default' : Lighting Layout Attributes 'no_lights' specified in Scene Attributes but does not exist in dataset, so creating default.
2026-09-19 06:34:27,535 - INFO - Simulator initialized!
2026-09-19 06:34:55,783 - INFO - HTTP Request: POST http://127.0.0.1:22448/v1/chat/completions "HTTP/1.1 200 OK"
2026-09-19 06:34:56,336 - INFO - --- Episode 99, Step 1/100 ---
2026-09-19 06:35:54,610 - INFO - HTTP Request: POST http://127.0.0.1:22448/v1/chat/completions "HTTP/1.1 200 OK"
2026-09-19 06:35:55,301 - INFO - --- Episode 99, Step 2/100 ---
2026-09-19 06:36:06,086 - INFO - HTTP Request: POST http://127.0.0.1:22448/v1/chat/completions "HTTP/1.1 200 OK"
2026-09-19 06:36:06,667 - INFO - --- Episode 99, Step 3/100 ---
2026-09-19 06:36:17,767 - INFO - HTTP Request: POST http://127.0.0.1:22448/v1/chat/completions "HTTP/1.1 200 OK"
2026-09-19 06:36:18,431 - INFO - --- Episode 99, Step 4/100 ---
2026-09-19 06:36:19,212 - INFO - --- Episode 99, Step 5/100 ---
2026-09-19 06:37:14,460 - INFO - HTTP Request: POST http://127.0.0.1:22448/v1/chat/completions "HTTP/1.1 200 OK"
2026-09-19 06:37:15,147 - INFO - --- Episode 99, Step 6/100 ---
2026-09-19 06:37:27,488 - INFO - HTTP Request: POST http://127.0.0.1:22448/v1/chat/completions "HTTP/1.1 200 OK"
```json
{
"movement": "I have moved past the kitchen island and am now standing near a pillar at the junction of the dining area and living room. To my left, there is a clear tiled hallway extending away.",
"observation": {
    "front view": "I see a large white pillar labeled 'B' directly ahead. To the left of the pillar is an opening into a hallway with light tile flooring. To the right is a living area with a sofa and TV.",
    "left view": "I see a long hallway with light tile floors, leading to a console table against the far wall. This matches the description of a hallway.",
    "right view": "I see a living room area with a large wooden coffee table, a sofa, and a fireplace in the distance.",
    "map": "The map shows my current position near the 'carpet' and 'desk' labels. The path forward leads towards the center of the house. The hallway is to the left."
},
"thought": "The instruction asks me to walk into the hallway on the left by the refrigerator. I have passed the kitchen area. The hallway visible in the Left View (and to the left of pillar B in the Front View) is the target. I need to move forward and slightly left to enter this hallway.",
"stuck": false,
"plan": "Move forward into the hallway located to the left of the pillar 'B'.",
"curr_step": "I am facing the pillar 'B'. The hallway entrance is to the left of it. I need to move forward and angle slightly left to enter the corridor.",
"action": "move_forward_turn_left"
}
```

Action: stop
waypoints: 55
skipped waypoints: edge 6,  distance 18,  no_path 0,  occlusion 20



Action: stop
['Exit massage room, turn left, go down the steps', 'walk to the pool, climb up to steps and stop beside the plants.']
Initialized data for new floor level: 0
Switching pcds to floor level: 0
Initialized data for new floor level: 0
Switching pcds to floor level: 0
Initialized data for new floor level: 0
Switching pcds to floor level: 0
[StairDetect] normals=0.0028s, cpu=0.0003s, cluster=0.0172s, loop=0.0014s, total=0.0266s
waypoints: 8
skipped waypoints: edge 0,  distance 2,  no_path 4,  occlusion 0
```json
{
"movement": "I am currently facing a wall corner near the door frame B. The exit opening is visible to my left, leading into a hallway with a plant.",
"observation": {
    "front view": "I see a wooden door frame labeled 'B' to my right and an opening to its left leading out of the room. To the far left, there is a wall labeled 'L'.",
    "left view": "The left view shows a hallway with a plant in the distance, which matches the view through the opening in the front view.",
    "right view": "I see a wooden cabinet and a door to my right.",
    "map": "The map shows my current position (blue dot) inside the massage room. The path out is through the gap in the wall to the 'south-west' (bottom-left on the map), leading towards the steps (zig-zag line)."
},
"thought": "My current task is to exit the massage room. The exit is through the opening visible in the front view, which is to my left. I am currently facing somewhat towards the door frame B on the right. To align myself with the exit path and move through the opening, I need to turn left.",
"stuck": false,
"plan": "Turn left to face the exit opening, then move forward to exit the room and proceed towards the steps visible in the distance.",
"curr_step": "I need to orient myself towards the exit. The opening is to the left of my current heading. Turning left will align me with the hallway seen in the left view.",
"action": "L"
}
```
Calculated floor height difference: 2.40m
[StairDetect] normals=0.0028s, cpu=0.0002s, cluster=0.0172s, loop=0.0016s, total=0.0268s
Action: turn
waypoints: 30
skipped waypoints: edge 2,  distance 9,  no_path 6,  occlusion 13
```json
{
"movement": "I turned left previously and am now facing the massage table inside the room. The exit doorway with the plant is visible to my right.",
"observation": {
    "front view": "I see a massage table in the center of the room. To the right, there is an open doorway leading to a hallway with a plant. To the left, there is a closet area with robes.",
    "left view": "A closet with white robes hanging inside.",
    "right view": "The exit doorway leading out to a tiled hallway with a plant in the corner.",
    "map": "The map shows my position (blue dot) near the bed. The path out is through the wall on the right side of the room (relative to the map orientation), leading towards the steps."
},
"thought": "I am currently facing the massage table. The instruction requires me to exit the massage room. The exit is clearly visible through the doorway to my right, which leads to a hallway with a plant. I need to turn towards this exit to proceed.",
"stuck": false,
"plan": "Turn right to face the exit doorway, then move forward to leave the room and head towards the steps.",
"curr_step": "I need to orient myself towards the exit. The doorway is to my right. Turning right will align me with the path out of the room.",
"action": "R"
}
```
[StairDetect] normals=0.0028s, cpu=0.0003s, cluster=0.0173s, loop=0.0013s, total=0.0268s
Action: turn
waypoints: 8
skipped waypoints: edge 0,  distance 2,  no_path 4,  occlusion 0
```json
{
"observation": {
    "front view": "I see an open doorway leading out of the massage room into a hallway with a plant. To the right of the doorway is a wooden wall/cabinet section labeled 'B'. Waypoint 1 is on the floor near the base of this structure.",
    "left view": "I see the massage table and robes hanging in a closet area.",
    "right view": "I see a tall wooden cabinet and a closed door.",
    "map": "The map shows my current position inside the room. The exit path leads out through the opening visible in the front view."
},
"thought": "My current task is to exit the massage room. The exit is clearly visible in the front view as an opening to the left of the wooden structure labeled 'B'. Waypoint 1 is located on the floor near the base of this structure, which is right next to the exit path. Moving towards waypoint 1 will bring me close to the doorway so I can step out into the hallway.",
"stuck": false,
"plan": "Move forward towards waypoint 1 to reach the threshold of the massage room exit.",
"curr_step": "I need to move towards the exit. Waypoint 1 is the closest navigable point near the door frame B, which marks the edge of the exit opening.",
"action": 1
}
```
Action: move_forward
Action: null
waypoints: 9
skipped waypoints: edge 1,  distance 2,  no_path 6,  occlusion 0
```json
{
"movement": "I am currently standing at the threshold of the massage room, facing the wooden door frame labeled 'B'. The exit opening is visible to the left of this frame in the front view.",
"observation": {
    "front view": "I see the wooden door frame 'B' on the right and an opening to its left leading to a hallway with a plant. Waypoint 1 was near the base of 'B'.",
    "left view": "I see the massage table in the center of the room and a sink area to the left.",
    "right view": "I see a tiled wall and the side of the wooden cabinet/door frame 'B'.",
    "map": "The map shows my position near the bed. The exit path is towards the top-left, visible in the front view."
},
"thought": "My current task is to exit the massage room. The exit is the gap visible in the front view, located to the left of the wooden frame 'B'. Since there are no available waypoints and I am facing the frame, I need to adjust my orientation to better align with the exit path or move towards it. Turning left will face me towards the massage table and the area where the exit is located (between the table and frame B). This will allow me to then move forward into the hallway.",
"stuck": false,
"plan": "Turn left to face the massage table and the exit gap area, then proceed to exit the room through the opening.",
"curr_step": "I need to orient myself towards the exit. The exit is to the left of my current heading (facing frame B). Turning left will bring the exit area into my field of view more centrally (to the right of the massage table).",
"action": "L"
}
```
Action: turn
waypoints: 20
skipped waypoints: edge 1,  distance 9,  no_path 5,  occlusion 2
2026-09-19 06:37:28,212 - INFO - --- Episode 99, Step 7/100 ---
2026-09-19 06:37:28,903 - INFO - --- Episode 99, Step 8/100 ---
2026-09-19 06:37:29,743 - INFO - --- Episode 99, Step 9/100 ---
2026-09-19 06:37:30,743 - INFO - --- Episode 99, Step 10/100 ---
2026-09-19 06:37:31,467 - INFO - --- Episode 99, Step 11/100 ---
2026-09-19 06:37:32,082 - INFO - --- Episode 99, Step 12/100 ---
2026-09-19 06:37:32,608 - INFO - --- Episode 99, Step 13/100 ---
2026-09-19 06:37:52,222 - INFO - HTTP Request: POST http://127.0.0.1:22448/v1/chat/completions "HTTP/1.1 200 OK"
2026-09-19 06:37:53,032 - INFO - --- Episode 99, Step 14/100 ---
2026-09-19 06:38:08,775 - INFO - HTTP Request: POST http://127.0.0.1:22448/v1/chat/completions "HTTP/1.1 200 OK"
2026-09-19 06:38:09,933 - INFO - --- Episode 99, Step 15/100 ---
2026-09-19 06:38:10,711 - INFO - --- Episode 99, Step 16/100 ---
2026-09-19 06:38:11,533 - INFO - --- Episode 99, Step 17/100 ---
2026-09-19 06:38:27,763 - INFO - HTTP Request: POST http://127.0.0.1:22448/v1/chat/completions "HTTP/1.1 200 OK"
2026-09-19 06:38:28,700 - INFO - --- Episode 99, Step 18/100 ---
2026-09-19 06:38:45,928 - INFO - HTTP Request: POST http://127.0.0.1:22448/v1/chat/completions "HTTP/1.1 200 OK"
2026-09-19 06:38:46,764 - INFO - --- Episode 99, Step 19/100 ---
2026-09-19 06:38:47,598 - INFO - --- Episode 99, Step 20/100 ---
2026-09-19 06:38:48,211 - INFO - --- Episode 99, Step 21/100 ---
2026-09-19 06:38:48,849 - INFO - --- Episode 99, Step 22/100 ---
2026-09-19 06:38:49,495 - INFO - --- Episode 99, Step 23/100 ---
2026-09-19 06:38:50,220 - INFO - --- Episode 99, Step 24/100 ---
```json
{
"movement": "I am currently facing the massage table and the wall labeled 'B'. The exit doorway with the plant is visible to the right of wall 'B' in the front view and directly in the right view.",
"observation": {
    "front view": "I see the massage table on the left and a wall labeled 'B' in the center. To the right of 'B' is an opening leading to a hallway with a plant. Waypoints 1, 2, and 3 are visible on the floor.",
    "left view": "I see the massage table and a sink area.",
    "right view": "I see the wooden door frame of the exit and the plant in the hallway outside.",
    "map": "The map shows my position near the bed. Waypoint 1 is located near the wall 'B', close to the exit path."
},
"thought": "My task is to exit the massage room. The exit is the opening visible to the right of wall 'B'. Waypoint 1 is located on the floor near the base of wall 'B', which is adjacent to the exit opening. Moving to waypoint 1 will bring me closer to the threshold of the room so I can step out into the hallway.",
"stuck": false,
"plan": "Move towards waypoint 1 to reach the area near the exit doorway.",
"curr_step": "I need to move towards the exit. Waypoint 1 is the closest navigable point near the door frame B, which marks the edge of the exit opening.",
"action": 1
}
```
Action: turn
[StairDetect] normals=0.0049s, cpu=0.0003s, cluster=0.0344s, loop=0.0397s, total=0.0901s
Action: move_forward
[StairDetect] normals=0.0057s, cpu=0.0005s, cluster=0.0585s, loop=0.0396s, total=0.1155s
Action: turn
[StairDetect] normals=0.0061s, cpu=0.0004s, cluster=0.0536s, loop=0.0373s, total=0.1093s
Action: move_forward
[StairDetect] normals=0.0061s, cpu=0.0003s, cluster=0.0364s, loop=0.0374s, total=0.0919s
Action: turn
[StairDetect] normals=0.0060s, cpu=0.0003s, cluster=0.0362s, loop=0.0380s, total=0.0923s
Action: move_forward
[StairDetect] normals=0.0062s, cpu=0.0003s, cluster=0.0363s, loop=0.0381s, total=0.0929s
Action: null
waypoints: 14
skipped waypoints: edge 1,  distance 2,  no_path 0,  occlusion 3
```json
{
"movement": "I am currently facing a tiled wall (B) near the sink area inside the massage room. The exit doorway with the plant is visible to my left in previous views.",
"observation": {
    "front view": "I see a tiled wall labeled 'B' on the right and a corner ahead. To the left, there is a sink and the edge of the massage table.",
    "left view": "I see the massage table and an open doorway leading to a hallway with a plant.",
    "right view": "I see a tiled wall close to me.",
    "map": "The map shows my position near the bed/sink. The exit is the gap in the wall to the 'north-west' (top-left on the map relative to the room layout)."
},
"thought": "My task is to exit the massage room. The exit is the doorway visible in the left view, which leads to a hallway with a plant. Currently, I am facing a wall/corner. I need to turn left to face the exit doorway.",
"stuck": false,
"plan": "Turn left to face the exit doorway, then move forward to exit the room and proceed towards the steps.",
"curr_step": "I need to orient myself towards the exit. The exit is to my left. Turning left will align me with the path out of the room.",
"action": "L"
}
```
[StairDetect] normals=0.0058s, cpu=0.0004s, cluster=0.0552s, loop=0.0383s, total=0.1122s
Action: turn
waypoints: 16
skipped waypoints: edge 1,  distance 2,  no_path 0,  occlusion 5
```json
{
"movement": "I am currently facing the massage table and the exit doorway labeled 'B' with a white robe hanging on it. The sink is to my right.",
"observation": {
    "front view": "I see the massage table in the center. Behind it is an open doorway (labeled B) leading to a hallway/bathroom area. To the right is a sink.",
    "left view": "I see a wooden cabinet/door and the side of the massage table.",
    "right view": "I see the sink and tiled wall.",
    "map": "The map shows my position near the bed. The exit is through the doorway visible in the front view."
},
"thought": "My task is to exit the massage room. The exit is the open doorway labeled 'B' visible in the front view, which leads to a hallway with a plant (as seen in previous frames). I need to move towards this doorway. Waypoint 1 is located near the foot of the bed, which is on the path to the door.",
"stuck": false,
"plan": "Move forward towards waypoint 1 to approach the exit doorway.",
"curr_step": "I need to move towards the exit. Waypoint 1 is the closest navigable point on the floor leading towards the door 'B'.",
"action": 1
}
```
[StairDetect] normals=0.0058s, cpu=0.0004s, cluster=0.0366s, loop=0.0384s, total=0.0937s
Action: turn
[StairDetect] normals=0.0055s, cpu=0.0005s, cluster=0.0368s, loop=0.0391s, total=0.0941s
Action: move_forward
[StairDetect] normals=0.0060s, cpu=0.0004s, cluster=0.0365s, loop=0.0387s, total=0.0936s
Action: null
waypoints: 12
skipped waypoints: edge 2,  distance 0,  no_path 1,  occlusion 4
```json
{
"movement": "I moved forward towards the sink area. Now I am facing the sink and the side of the massage table. The exit doorway with the white robe is visible to the left of the sink in the front view.",
"observation": {
    "front view": "I see a sink on the right and the foot of the massage table on the left. To the left of the table, there is an open doorway with a white robe hanging nearby.",
    "left view": "I see a wooden door and the side of the massage table. The exit path seems to be towards the left/front-left.",
    "right view": "I see a tiled wall and the sink.",
    "map": "The map shows my position near the bed/sink. The exit is the gap in the wall to the 'north' (top of the room)."
},
"thought": "My task is to exit the massage room. The exit is the open doorway visible in the front view, located to the left of the sink and near the white robe. I am currently facing the sink. I need to turn left to face this exit and then move through it.",
"stuck": false,
"plan": "Turn left to face the exit doorway, then move forward to exit the room.",
"curr_step": "I need to orient myself towards the exit. The exit is to my left. Turning left will align me with the path out of the room.",
"action": "L"
}
```
[StairDetect] normals=0.0055s, cpu=0.0004s, cluster=0.0371s, loop=0.0386s, total=0.0940s
Action: turn
waypoints: 14
skipped waypoints: edge 3,  distance 4,  no_path 1,  occlusion 3
```json
{
"movement": "I am currently facing the massage table. To my left is an open doorway leading out of the room (where waypoint 1 is located). Straight ahead/right is a door with a white robe.",
"observation": {
    "front view": "I see the massage table in the center. To the left is an opening/doorway with waypoint 1 on the floor just outside it. To the right is a door with a white robe hanging on it.",
    "left view": "I see a tiled wall and the edge of the doorway leading out.",
    "right view": "I see the sink and the side of the massage table.",
    "map": "The map shows my position near the bed. Waypoint 1 is located in the hallway outside the room to the left."
},
"thought": "My task is to exit the massage room. The exit is the doorway visible to the left of the massage table, where waypoint 1 is located. I need to move towards this doorway to leave the room.",
"stuck": false,
"plan": "Move towards waypoint 1 to exit the massage room and enter the hallway.",
"curr_step": "I need to move towards the exit. Waypoint 1 is the closest navigable point leading out of the room.",
"action": 1
}
```
[StairDetect] normals=0.0054s, cpu=0.0004s, cluster=0.0373s, loop=0.0390s, total=0.0944s
Action: turn
[StairDetect] normals=0.0060s, cpu=0.0003s, cluster=0.0376s, loop=0.0387s, total=0.0956s
Action: move_forward
[StairDetect] normals=0.0067s, cpu=0.0003s, cluster=0.0381s, loop=0.0392s, total=0.0973s
Action: turn
[StairDetect] normals=0.0064s, cpu=0.0004s, cluster=0.0383s, loop=0.0414s, total=0.0992s
Action: move_forward
[StairDetect] normals=0.0070s, cpu=0.0004s, cluster=0.0384s, loop=0.0414s, total=0.0997s
Action: turn
[StairDetect] normals=0.0080s, cpu=0.0005s, cluster=0.0435s, loop=0.0188s, total=0.0864s
Action: move_forward
[StairDetect] normals=0.0088s, cpu=0.0005s, cluster=0.0440s, loop=0.0186s, total=0.0880s
Action: turn2026-09-19 06:38:51,137 - INFO - --- Episode 99, Step 25/100 ---
2026-09-19 06:38:51,806 - INFO - --- Episode 99, Step 26/100 ---
2026-09-19 06:38:52,445 - INFO - --- Episode 99, Step 27/100 ---
2026-09-19 06:38:53,068 - INFO - --- Episode 99, Step 28/100 ---
2026-09-19 06:38:58,763 - INFO - HTTP Request: POST http://127.0.0.1:22448/v1/chat/completions "HTTP/1.1 400 Bad Request"
2026-09-19 06:39:00,047 - INFO - HTTP Request: POST http://127.0.0.1:22448/v1/chat/completions "HTTP/1.1 400 Bad Request"
2026-09-19 06:39:01,306 - INFO - HTTP Request: POST http://127.0.0.1:22448/v1/chat/completions "HTTP/1.1 400 Bad Request"
2026-09-19 06:39:02,023 - INFO - --- Episode 99, Step 29/100 ---
2026-09-19 06:39:32,652 - INFO - HTTP Request: POST http://127.0.0.1:22448/v1/chat/completions "HTTP/1.1 200 OK"
2026-09-19 06:39:51,920 - INFO - HTTP Request: POST http://127.0.0.1:22448/v1/chat/completions "HTTP/1.1 200 OK"
2026-09-19 06:40:03,022 - INFO - HTTP Request: POST http://127.0.0.1:22448/v1/chat/completions "HTTP/1.1 200 OK"
100%|██████████| 50/50 [10:26:46<00:00, 573.09s/it]100%|██████████| 50/50 [10:26:46<00:00, 752.14s/it]
2026-09-19 06:40:05,660 - INFO - distance_to_goal: 9.8243
2026-09-19 06:40:05,661 - INFO - spl: 0.1579
2026-09-19 06:40:05,661 - INFO - goal_reached: 0.1800
2026-09-19 06:40:05,661 - INFO - traveled_distance: 7.0897
2026-09-19 06:40:05,661 - INFO - done: 1.0000
2026-09-19 06:40:05,661 - INFO - oracle_navigation_error: 7.6300
2026-09-19 06:40:05,661 - INFO - oracle_success: 0.1800
2026-09-19 06:40:05,661 - INFO - oracle_spl: 0.1800
2026-09-19 06:40:05,661 - INFO - ndtw: 0.2458
2026-09-19 06:40:05,661 - INFO - sdtw: 0.0842

[StairDetect] normals=0.0073s, cpu=0.0004s, cluster=0.0357s, loop=0.0077s, total=0.0678s
Action: move_forward
[StairDetect] normals=0.0074s, cpu=0.0004s, cluster=0.0355s, loop=0.0075s, total=0.0670s
Action: null
[StairDetect] normals=0.0076s, cpu=0.0004s, cluster=0.0359s, loop=0.0078s, total=0.0681s
Action: turn
waypoints: 20
skipped waypoints: edge 1,  distance 7,  no_path 0,  occlusion 1
[StairDetect] normals=0.0075s, cpu=0.0004s, cluster=0.0363s, loop=0.0075s, total=0.0682s
Action: stop
waypoints: 20
skipped waypoints: edge 1,  distance 7,  no_path 0,  occlusion 1



[StairDetect] normals=0.0069s, cpu=0.0004s, cluster=0.0367s, loop=0.0079s, total=0.0686s
Action: stop
[2026-09-19T06:40:10.054] error: Detected 4 oom_kill events in StepId=2448.batch. Some of the step tasks have been OOM Killed.
